2019-10-10 22:41:39,pm2.5,908.0
2019-10-10 22:41:39,pm10,1126.0
2019-10-10 22:42:39,pm2.5,900.0
2019-10-10 22:42:39,pm10,1084.5
2019-10-10 22:42:48,comment,resealed
2019-10-10 22:43:39,pm2.5,883.5
2019-10-10 22:43:39,pm10,1053.0
2019-10-10 22:44:39,pm2.5,881.7
2019-10-10 22:44:39,pm10,1039.0
2019-10-10 22:45:39,pm2.5,873.3
2019-10-10 22:45:39,pm10,1028.8
2019-10-10 22:46:39,pm2.5,876.2
2019-10-10 22:46:39,pm10,1019.7
2019-10-10 22:47:39,pm2.5,868.5
2019-10-10 22:47:39,pm10,1004.9
2019-10-10 22:48:39,pm2.5,867.1
2019-10-10 22:48:39,pm10,992.0
2019-10-10 22:49:39,pm2.5,863.2
2019-10-10 22:49:39,pm10,984.4
2019-10-10 22:50:39,pm2.5,861.0
2019-10-10 22:50:39,pm10,977.0
2019-10-10 22:51:39,pm2.5,858.9
2019-10-10 22:51:39,pm10,966.1
2019-10-10 22:52:38,pm2.5,855.2
2019-10-10 22:52:39,pm10,963.6
2019-10-10 22:53:39,pm2.5,852.4
2019-10-10 22:53:39,pm10,958.1
2019-10-10 22:54:39,pm2.5,846.9
2019-10-10 22:54:39,pm10,951.1
2019-10-10 22:55:39,pm2.5,847.9
2019-10-10 22:55:39,pm10,951.8
2019-10-10 22:56:39,pm2.5,841.0
2019-10-10 22:56:39,pm10,943.5
2019-10-10 22:57:39,pm2.5,839.2
2019-10-10 22:57:39,pm10,941.5
2019-10-10 22:58:39,pm2.5,835.7
2019-10-10 22:58:39,pm10,936.9
2019-10-10 22:59:39,pm2.5,832.6
2019-10-10 22:59:39,pm10,932.4
2019-10-10 23:00:39,pm2.5,831.7
2019-10-10 23:00:39,pm10,931.0
2019-10-10 23:01:39,pm2.5,829.6
2019-10-10 23:01:39,pm10,928.5
2019-10-10 23:02:39,pm2.5,825.5
2019-10-10 23:02:39,pm10,923.4
2019-10-10 23:03:39,pm2.5,820.6
2019-10-10 23:03:39,pm10,917.7
2019-10-10 23:04:39,pm2.5,817.0
2019-10-10 23:04:39,pm10,913.1
2019-10-10 23:05:39,pm2.5,811.6
2019-10-10 23:05:40,pm10,906.3
2019-10-10 23:06:39,pm2.5,812.4
2019-10-10 23:06:39,pm10,907.0
2019-10-10 23:07:39,pm2.5,805.3
2019-10-10 23:07:39,pm10,898.8
2019-10-10 23:08:39,pm2.5,805.4
2019-10-10 23:08:39,pm10,898.4
2019-10-10 23:09:39,pm2.5,799.2
2019-10-10 23:09:39,pm10,891.5
2019-10-10 23:10:39,pm2.5,798.6
2019-10-10 23:10:39,pm10,890.2
2019-10-10 23:11:39,pm2.5,795.1
2019-10-10 23:11:39,pm10,885.7
2019-10-10 23:12:39,pm2.5,787.0
2019-10-10 23:12:39,pm10,876.0
2019-10-10 23:13:39,pm2.5,787.8
2019-10-10 23:13:39,pm10,876.6
2019-10-10 23:14:39,pm2.5,781.4
2019-10-10 23:14:39,pm10,869.4
2019-10-10 23:15:39,pm2.5,780.8
2019-10-10 23:15:39,pm10,868.3
2019-10-10 23:16:39,pm2.5,774.0
2019-10-10 23:16:39,pm10,860.2
2019-10-10 23:17:39,pm2.5,771.8
2019-10-10 23:17:39,pm10,857.6
2019-10-10 23:18:39,pm2.5,766.0
2019-10-10 23:18:39,pm10,850.9
2019-10-10 23:19:39,pm2.5,765.0
2019-10-10 23:19:40,pm10,849.4
2019-10-10 23:20:39,pm2.5,761.0
2019-10-10 23:20:39,pm10,844.2
2019-10-10 23:21:39,pm2.5,753.8
2019-10-10 23:21:39,pm10,836.0
2019-10-10 23:22:39,pm2.5,753.2
2019-10-10 23:22:39,pm10,835.2
2019-10-10 23:23:39,pm2.5,750.2
2019-10-10 23:23:39,pm10,831.7
2019-10-10 23:24:39,pm2.5,745.8
2019-10-10 23:24:39,pm10,826.6
2019-10-10 23:25:39,pm2.5,739.6
2019-10-10 23:25:39,pm10,819.4
2019-10-10 23:26:39,pm2.5,736.4
2019-10-10 23:26:39,pm10,815.6
2019-10-10 23:27:39,pm2.5,733.4
2019-10-10 23:27:39,pm10,812.1
2019-10-10 23:28:39,pm2.5,728.3
2019-10-10 23:28:39,pm10,806.0
2019-10-10 23:29:39,pm2.5,726.0
2019-10-10 23:29:39,pm10,803.7
2019-10-10 23:30:39,pm2.5,725.6
2019-10-10 23:30:39,pm10,803.0
2019-10-10 23:31:39,pm2.5,716.5
2019-10-10 23:31:39,pm10,792.6
2019-10-10 23:32:39,pm2.5,714.1
2019-10-10 23:32:39,pm10,789.8
2019-10-10 23:33:39,pm2.5,709.6
2019-10-10 23:33:39,pm10,784.7
2019-10-10 23:34:39,pm2.5,704.1
2019-10-10 23:34:40,pm10,778.4
2019-10-10 23:35:39,pm2.5,699.1
2019-10-10 23:35:39,pm10,772.9
2019-10-10 23:36:39,pm2.5,701.3
2019-10-10 23:36:39,pm10,774.7
2019-10-10 23:37:39,pm2.5,694.9
2019-10-10 23:37:39,pm10,767.4
2019-10-10 23:38:39,pm2.5,691.2
2019-10-10 23:38:39,pm10,763.2
2019-10-10 23:39:39,pm2.5,687.9
2019-10-10 23:39:39,pm10,759.5
2019-10-10 23:40:39,pm2.5,683.6
2019-10-10 23:40:39,pm10,754.7
2019-10-10 23:41:39,pm2.5,680.2
2019-10-10 23:41:39,pm10,750.9
2019-10-10 23:42:39,pm2.5,678.0
2019-10-10 23:42:39,pm10,748.1
2019-10-10 23:43:39,pm2.5,670.8
2019-10-10 23:43:39,pm10,739.8
2019-10-10 23:44:39,pm2.5,670.5
2019-10-10 23:44:39,pm10,739.6
2019-10-10 23:45:39,pm2.5,662.7
2019-10-10 23:45:39,pm10,731.0
2019-10-10 23:46:39,pm2.5,658.9
2019-10-10 23:46:39,pm10,726.9
2019-10-10 23:47:39,pm2.5,654.2
2019-10-10 23:47:39,pm10,721.4
2019-10-10 23:48:39,pm2.5,650.2
2019-10-10 23:48:40,pm10,717.0
2019-10-10 23:49:39,pm2.5,645.7
2019-10-10 23:49:40,pm10,711.7
2019-10-10 23:50:39,pm2.5,641.7
2019-10-10 23:50:39,pm10,707.0
2019-10-10 23:51:39,pm2.5,633.1
2019-10-10 23:51:39,pm10,697.5
2019-10-10 23:52:39,pm2.5,630.1
2019-10-10 23:52:39,pm10,694.0
2019-10-10 23:53:38,pm2.5,630.8
2019-10-10 23:53:39,pm10,694.8
2019-10-10 23:54:39,pm2.5,621.9
2019-10-10 23:54:39,pm10,685.0
2019-10-10 23:55:39,pm2.5,616.0
2019-10-10 23:55:39,pm10,678.4
2019-10-10 23:56:39,pm2.5,613.6
2019-10-10 23:56:39,pm10,675.7
2019-10-10 23:57:39,pm2.5,608.5
2019-10-10 23:57:39,pm10,670.2
2019-10-10 23:58:39,pm2.5,605.6
2019-10-10 23:58:39,pm10,667.0
2019-10-10 23:59:39,pm2.5,597.8
2019-10-10 23:59:39,pm10,658.2
2019-10-11 00:00:39,pm2.5,592.2
2019-10-11 00:00:39,pm10,651.9
2019-10-11 00:01:39,pm2.5,588.9
2019-10-11 00:01:39,pm10,648.3
2019-10-11 00:02:39,pm2.5,587.0
2019-10-11 00:02:39,pm10,645.9
2019-10-11 00:03:39,pm2.5,583.0
2019-10-11 00:03:40,pm10,641.3
2019-10-11 00:04:39,pm2.5,575.6
2019-10-11 00:04:39,pm10,633.4
2019-10-11 00:05:39,pm2.5,571.5
2019-10-11 00:05:39,pm10,628.8
2019-10-11 00:06:39,pm2.5,568.6
2019-10-11 00:06:39,pm10,626.0
2019-10-11 00:07:39,pm2.5,566.4
2019-10-11 00:07:39,pm10,623.0
2019-10-11 00:08:39,pm2.5,562.4
2019-10-11 00:08:39,pm10,618.6
2019-10-11 00:09:39,pm2.5,554.3
2019-10-11 00:09:39,pm10,609.9
2019-10-11 00:10:39,pm2.5,549.8
2019-10-11 00:10:39,pm10,604.7
2019-10-11 00:11:39,pm2.5,548.2
2019-10-11 00:11:39,pm10,603.3
2019-10-11 00:12:39,pm2.5,540.9
2019-10-11 00:12:39,pm10,595.3
2019-10-11 00:13:39,pm2.5,535.6
2019-10-11 00:13:39,pm10,589.3
2019-10-11 00:14:39,pm2.5,529.7
2019-10-11 00:14:39,pm10,583.0
2019-10-11 00:15:39,pm2.5,528.8
2019-10-11 00:15:39,pm10,582.0
2019-10-11 00:16:39,pm2.5,524.2
2019-10-11 00:16:39,pm10,576.9
2019-10-11 00:17:39,pm2.5,519.6
2019-10-11 00:17:40,pm10,571.7
2019-10-11 00:18:39,pm2.5,508.0
2019-10-11 00:18:39,pm10,559.2
2019-10-11 00:19:39,pm2.5,504.3
2019-10-11 00:19:39,pm10,555.0
2019-10-11 00:20:39,pm2.5,497.4
2019-10-11 00:20:39,pm10,547.9
2019-10-11 00:21:39,pm2.5,497.6
2019-10-11 00:21:39,pm10,547.8
2019-10-11 00:22:39,pm2.5,491.4
2019-10-11 00:22:39,pm10,541.1
2019-10-11 00:23:39,pm2.5,485.8
2019-10-11 00:23:39,pm10,535.1
2019-10-11 00:24:39,pm2.5,484.0
2019-10-11 00:24:39,pm10,533.1
2019-10-11 00:25:39,pm2.5,481.3
2019-10-11 00:25:39,pm10,529.9
2019-10-11 00:26:39,pm2.5,468.3
2019-10-11 00:26:39,pm10,516.0
2019-10-11 00:27:39,pm2.5,466.9
2019-10-11 00:27:39,pm10,514.3
2019-10-11 00:28:39,pm2.5,464.1
2019-10-11 00:28:40,pm10,511.2
2019-10-11 00:29:39,pm2.5,459.4
2019-10-11 00:29:39,pm10,506.5
2019-10-11 00:30:39,pm2.5,453.8
2019-10-11 00:30:39,pm10,500.3
2019-10-11 00:31:39,pm2.5,448.3
2019-10-11 00:31:39,pm10,494.5
2019-10-11 00:32:39,pm2.5,446.5
2019-10-11 00:32:40,pm10,492.1
2019-10-11 00:34:39,pm2.5,437.2
2019-10-11 00:34:39,pm10,482.2
2019-10-11 00:35:39,pm2.5,437.1
2019-10-11 00:35:39,pm10,482.0
2019-10-11 00:36:39,pm2.5,426.8
2019-10-11 00:36:39,pm10,470.2
2019-10-11 00:37:39,pm2.5,424.6
2019-10-11 00:37:39,pm10,468.2
2019-10-11 00:38:39,pm2.5,423.4
2019-10-11 00:38:39,pm10,466.8
2019-10-11 00:39:39,pm2.5,414.2
2019-10-11 00:39:39,pm10,457.0
2019-10-11 00:40:39,pm2.5,412.4
2019-10-11 00:40:39,pm10,454.8
2019-10-11 00:41:39,pm2.5,403.2
2019-10-11 00:41:39,pm10,444.2
2019-10-11 00:42:39,pm2.5,401.6
2019-10-11 00:42:39,pm10,442.2
2019-10-11 00:43:39,pm2.5,399.6
2019-10-11 00:43:39,pm10,440.5
2019-10-11 00:44:39,pm2.5,392.8
2019-10-11 00:44:39,pm10,432.4
2019-10-11 00:45:39,pm2.5,388.2
2019-10-11 00:45:39,pm10,427.7
2019-10-11 00:46:39,pm2.5,382.6
2019-10-11 00:46:39,pm10,421.4
2019-10-11 00:47:39,pm2.5,377.0
2019-10-11 00:47:39,pm10,414.4
2019-10-11 00:48:39,pm2.5,375.2
2019-10-11 00:48:40,pm10,412.9
2019-10-11 00:49:39,pm2.5,368.0
2019-10-11 00:49:39,pm10,405.0
2019-10-11 00:50:39,pm2.5,362.4
2019-10-11 00:50:39,pm10,398.1
2019-10-11 00:51:39,pm2.5,354.8
2019-10-11 00:51:39,pm10,390.3
2019-10-11 00:52:39,pm2.5,355.9
2019-10-11 00:52:39,pm10,391.1
2019-10-11 00:53:39,pm2.5,350.7
2019-10-11 00:53:39,pm10,385.7
2019-10-11 00:54:39,pm2.5,347.6
2019-10-11 00:54:39,pm10,382.3
2019-10-11 00:55:39,pm2.5,340.8
2019-10-11 00:55:39,pm10,375.0
2019-10-11 00:56:39,pm2.5,339.5
2019-10-11 00:56:39,pm10,373.0
2019-10-11 00:57:39,pm2.5,335.9
2019-10-11 00:57:39,pm10,369.0
2019-10-11 00:58:39,pm2.5,330.6
2019-10-11 00:58:40,pm10,363.0
2019-10-11 00:59:39,pm2.5,321.3
2019-10-11 00:59:39,pm10,352.9
2019-10-11 01:00:39,pm2.5,325.3
2019-10-11 01:00:39,pm10,357.3
2019-10-11 01:01:39,pm2.5,317.8
2019-10-11 01:01:39,pm10,348.9
2019-10-11 01:02:39,pm2.5,312.2
2019-10-11 01:02:39,pm10,342.8
2019-10-11 01:03:39,pm2.5,311.6
2019-10-11 01:03:39,pm10,342.3
2019-10-11 01:04:39,pm2.5,304.2
2019-10-11 01:04:40,pm10,333.9
2019-10-11 01:06:39,pm2.5,298.0
2019-10-11 01:06:39,pm10,326.8
2019-10-11 01:07:39,pm2.5,291.1
2019-10-11 01:07:39,pm10,319.4
2019-10-11 01:08:39,pm2.5,289.1
2019-10-11 01:08:39,pm10,317.2
2019-10-11 01:09:39,pm2.5,282.6
2019-10-11 01:09:39,pm10,310.0
2019-10-11 01:10:39,pm2.5,279.4
2019-10-11 01:10:39,pm10,306.4
2019-10-11 01:11:39,pm2.5,275.5
2019-10-11 01:11:39,pm10,302.6
2019-10-11 01:12:39,pm2.5,273.0
2019-10-11 01:12:39,pm10,299.7
2019-10-11 01:13:39,pm2.5,265.2
2019-10-11 01:13:39,pm10,291.1
2019-10-11 01:14:39,pm2.5,265.8
2019-10-11 01:14:39,pm10,291.5
2019-10-11 01:15:39,pm2.5,260.2
2019-10-11 01:15:39,pm10,285.7
2019-10-11 01:16:39,pm2.5,256.2
2019-10-11 01:16:39,pm10,281.1
2019-10-11 01:17:39,pm2.5,250.3
2019-10-11 01:17:39,pm10,274.6
2019-10-11 01:18:39,pm2.5,247.1
2019-10-11 01:18:39,pm10,271.2
2019-10-11 01:19:39,pm2.5,243.6
2019-10-11 01:19:39,pm10,267.4
2019-10-11 01:20:39,pm2.5,242.6
2019-10-11 01:20:39,pm10,266.4
2019-10-11 01:21:39,pm2.5,241.3
2019-10-11 01:21:40,pm10,264.8
2019-10-11 01:22:39,pm2.5,234.1
2019-10-11 01:22:39,pm10,257.0
2019-10-11 01:23:39,pm2.5,232.7
2019-10-11 01:23:39,pm10,255.2
2019-10-11 01:24:39,pm2.5,229.4
2019-10-11 01:24:39,pm10,251.8
2019-10-11 01:25:39,pm2.5,225.7
2019-10-11 01:25:39,pm10,247.6
2019-10-11 01:26:39,pm2.5,219.1
2019-10-11 01:26:39,pm10,240.3
2019-10-11 01:27:39,pm2.5,218.6
2019-10-11 01:27:39,pm10,240.0
2019-10-11 01:28:39,pm2.5,213.3
2019-10-11 01:28:39,pm10,234.0
2019-10-11 01:29:39,pm2.5,212.1
2019-10-11 01:29:39,pm10,232.8
2019-10-11 01:30:39,pm2.5,206.0
2019-10-11 01:30:39,pm10,226.0
2019-10-11 01:31:39,pm2.5,205.1
2019-10-11 01:31:39,pm10,225.2
2019-10-11 01:32:39,pm2.5,202.5
2019-10-11 01:32:39,pm10,222.2
2019-10-11 01:33:39,pm2.5,200.2
2019-10-11 01:33:39,pm10,219.6
2019-10-11 01:34:39,pm2.5,192.2
2019-10-11 01:34:39,pm10,210.9
2019-10-11 01:35:39,pm2.5,190.9
2019-10-11 01:35:39,pm10,209.6
2019-10-11 01:36:39,pm2.5,186.1
2019-10-11 01:36:40,pm10,204.4
2019-10-11 01:37:39,pm2.5,184.7
2019-10-11 01:37:40,pm10,202.9
2019-10-11 01:38:39,pm2.5,184.6
2019-10-11 01:38:39,pm10,202.8
2019-10-11 01:39:39,pm2.5,181.5
2019-10-11 01:39:39,pm10,199.4
2019-10-11 01:40:39,pm2.5,175.4
2019-10-11 01:40:39,pm10,192.8
2019-10-11 01:41:39,pm2.5,172.0
2019-10-11 01:41:39,pm10,189.1
2019-10-11 01:42:39,pm2.5,167.8
2019-10-11 01:42:39,pm10,184.4
2019-10-11 01:43:39,pm2.5,168.2
2019-10-11 01:43:39,pm10,184.8
2019-10-11 01:44:39,pm2.5,166.0
2019-10-11 01:44:39,pm10,182.4
2019-10-11 01:45:39,pm2.5,163.0
2019-10-11 01:45:39,pm10,179.3
2019-10-11 01:46:39,pm2.5,162.3
2019-10-11 01:46:39,pm10,178.4
2019-10-11 01:47:39,pm2.5,157.8
2019-10-11 01:47:39,pm10,173.4
2019-10-11 01:48:39,pm2.5,152.9
2019-10-11 01:48:39,pm10,168.0
2019-10-11 01:49:39,pm2.5,151.6
2019-10-11 01:49:39,pm10,166.5
2019-10-11 01:50:39,pm2.5,152.5
2019-10-11 01:50:39,pm10,167.6
2019-10-11 01:51:39,pm2.5,147.2
2019-10-11 01:51:39,pm10,161.4
2019-10-11 01:52:39,pm2.5,145.9
2019-10-11 01:52:40,pm10,160.3
2019-10-11 01:53:39,pm2.5,143.7
2019-10-11 01:53:40,pm10,157.8
2019-10-11 01:55:39,pm2.5,140.9
2019-10-11 01:55:39,pm10,154.9
2019-10-11 01:56:39,pm2.5,138.1
2019-10-11 01:56:39,pm10,151.7
2019-10-11 01:57:39,pm2.5,134.7
2019-10-11 01:57:39,pm10,147.8
2019-10-11 01:58:39,pm2.5,133.7
2019-10-11 01:58:39,pm10,146.8
2019-10-11 01:59:39,pm2.5,131.8
2019-10-11 01:59:39,pm10,144.6
2019-10-11 02:00:39,pm2.5,130.2
2019-10-11 02:00:39,pm10,143.0
2019-10-11 02:01:39,pm2.5,126.6
2019-10-11 02:01:39,pm10,139.0
2019-10-11 02:02:39,pm2.5,123.2
2019-10-11 02:02:39,pm10,135.2
2019-10-11 02:03:39,pm2.5,123.6
2019-10-11 02:03:39,pm10,135.6
2019-10-11 02:04:39,pm2.5,119.7
2019-10-11 02:04:39,pm10,131.3
2019-10-11 02:05:39,pm2.5,120.6
2019-10-11 02:05:39,pm10,132.3
2019-10-11 02:06:39,pm2.5,117.9
2019-10-11 02:06:39,pm10,129.4
2019-10-11 02:07:39,pm2.5,114.8
2019-10-11 02:07:40,pm10,126.0
2019-10-11 02:08:39,pm2.5,113.8
2019-10-11 02:08:39,pm10,124.8
2019-10-11 02:09:39,pm2.5,113.1
2019-10-11 02:09:40,pm10,124.1
2019-10-11 02:10:39,pm2.5,113.0
2019-10-11 02:10:39,pm10,124.0
2019-10-11 02:11:39,pm2.5,108.4
2019-10-11 02:11:39,pm10,118.9
2019-10-11 02:12:39,pm2.5,107.2
2019-10-11 02:12:39,pm10,117.7
2019-10-11 02:13:39,pm2.5,102.6
2019-10-11 02:13:39,pm10,112.5
2019-10-11 02:14:39,pm2.5,102.1
2019-10-11 02:14:39,pm10,111.9
2019-10-11 02:15:39,pm2.5,101.3
2019-10-11 02:15:39,pm10,111.0
2019-10-11 02:16:39,pm2.5,98.4
2019-10-11 02:16:39,pm10,107.9
2019-10-11 02:17:39,pm2.5,98.2
2019-10-11 02:17:39,pm10,107.5
2019-10-11 02:18:39,pm2.5,96.5
2019-10-11 02:18:39,pm10,105.8
2019-10-11 02:19:39,pm2.5,95.0
2019-10-11 02:19:39,pm10,104.1
2019-10-11 02:20:39,pm2.5,93.7
2019-10-11 02:20:39,pm10,102.8
2019-10-11 02:21:39,pm2.5,93.7
2019-10-11 02:21:39,pm10,102.9
2019-10-11 02:22:39,pm2.5,89.7
2019-10-11 02:22:39,pm10,98.4
2019-10-11 02:23:39,pm2.5,88.8
2019-10-11 02:23:39,pm10,97.4
2019-10-11 02:24:39,pm2.5,87.6
2019-10-11 02:24:40,pm10,96.1
2019-10-11 02:25:39,pm2.5,87.0
2019-10-11 02:25:39,pm10,95.3
2019-10-11 02:26:39,pm2.5,85.3
2019-10-11 02:26:39,pm10,93.6
2019-10-11 02:27:39,pm2.5,83.6
2019-10-11 02:27:39,pm10,91.5
2019-10-11 02:28:39,pm2.5,83.2
2019-10-11 02:28:39,pm10,91.2
2019-10-11 02:29:39,pm2.5,79.7
2019-10-11 02:29:39,pm10,87.4
2019-10-11 02:30:39,pm2.5,80.1
2019-10-11 02:30:39,pm10,87.8
2019-10-11 02:31:39,pm2.5,79.3
2019-10-11 02:31:39,pm10,86.9
2019-10-11 02:32:39,pm2.5,77.4
2019-10-11 02:32:39,pm10,84.8
2019-10-11 02:33:39,pm2.5,76.8
2019-10-11 02:33:39,pm10,84.1
2019-10-11 02:34:39,pm2.5,73.0
2019-10-11 02:34:39,pm10,80.1
2019-10-11 02:35:39,pm2.5,73.9
2019-10-11 02:35:39,pm10,81.1
2019-10-11 02:36:39,pm2.5,73.3
2019-10-11 02:36:39,pm10,80.3
2019-10-11 02:37:39,pm2.5,69.3
2019-10-11 02:37:39,pm10,75.9
2019-10-11 02:38:39,pm2.5,71.4
2019-10-11 02:38:39,pm10,78.3
2019-10-11 02:39:39,pm2.5,67.7
2019-10-11 02:39:40,pm10,74.2
2019-10-11 02:40:39,pm2.5,68.6
2019-10-11 02:40:39,pm10,75.3
2019-10-11 02:41:39,pm2.5,65.0
2019-10-11 02:41:39,pm10,71.4
2019-10-11 02:42:39,pm2.5,64.3
2019-10-11 02:42:39,pm10,70.5
2019-10-11 02:43:39,pm2.5,65.1
2019-10-11 02:43:39,pm10,71.5
2019-10-11 02:44:39,pm2.5,62.1
2019-10-11 02:44:39,pm10,68.1
2019-10-11 02:45:39,pm2.5,60.0
2019-10-11 02:45:39,pm10,65.8
2019-10-11 02:46:39,pm2.5,61.1
2019-10-11 02:46:39,pm10,67.0
2019-10-11 02:47:39,pm2.5,58.4
2019-10-11 02:47:39,pm10,64.2
2019-10-11 02:48:39,pm2.5,57.3
2019-10-11 02:48:39,pm10,62.9
2019-10-11 02:49:39,pm2.5,57.2
2019-10-11 02:49:39,pm10,62.8
2019-10-11 02:50:39,pm2.5,56.7
2019-10-11 02:50:39,pm10,62.4
2019-10-11 02:51:39,pm2.5,56.3
2019-10-11 02:51:39,pm10,61.8
2019-10-11 02:52:39,pm2.5,55.1
2019-10-11 02:52:39,pm10,60.6
2019-10-11 02:53:39,pm2.5,53.7
2019-10-11 02:53:40,pm10,58.9
2019-10-11 02:55:39,pm2.5,51.8
2019-10-11 02:55:39,pm10,57.0
2019-10-11 02:56:39,pm2.5,50.9
2019-10-11 02:56:39,pm10,55.9
2019-10-11 02:57:39,pm2.5,50.8
2019-10-11 02:57:39,pm10,55.9
2019-10-11 02:58:39,pm2.5,49.3
2019-10-11 02:58:39,pm10,54.2
2019-10-11 02:59:39,pm2.5,50.3
2019-10-11 02:59:39,pm10,55.3
2019-10-11 03:00:39,pm2.5,48.3
2019-10-11 03:00:39,pm10,53.2
2019-10-11 03:01:39,pm2.5,47.9
2019-10-11 03:01:39,pm10,52.6
2019-10-11 03:02:39,pm2.5,46.8
2019-10-11 03:02:39,pm10,51.4
2019-10-11 03:03:39,pm2.5,46.0
2019-10-11 03:03:39,pm10,50.5
2019-10-11 03:04:39,pm2.5,45.8
2019-10-11 03:04:39,pm10,50.4
2019-10-11 03:05:39,pm2.5,44.4
2019-10-11 03:05:39,pm10,48.8
2019-10-11 03:06:39,pm2.5,43.5
2019-10-11 03:06:39,pm10,47.8
2019-10-11 03:07:39,pm2.5,43.7
2019-10-11 03:07:39,pm10,48.0
2019-10-11 03:08:39,pm2.5,42.7
2019-10-11 03:08:39,pm10,47.0
2019-10-11 03:10:39,pm2.5,41.2
2019-10-11 03:10:39,pm10,45.4
2019-10-11 03:11:39,pm2.5,40.9
2019-10-11 03:11:39,pm10,45.0
2019-10-11 03:12:39,pm2.5,38.9
2019-10-11 03:12:39,pm10,42.8
2019-10-11 03:13:39,pm2.5,39.2
2019-10-11 03:13:39,pm10,43.2
2019-10-11 03:14:39,pm2.5,38.9
2019-10-11 03:14:39,pm10,42.8
2019-10-11 03:15:39,pm2.5,38.1
2019-10-11 03:15:39,pm10,42.0
2019-10-11 03:16:39,pm2.5,37.3
2019-10-11 03:16:39,pm10,41.0
2019-10-11 03:17:39,pm2.5,37.3
2019-10-11 03:17:39,pm10,41.1
2019-10-11 03:18:39,pm2.5,36.8
2019-10-11 03:18:39,pm10,40.6
2019-10-11 03:19:39,pm2.5,34.8
2019-10-11 03:19:39,pm10,38.3
2019-10-11 03:20:39,pm2.5,35.3
2019-10-11 03:20:39,pm10,38.9
2019-10-11 03:21:39,pm2.5,34.1
2019-10-11 03:21:39,pm10,37.5
2019-10-11 03:22:39,pm2.5,33.0
2019-10-11 03:22:39,pm10,36.4
2019-10-11 03:23:39,pm2.5,33.5
2019-10-11 03:23:40,pm10,36.9
2019-10-11 03:24:39,pm2.5,32.5
2019-10-11 03:24:39,pm10,35.8
2019-10-11 03:25:39,pm2.5,32.3
2019-10-11 03:25:39,pm10,35.7
2019-10-11 03:26:39,pm2.5,32.3
2019-10-11 03:26:39,pm10,35.6
2019-10-11 03:27:39,pm2.5,30.8
2019-10-11 03:27:39,pm10,34.0
2019-10-11 03:28:39,pm2.5,30.1
2019-10-11 03:28:39,pm10,33.2
2019-10-11 03:29:39,pm2.5,30.6
2019-10-11 03:29:39,pm10,33.8
2019-10-11 03:30:39,pm2.5,31.5
2019-10-11 03:30:39,pm10,34.7
2019-10-11 03:31:39,pm2.5,29.4
2019-10-11 03:31:39,pm10,32.4
2019-10-11 03:32:39,pm2.5,28.6
2019-10-11 03:32:39,pm10,31.6
2019-10-11 03:33:39,pm2.5,27.8
2019-10-11 03:33:39,pm10,30.7
2019-10-11 03:34:39,pm2.5,28.0
2019-10-11 03:34:39,pm10,30.9
2019-10-11 03:35:39,pm2.5,27.6
2019-10-11 03:35:39,pm10,30.5
2019-10-11 03:36:39,pm2.5,26.5
2019-10-11 03:36:39,pm10,29.3
2019-10-11 03:37:39,pm2.5,26.3
2019-10-11 03:37:40,pm10,29.2
2019-10-11 03:39:39,pm2.5,25.6
2019-10-11 03:39:39,pm10,28.4
2019-10-11 03:40:39,pm2.5,25.0
2019-10-11 03:40:39,pm10,27.7
2019-10-11 03:41:39,pm2.5,24.7
2019-10-11 03:41:39,pm10,27.3
2019-10-11 03:42:39,pm2.5,24.5
2019-10-11 03:42:39,pm10,27.1
2019-10-11 03:43:39,pm2.5,23.9
2019-10-11 03:43:39,pm10,26.5
2019-10-11 03:44:39,pm2.5,24.1
2019-10-11 03:44:39,pm10,26.7
2019-10-11 03:45:39,pm2.5,23.5
2019-10-11 03:45:39,pm10,26.0
2019-10-11 03:46:39,pm2.5,23.6
2019-10-11 03:46:39,pm10,26.1
2019-10-11 03:47:39,pm2.5,22.5
2019-10-11 03:47:39,pm10,24.9
2019-10-11 03:48:39,pm2.5,22.7
2019-10-11 03:48:39,pm10,25.2
2019-10-11 03:49:39,pm2.5,22.1
2019-10-11 03:49:39,pm10,24.5
2019-10-11 03:50:39,pm2.5,22.8
2019-10-11 03:50:39,pm10,25.2
2019-10-11 03:51:39,pm2.5,20.7
2019-10-11 03:51:39,pm10,23.0
2019-10-11 03:52:39,pm2.5,20.5
2019-10-11 03:52:40,pm10,22.8
2019-10-11 03:53:39,pm2.5,20.0
2019-10-11 03:53:40,pm10,22.2
2019-10-11 03:54:39,pm2.5,20.0
2019-10-11 03:54:39,pm10,22.2
2019-10-11 03:55:39,pm2.5,19.3
2019-10-11 03:55:39,pm10,21.5
2019-10-11 03:56:39,pm2.5,19.6
2019-10-11 03:56:39,pm10,21.8
2019-10-11 03:57:39,pm2.5,18.9
2019-10-11 03:57:39,pm10,21.0
2019-10-11 03:58:39,pm2.5,18.9
2019-10-11 03:58:39,pm10,21.0
2019-10-11 03:59:39,pm2.5,18.6
2019-10-11 03:59:39,pm10,20.7
2019-10-11 04:00:39,pm2.5,18.2
2019-10-11 04:00:39,pm10,20.3
2019-10-11 04:01:39,pm2.5,17.5
2019-10-11 04:01:39,pm10,19.4
2019-10-11 04:02:39,pm2.5,18.3
2019-10-11 04:02:39,pm10,20.4
2019-10-11 04:03:39,pm2.5,17.6
2019-10-11 04:03:39,pm10,19.6
2019-10-11 04:04:39,pm2.5,17.8
2019-10-11 04:04:39,pm10,19.8
2019-10-11 04:05:39,pm2.5,17.7
2019-10-11 04:05:39,pm10,19.7
2019-10-11 04:06:39,pm2.5,16.1
2019-10-11 04:06:39,pm10,18.0
2019-10-11 04:07:39,pm2.5,16.9
2019-10-11 04:07:39,pm10,18.8
2019-10-11 04:08:39,pm2.5,15.7
2019-10-11 04:08:39,pm10,17.5
2019-10-11 04:09:39,pm2.5,15.9
2019-10-11 04:09:40,pm10,17.8
2019-10-11 04:10:39,pm2.5,15.5
2019-10-11 04:10:39,pm10,17.4
2019-10-11 04:11:39,pm2.5,15.0
2019-10-11 04:11:39,pm10,16.8
2019-10-11 04:12:39,pm2.5,15.7
2019-10-11 04:12:39,pm10,17.5
2019-10-11 04:13:39,pm2.5,14.5
2019-10-11 04:13:39,pm10,16.2
2019-10-11 04:14:39,pm2.5,14.7
2019-10-11 04:14:39,pm10,16.4
2019-10-11 04:15:39,pm2.5,14.4
2019-10-11 04:15:39,pm10,16.1
2019-10-11 04:16:39,pm2.5,14.1
2019-10-11 04:16:39,pm10,15.8
2019-10-11 04:17:39,pm2.5,13.5
2019-10-11 04:17:39,pm10,15.1
2019-10-11 04:18:39,pm2.5,13.5
2019-10-11 04:18:39,pm10,15.2
2019-10-11 04:19:39,pm2.5,12.9
2019-10-11 04:19:39,pm10,14.6
2019-10-11 04:20:39,pm2.5,13.0
2019-10-11 04:20:39,pm10,14.6
2019-10-11 04:21:38,pm2.5,12.9
2019-10-11 04:21:39,pm10,14.6
2019-10-11 04:22:39,pm2.5,12.6
2019-10-11 04:22:39,pm10,14.1
2019-10-11 04:23:39,pm2.5,12.3
2019-10-11 04:23:39,pm10,14.3
2019-10-11 04:24:39,pm2.5,12.5
2019-10-11 04:24:39,pm10,14.2
2019-10-11 04:25:39,pm2.5,12.2
2019-10-11 04:25:40,pm10,14.2
2019-10-11 04:26:38,pm2.5,12.1
2019-10-11 04:26:39,pm10,14.0
2019-10-11 04:27:39,pm2.5,12.0
2019-10-11 04:27:39,pm10,14.0
2019-10-11 04:28:39,pm2.5,11.6
2019-10-11 04:28:39,pm10,13.5
2019-10-11 04:29:39,pm2.5,12.0
2019-10-11 04:29:39,pm10,14.3
2019-10-11 04:30:39,pm2.5,10.9
2019-10-11 04:30:39,pm10,13.0
2019-10-11 04:31:39,pm2.5,11.0
2019-10-11 04:31:39,pm10,12.8
2019-10-11 04:32:39,pm2.5,10.5
2019-10-11 04:32:39,pm10,12.7
2019-10-11 04:33:39,pm2.5,10.9
2019-10-11 04:33:39,pm10,13.0
2019-10-11 04:34:39,pm2.5,10.9
2019-10-11 04:34:39,pm10,12.8
2019-10-11 04:35:39,pm2.5,10.4
2019-10-11 04:35:39,pm10,12.7
2019-10-11 04:36:39,pm2.5,9.7
2019-10-11 04:36:39,pm10,12.0
2019-10-11 04:37:39,pm2.5,10.5
2019-10-11 04:37:39,pm10,13.1
2019-10-11 04:38:39,pm2.5,9.8
2019-10-11 04:38:39,pm10,12.1
2019-10-11 04:39:39,pm2.5,9.4
2019-10-11 04:39:39,pm10,12.1
2019-10-11 04:40:39,pm2.5,10.0
2019-10-11 04:40:39,pm10,12.4
2019-10-11 04:41:39,pm2.5,9.0
2019-10-11 04:41:40,pm10,11.6
2019-10-11 04:42:39,pm2.5,8.8
2019-10-11 04:42:39,pm10,11.5
2019-10-11 04:43:39,pm2.5,9.0
2019-10-11 04:43:39,pm10,11.6
2019-10-11 04:44:38,pm2.5,9.2
2019-10-11 04:44:39,pm10,11.7
2019-10-11 04:45:39,pm2.5,9.2
2019-10-11 04:45:39,pm10,11.6
2019-10-11 04:46:39,pm2.5,8.7
2019-10-11 04:46:39,pm10,11.5
2019-10-11 04:47:39,pm2.5,8.4
2019-10-11 04:47:39,pm10,11.1
2019-10-11 04:48:39,pm2.5,9.1
2019-10-11 04:48:39,pm10,11.7
2019-10-11 04:49:39,pm2.5,7.9
2019-10-11 04:49:39,pm10,10.9
2019-10-11 04:50:39,pm2.5,7.9
2019-10-11 04:50:39,pm10,11.0
2019-10-11 04:51:39,pm2.5,7.8
2019-10-11 04:51:39,pm10,10.5
2019-10-11 04:52:39,pm2.5,7.6
2019-10-11 04:52:39,pm10,10.7
2019-10-11 04:53:39,pm2.5,7.4
2019-10-11 04:53:39,pm10,10.3
2019-10-11 04:54:39,pm2.5,7.2
2019-10-11 04:54:39,pm10,10.2
2019-10-11 04:55:39,pm2.5,7.4
2019-10-11 04:55:40,pm10,10.3
2019-10-11 04:56:39,pm2.5,7.5
2019-10-11 04:56:39,pm10,10.6
2019-10-11 04:57:39,pm2.5,7.3
2019-10-11 04:57:39,pm10,10.5
2019-10-11 04:58:39,pm2.5,7.1
2019-10-11 04:58:39,pm10,10.2
2019-10-11 04:59:39,pm2.5,6.9
2019-10-11 04:59:39,pm10,10.0
2019-10-11 05:00:39,pm2.5,6.8
2019-10-11 05:00:39,pm10,9.7
2019-10-11 05:01:39,pm2.5,6.7
2019-10-11 05:01:39,pm10,9.7
2019-10-11 05:02:39,pm2.5,6.3
2019-10-11 05:02:39,pm10,9.6
2019-10-11 05:03:39,pm2.5,6.3
2019-10-11 05:03:39,pm10,9.3
2019-10-11 05:04:39,pm2.5,6.4
2019-10-11 05:04:39,pm10,9.5
2019-10-11 05:05:39,pm2.5,6.4
2019-10-11 05:05:39,pm10,9.5
2019-10-11 05:06:39,pm2.5,6.2
2019-10-11 05:06:39,pm10,9.5
2019-10-11 05:07:39,pm2.5,5.7
2019-10-11 05:07:39,pm10,9.0
2019-10-11 05:08:39,pm2.5,5.9
2019-10-11 05:08:39,pm10,9.2
2019-10-11 05:09:39,pm2.5,6.0
2019-10-11 05:09:40,pm10,9.3
2019-10-11 05:10:39,pm2.5,6.1
2019-10-11 05:10:39,pm10,9.4
2019-10-11 05:11:39,pm2.5,5.5
2019-10-11 05:11:39,pm10,9.0
2019-10-11 05:12:39,pm2.5,5.1
2019-10-11 05:12:39,pm10,8.5
2019-10-11 05:13:39,pm2.5,5.1
2019-10-11 05:13:39,pm10,8.6
2019-10-11 05:14:39,pm2.5,5.6
2019-10-11 05:14:39,pm10,8.8
2019-10-11 05:15:39,pm2.5,5.2
2019-10-11 05:15:39,pm10,8.8
2019-10-11 05:16:39,pm2.5,5.9
2019-10-11 05:16:39,pm10,9.4
2019-10-11 05:17:39,pm2.5,5.2
2019-10-11 05:17:39,pm10,8.5
2019-10-11 05:18:39,pm2.5,5.2
2019-10-11 05:18:39,pm10,8.6
2019-10-11 05:19:39,pm2.5,4.8
2019-10-11 05:19:39,pm10,8.3
2019-10-11 05:20:39,pm2.5,4.8
2019-10-11 05:20:40,pm10,8.5
2019-10-11 05:21:39,pm2.5,4.8
2019-10-11 05:21:39,pm10,8.1
2019-10-11 05:22:39,pm2.5,4.9
2019-10-11 05:22:40,pm10,8.5
2019-10-11 05:23:39,pm2.5,4.8
2019-10-11 05:23:39,pm10,8.5
2019-10-11 05:24:39,pm2.5,4.4
2019-10-11 05:24:39,pm10,8.0
2019-10-11 05:25:39,pm2.5,4.6
2019-10-11 05:25:39,pm10,8.3
2019-10-11 05:26:39,pm2.5,4.4
2019-10-11 05:26:39,pm10,7.9
2019-10-11 05:27:39,pm2.5,4.4
2019-10-11 05:27:39,pm10,7.9
2019-10-11 05:28:39,pm2.5,4.7
2019-10-11 05:28:39,pm10,8.2
2019-10-11 05:29:39,pm2.5,4.1
2019-10-11 05:29:39,pm10,7.7
2019-10-11 05:30:39,pm2.5,4.0
2019-10-11 05:30:39,pm10,7.5
2019-10-11 05:31:39,pm2.5,3.9
2019-10-11 05:31:39,pm10,7.7
2019-10-11 05:32:39,pm2.5,4.0
2019-10-11 05:32:39,pm10,7.5
2019-10-11 05:33:39,pm2.5,4.1
2019-10-11 05:33:39,pm10,8.0
2019-10-11 05:34:39,pm2.5,3.7
2019-10-11 05:34:39,pm10,7.4
2019-10-11 05:35:39,pm2.5,4.1
2019-10-11 05:35:39,pm10,7.7
2019-10-11 05:36:39,pm2.5,3.9
2019-10-11 05:36:39,pm10,7.7
2019-10-11 05:37:39,pm2.5,3.8
2019-10-11 05:37:40,pm10,7.4
2019-10-11 05:38:39,pm2.5,3.7
2019-10-11 05:38:39,pm10,7.1
2019-10-11 05:39:39,pm2.5,3.6
2019-10-11 05:39:39,pm10,7.4
2019-10-11 05:40:39,pm2.5,3.6
2019-10-11 05:40:39,pm10,7.3
2019-10-11 05:41:39,pm2.5,3.4
2019-10-11 05:41:39,pm10,7.0
2019-10-11 05:42:39,pm2.5,3.4
2019-10-11 05:42:39,pm10,6.7
2019-10-11 05:43:39,pm2.5,3.8
2019-10-11 05:43:39,pm10,7.5
2019-10-11 05:44:39,pm2.5,3.1
2019-10-11 05:44:39,pm10,6.8
2019-10-11 05:45:39,pm2.5,3.1
2019-10-11 05:45:39,pm10,6.5
2019-10-11 05:46:39,pm2.5,3.3
2019-10-11 05:46:39,pm10,6.7
2019-10-11 05:47:39,pm2.5,3.3
2019-10-11 05:47:39,pm10,7.1
2019-10-11 05:48:39,pm2.5,3.2
2019-10-11 05:48:39,pm10,6.6
2019-10-11 05:49:39,pm2.5,3.1
2019-10-11 05:49:39,pm10,6.7
2019-10-11 05:50:39,pm2.5,3.1
2019-10-11 05:50:39,pm10,6.9
2019-10-11 05:51:39,pm2.5,3.1
2019-10-11 05:51:40,pm10,6.8
2019-10-11 05:52:39,pm2.5,3.2
2019-10-11 05:52:40,pm10,6.6
2019-10-11 05:53:39,pm2.5,3.0
2019-10-11 05:53:39,pm10,6.6
2019-10-11 05:54:39,pm2.5,2.8
2019-10-11 05:54:39,pm10,6.3
2019-10-11 05:55:39,pm2.5,2.7
2019-10-11 05:55:39,pm10,6.0
2019-10-11 05:56:39,pm2.5,2.8
2019-10-11 05:56:39,pm10,6.1
2019-10-11 05:57:39,pm2.5,3.0
2019-10-11 05:57:39,pm10,6.6
2019-10-11 05:58:39,pm2.5,3.1
2019-10-11 05:58:39,pm10,6.6
2019-10-11 05:59:39,pm2.5,2.9
2019-10-11 05:59:39,pm10,6.4
2019-10-11 06:00:39,pm2.5,2.2
2019-10-11 06:00:39,pm10,5.1
2019-10-11 06:01:39,pm2.5,2.5
2019-10-11 06:01:39,pm10,5.7
2019-10-11 06:02:39,pm2.5,2.7
2019-10-11 06:02:39,pm10,6.0
2019-10-11 06:03:39,pm2.5,2.3
2019-10-11 06:03:39,pm10,5.0
2019-10-11 06:04:39,pm2.5,2.5
2019-10-11 06:04:39,pm10,5.7
2019-10-11 06:05:39,pm2.5,2.2
2019-10-11 06:05:40,pm10,5.0
2019-10-11 06:06:39,pm2.5,2.6
2019-10-11 06:06:40,pm10,5.7
2019-10-11 06:07:39,pm2.5,2.3
2019-10-11 06:07:39,pm10,5.0
2019-10-11 06:08:39,pm2.5,2.4
2019-10-11 06:08:39,pm10,5.7
2019-10-11 06:09:39,pm2.5,2.5
2019-10-11 06:09:39,pm10,5.6
2019-10-11 06:10:39,pm2.5,2.3
2019-10-11 06:10:39,pm10,5.4
2019-10-11 06:11:39,pm2.5,2.3
2019-10-11 06:11:39,pm10,5.3
2019-10-11 06:12:39,pm2.5,2.2
2019-10-11 06:12:39,pm10,4.8
2019-10-11 06:13:39,pm2.5,2.1
2019-10-11 06:13:39,pm10,5.1
2019-10-11 06:14:39,pm2.5,2.1
2019-10-11 06:14:39,pm10,5.1
2019-10-11 06:15:39,pm2.5,2.2
2019-10-11 06:15:39,pm10,4.9
2019-10-11 06:16:39,pm2.5,2.0
2019-10-11 06:16:39,pm10,4.6
2019-10-11 06:17:39,pm2.5,2.0
2019-10-11 06:17:39,pm10,4.5
2019-10-11 06:18:39,pm2.5,1.8
2019-10-11 06:18:39,pm10,4.4
2019-10-11 06:19:39,pm2.5,1.9
2019-10-11 06:19:39,pm10,4.1
2019-10-11 06:20:39,pm2.5,2.1
2019-10-11 06:20:40,pm10,5.2
2019-10-11 06:21:39,pm2.5,1.9
2019-10-11 06:21:39,pm10,4.2
2019-10-11 06:22:39,pm2.5,1.9
2019-10-11 06:22:39,pm10,4.2
2019-10-11 06:23:39,pm2.5,1.9
2019-10-11 06:23:39,pm10,4.5
2019-10-11 06:24:39,pm2.5,1.8
2019-10-11 06:24:39,pm10,4.3
2019-10-11 06:25:39,pm2.5,1.7
2019-10-11 06:25:39,pm10,4.0
2019-10-11 06:26:39,pm2.5,1.7
2019-10-11 06:26:39,pm10,3.6
2019-10-11 06:27:39,pm2.5,1.7
2019-10-11 06:27:39,pm10,3.8
2019-10-11 06:28:39,pm2.5,1.9
2019-10-11 06:28:39,pm10,4.7
2019-10-11 06:29:39,pm2.5,1.9
2019-10-11 06:29:39,pm10,4.6
2019-10-11 06:30:39,pm2.5,1.5
2019-10-11 06:30:39,pm10,3.6
2019-10-11 06:31:39,pm2.5,1.6
2019-10-11 06:31:39,pm10,3.6
2019-10-11 06:32:39,pm2.5,1.7
2019-10-11 06:32:39,pm10,4.0
2019-10-11 06:33:39,pm2.5,1.5
2019-10-11 06:33:39,pm10,3.4
2019-10-11 06:34:39,pm2.5,1.4
2019-10-11 06:34:39,pm10,3.4
2019-10-11 06:35:39,pm2.5,1.5
2019-10-11 06:35:39,pm10,3.7
2019-10-11 06:36:39,pm2.5,1.4
2019-10-11 06:36:40,pm10,3.4
2019-10-11 06:37:39,pm2.5,1.6
2019-10-11 06:37:39,pm10,3.6
2019-10-11 06:38:39,pm2.5,1.5
2019-10-11 06:38:39,pm10,4.0
2019-10-11 06:39:39,pm2.5,1.4
2019-10-11 06:39:39,pm10,3.3
2019-10-11 06:40:39,pm2.5,1.5
2019-10-11 06:40:39,pm10,3.8
2019-10-11 06:41:39,pm2.5,1.4
2019-10-11 06:41:39,pm10,3.5
2019-10-11 06:42:39,pm2.5,1.4
2019-10-11 06:42:39,pm10,3.0
2019-10-11 06:43:39,pm2.5,1.3
2019-10-11 06:43:39,pm10,2.8
2019-10-11 06:44:39,pm2.5,1.2
2019-10-11 06:44:39,pm10,2.6
2019-10-11 06:45:39,pm2.5,1.3
2019-10-11 06:45:39,pm10,3.0
2019-10-11 06:46:39,pm2.5,1.2
2019-10-11 06:46:39,pm10,2.7
2019-10-11 06:47:39,pm2.5,1.4
2019-10-11 06:47:39,pm10,3.3
2019-10-11 06:48:39,pm2.5,1.2
2019-10-11 06:48:39,pm10,2.6
2019-10-11 06:49:39,pm2.5,1.1
2019-10-11 06:49:39,pm10,2.3
2019-10-11 06:50:39,pm2.5,1.2
2019-10-11 06:50:39,pm10,2.9
2019-10-11 06:51:39,pm2.5,1.4
2019-10-11 06:51:40,pm10,3.3
2019-10-11 06:52:39,pm2.5,1.3
2019-10-11 06:52:39,pm10,3.0
2019-10-11 06:53:39,pm2.5,1.3
2019-10-11 06:53:39,pm10,2.7
2019-10-11 06:54:39,pm2.5,1.1
2019-10-11 06:54:39,pm10,2.5
2019-10-11 06:55:39,pm2.5,1.2
2019-10-11 06:55:39,pm10,2.7
2019-10-11 06:56:39,pm2.5,1.2
2019-10-11 06:56:39,pm10,2.5
2019-10-11 06:57:39,pm2.5,1.1
2019-10-11 06:57:39,pm10,2.6
2019-10-11 06:58:39,pm2.5,1.3
2019-10-11 06:58:39,pm10,3.2
2019-10-11 06:59:39,pm2.5,1.1
2019-10-11 06:59:39,pm10,2.3
2019-10-11 07:00:39,pm2.5,1.1
2019-10-11 07:00:39,pm10,2.4
2019-10-11 07:01:39,pm2.5,1.0
2019-10-11 07:01:39,pm10,2.2
2019-10-11 07:02:39,pm2.5,1.1
2019-10-11 07:02:39,pm10,2.4
2019-10-11 07:03:39,pm2.5,1.1
2019-10-11 07:03:39,pm10,2.4
2019-10-11 07:04:39,pm2.5,1.1
2019-10-11 07:04:39,pm10,2.5
2019-10-11 07:05:39,pm2.5,1.1
2019-10-11 07:05:40,pm10,2.3
2019-10-11 07:06:39,pm2.5,0.9
2019-10-11 07:06:39,pm10,2.1
2019-10-11 07:07:39,pm2.5,1.1
2019-10-11 07:07:39,pm10,2.7
2019-10-11 07:08:39,pm2.5,0.9
2019-10-11 07:08:39,pm10,1.8
2019-10-11 07:09:39,pm2.5,1.0
2019-10-11 07:09:39,pm10,2.2
2019-10-11 07:10:39,pm2.5,1.1
2019-10-11 07:10:39,pm10,2.6
2019-10-11 07:11:39,pm2.5,0.9
2019-10-11 07:11:39,pm10,1.8
2019-10-11 07:12:39,pm2.5,0.9
2019-10-11 07:12:39,pm10,2.0
2019-10-11 07:13:39,pm2.5,1.0
2019-10-11 07:13:39,pm10,2.3
2019-10-11 07:14:39,pm2.5,0.8
2019-10-11 07:14:39,pm10,1.7
2019-10-11 07:15:39,pm2.5,0.9
2019-10-11 07:15:39,pm10,1.8
2019-10-11 07:16:39,pm2.5,0.9
2019-10-11 07:16:39,pm10,1.8
2019-10-11 07:17:39,pm2.5,1.0
2019-10-11 07:17:39,pm10,2.2
2019-10-11 07:18:39,pm2.5,0.9
2019-10-11 07:18:39,pm10,2.1
2019-10-11 07:19:39,pm2.5,0.8
2019-10-11 07:19:40,pm10,1.7
2019-10-11 07:20:39,pm2.5,0.8
2019-10-11 07:20:39,pm10,1.7
2019-10-11 07:21:39,pm2.5,0.8
2019-10-11 07:21:39,pm10,1.8
2019-10-11 07:22:39,pm2.5,0.8
2019-10-11 07:22:39,pm10,1.7
2019-10-11 07:23:39,pm2.5,0.9
2019-10-11 07:23:39,pm10,2.1
2019-10-11 07:24:39,pm2.5,0.9
2019-10-11 07:24:39,pm10,1.7
2019-10-11 07:25:39,pm2.5,0.7
2019-10-11 07:25:39,pm10,1.5
2019-10-11 07:26:39,pm2.5,0.7
2019-10-11 07:26:39,pm10,1.3
2019-10-11 07:27:39,pm2.5,0.8
2019-10-11 07:27:39,pm10,1.6
2019-10-11 07:28:39,pm2.5,0.9
2019-10-11 07:28:39,pm10,1.9
2019-10-11 07:29:39,pm2.5,0.9
2019-10-11 07:29:39,pm10,2.0
2019-10-11 07:30:39,pm2.5,0.8
2019-10-11 07:30:39,pm10,1.4
2019-10-11 07:31:39,pm2.5,0.8
2019-10-11 07:31:39,pm10,1.7
2019-10-11 07:32:39,pm2.5,0.8
2019-10-11 07:32:39,pm10,2.0
2019-10-11 07:33:39,pm2.5,0.8
2019-10-11 07:33:39,pm10,1.6
2019-10-11 07:34:39,pm2.5,0.8
2019-10-11 07:34:40,pm10,1.6
2019-10-11 07:35:39,pm2.5,0.7
2019-10-11 07:35:39,pm10,1.4
2019-10-11 07:36:39,pm2.5,0.8
2019-10-11 07:36:39,pm10,1.3
2019-10-11 07:37:39,pm2.5,0.6
2019-10-11 07:37:39,pm10,1.0
2019-10-11 07:38:39,pm2.5,0.6
2019-10-11 07:38:39,pm10,1.2
2019-10-11 07:39:39,pm2.5,0.6
2019-10-11 07:39:39,pm10,1.0
2019-10-11 07:40:39,pm2.5,0.8
2019-10-11 07:40:39,pm10,1.7
2019-10-11 07:41:39,pm2.5,0.6
2019-10-11 07:41:39,pm10,1.3
2019-10-11 07:42:39,pm2.5,0.5
2019-10-11 07:42:39,pm10,0.8
2019-10-11 07:43:39,pm2.5,0.7
2019-10-11 07:43:39,pm10,1.6
2019-10-11 07:44:39,pm2.5,0.7
2019-10-11 07:44:39,pm10,1.8
2019-10-11 07:45:39,pm2.5,0.6
2019-10-11 07:45:39,pm10,1.1
2019-10-11 07:46:39,pm2.5,0.6
2019-10-11 07:46:39,pm10,0.9
2019-10-11 07:47:39,pm2.5,0.5
2019-10-11 07:47:39,pm10,0.8
2019-10-11 07:48:39,pm2.5,0.5
2019-10-11 07:48:40,pm10,0.6
2019-10-11 07:49:39,pm2.5,0.6
2019-10-11 07:49:39,pm10,1.3
2019-10-11 07:50:39,pm2.5,0.7
2019-10-11 07:50:39,pm10,1.2
2019-10-11 07:51:39,pm2.5,0.5
2019-10-11 07:51:39,pm10,0.8
2019-10-11 07:52:39,pm2.5,0.6
2019-10-11 07:52:39,pm10,1.2
2019-10-11 07:53:39,pm2.5,0.6
2019-10-11 07:53:39,pm10,1.1
2019-10-11 07:54:39,pm2.5,0.6
2019-10-11 07:54:39,pm10,0.9
2019-10-11 07:55:39,pm2.5,0.7
2019-10-11 07:55:39,pm10,1.2
2019-10-11 07:56:39,pm2.5,0.5
2019-10-11 07:56:39,pm10,1.1
2019-10-11 07:57:39,pm2.5,0.4
2019-10-11 07:57:39,pm10,0.6
2019-10-11 07:58:39,pm2.5,0.6
2019-10-11 07:58:39,pm10,1.2
2019-10-11 07:59:39,pm2.5,0.6
2019-10-11 07:59:39,pm10,1.1
2019-10-11 08:00:39,pm2.5,0.4
2019-10-11 08:00:39,pm10,0.6
2019-10-11 08:01:39,pm2.5,0.5
2019-10-11 08:01:39,pm10,0.9
2019-10-11 08:02:39,pm2.5,0.6
2019-10-11 08:02:39,pm10,1.0
2019-10-11 08:03:39,pm2.5,0.6
2019-10-11 08:03:39,pm10,1.0
2019-10-11 08:04:39,pm2.5,0.4
2019-10-11 08:04:40,pm10,0.5
2019-10-11 08:05:39,pm2.5,0.5
2019-10-11 08:05:39,pm10,1.0
2019-10-11 08:06:39,pm2.5,0.5
2019-10-11 08:06:39,pm10,1.1
2019-10-11 08:07:39,pm2.5,0.5
2019-10-11 08:07:39,pm10,0.8
2019-10-11 08:08:39,pm2.5,0.5
2019-10-11 08:08:39,pm10,0.7
2019-10-11 08:09:39,pm2.5,0.5
2019-10-11 08:09:39,pm10,0.8
2019-10-11 08:10:39,pm2.5,0.5
2019-10-11 08:10:39,pm10,0.8
2019-10-11 08:11:39,pm2.5,0.5
2019-10-11 08:11:39,pm10,0.9
2019-10-11 08:12:39,pm2.5,0.5
2019-10-11 08:12:39,pm10,1.0
2019-10-11 08:13:39,pm2.5,0.5
2019-10-11 08:13:39,pm10,0.7
2019-10-11 08:14:39,pm2.5,0.4
2019-10-11 08:14:39,pm10,0.5
2019-10-11 08:15:39,pm2.5,0.4
2019-10-11 08:15:39,pm10,0.6
2019-10-11 08:16:39,pm2.5,0.5
2019-10-11 08:16:39,pm10,0.8
2019-10-11 08:17:39,pm2.5,0.4
2019-10-11 08:17:39,pm10,0.5
2019-10-11 08:18:39,pm2.5,0.4
2019-10-11 08:18:39,pm10,0.6
2019-10-11 08:19:39,pm2.5,0.4
2019-10-11 08:19:40,pm10,0.5
2019-10-11 08:21:39,pm2.5,0.4
2019-10-11 08:21:39,pm10,0.6
2019-10-11 08:22:39,pm2.5,0.4
2019-10-11 08:22:39,pm10,0.7
2019-10-11 08:23:39,pm2.5,0.4
2019-10-11 08:23:39,pm10,0.4
2019-10-11 08:24:39,pm2.5,0.4
2019-10-11 08:24:39,pm10,0.8
2019-10-11 08:25:39,pm2.5,0.3
2019-10-11 08:25:39,pm10,0.4
2019-10-11 08:26:39,pm2.5,0.4
2019-10-11 08:26:39,pm10,0.7
2019-10-11 08:27:39,pm2.5,0.4
2019-10-11 08:27:39,pm10,0.6
2019-10-11 08:28:39,pm2.5,0.4
2019-10-11 08:28:39,pm10,0.5
2019-10-11 08:29:39,pm2.5,0.3
2019-10-11 08:29:39,pm10,0.5
2019-10-11 08:30:39,pm2.5,0.4
2019-10-11 08:30:39,pm10,0.6
2019-10-11 08:31:39,pm2.5,0.4
2019-10-11 08:31:39,pm10,0.6
2019-10-11 08:32:39,pm2.5,0.3
2019-10-11 08:32:39,pm10,0.5
2019-10-11 08:33:39,pm2.5,0.4
2019-10-11 08:33:39,pm10,0.6
2019-10-11 08:34:39,pm2.5,0.4
2019-10-11 08:34:39,pm10,0.6
2019-10-11 08:35:39,pm2.5,0.3
2019-10-11 08:35:39,pm10,0.4
2019-10-11 08:36:39,pm2.5,0.2
2019-10-11 08:36:40,pm10,0.3
2019-10-11 08:38:39,pm2.5,0.4
2019-10-11 08:38:39,pm10,0.7
2019-10-11 08:39:39,pm2.5,0.4
2019-10-11 08:39:39,pm10,0.6
2019-10-11 08:40:38,pm2.5,0.4
2019-10-11 08:40:39,pm10,0.6
2019-10-11 08:41:39,pm2.5,0.3
2019-10-11 08:41:39,pm10,0.5
2019-10-11 08:42:39,pm2.5,0.3
2019-10-11 08:42:39,pm10,0.6
2019-10-11 08:43:39,pm2.5,0.4
2019-10-11 08:43:39,pm10,0.8
2019-10-11 08:44:39,pm2.5,0.3
2019-10-11 08:44:39,pm10,0.5
2019-10-11 08:45:39,pm2.5,0.4
2019-10-11 08:45:39,pm10,0.7
2019-10-11 08:46:39,pm2.5,0.3
2019-10-11 08:46:39,pm10,0.5
2019-10-11 08:47:39,pm2.5,0.4
2019-10-11 08:47:39,pm10,0.6
2019-10-11 08:48:39,pm2.5,0.3
2019-10-11 08:48:39,pm10,0.4
2019-10-11 08:49:39,pm2.5,0.3
2019-10-11 08:49:39,pm10,0.4
2019-10-11 08:50:39,pm2.5,0.2
2019-10-11 08:50:39,pm10,0.3
2019-10-11 08:51:39,pm2.5,0.3
2019-10-11 08:51:39,pm10,0.4
2019-10-11 08:52:39,pm2.5,0.2
2019-10-11 08:52:40,pm10,0.3
2019-10-11 08:53:39,pm2.5,0.3
2019-10-11 08:53:39,pm10,0.3
2019-10-11 08:54:39,pm2.5,0.3
2019-10-11 08:54:39,pm10,0.5
2019-10-11 08:55:39,pm2.5,0.2
2019-10-11 08:55:39,pm10,0.3
2019-10-11 08:56:39,pm2.5,0.3
2019-10-11 08:56:39,pm10,0.3
2019-10-11 08:57:39,pm2.5,0.3
2019-10-11 08:57:39,pm10,0.3
2019-10-11 08:58:38,pm2.5,0.3
2019-10-11 08:58:39,pm10,0.3
2019-10-11 08:59:39,pm2.5,0.3
2019-10-11 08:59:39,pm10,0.3
2019-10-11 09:00:39,pm2.5,0.2
2019-10-11 09:00:39,pm10,0.2
2019-10-11 09:01:39,pm2.5,0.3
2019-10-11 09:01:39,pm10,0.4
2019-10-11 09:02:39,pm2.5,0.3
2019-10-11 09:02:39,pm10,0.3
2019-10-11 09:03:39,pm2.5,0.3
2019-10-11 09:03:39,pm10,0.5
2019-10-11 09:04:39,pm2.5,0.3
2019-10-11 09:04:39,pm10,0.3
2019-10-11 09:05:39,pm2.5,0.2
2019-10-11 09:05:39,pm10,0.2
2019-10-11 09:06:38,pm2.5,0.2
2019-10-11 09:06:39,pm10,0.2
2019-10-11 09:07:38,pm2.5,0.2
2019-10-11 09:07:39,pm10,0.3
2019-10-11 09:08:39,pm2.5,0.2
2019-10-11 09:08:39,pm10,0.2
2019-10-11 09:09:39,pm2.5,0.3
2019-10-11 09:09:39,pm10,0.4
2019-10-11 09:10:39,pm2.5,0.3
2019-10-11 09:10:39,pm10,0.3
2019-10-11 09:11:39,pm2.5,0.3
2019-10-11 09:11:39,pm10,0.3
2019-10-11 09:12:39,pm2.5,0.2
2019-10-11 09:12:39,pm10,0.2
2019-10-11 09:13:39,pm2.5,0.2
2019-10-11 09:13:39,pm10,0.2
2019-10-11 09:14:39,pm2.5,0.2
2019-10-11 09:14:39,pm10,0.2
2019-10-11 09:15:39,pm2.5,0.2
2019-10-11 09:15:39,pm10,0.2
2019-10-11 09:16:39,pm2.5,0.2
2019-10-11 09:16:39,pm10,0.3
2019-10-11 09:17:39,pm2.5,0.2
2019-10-11 09:17:39,pm10,0.3
2019-10-11 09:18:39,pm2.5,0.2
2019-10-11 09:18:39,pm10,0.2
2019-10-11 09:19:39,pm2.5,0.2
2019-10-11 09:19:39,pm10,0.2
2019-10-11 09:20:39,pm2.5,0.2
2019-10-11 09:20:39,pm10,0.2
2019-10-11 09:21:39,pm2.5,0.2
2019-10-11 09:21:40,pm10,0.2
2019-10-11 09:22:39,pm2.5,0.2
2019-10-11 09:22:39,pm10,0.4
2019-10-11 09:23:39,pm2.5,0.2
2019-10-11 09:23:39,pm10,0.2
2019-10-11 09:24:39,pm2.5,0.3
2019-10-11 09:24:39,pm10,0.4
2019-10-11 09:25:39,pm2.5,0.3
2019-10-11 09:25:39,pm10,0.4
2019-10-11 09:26:39,pm2.5,0.3
2019-10-11 09:26:39,pm10,0.3
2019-10-11 09:27:39,pm2.5,0.3
2019-10-11 09:27:39,pm10,0.3
2019-10-11 09:28:39,pm2.5,0.2
2019-10-11 09:28:39,pm10,0.2
2019-10-11 09:29:39,pm2.5,0.2
2019-10-11 09:29:39,pm10,0.2
2019-10-11 09:30:39,pm2.5,0.2
2019-10-11 09:30:39,pm10,0.2
2019-10-11 09:31:39,pm2.5,0.2
2019-10-11 09:31:39,pm10,0.3
2019-10-11 09:32:39,pm2.5,0.3
2019-10-11 09:32:39,pm10,0.3
2019-10-11 09:33:39,pm2.5,0.2
2019-10-11 09:33:39,pm10,0.2
2019-10-11 09:34:39,pm2.5,0.2
2019-10-11 09:34:39,pm10,0.2
2019-10-11 09:35:39,pm2.5,0.2
2019-10-11 09:35:39,pm10,0.2
2019-10-11 09:36:39,pm2.5,0.1
2019-10-11 09:36:39,pm10,0.1
2019-10-11 09:37:39,pm2.5,0.2
2019-10-11 09:37:40,pm10,0.3
2019-10-11 09:38:39,pm2.5,0.2
2019-10-11 09:38:39,pm10,0.2
2019-10-11 09:39:39,pm2.5,0.2
2019-10-11 09:39:39,pm10,0.2
2019-10-11 09:40:39,pm2.5,0.2
2019-10-11 09:40:39,pm10,0.2
2019-10-11 09:41:39,pm2.5,0.2
2019-10-11 09:41:39,pm10,0.2
2019-10-11 09:42:39,pm2.5,0.2
2019-10-11 09:42:39,pm10,0.2
2019-10-11 09:43:39,pm2.5,0.3
2019-10-11 09:43:39,pm10,0.6
2019-10-11 09:44:39,pm2.5,0.2
2019-10-11 09:44:39,pm10,0.2
2019-10-11 09:45:39,pm2.5,0.2
2019-10-11 09:45:39,pm10,0.2
2019-10-11 09:46:39,pm2.5,0.2
2019-10-11 09:46:39,pm10,0.2
2019-10-11 09:47:39,pm2.5,0.1
2019-10-11 09:47:39,pm10,0.1
2019-10-11 09:48:39,pm2.5,0.2
2019-10-11 09:48:39,pm10,0.2
2019-10-11 09:49:39,pm2.5,0.2
2019-10-11 09:49:40,pm10,0.2
2019-10-11 09:50:39,pm2.5,0.2
2019-10-11 09:50:39,pm10,0.2
2019-10-11 09:51:39,pm2.5,0.1
2019-10-11 09:51:39,pm10,0.1
2019-10-11 09:52:39,pm2.5,0.2
2019-10-11 09:52:39,pm10,0.2
2019-10-11 09:53:39,pm2.5,0.1
2019-10-11 09:53:39,pm10,0.1
2019-10-11 09:54:39,pm2.5,0.2
2019-10-11 09:54:40,pm10,0.2
2019-10-11 09:56:39,pm2.5,0.1
2019-10-11 09:56:39,pm10,0.1
2019-10-11 09:57:39,pm2.5,0.2
2019-10-11 09:57:39,pm10,0.2
2019-10-11 09:58:39,pm2.5,0.1
2019-10-11 09:58:39,pm10,0.1
2019-10-11 09:59:39,pm2.5,0.1
2019-10-11 09:59:39,pm10,0.1
2019-10-11 10:00:39,pm2.5,0.2
2019-10-11 10:00:39,pm10,0.2
2019-10-11 10:01:39,pm2.5,0.2
2019-10-11 10:01:39,pm10,0.2
2019-10-11 10:02:39,pm2.5,0.1
2019-10-11 10:02:39,pm10,0.1
2019-10-11 10:03:39,pm2.5,0.1
2019-10-11 10:03:39,pm10,0.1
2019-10-11 10:04:39,pm2.5,0.1
2019-10-11 10:04:39,pm10,0.1
2019-10-11 10:05:39,pm2.5,0.2
2019-10-11 10:05:39,pm10,0.2
2019-10-11 10:06:39,pm2.5,0.2
2019-10-11 10:06:39,pm10,0.2
2019-10-11 10:07:39,pm2.5,0.1
2019-10-11 10:07:39,pm10,0.1
2019-10-11 10:08:39,pm2.5,0.1
2019-10-11 10:08:39,pm10,0.1
2019-10-11 10:09:39,pm2.5,0.1
2019-10-11 10:09:39,pm10,0.1
2019-10-11 10:10:39,pm2.5,0.1
2019-10-11 10:10:40,pm10,0.1
2019-10-11 10:11:39,pm2.5,0.2
2019-10-11 10:11:39,pm10,0.2
2019-10-11 10:12:39,pm2.5,0.2
2019-10-11 10:12:39,pm10,0.2
2019-10-11 10:13:39,pm2.5,0.1
2019-10-11 10:13:39,pm10,0.1
2019-10-11 10:14:39,pm2.5,0.2
2019-10-11 10:14:39,pm10,0.2
2019-10-11 10:15:39,pm2.5,0.2
2019-10-11 10:15:39,pm10,0.2
2019-10-11 10:16:39,pm2.5,0.1
2019-10-11 10:16:39,pm10,0.1
2019-10-11 10:17:39,pm2.5,0.2
2019-10-11 10:17:39,pm10,0.3