2019-10-21 20:26:33,pm2.5,0.3
2019-10-21 20:26:33,pm10,0.3
2019-10-21 20:27:33,pm2.5,0.2
2019-10-21 20:27:33,pm10,0.2
2019-10-21 20:28:33,pm2.5,853.2
2019-10-21 20:28:33,pm10,1999.9
2019-10-21 20:29:33,pm2.5,999.9
2019-10-21 20:29:33,pm10,1999.9
2019-10-21 20:30:33,pm2.5,999.9
2019-10-21 20:30:33,pm10,1999.9
2019-10-21 20:32:32,pm2.5,999.9
2019-10-21 20:32:32,pm10,1999.9
2019-10-21 20:33:32,pm2.5,999.9
2019-10-21 20:33:32,pm10,1999.9
2019-10-21 20:34:33,pm2.5,999.9
2019-10-21 20:34:33,pm10,1999.9
2019-10-21 20:35:33,pm2.5,999.9
2019-10-21 20:35:33,pm10,1999.9
2019-10-21 20:36:33,pm2.5,999.9
2019-10-21 20:36:33,pm10,1999.9
2019-10-21 20:37:33,pm2.5,999.9
2019-10-21 20:37:33,pm10,1999.9
2019-10-21 20:38:32,pm2.5,999.9
2019-10-21 20:38:32,pm10,1999.9
2019-10-21 20:39:32,pm2.5,999.9
2019-10-21 20:39:32,pm10,1999.9
2019-10-21 20:40:32,pm2.5,999.9
2019-10-21 20:40:32,pm10,1999.9
2019-10-21 20:41:33,pm2.5,999.9
2019-10-21 20:41:33,pm10,1999.9
2019-10-21 20:42:33,pm2.5,999.9
2019-10-21 20:42:33,pm10,1999.9
2019-10-21 20:43:33,pm2.5,999.9
2019-10-21 20:43:33,pm10,1999.9
2019-10-21 20:44:33,pm2.5,999.9
2019-10-21 20:44:34,pm10,1999.9
2019-10-21 20:45:34,pm2.5,999.9
2019-10-21 20:45:35,pm10,1999.9
2019-10-21 20:46:34,pm2.5,999.9
2019-10-21 20:46:35,pm10,1999.9
2019-10-21 20:47:35,pm2.5,999.9
2019-10-21 20:47:35,pm10,1999.9
2019-10-21 20:48:35,pm2.5,999.9
2019-10-21 20:48:35,pm10,1999.9
2019-10-21 20:49:35,pm2.5,999.9
2019-10-21 20:49:35,pm10,1999.9
2019-10-21 20:50:34,pm2.5,999.9
2019-10-21 20:50:34,pm10,1999.9
2019-10-21 20:51:34,pm2.5,999.9
2019-10-21 20:51:34,pm10,1999.9
2019-10-21 20:52:34,pm2.5,999.9
2019-10-21 20:52:34,pm10,1999.9
2019-10-21 20:53:34,pm2.5,999.9
2019-10-21 20:53:34,pm10,1999.9
2019-10-21 20:54:34,pm2.5,999.9
2019-10-21 20:54:34,pm10,1999.9
2019-10-21 20:55:34,pm2.5,999.9
2019-10-21 20:55:34,pm10,1999.9
2019-10-21 20:56:34,pm2.5,999.9
2019-10-21 20:56:34,pm10,1999.9
2019-10-21 20:57:34,pm2.5,999.9
2019-10-21 20:57:34,pm10,1999.9
2019-10-21 20:58:34,pm2.5,999.9
2019-10-21 20:58:34,pm10,1999.9
2019-10-21 20:59:34,pm2.5,999.9
2019-10-21 20:59:34,pm10,1999.9
2019-10-21 21:00:34,pm2.5,999.9
2019-10-21 21:00:34,pm10,1999.9
2019-10-21 21:01:33,pm2.5,999.9
2019-10-21 21:01:33,pm10,1999.9
2019-10-21 21:02:33,pm2.5,999.9
2019-10-21 21:02:33,pm10,1999.9
2019-10-21 21:03:32,pm2.5,999.9
2019-10-21 21:03:32,pm10,1999.9
2019-10-21 21:04:32,pm2.5,999.9
2019-10-21 21:04:32,pm10,1999.9
2019-10-21 21:05:32,pm2.5,999.9
2019-10-21 21:05:32,pm10,1999.9
2019-10-21 21:06:32,pm2.5,999.9
2019-10-21 21:06:32,pm10,1878.9
2019-10-21 21:07:32,pm2.5,999.9
2019-10-21 21:07:32,pm10,1672.7
2019-10-21 21:08:32,pm2.5,999.9
2019-10-21 21:08:32,pm10,1478.3
2019-10-21 21:09:32,pm2.5,995.0
2019-10-21 21:09:32,pm10,1325.3
2019-10-21 21:10:29,comment,sealed
2019-10-21 21:10:32,pm2.5,953.6
2019-10-21 21:10:32,pm10,1209.5
2019-10-21 21:11:32,pm2.5,939.5
2019-10-21 21:11:32,pm10,1172.2
2019-10-21 21:12:32,pm2.5,936.2
2019-10-21 21:12:32,pm10,1145.7
2019-10-21 21:13:32,pm2.5,923.4
2019-10-21 21:13:32,pm10,1124.4
2019-10-21 21:14:32,pm2.5,915.4
2019-10-21 21:14:32,pm10,1098.5
2019-10-21 21:15:32,pm2.5,906.7
2019-10-21 21:15:32,pm10,1071.2
2019-10-21 21:16:32,pm2.5,897.6
2019-10-21 21:16:32,pm10,1060.0
2019-10-21 21:17:32,pm2.5,890.6
2019-10-21 21:17:33,pm10,1037.2
2019-10-21 21:18:32,pm2.5,878.6
2019-10-21 21:18:33,pm10,1008.0
2019-10-21 21:19:33,pm2.5,868.8
2019-10-21 21:19:33,pm10,995.4
2019-10-21 21:20:33,pm2.5,862.5
2019-10-21 21:20:33,pm10,971.9
2019-10-21 21:21:33,pm2.5,852.7
2019-10-21 21:21:33,pm10,958.9
2019-10-21 21:22:33,pm2.5,838.8
2019-10-21 21:22:33,pm10,942.6
2019-10-21 21:23:33,pm2.5,836.5
2019-10-21 21:23:33,pm10,938.5
2019-10-21 21:24:33,pm2.5,820.2
2019-10-21 21:24:33,pm10,919.9
2019-10-21 21:25:33,pm2.5,819.1
2019-10-21 21:25:33,pm10,917.3
2019-10-21 21:26:33,pm2.5,807.6
2019-10-21 21:26:33,pm10,904.3
2019-10-21 21:27:33,pm2.5,802.8
2019-10-21 21:27:33,pm10,898.5
2019-10-21 21:28:33,pm2.5,789.1
2019-10-21 21:28:33,pm10,881.8
2019-10-21 21:29:33,pm2.5,783.3
2019-10-21 21:29:33,pm10,874.8
2019-10-21 21:30:33,pm2.5,772.9
2019-10-21 21:30:33,pm10,862.2
2019-10-21 21:31:33,pm2.5,761.6
2019-10-21 21:31:33,pm10,849.1
2019-10-21 21:32:33,pm2.5,758.2
2019-10-21 21:32:33,pm10,845.4
2019-10-21 21:33:32,pm2.5,748.0
2019-10-21 21:33:32,pm10,833.2
2019-10-21 21:34:32,pm2.5,733.7
2019-10-21 21:34:32,pm10,817.2
2019-10-21 21:35:32,pm2.5,727.3
2019-10-21 21:35:32,pm10,809.6
2019-10-21 21:36:32,pm2.5,715.1
2019-10-21 21:36:32,pm10,795.2
2019-10-21 21:37:32,pm2.5,708.7
2019-10-21 21:37:32,pm10,788.1
2019-10-21 21:38:32,pm2.5,702.4
2019-10-21 21:38:33,pm10,780.4
2019-10-21 21:39:32,pm2.5,693.6
2019-10-21 21:39:32,pm10,769.7
2019-10-21 21:40:32,pm2.5,688.0
2019-10-21 21:40:32,pm10,763.1
2019-10-21 21:41:32,pm2.5,673.6
2019-10-21 21:41:32,pm10,747.7
2019-10-21 21:42:32,pm2.5,666.5
2019-10-21 21:42:32,pm10,739.4
2019-10-21 21:43:32,pm2.5,660.6
2019-10-21 21:43:32,pm10,732.6
2019-10-21 21:44:32,pm2.5,645.3
2019-10-21 21:44:32,pm10,715.4
2019-10-21 21:45:32,pm2.5,641.5
2019-10-21 21:45:33,pm10,710.7
2019-10-21 21:46:32,pm2.5,630.6
2019-10-21 21:46:33,pm10,698.8
2019-10-21 21:47:32,pm2.5,620.4
2019-10-21 21:47:33,pm10,687.2
2019-10-21 21:48:33,pm2.5,610.3
2019-10-21 21:48:33,pm10,676.0
2019-10-21 21:49:33,pm2.5,603.6
2019-10-21 21:49:33,pm10,668.7
2019-10-21 21:50:33,pm2.5,596.5
2019-10-21 21:50:33,pm10,660.7
2019-10-21 21:51:33,pm2.5,587.4
2019-10-21 21:51:33,pm10,650.1
2019-10-21 21:52:33,pm2.5,582.0
2019-10-21 21:52:33,pm10,643.9
2019-10-21 21:53:33,pm2.5,569.0
2019-10-21 21:53:33,pm10,629.7
2019-10-21 21:54:33,pm2.5,566.0
2019-10-21 21:54:33,pm10,626.2
2019-10-21 21:55:33,pm2.5,555.0
2019-10-21 21:55:33,pm10,613.9
2019-10-21 21:56:33,pm2.5,541.3
2019-10-21 21:56:33,pm10,599.2
2019-10-21 21:57:33,pm2.5,538.7
2019-10-21 21:57:33,pm10,595.4
2019-10-21 21:58:33,pm2.5,530.7
2019-10-21 21:58:33,pm10,587.4
2019-10-21 21:59:33,pm2.5,522.3
2019-10-21 21:59:33,pm10,578.1
2019-10-21 22:00:33,pm2.5,510.4
2019-10-21 22:00:33,pm10,565.2
2019-10-21 22:01:32,pm2.5,495.9
2019-10-21 22:01:32,pm10,549.5
2019-10-21 22:02:32,pm2.5,493.0
2019-10-21 22:02:32,pm10,545.9
2019-10-21 22:03:32,pm2.5,484.9
2019-10-21 22:03:32,pm10,537.1
2019-10-21 22:04:32,pm2.5,477.2
2019-10-21 22:04:32,pm10,528.7
2019-10-21 22:05:32,pm2.5,469.1
2019-10-21 22:05:32,pm10,519.7
2019-10-21 22:06:32,pm2.5,459.4
2019-10-21 22:06:32,pm10,509.1
2019-10-21 22:07:32,pm2.5,455.8
2019-10-21 22:07:32,pm10,505.1
2019-10-21 22:08:32,pm2.5,448.8
2019-10-21 22:08:32,pm10,497.6
2019-10-21 22:09:32,pm2.5,437.8
2019-10-21 22:09:32,pm10,485.4
2019-10-21 22:10:32,pm2.5,428.2
2019-10-21 22:10:32,pm10,475.3
2019-10-21 22:11:32,pm2.5,425.5
2019-10-21 22:11:32,pm10,472.2
2019-10-21 22:12:32,pm2.5,412.3
2019-10-21 22:12:32,pm10,457.3
2019-10-21 22:13:32,pm2.5,404.3
2019-10-21 22:13:32,pm10,448.8
2019-10-21 22:14:32,pm2.5,398.8
2019-10-21 22:14:32,pm10,442.5
2019-10-21 22:15:32,pm2.5,388.5
2019-10-21 22:15:33,pm10,431.5
2019-10-21 22:16:32,pm2.5,387.2
2019-10-21 22:16:33,pm10,429.3
2019-10-21 22:17:32,pm2.5,374.6
2019-10-21 22:17:33,pm10,415.3
2019-10-21 22:18:33,pm2.5,367.2
2019-10-21 22:18:33,pm10,407.3
2019-10-21 22:19:33,pm2.5,364.4
2019-10-21 22:19:33,pm10,403.8
2019-10-21 22:20:33,pm2.5,358.9
2019-10-21 22:20:33,pm10,398.0
2019-10-21 22:21:33,pm2.5,354.8
2019-10-21 22:21:33,pm10,393.3
2019-10-21 22:22:33,pm2.5,344.8
2019-10-21 22:22:33,pm10,381.7
2019-10-21 22:23:33,pm2.5,334.1
2019-10-21 22:23:33,pm10,370.1
2019-10-21 22:24:33,pm2.5,332.8
2019-10-21 22:24:33,pm10,368.4
2019-10-21 22:25:33,pm2.5,323.1
2019-10-21 22:25:33,pm10,357.8
2019-10-21 22:26:33,pm2.5,319.1
2019-10-21 22:26:33,pm10,353.3
2019-10-21 22:27:33,pm2.5,313.4
2019-10-21 22:27:33,pm10,346.4
2019-10-21 22:28:33,pm2.5,303.5
2019-10-21 22:28:33,pm10,335.7
2019-10-21 22:29:33,pm2.5,297.6
2019-10-21 22:29:33,pm10,329.3
2019-10-21 22:30:33,pm2.5,294.3
2019-10-21 22:30:33,pm10,325.2
2019-10-21 22:31:33,pm2.5,287.1
2019-10-21 22:31:33,pm10,317.6
2019-10-21 22:32:33,pm2.5,275.9
2019-10-21 22:32:33,pm10,305.1
2019-10-21 22:33:33,pm2.5,272.0
2019-10-21 22:33:33,pm10,300.7
2019-10-21 22:34:33,pm2.5,266.2
2019-10-21 22:34:33,pm10,294.4
2019-10-21 22:35:33,pm2.5,268.6
2019-10-21 22:35:33,pm10,296.6
2019-10-21 22:36:33,pm2.5,257.9
2019-10-21 22:36:33,pm10,285.0
2019-10-21 22:37:32,pm2.5,252.3
2019-10-21 22:37:32,pm10,278.4
2019-10-21 22:38:32,pm2.5,243.1
2019-10-21 22:38:32,pm10,268.6
2019-10-21 22:39:32,pm2.5,239.6
2019-10-21 22:39:32,pm10,264.5
2019-10-21 22:40:32,pm2.5,234.6
2019-10-21 22:40:32,pm10,259.1
2019-10-21 22:41:32,pm2.5,235.0
2019-10-21 22:41:32,pm10,259.6
2019-10-21 22:42:32,pm2.5,223.7
2019-10-21 22:42:32,pm10,246.9
2019-10-21 22:43:32,pm2.5,219.6
2019-10-21 22:43:32,pm10,242.6
2019-10-21 22:44:32,pm2.5,216.2
2019-10-21 22:44:32,pm10,238.8
2019-10-21 22:45:32,pm2.5,210.8
2019-10-21 22:45:32,pm10,233.0
2019-10-21 22:46:32,pm2.5,208.0
2019-10-21 22:46:32,pm10,229.9
2019-10-21 22:47:32,pm2.5,202.0
2019-10-21 22:47:32,pm10,223.4
2019-10-21 22:48:32,pm2.5,196.0
2019-10-21 22:48:32,pm10,216.6
2019-10-21 22:49:32,pm2.5,190.0
2019-10-21 22:49:33,pm10,210.0
2019-10-21 22:50:32,pm2.5,190.2
2019-10-21 22:50:32,pm10,210.5
2019-10-21 22:51:32,pm2.5,183.5
2019-10-21 22:51:32,pm10,203.0
2019-10-21 22:52:32,pm2.5,177.0
2019-10-21 22:52:32,pm10,195.8
2019-10-21 22:53:32,pm2.5,170.2
2019-10-21 22:53:32,pm10,188.5
2019-10-21 22:54:32,pm2.5,168.7
2019-10-21 22:54:33,pm10,186.3
2019-10-21 22:55:32,pm2.5,167.3
2019-10-21 22:55:33,pm10,185.0
2019-10-21 22:56:32,pm2.5,162.9
2019-10-21 22:56:33,pm10,180.0
2019-10-21 22:57:32,pm2.5,157.7
2019-10-21 22:57:33,pm10,174.3
2019-10-21 22:58:33,pm2.5,154.3
2019-10-21 22:58:33,pm10,170.8
2019-10-21 22:59:33,pm2.5,150.4
2019-10-21 22:59:33,pm10,166.3
2019-10-21 23:00:33,pm2.5,146.2
2019-10-21 23:00:33,pm10,161.5
2019-10-21 23:01:33,pm2.5,144.6
2019-10-21 23:01:33,pm10,159.9
2019-10-21 23:02:33,pm2.5,141.7
2019-10-21 23:02:33,pm10,156.8
2019-10-21 23:03:33,pm2.5,136.4
2019-10-21 23:03:33,pm10,150.9
2019-10-21 23:04:33,pm2.5,136.0
2019-10-21 23:04:33,pm10,150.1
2019-10-21 23:05:33,pm2.5,134.9
2019-10-21 23:05:33,pm10,149.0
2019-10-21 23:06:33,pm2.5,132.5
2019-10-21 23:06:33,pm10,146.3
2019-10-21 23:07:33,pm2.5,126.2
2019-10-21 23:07:33,pm10,139.3
2019-10-21 23:08:33,pm2.5,123.9
2019-10-21 23:08:33,pm10,136.8
2019-10-21 23:09:33,pm2.5,122.7
2019-10-21 23:09:33,pm10,135.5
2019-10-21 23:10:33,pm2.5,117.6
2019-10-21 23:10:33,pm10,130.0
2019-10-21 23:11:33,pm2.5,116.3
2019-10-21 23:11:33,pm10,128.3
2019-10-21 23:12:33,pm2.5,114.5
2019-10-21 23:12:33,pm10,126.4
2019-10-21 23:13:33,pm2.5,112.2
2019-10-21 23:13:33,pm10,123.9
2019-10-21 23:15:32,pm2.5,107.2
2019-10-21 23:15:32,pm10,118.4
2019-10-21 23:16:32,pm2.5,103.8
2019-10-21 23:16:32,pm10,114.4
2019-10-21 23:17:32,pm2.5,101.4
2019-10-21 23:17:32,pm10,111.8
2019-10-21 23:18:32,pm2.5,97.8
2019-10-21 23:18:32,pm10,107.9
2019-10-21 23:19:32,pm2.5,98.1
2019-10-21 23:19:32,pm10,108.3
2019-10-21 23:20:32,pm2.5,91.9
2019-10-21 23:20:32,pm10,101.4
2019-10-21 23:21:32,pm2.5,91.9
2019-10-21 23:21:32,pm10,101.5
2019-10-21 23:22:32,pm2.5,90.1
2019-10-21 23:22:33,pm10,99.5
2019-10-21 23:23:32,pm2.5,88.7
2019-10-21 23:23:32,pm10,97.8
2019-10-21 23:24:32,pm2.5,89.4
2019-10-21 23:24:32,pm10,98.5
2019-10-21 23:25:32,pm2.5,83.9
2019-10-21 23:25:32,pm10,92.5
2019-10-21 23:26:32,pm2.5,82.1
2019-10-21 23:26:32,pm10,90.5
2019-10-21 23:27:32,pm2.5,80.2
2019-10-21 23:27:32,pm10,88.4
2019-10-21 23:28:32,pm2.5,77.2
2019-10-21 23:28:32,pm10,85.2
2019-10-21 23:29:32,pm2.5,77.6
2019-10-21 23:29:32,pm10,85.3
2019-10-21 23:30:32,pm2.5,75.6
2019-10-21 23:30:33,pm10,83.2
2019-10-21 23:31:32,pm2.5,74.9
2019-10-21 23:31:33,pm10,82.6
2019-10-21 23:32:33,pm2.5,72.1
2019-10-21 23:32:33,pm10,79.5
2019-10-21 23:33:33,pm2.5,69.3
2019-10-21 23:33:33,pm10,76.5
2019-10-21 23:34:33,pm2.5,66.6
2019-10-21 23:34:33,pm10,73.4
2019-10-21 23:35:33,pm2.5,68.0
2019-10-21 23:35:33,pm10,75.0
2019-10-21 23:36:33,pm2.5,65.7
2019-10-21 23:36:33,pm10,72.5
2019-10-21 23:37:33,pm2.5,64.8
2019-10-21 23:37:33,pm10,71.4
2019-10-21 23:38:33,pm2.5,61.9
2019-10-21 23:38:33,pm10,68.3
2019-10-21 23:39:33,pm2.5,60.8
2019-10-21 23:39:33,pm10,67.1
2019-10-21 23:40:33,pm2.5,61.3
2019-10-21 23:40:33,pm10,67.5
2019-10-21 23:41:33,pm2.5,58.9
2019-10-21 23:41:33,pm10,65.0
2019-10-21 23:42:33,pm2.5,56.9
2019-10-21 23:42:33,pm10,62.9
2019-10-21 23:43:33,pm2.5,54.7
2019-10-21 23:43:33,pm10,60.4
2019-10-21 23:44:33,pm2.5,53.8
2019-10-21 23:44:33,pm10,59.4
2019-10-21 23:45:33,pm2.5,53.6
2019-10-21 23:45:33,pm10,59.2
2019-10-21 23:46:33,pm2.5,52.7
2019-10-21 23:46:33,pm10,58.1
2019-10-21 23:47:33,pm2.5,51.7
2019-10-21 23:47:33,pm10,57.0
2019-10-21 23:48:33,pm2.5,50.1
2019-10-21 23:48:33,pm10,55.4
2019-10-21 23:49:32,pm2.5,50.0
2019-10-21 23:49:32,pm10,55.2
2019-10-21 23:50:32,pm2.5,47.6
2019-10-21 23:50:32,pm10,52.6
2019-10-21 23:51:32,pm2.5,47.4
2019-10-21 23:51:32,pm10,52.4
2019-10-21 23:52:32,pm2.5,46.3
2019-10-21 23:52:32,pm10,51.1
2019-10-21 23:53:32,pm2.5,45.9
2019-10-21 23:53:32,pm10,50.7
2019-10-21 23:54:32,pm2.5,44.7
2019-10-21 23:54:32,pm10,49.4
2019-10-21 23:55:32,pm2.5,43.0
2019-10-21 23:55:32,pm10,47.5
2019-10-21 23:56:32,pm2.5,42.2
2019-10-21 23:56:32,pm10,46.5
2019-10-21 23:57:32,pm2.5,40.5
2019-10-21 23:57:32,pm10,44.8
2019-10-21 23:58:32,pm2.5,40.6
2019-10-21 23:58:32,pm10,44.8
2019-10-21 23:59:32,pm2.5,40.6
2019-10-21 23:59:32,pm10,44.9
2019-10-22 00:00:32,pm2.5,37.7
2019-10-22 00:00:32,pm10,41.7
2019-10-22 00:01:32,pm2.5,37.5
2019-10-22 00:01:32,pm10,41.5
2019-10-22 00:02:32,pm2.5,37.9
2019-10-22 00:02:32,pm10,41.9
2019-10-22 00:03:32,pm2.5,35.9
2019-10-22 00:03:33,pm10,39.6
2019-10-22 00:04:32,pm2.5,36.2
2019-10-22 00:04:33,pm10,40.0
2019-10-22 00:05:32,pm2.5,35.0
2019-10-22 00:05:33,pm10,38.7
2019-10-22 00:06:32,pm2.5,34.1
2019-10-22 00:06:33,pm10,37.7
2019-10-22 00:07:33,pm2.5,32.5
2019-10-22 00:07:33,pm10,36.0
2019-10-22 00:08:33,pm2.5,30.9
2019-10-22 00:08:33,pm10,34.2
2019-10-22 00:09:33,pm2.5,31.0
2019-10-22 00:09:33,pm10,34.3
2019-10-22 00:10:33,pm2.5,30.6
2019-10-22 00:10:33,pm10,33.9
2019-10-22 00:11:33,pm2.5,29.7
2019-10-22 00:11:33,pm10,32.9
2019-10-22 00:12:33,pm2.5,28.3
2019-10-22 00:12:33,pm10,31.4
2019-10-22 00:13:33,pm2.5,28.1
2019-10-22 00:13:33,pm10,31.1
2019-10-22 00:14:33,pm2.5,27.4
2019-10-22 00:14:33,pm10,30.4
2019-10-22 00:15:33,pm2.5,27.2
2019-10-22 00:15:33,pm10,30.2
2019-10-22 00:16:33,pm2.5,26.8
2019-10-22 00:16:33,pm10,29.8
2019-10-22 00:17:33,pm2.5,27.1
2019-10-22 00:17:33,pm10,30.1
2019-10-22 00:18:33,pm2.5,25.5
2019-10-22 00:18:33,pm10,28.3
2019-10-22 00:19:33,pm2.5,26.1
2019-10-22 00:19:33,pm10,29.0
2019-10-22 00:20:33,pm2.5,24.5
2019-10-22 00:20:33,pm10,27.2
2019-10-22 00:21:33,pm2.5,24.4
2019-10-22 00:21:34,pm10,27.1
2019-10-22 00:22:33,pm2.5,24.0
2019-10-22 00:22:33,pm10,26.7
2019-10-22 00:23:33,pm2.5,23.9
2019-10-22 00:23:33,pm10,26.6
2019-10-22 00:24:32,pm2.5,22.1
2019-10-22 00:24:32,pm10,24.6
2019-10-22 00:25:32,pm2.5,22.8
2019-10-22 00:25:32,pm10,25.4
2019-10-22 00:26:32,pm2.5,21.8
2019-10-22 00:26:32,pm10,24.2
2019-10-22 00:27:32,pm2.5,21.1
2019-10-22 00:27:32,pm10,23.5
2019-10-22 00:28:32,pm2.5,20.6
2019-10-22 00:28:32,pm10,22.9
2019-10-22 00:29:32,pm2.5,20.2
2019-10-22 00:29:32,pm10,22.5
2019-10-22 00:30:32,pm2.5,19.9
2019-10-22 00:30:32,pm10,22.1
2019-10-22 00:31:32,pm2.5,19.1
2019-10-22 00:31:32,pm10,21.3
2019-10-22 00:32:32,pm2.5,18.8
2019-10-22 00:32:32,pm10,21.0
2019-10-22 00:33:32,pm2.5,19.3
2019-10-22 00:33:32,pm10,21.5
2019-10-22 00:34:32,pm2.5,17.8
2019-10-22 00:34:32,pm10,19.9
2019-10-22 00:35:32,pm2.5,18.3
2019-10-22 00:35:32,pm10,20.4
2019-10-22 00:36:32,pm2.5,17.1
2019-10-22 00:36:32,pm10,19.1
2019-10-22 00:37:32,pm2.5,16.5
2019-10-22 00:37:33,pm10,18.4
2019-10-22 00:38:32,pm2.5,16.4
2019-10-22 00:38:32,pm10,18.4
2019-10-22 00:39:32,pm2.5,17.2
2019-10-22 00:39:33,pm10,19.2
2019-10-22 00:40:32,pm2.5,15.5
2019-10-22 00:40:33,pm10,17.3
2019-10-22 00:41:32,pm2.5,16.1
2019-10-22 00:41:33,pm10,18.0
2019-10-22 00:42:32,pm2.5,14.5
2019-10-22 00:42:33,pm10,16.3
2019-10-22 00:43:33,pm2.5,15.0
2019-10-22 00:43:33,pm10,16.8
2019-10-22 00:44:33,pm2.5,14.4
2019-10-22 00:44:33,pm10,16.1
2019-10-22 00:45:33,pm2.5,13.5
2019-10-22 00:45:33,pm10,15.4
2019-10-22 00:46:33,pm2.5,13.8
2019-10-22 00:46:33,pm10,15.6
2019-10-22 00:47:33,pm2.5,12.9
2019-10-22 00:47:33,pm10,15.1
2019-10-22 00:48:33,pm2.5,13.3
2019-10-22 00:48:33,pm10,15.2
2019-10-22 00:49:33,pm2.5,13.0
2019-10-22 00:49:33,pm10,15.2
2019-10-22 00:50:33,pm2.5,12.2
2019-10-22 00:50:33,pm10,14.4
2019-10-22 00:51:33,pm2.5,12.5
2019-10-22 00:51:33,pm10,14.5
2019-10-22 00:52:33,pm2.5,12.0
2019-10-22 00:52:33,pm10,14.1
2019-10-22 00:53:33,pm2.5,11.6
2019-10-22 00:53:33,pm10,13.9
2019-10-22 00:54:33,pm2.5,11.8
2019-10-22 00:54:33,pm10,14.2
2019-10-22 00:55:33,pm2.5,10.7
2019-10-22 00:55:33,pm10,13.3
2019-10-22 00:56:33,pm2.5,10.9
2019-10-22 00:56:33,pm10,13.4
2019-10-22 00:57:33,pm2.5,10.7
2019-10-22 00:57:33,pm10,13.1
2019-10-22 00:58:33,pm2.5,10.4
2019-10-22 00:58:33,pm10,13.0
2019-10-22 00:59:32,pm2.5,10.5
2019-10-22 00:59:32,pm10,13.1
2019-10-22 01:00:32,pm2.5,10.1
2019-10-22 01:00:32,pm10,12.5
2019-10-22 01:01:32,pm2.5,10.0
2019-10-22 01:01:32,pm10,12.6
2019-10-22 01:02:32,pm2.5,10.3
2019-10-22 01:02:32,pm10,12.6
2019-10-22 01:03:32,pm2.5,9.5
2019-10-22 01:03:32,pm10,12.3
2019-10-22 01:04:32,pm2.5,9.0
2019-10-22 01:04:32,pm10,11.6
2019-10-22 01:05:32,pm2.5,8.9
2019-10-22 01:05:32,pm10,11.6
2019-10-22 01:06:32,pm2.5,8.8
2019-10-22 01:06:32,pm10,11.7
2019-10-22 01:07:32,pm2.5,8.6
2019-10-22 01:07:32,pm10,11.2
2019-10-22 01:08:32,pm2.5,8.1
2019-10-22 01:08:32,pm10,11.1
2019-10-22 01:09:32,pm2.5,8.4
2019-10-22 01:09:32,pm10,11.4
2019-10-22 01:10:32,pm2.5,8.3
2019-10-22 01:10:32,pm10,11.3
2019-10-22 01:11:32,pm2.5,8.0
2019-10-22 01:11:32,pm10,11.1
2019-10-22 01:12:32,pm2.5,7.4
2019-10-22 01:12:32,pm10,10.4
2019-10-22 01:13:32,pm2.5,7.4
2019-10-22 01:13:32,pm10,10.6
2019-10-22 01:14:32,pm2.5,7.3
2019-10-22 01:14:33,pm10,10.4
2019-10-22 01:15:32,pm2.5,7.2
2019-10-22 01:15:33,pm10,10.2
2019-10-22 01:16:32,pm2.5,7.1
2019-10-22 01:16:33,pm10,10.2
2019-10-22 01:17:32,pm2.5,6.7
2019-10-22 01:17:33,pm10,10.0
2019-10-22 01:18:32,pm2.5,6.8
2019-10-22 01:18:33,pm10,9.8
2019-10-22 01:19:33,pm2.5,6.7
2019-10-22 01:19:33,pm10,9.9
2019-10-22 01:20:33,pm2.5,6.8
2019-10-22 01:20:33,pm10,10.0
2019-10-22 01:21:33,pm2.5,6.4
2019-10-22 01:21:33,pm10,9.8
2019-10-22 01:22:33,pm2.5,6.3
2019-10-22 01:22:33,pm10,9.7
2019-10-22 01:23:33,pm2.5,6.3
2019-10-22 01:23:33,pm10,9.4
2019-10-22 01:24:33,pm2.5,6.0
2019-10-22 01:24:33,pm10,9.2
2019-10-22 01:25:33,pm2.5,6.5
2019-10-22 01:25:33,pm10,9.6
2019-10-22 01:26:33,pm2.5,5.6
2019-10-22 01:26:33,pm10,9.0
2019-10-22 01:27:33,pm2.5,5.8
2019-10-22 01:27:33,pm10,9.1
2019-10-22 01:28:33,pm2.5,5.7
2019-10-22 01:28:33,pm10,9.0
2019-10-22 01:29:33,pm2.5,5.3
2019-10-22 01:29:33,pm10,8.7
2019-10-22 01:30:33,pm2.5,5.1
2019-10-22 01:30:33,pm10,8.6
2019-10-22 01:31:33,pm2.5,5.0
2019-10-22 01:31:33,pm10,8.6
2019-10-22 01:32:33,pm2.5,4.8
2019-10-22 01:32:33,pm10,8.3
2019-10-22 01:33:33,pm2.5,5.2
2019-10-22 01:33:33,pm10,8.7
2019-10-22 01:34:33,pm2.5,4.7
2019-10-22 01:34:34,pm10,8.4
2019-10-22 01:36:32,pm2.5,4.3
2019-10-22 01:36:32,pm10,7.9
2019-10-22 01:37:32,pm2.5,4.4
2019-10-22 01:37:32,pm10,8.0
2019-10-22 01:38:32,pm2.5,4.3
2019-10-22 01:38:32,pm10,7.9
2019-10-22 01:39:32,pm2.5,4.4
2019-10-22 01:39:32,pm10,8.2
2019-10-22 01:40:32,pm2.5,4.0
2019-10-22 01:40:32,pm10,7.4
2019-10-22 01:41:32,pm2.5,4.0
2019-10-22 01:41:32,pm10,7.6
2019-10-22 01:42:32,pm2.5,3.8
2019-10-22 01:42:32,pm10,7.6
2019-10-22 01:43:32,pm2.5,3.9
2019-10-22 01:43:32,pm10,7.5
2019-10-22 01:44:32,pm2.5,3.7
2019-10-22 01:44:32,pm10,7.4
2019-10-22 01:45:32,pm2.5,3.9
2019-10-22 01:45:32,pm10,7.7
2019-10-22 01:46:32,pm2.5,3.7
2019-10-22 01:46:32,pm10,7.5
2019-10-22 01:47:32,pm2.5,3.7
2019-10-22 01:47:32,pm10,7.3
2019-10-22 01:48:32,pm2.5,3.7
2019-10-22 01:48:32,pm10,7.4
2019-10-22 01:49:32,pm2.5,3.5
2019-10-22 01:49:32,pm10,7.0
2019-10-22 01:50:32,pm2.5,3.3
2019-10-22 01:50:32,pm10,7.0
2019-10-22 01:51:32,pm2.5,3.3
2019-10-22 01:51:32,pm10,6.7
2019-10-22 01:52:32,pm2.5,3.6
2019-10-22 01:52:33,pm10,7.3
2019-10-22 01:53:32,pm2.5,3.2
2019-10-22 01:53:33,pm10,6.8
2019-10-22 01:54:32,pm2.5,3.1
2019-10-22 01:54:33,pm10,6.6
2019-10-22 01:55:33,pm2.5,3.1
2019-10-22 01:55:33,pm10,6.8
2019-10-22 01:56:33,pm2.5,3.0
2019-10-22 01:56:33,pm10,6.5
2019-10-22 01:57:33,pm2.5,3.1
2019-10-22 01:57:33,pm10,6.7
2019-10-22 01:58:33,pm2.5,3.0
2019-10-22 01:58:33,pm10,6.3
2019-10-22 01:59:33,pm2.5,2.7
2019-10-22 01:59:33,pm10,6.0
2019-10-22 02:00:33,pm2.5,2.9
2019-10-22 02:00:33,pm10,6.3
2019-10-22 02:01:33,pm2.5,2.8
2019-10-22 02:01:33,pm10,6.2
2019-10-22 02:02:33,pm2.5,2.5
2019-10-22 02:02:33,pm10,5.6
2019-10-22 02:03:33,pm2.5,2.7
2019-10-22 02:03:33,pm10,6.0
2019-10-22 02:04:33,pm2.5,2.5
2019-10-22 02:04:33,pm10,5.6
2019-10-22 02:05:33,pm2.5,2.4
2019-10-22 02:05:33,pm10,5.4
2019-10-22 02:06:33,pm2.5,2.6
2019-10-22 02:06:33,pm10,6.0
2019-10-22 02:07:33,pm2.5,2.5
2019-10-22 02:07:33,pm10,5.6
2019-10-22 02:08:33,pm2.5,2.4
2019-10-22 02:08:33,pm10,5.6
2019-10-22 02:09:33,pm2.5,2.3
2019-10-22 02:09:33,pm10,5.2
2019-10-22 02:10:33,pm2.5,2.4
2019-10-22 02:10:33,pm10,5.4
2019-10-22 02:11:33,pm2.5,2.4
2019-10-22 02:11:33,pm10,5.4
2019-10-22 02:12:33,pm2.5,2.1
2019-10-22 02:12:33,pm10,4.8
2019-10-22 02:13:32,pm2.5,2.1
2019-10-22 02:13:32,pm10,4.9
2019-10-22 02:14:32,pm2.5,2.2
2019-10-22 02:14:32,pm10,5.4
2019-10-22 02:15:32,pm2.5,2.1
2019-10-22 02:15:32,pm10,4.9
2019-10-22 02:16:32,pm2.5,1.7
2019-10-22 02:16:32,pm10,4.0
2019-10-22 02:17:32,pm2.5,1.8
2019-10-22 02:17:32,pm10,4.2
2019-10-22 02:18:32,pm2.5,1.9
2019-10-22 02:18:32,pm10,4.3
2019-10-22 02:19:32,pm2.5,1.7
2019-10-22 02:19:32,pm10,3.6
2019-10-22 02:20:32,pm2.5,2.0
2019-10-22 02:20:32,pm10,4.8
2019-10-22 02:21:32,pm2.5,1.9
2019-10-22 02:21:32,pm10,4.3
2019-10-22 02:22:32,pm2.5,1.6
2019-10-22 02:22:32,pm10,3.9
2019-10-22 02:23:32,pm2.5,1.6
2019-10-22 02:23:32,pm10,3.7
2019-10-22 02:24:32,pm2.5,1.6
2019-10-22 02:24:32,pm10,3.7
2019-10-22 02:25:32,pm2.5,1.5
2019-10-22 02:25:32,pm10,3.2
2019-10-22 02:26:32,pm2.5,1.4
2019-10-22 02:26:32,pm10,2.7
2019-10-22 02:27:32,pm2.5,1.6
2019-10-22 02:27:32,pm10,3.6
2019-10-22 02:28:32,pm2.5,1.5
2019-10-22 02:28:32,pm10,3.4
2019-10-22 02:29:32,pm2.5,1.5
2019-10-22 02:29:33,pm10,3.3
2019-10-22 02:30:32,pm2.5,1.5
2019-10-22 02:30:33,pm10,3.5
2019-10-22 02:31:32,pm2.5,1.3
2019-10-22 02:31:33,pm10,2.7
2019-10-22 02:32:32,pm2.5,1.5
2019-10-22 02:32:33,pm10,3.6
2019-10-22 02:33:33,pm2.5,1.4
2019-10-22 02:33:33,pm10,3.0
2019-10-22 02:34:33,pm2.5,1.4
2019-10-22 02:34:33,pm10,3.0
2019-10-22 02:35:33,pm2.5,1.3
2019-10-22 02:35:33,pm10,2.8
2019-10-22 02:36:33,pm2.5,1.4
2019-10-22 02:36:33,pm10,3.4
2019-10-22 02:37:33,pm2.5,1.3
2019-10-22 02:37:33,pm10,2.6
2019-10-22 02:38:33,pm2.5,1.3
2019-10-22 02:38:33,pm10,2.9
2019-10-22 02:39:33,pm2.5,1.3
2019-10-22 02:39:33,pm10,2.6
2019-10-22 02:40:33,pm2.5,1.3
2019-10-22 02:40:33,pm10,2.9
2019-10-22 02:41:33,pm2.5,1.2
2019-10-22 02:41:33,pm10,2.4
2019-10-22 02:42:33,pm2.5,1.2
2019-10-22 02:42:33,pm10,2.5
2019-10-22 02:43:33,pm2.5,1.1
2019-10-22 02:43:33,pm10,2.2
2019-10-22 02:44:33,pm2.5,1.1
2019-10-22 02:44:33,pm10,2.2
2019-10-22 02:45:33,pm2.5,1.1
2019-10-22 02:45:33,pm10,2.2
2019-10-22 02:46:33,pm2.5,1.1
2019-10-22 02:46:33,pm10,2.2
2019-10-22 02:47:33,pm2.5,1.2
2019-10-22 02:47:33,pm10,2.6
2019-10-22 02:48:33,pm2.5,1.1
2019-10-22 02:48:33,pm10,2.2
2019-10-22 02:49:33,pm2.5,1.1
2019-10-22 02:49:33,pm10,2.4
2019-10-22 02:50:32,pm2.5,1.1
2019-10-22 02:50:32,pm10,2.3
2019-10-22 02:51:32,pm2.5,1.0
2019-10-22 02:51:32,pm10,2.0
2019-10-22 02:52:32,pm2.5,1.0
2019-10-22 02:52:32,pm10,2.1
2019-10-22 02:53:32,pm2.5,1.0
2019-10-22 02:53:32,pm10,1.9
2019-10-22 02:54:32,pm2.5,1.0
2019-10-22 02:54:32,pm10,2.0
2019-10-22 02:55:32,pm2.5,0.9
2019-10-22 02:55:32,pm10,1.7
2019-10-22 02:56:32,pm2.5,0.8
2019-10-22 02:56:32,pm10,1.3
2019-10-22 02:57:32,pm2.5,0.9
2019-10-22 02:57:32,pm10,1.7
2019-10-22 02:58:32,pm2.5,0.8
2019-10-22 02:58:32,pm10,1.6
2019-10-22 02:59:32,pm2.5,0.8
2019-10-22 02:59:32,pm10,1.3
2019-10-22 03:00:32,pm2.5,0.8
2019-10-22 03:00:32,pm10,1.5
2019-10-22 03:01:32,pm2.5,0.8
2019-10-22 03:01:32,pm10,1.3
2019-10-22 03:02:32,pm2.5,0.9
2019-10-22 03:02:32,pm10,1.7
2019-10-22 03:03:32,pm2.5,0.8
2019-10-22 03:03:32,pm10,1.5
2019-10-22 03:04:32,pm2.5,0.8
2019-10-22 03:04:32,pm10,1.4
2019-10-22 03:05:32,pm2.5,0.8
2019-10-22 03:05:32,pm10,1.2
2019-10-22 03:06:32,pm2.5,0.7
2019-10-22 03:06:32,pm10,1.2
2019-10-22 03:07:32,pm2.5,0.7
2019-10-22 03:07:33,pm10,1.3
2019-10-22 03:08:32,pm2.5,0.7
2019-10-22 03:08:33,pm10,1.0
2019-10-22 03:09:32,pm2.5,0.6
2019-10-22 03:09:33,pm10,0.8
2019-10-22 03:10:32,pm2.5,0.7
2019-10-22 03:10:33,pm10,1.4
2019-10-22 03:11:33,pm2.5,0.7
2019-10-22 03:11:33,pm10,0.8
2019-10-22 03:12:33,pm2.5,0.6
2019-10-22 03:12:33,pm10,0.8
2019-10-22 03:13:33,pm2.5,0.7
2019-10-22 03:13:33,pm10,1.0
2019-10-22 03:14:33,pm2.5,0.6
2019-10-22 03:14:33,pm10,0.8
2019-10-22 03:15:33,pm2.5,0.7
2019-10-22 03:15:33,pm10,1.2
2019-10-22 03:16:33,pm2.5,0.6
2019-10-22 03:16:33,pm10,0.7
2019-10-22 03:17:33,pm2.5,0.6
2019-10-22 03:17:33,pm10,0.8
2019-10-22 03:18:33,pm2.5,0.6
2019-10-22 03:18:33,pm10,0.9
2019-10-22 03:19:33,pm2.5,0.6
2019-10-22 03:19:33,pm10,1.0
2019-10-22 03:20:33,pm2.5,0.6
2019-10-22 03:20:33,pm10,0.8
2019-10-22 03:21:33,pm2.5,0.6
2019-10-22 03:21:33,pm10,0.9
2019-10-22 03:22:33,pm2.5,0.5
2019-10-22 03:22:33,pm10,0.7
2019-10-22 03:23:33,pm2.5,0.6
2019-10-22 03:23:33,pm10,1.0
2019-10-22 03:24:33,pm2.5,0.6
2019-10-22 03:24:33,pm10,0.6
2019-10-22 03:25:32,pm2.5,0.6
2019-10-22 03:25:32,pm10,0.8
2019-10-22 03:26:32,pm2.5,0.6
2019-10-22 03:26:32,pm10,0.7
2019-10-22 03:27:32,pm2.5,0.6
2019-10-22 03:27:32,pm10,0.9
2019-10-22 03:28:32,pm2.5,0.6
2019-10-22 03:28:32,pm10,0.9
2019-10-22 03:29:32,pm2.5,0.5
2019-10-22 03:29:32,pm10,0.8
2019-10-22 03:30:32,pm2.5,0.6
2019-10-22 03:30:32,pm10,1.1
2019-10-22 03:31:32,pm2.5,0.5
2019-10-22 03:31:32,pm10,0.6
2019-10-22 03:32:32,pm2.5,0.6
2019-10-22 03:32:32,pm10,0.9
2019-10-22 03:33:32,pm2.5,0.4
2019-10-22 03:33:32,pm10,0.4
2019-10-22 03:34:32,pm2.5,0.5
2019-10-22 03:34:32,pm10,0.5
2019-10-22 03:35:32,pm2.5,0.5
2019-10-22 03:35:32,pm10,0.5
2019-10-22 03:36:32,pm2.5,0.5
2019-10-22 03:36:32,pm10,0.6
2019-10-22 03:37:32,pm2.5,0.5
2019-10-22 03:37:33,pm10,0.6
2019-10-22 03:38:32,pm2.5,0.4
2019-10-22 03:38:33,pm10,0.4
2019-10-22 03:39:32,pm2.5,0.4
2019-10-22 03:39:33,pm10,0.4
2019-10-22 03:40:33,pm2.5,0.5
2019-10-22 03:40:33,pm10,0.5
2019-10-22 03:41:33,pm2.5,0.4
2019-10-22 03:41:33,pm10,0.4
2019-10-22 03:42:33,pm2.5,0.4
2019-10-22 03:42:33,pm10,0.5
2019-10-22 03:43:33,pm2.5,0.4
2019-10-22 03:43:33,pm10,0.6
2019-10-22 03:44:33,pm2.5,0.5
2019-10-22 03:44:33,pm10,0.6
2019-10-22 03:45:33,pm2.5,0.4
2019-10-22 03:45:33,pm10,0.5
2019-10-22 03:46:33,pm2.5,0.3
2019-10-22 03:46:33,pm10,0.3
2019-10-22 03:47:33,pm2.5,0.4
2019-10-22 03:47:33,pm10,0.5
2019-10-22 03:48:33,pm2.5,0.4
2019-10-22 03:48:33,pm10,0.4
2019-10-22 03:49:33,pm2.5,0.3
2019-10-22 03:49:33,pm10,0.3
2019-10-22 03:50:33,pm2.5,0.3
2019-10-22 03:50:33,pm10,0.3
2019-10-22 03:51:33,pm2.5,0.4
2019-10-22 03:51:33,pm10,0.4
2019-10-22 03:52:33,pm2.5,0.3
2019-10-22 03:52:33,pm10,0.6
2019-10-22 03:53:33,pm2.5,0.4
2019-10-22 03:53:33,pm10,0.4
2019-10-22 03:54:32,pm2.5,0.3
2019-10-22 03:54:32,pm10,0.3
2019-10-22 03:55:32,pm2.5,0.4
2019-10-22 03:55:32,pm10,0.4
2019-10-22 03:56:32,pm2.5,0.4
2019-10-22 03:56:32,pm10,0.4
2019-10-22 03:57:32,pm2.5,0.3
2019-10-22 03:57:32,pm10,0.3
2019-10-22 03:58:32,pm2.5,0.4
2019-10-22 03:58:32,pm10,0.4
2019-10-22 03:59:32,pm2.5,0.3
2019-10-22 03:59:32,pm10,0.3
2019-10-22 04:00:32,pm2.5,0.3
2019-10-22 04:00:32,pm10,0.4
2019-10-22 04:01:32,pm2.5,0.4
2019-10-22 04:01:32,pm10,0.4
2019-10-22 04:02:32,pm2.5,0.3
2019-10-22 04:02:32,pm10,0.3
2019-10-22 04:03:32,pm2.5,0.2
2019-10-22 04:03:32,pm10,0.2
2019-10-22 04:04:32,pm2.5,0.3
2019-10-22 04:04:32,pm10,0.3
2019-10-22 04:05:32,pm2.5,0.3
2019-10-22 04:05:32,pm10,0.3
2019-10-22 04:06:32,pm2.5,0.2
2019-10-22 04:06:33,pm10,0.2
2019-10-22 04:07:32,pm2.5,0.2
2019-10-22 04:07:33,pm10,0.2
2019-10-22 04:08:32,pm2.5,0.3
2019-10-22 04:08:33,pm10,0.3
2019-10-22 04:09:33,pm2.5,0.3
2019-10-22 04:09:33,pm10,0.3
2019-10-22 04:10:33,pm2.5,0.2
2019-10-22 04:10:33,pm10,0.2
2019-10-22 04:11:33,pm2.5,0.2
2019-10-22 04:11:33,pm10,0.2
2019-10-22 04:12:33,pm2.5,0.4
2019-10-22 04:12:33,pm10,0.4
2019-10-22 04:13:33,pm2.5,0.3
2019-10-22 04:13:33,pm10,0.3
2019-10-22 04:14:33,pm2.5,0.3
2019-10-22 04:14:33,pm10,0.3
2019-10-22 04:15:33,pm2.5,0.3
2019-10-22 04:15:33,pm10,0.3
2019-10-22 04:16:33,pm2.5,0.3
2019-10-22 04:16:33,pm10,0.3
2019-10-22 04:17:33,pm2.5,0.3
2019-10-22 04:17:33,pm10,0.3
2019-10-22 04:18:33,pm2.5,0.3
2019-10-22 04:18:33,pm10,0.3
2019-10-22 04:19:33,pm2.5,0.3
2019-10-22 04:19:33,pm10,0.3
2019-10-22 04:20:33,pm2.5,0.2
2019-10-22 04:20:33,pm10,0.2
2019-10-22 04:21:33,pm2.5,0.2
2019-10-22 04:21:33,pm10,0.2
2019-10-22 04:22:33,pm2.5,0.2
2019-10-22 04:22:33,pm10,0.2
2019-10-22 04:23:33,pm2.5,0.2
2019-10-22 04:23:33,pm10,0.2
2019-10-22 04:24:32,pm2.5,0.3
2019-10-22 04:24:32,pm10,0.3
2019-10-22 04:25:32,pm2.5,0.1
2019-10-22 04:25:32,pm10,0.1
2019-10-22 04:26:32,pm2.5,0.2
2019-10-22 04:26:32,pm10,0.2
2019-10-22 04:27:32,pm2.5,0.2
2019-10-22 04:27:32,pm10,0.2
2019-10-22 04:28:32,pm2.5,0.2
2019-10-22 04:28:32,pm10,0.2
2019-10-22 04:29:32,pm2.5,0.2
2019-10-22 04:29:32,pm10,0.2
2019-10-22 04:30:32,pm2.5,0.1
2019-10-22 04:30:32,pm10,0.1
2019-10-22 04:31:32,pm2.5,0.2
2019-10-22 04:31:32,pm10,0.2
2019-10-22 04:32:32,pm2.5,0.2
2019-10-22 04:32:32,pm10,0.2
2019-10-22 04:33:32,pm2.5,0.2
2019-10-22 04:33:32,pm10,0.2
2019-10-22 04:34:32,pm2.5,0.2
2019-10-22 04:34:32,pm10,0.2
2019-10-22 04:35:32,pm2.5,0.2
2019-10-22 04:35:32,pm10,0.2
2019-10-22 04:36:32,pm2.5,0.2
2019-10-22 04:36:32,pm10,0.2
2019-10-22 04:37:32,pm2.5,0.2
2019-10-22 04:37:32,pm10,0.2
2019-10-22 04:38:32,pm2.5,0.2
2019-10-22 04:38:33,pm10,0.2
2019-10-22 04:39:32,pm2.5,0.2
2019-10-22 04:39:33,pm10,0.2
2019-10-22 04:40:33,pm2.5,0.2
2019-10-22 04:40:33,pm10,0.2
2019-10-22 04:41:33,pm2.5,0.1
2019-10-22 04:41:33,pm10,0.1
2019-10-22 04:42:33,pm2.5,0.1
2019-10-22 04:42:33,pm10,0.1
2019-10-22 04:43:33,pm2.5,0.1
2019-10-22 04:43:33,pm10,0.1
2019-10-22 04:44:33,pm2.5,0.1
2019-10-22 04:44:33,pm10,0.1
2019-10-22 04:45:33,pm2.5,0.1
2019-10-22 04:45:33,pm10,0.1
2019-10-22 04:46:33,pm2.5,0.1
2019-10-22 04:46:33,pm10,0.1
2019-10-22 04:47:33,pm2.5,0.1
2019-10-22 04:47:33,pm10,0.1
2019-10-22 04:48:33,pm2.5,0.2
2019-10-22 04:48:33,pm10,0.2
2019-10-22 04:49:33,pm2.5,0.1
2019-10-22 04:49:33,pm10,0.1
2019-10-22 04:50:33,pm2.5,0.2
2019-10-22 04:50:33,pm10,0.2
2019-10-22 04:51:33,pm2.5,0.2
2019-10-22 04:51:33,pm10,0.2
2019-10-22 04:52:33,pm2.5,0.2
2019-10-22 04:52:33,pm10,0.2
2019-10-22 04:53:33,pm2.5,0.1
2019-10-22 04:53:33,pm10,0.1
2019-10-22 04:54:32,pm2.5,0.1
2019-10-22 04:54:32,pm10,0.1
2019-10-22 04:55:32,pm2.5,0.2
2019-10-22 04:55:32,pm10,0.2
2019-10-22 04:56:32,pm2.5,0.2
2019-10-22 04:56:32,pm10,0.2
2019-10-22 04:57:32,pm2.5,0.1
2019-10-22 04:57:32,pm10,0.1
2019-10-22 04:58:32,pm2.5,0.1
2019-10-22 04:58:32,pm10,0.1
2019-10-22 04:59:32,pm2.5,0.1
2019-10-22 04:59:32,pm10,0.1
2019-10-22 05:00:32,pm2.5,0.1
2019-10-22 05:00:32,pm10,0.1
2019-10-22 05:01:32,pm2.5,0.1
2019-10-22 05:01:32,pm10,0.1
2019-10-22 05:02:32,pm2.5,0.2
2019-10-22 05:02:32,pm10,0.2
2019-10-22 05:03:32,pm2.5,0.1
2019-10-22 05:03:32,pm10,0.1
2019-10-22 05:04:32,pm2.5,0.2
2019-10-22 05:04:33,pm10,0.2
2019-10-22 05:05:32,pm2.5,0.1
2019-10-22 05:05:33,pm10,0.1
2019-10-22 05:06:32,pm2.5,0.1
2019-10-22 05:06:33,pm10,0.1
2019-10-22 05:07:33,pm2.5,0.2
2019-10-22 05:07:33,pm10,0.2
2019-10-22 05:08:33,pm2.5,0.1
2019-10-22 05:08:33,pm10,0.1
2019-10-22 05:09:33,pm2.5,0.1
2019-10-22 05:09:33,pm10,0.1
2019-10-22 05:10:33,pm2.5,0.1
2019-10-22 05:10:33,pm10,0.1
2019-10-22 05:11:33,pm2.5,0.1
2019-10-22 05:11:33,pm10,0.1
2019-10-22 05:12:33,pm2.5,0.1
2019-10-22 05:12:33,pm10,0.1
2019-10-22 05:13:33,pm2.5,0.1
2019-10-22 05:13:33,pm10,0.1
2019-10-22 05:14:33,pm2.5,0.1
2019-10-22 05:14:33,pm10,0.1
2019-10-22 05:15:33,pm2.5,0.1
2019-10-22 05:15:33,pm10,0.1
2019-10-22 05:16:33,pm2.5,0.1
2019-10-22 05:16:33,pm10,0.1
2019-10-22 05:17:33,pm2.5,0.1
2019-10-22 05:17:33,pm10,0.1
2019-10-22 05:18:33,pm2.5,0.1
2019-10-22 05:18:33,pm10,0.1
2019-10-22 05:19:32,pm2.5,0.1
2019-10-22 05:19:32,pm10,0.1
2019-10-22 05:20:32,pm2.5,0.1
2019-10-22 05:20:32,pm10,0.1
2019-10-22 05:21:32,pm2.5,0.1
2019-10-22 05:21:32,pm10,0.1
2019-10-22 05:22:32,pm2.5,0.1
2019-10-22 05:22:32,pm10,0.1
2019-10-22 05:23:32,pm2.5,0.1
2019-10-22 05:23:32,pm10,0.1
2019-10-22 05:24:32,pm2.5,0.1
2019-10-22 05:24:32,pm10,0.1
2019-10-22 05:25:32,pm2.5,0.1
2019-10-22 05:25:33,pm10,0.1
2019-10-22 05:26:32,pm2.5,0.1
2019-10-22 05:26:32,pm10,0.1
2019-10-22 05:27:32,pm2.5,0.1
2019-10-22 05:27:32,pm10,0.1
2019-10-22 05:28:32,pm2.5,0.1
2019-10-22 05:28:32,pm10,0.1
2019-10-22 05:29:32,pm2.5,0.0
2019-10-22 05:29:32,pm10,0.0
2019-10-22 05:30:32,pm2.5,0.1
2019-10-22 05:30:33,pm10,0.1
2019-10-22 05:31:32,pm2.5,0.1
2019-10-22 05:31:33,pm10,0.1
2019-10-22 05:32:33,pm2.5,0.1
2019-10-22 05:32:33,pm10,0.1
2019-10-22 05:33:33,pm2.5,0.0
2019-10-22 05:33:33,pm10,0.0
2019-10-22 05:34:33,pm2.5,0.1
2019-10-22 05:34:33,pm10,0.1
2019-10-22 05:35:33,pm2.5,0.1
2019-10-22 05:35:33,pm10,0.1
2019-10-22 05:36:33,pm2.5,0.1
2019-10-22 05:36:33,pm10,0.1
2019-10-22 05:37:33,pm2.5,0.1
2019-10-22 05:37:33,pm10,0.1
2019-10-22 05:38:33,pm2.5,0.1
2019-10-22 05:38:33,pm10,0.1
2019-10-22 05:39:33,pm2.5,0.1
2019-10-22 05:39:33,pm10,0.1
2019-10-22 05:40:33,pm2.5,0.1
2019-10-22 05:40:33,pm10,0.1
2019-10-22 05:41:33,pm2.5,0.1
2019-10-22 05:41:33,pm10,0.1
2019-10-22 05:42:33,pm2.5,0.1
2019-10-22 05:42:33,pm10,0.1
2019-10-22 05:43:33,pm2.5,0.0
2019-10-22 05:43:33,pm10,0.0
2019-10-22 05:44:32,pm2.5,0.1
2019-10-22 05:44:32,pm10,0.1
2019-10-22 05:45:32,pm2.5,0.1
2019-10-22 05:45:32,pm10,0.1
2019-10-22 05:46:32,pm2.5,0.1
2019-10-22 05:46:32,pm10,0.1
2019-10-22 05:47:32,pm2.5,0.1
2019-10-22 05:47:32,pm10,0.1
2019-10-22 05:48:32,pm2.5,0.1
2019-10-22 05:48:32,pm10,0.1
2019-10-22 05:49:32,pm2.5,0.1
2019-10-22 05:49:32,pm10,0.1
2019-10-22 05:50:32,pm2.5,0.1
2019-10-22 05:50:32,pm10,0.1
2019-10-22 05:51:32,pm2.5,0.0
2019-10-22 05:51:32,pm10,0.0
2019-10-22 05:52:32,pm2.5,0.1
2019-10-22 05:52:32,pm10,0.1
2019-10-22 05:53:32,pm2.5,0.1
2019-10-22 05:53:32,pm10,0.1
2019-10-22 05:54:32,pm2.5,0.0
2019-10-22 05:54:32,pm10,0.0
2019-10-22 05:55:32,pm2.5,0.1
2019-10-22 05:55:32,pm10,0.1
2019-10-22 05:56:32,pm2.5,0.0
2019-10-22 05:56:32,pm10,0.0
2019-10-22 05:57:32,pm2.5,0.0
2019-10-22 05:57:32,pm10,0.0
2019-10-22 05:58:32,pm2.5,0.1
2019-10-22 05:58:33,pm10,0.1
2019-10-22 05:59:32,pm2.5,0.0
2019-10-22 05:59:33,pm10,0.0
2019-10-22 06:00:33,pm2.5,0.0
2019-10-22 06:00:33,pm10,0.0
2019-10-22 06:01:33,pm2.5,0.0
2019-10-22 06:01:33,pm10,0.0
2019-10-22 06:02:33,pm2.5,0.1
2019-10-22 06:02:33,pm10,0.1
2019-10-22 06:03:33,pm2.5,0.1
2019-10-22 06:03:33,pm10,0.1
2019-10-22 06:04:33,pm2.5,0.1
2019-10-22 06:04:33,pm10,0.1
2019-10-22 06:05:33,pm2.5,0.1
2019-10-22 06:05:33,pm10,0.1
2019-10-22 06:06:33,pm2.5,0.0
2019-10-22 06:06:33,pm10,0.0
2019-10-22 06:07:33,pm2.5,0.0
2019-10-22 06:07:33,pm10,0.1
2019-10-22 06:08:33,pm2.5,0.1
2019-10-22 06:08:33,pm10,0.1
2019-10-22 06:09:33,pm2.5,0.0
2019-10-22 06:09:33,pm10,0.0
2019-10-22 06:10:33,pm2.5,0.1
2019-10-22 06:10:33,pm10,0.1
2019-10-22 06:11:33,pm2.5,0.0
2019-10-22 06:11:33,pm10,0.0
2019-10-22 06:12:33,pm2.5,0.0
2019-10-22 06:12:33,pm10,0.0
2019-10-22 06:13:33,pm2.5,0.1
2019-10-22 06:13:33,pm10,0.3
2019-10-22 06:14:33,pm2.5,0.1
2019-10-22 06:14:33,pm10,0.1
2019-10-22 06:16:32,pm2.5,0.0
2019-10-22 06:16:32,pm10,0.0
2019-10-22 06:17:32,pm2.5,0.0
2019-10-22 06:17:32,pm10,0.0
2019-10-22 06:18:32,pm2.5,0.0
2019-10-22 06:18:32,pm10,0.0
2019-10-22 06:19:32,pm2.5,0.1
2019-10-22 06:19:32,pm10,0.1
2019-10-22 06:20:32,pm2.5,0.1
2019-10-22 06:20:32,pm10,0.1
2019-10-22 06:21:32,pm2.5,0.0
2019-10-22 06:21:32,pm10,0.0
2019-10-22 06:22:32,pm2.5,0.0
2019-10-22 06:22:32,pm10,0.0
2019-10-22 06:23:32,pm2.5,0.1
2019-10-22 06:23:32,pm10,0.1
2019-10-22 06:24:32,pm2.5,0.0
2019-10-22 06:24:32,pm10,0.0
2019-10-22 06:25:32,pm2.5,0.1
2019-10-22 06:25:32,pm10,0.1
2019-10-22 06:26:32,pm2.5,0.1
2019-10-22 06:26:32,pm10,0.1
2019-10-22 06:27:32,pm2.5,0.1
2019-10-22 06:27:33,pm10,0.1
2019-10-22 06:28:32,pm2.5,0.1
2019-10-22 06:28:33,pm10,0.1
2019-10-22 06:29:32,pm2.5,0.1
2019-10-22 06:29:33,pm10,0.1
2019-10-22 06:30:33,pm2.5,0.1
2019-10-22 06:30:33,pm10,0.1
2019-10-22 06:31:33,pm2.5,0.1
2019-10-22 06:31:33,pm10,0.1
2019-10-22 06:32:33,pm2.5,0.1
2019-10-22 06:32:33,pm10,0.2
2019-10-22 06:33:33,pm2.5,0.1
2019-10-22 06:33:33,pm10,0.1
2019-10-22 06:34:33,pm2.5,0.1
2019-10-22 06:34:33,pm10,0.1
2019-10-22 06:35:33,pm2.5,0.0
2019-10-22 06:35:33,pm10,0.0
2019-10-22 06:36:33,pm2.5,0.0
2019-10-22 06:36:33,pm10,0.0
2019-10-22 06:37:33,pm2.5,0.0
2019-10-22 06:37:33,pm10,0.0
2019-10-22 06:38:33,pm2.5,0.1
2019-10-22 06:38:33,pm10,0.1
2019-10-22 06:39:33,pm2.5,0.1
2019-10-22 06:39:33,pm10,0.1
2019-10-22 06:40:33,pm2.5,0.0
2019-10-22 06:40:33,pm10,0.0
2019-10-22 06:41:33,pm2.5,0.0
2019-10-22 06:41:33,pm10,0.0
2019-10-22 06:42:33,pm2.5,0.0
2019-10-22 06:42:33,pm10,0.0
2019-10-22 06:43:33,pm2.5,0.1
2019-10-22 06:43:33,pm10,0.1
2019-10-22 06:44:32,pm2.5,0.0
2019-10-22 06:44:32,pm10,0.0
2019-10-22 06:45:32,pm2.5,0.0
2019-10-22 06:45:32,pm10,0.0
2019-10-22 06:46:32,pm2.5,0.1
2019-10-22 06:46:32,pm10,0.1
2019-10-22 06:47:32,pm2.5,0.1
2019-10-22 06:47:32,pm10,0.1
2019-10-22 06:48:32,pm2.5,0.0
2019-10-22 06:48:32,pm10,0.0
2019-10-22 06:49:32,pm2.5,0.0
2019-10-22 06:49:32,pm10,0.0
2019-10-22 06:50:32,pm2.5,0.1
2019-10-22 06:50:32,pm10,0.1
2019-10-22 06:51:32,pm2.5,0.1
2019-10-22 06:51:32,pm10,0.1
2019-10-22 06:52:32,pm2.5,0.1
2019-10-22 06:52:32,pm10,0.1
2019-10-22 06:53:32,pm2.5,0.1
2019-10-22 06:53:33,pm10,0.1
2019-10-22 06:54:32,pm2.5,0.0
2019-10-22 06:54:32,pm10,0.0
2019-10-22 06:55:32,pm2.5,0.1
2019-10-22 06:55:32,pm10,0.1
2019-10-22 06:56:32,pm2.5,0.1
2019-10-22 06:56:32,pm10,0.1
2019-10-22 06:57:32,pm2.5,0.1
2019-10-22 06:57:33,pm10,0.1
2019-10-22 06:58:32,pm2.5,0.0
2019-10-22 06:58:33,pm10,0.0
2019-10-22 06:59:32,pm2.5,0.0
2019-10-22 06:59:33,pm10,0.0
2019-10-22 07:00:33,pm2.5,0.1
2019-10-22 07:00:33,pm10,0.1
2019-10-22 07:01:33,pm2.5,0.0
2019-10-22 07:01:33,pm10,0.0
2019-10-22 07:02:33,pm2.5,0.1
2019-10-22 07:02:33,pm10,0.1
2019-10-22 07:03:33,pm2.5,0.0
2019-10-22 07:03:33,pm10,0.0
2019-10-22 07:04:33,pm2.5,0.0
2019-10-22 07:04:33,pm10,0.0
2019-10-22 07:05:33,pm2.5,0.0
2019-10-22 07:05:33,pm10,0.0
2019-10-22 07:06:33,pm2.5,0.0
2019-10-22 07:06:33,pm10,0.0
2019-10-22 07:07:33,pm2.5,0.0
2019-10-22 07:07:33,pm10,0.0
2019-10-22 07:08:33,pm2.5,0.0
2019-10-22 07:08:33,pm10,0.0
2019-10-22 07:09:33,pm2.5,0.0
2019-10-22 07:09:33,pm10,0.0
2019-10-22 07:10:33,pm2.5,0.0
2019-10-22 07:10:33,pm10,0.0
2019-10-22 07:11:33,pm2.5,0.1
2019-10-22 07:11:33,pm10,0.1
2019-10-22 07:12:33,pm2.5,0.1
2019-10-22 07:12:33,pm10,0.1
2019-10-22 07:13:33,pm2.5,0.0
2019-10-22 07:13:33,pm10,0.0
2019-10-22 07:14:33,pm2.5,0.0
2019-10-22 07:14:33,pm10,0.0
2019-10-22 07:15:32,pm2.5,0.0
2019-10-22 07:15:32,pm10,0.0
2019-10-22 07:16:32,pm2.5,0.0
2019-10-22 07:16:32,pm10,0.0
2019-10-22 07:17:32,pm2.5,0.1
2019-10-22 07:17:32,pm10,0.1
2019-10-22 07:18:32,pm2.5,0.0
2019-10-22 07:18:32,pm10,0.0
2019-10-22 07:19:32,pm2.5,0.1
2019-10-22 07:19:32,pm10,0.1
2019-10-22 07:20:32,pm2.5,0.0
2019-10-22 07:20:32,pm10,0.0
2019-10-22 07:21:32,pm2.5,0.1
2019-10-22 07:21:32,pm10,0.1
2019-10-22 07:22:32,pm2.5,0.1
2019-10-22 07:22:32,pm10,0.1
2019-10-22 07:23:32,pm2.5,0.1
2019-10-22 07:23:32,pm10,0.1
2019-10-22 07:24:32,pm2.5,0.1
2019-10-22 07:24:32,pm10,0.1
2019-10-22 07:25:32,pm2.5,0.0
2019-10-22 07:25:33,pm10,0.0
2019-10-22 07:26:32,pm2.5,0.0
2019-10-22 07:26:32,pm10,0.0
2019-10-22 07:27:32,pm2.5,0.1
2019-10-22 07:27:32,pm10,0.1
2019-10-22 07:28:32,pm2.5,0.1
2019-10-22 07:28:32,pm10,0.1
2019-10-22 07:29:32,pm2.5,0.0
2019-10-22 07:29:33,pm10,0.0
2019-10-22 07:30:32,pm2.5,0.1
2019-10-22 07:30:33,pm10,0.1
2019-10-22 07:31:32,pm2.5,0.0
2019-10-22 07:31:33,pm10,0.0
2019-10-22 07:32:33,pm2.5,0.1
2019-10-22 07:32:33,pm10,0.1
2019-10-22 07:33:33,pm2.5,0.0
2019-10-22 07:33:33,pm10,0.0
2019-10-22 07:34:33,pm2.5,0.1
2019-10-22 07:34:33,pm10,0.1
2019-10-22 07:35:33,pm2.5,0.1
2019-10-22 07:35:33,pm10,0.1
2019-10-22 07:36:33,pm2.5,0.0
2019-10-22 07:36:33,pm10,0.0
2019-10-22 07:37:33,pm2.5,0.1
2019-10-22 07:37:33,pm10,0.1
2019-10-22 07:38:33,pm2.5,0.0
2019-10-22 07:38:33,pm10,0.0
2019-10-22 07:39:33,pm2.5,0.1
2019-10-22 07:39:33,pm10,0.1
2019-10-22 07:40:33,pm2.5,0.1
2019-10-22 07:40:33,pm10,0.1
2019-10-22 07:41:33,pm2.5,0.1
2019-10-22 07:41:33,pm10,0.1
2019-10-22 07:42:32,pm2.5,0.1
2019-10-22 07:42:32,pm10,0.1
2019-10-22 07:43:33,pm2.5,0.1
2019-10-22 07:43:33,pm10,0.1
2019-10-22 07:44:33,pm2.5,0.1
2019-10-22 07:44:33,pm10,0.1
2019-10-22 07:45:33,pm2.5,0.1
2019-10-22 07:45:33,pm10,0.1
2019-10-22 07:47:32,pm2.5,0.1
2019-10-22 07:47:32,pm10,0.1
2019-10-22 07:48:32,pm2.5,0.1
2019-10-22 07:48:32,pm10,0.1
2019-10-22 07:49:32,pm2.5,0.0
2019-10-22 07:49:32,pm10,0.0
2019-10-22 07:50:32,pm2.5,0.1
2019-10-22 07:50:32,pm10,0.1
2019-10-22 07:51:32,pm2.5,0.1
2019-10-22 07:51:32,pm10,0.1
2019-10-22 07:52:32,pm2.5,0.1
2019-10-22 07:52:32,pm10,0.1
2019-10-22 07:53:32,pm2.5,0.1
2019-10-22 07:53:32,pm10,0.1
2019-10-22 07:54:32,pm2.5,0.1
2019-10-22 07:54:32,pm10,0.1
2019-10-22 07:55:32,pm2.5,0.1
2019-10-22 07:55:32,pm10,0.1
2019-10-22 07:56:32,pm2.5,0.1
2019-10-22 07:56:32,pm10,0.1
2019-10-22 07:57:32,pm2.5,0.1
2019-10-22 07:57:32,pm10,0.1
2019-10-22 07:58:32,pm2.5,0.1
2019-10-22 07:58:32,pm10,0.1
2019-10-22 07:59:32,pm2.5,0.1
2019-10-22 07:59:33,pm10,0.1
2019-10-22 08:00:32,pm2.5,0.1
2019-10-22 08:00:33,pm10,0.1