2019-10-22 11:14:11,pm2.5,0.1
2019-10-22 11:14:11,pm10,0.1
2019-10-22 11:15:11,pm2.5,0.1
2019-10-22 11:15:11,pm10,0.1
2019-10-22 11:16:11,pm2.5,996.6
2019-10-22 11:16:11,pm10,1999.9
2019-10-22 11:17:11,pm2.5,999.9
2019-10-22 11:17:11,pm10,1999.9
2019-10-22 11:18:10,pm2.5,999.9
2019-10-22 11:18:11,pm10,1999.9
2019-10-22 11:19:11,pm2.5,999.9
2019-10-22 11:19:11,pm10,1999.9
2019-10-22 11:20:11,pm2.5,999.9
2019-10-22 11:20:11,pm10,1999.9
2019-10-22 11:21:11,pm2.5,999.9
2019-10-22 11:21:11,pm10,1999.9
2019-10-22 11:22:11,pm2.5,999.9
2019-10-22 11:22:11,pm10,1838.0
2019-10-22 11:23:11,pm2.5,996.8
2019-10-22 11:23:11,pm10,1597.2
2019-10-22 11:24:11,pm2.5,969.9
2019-10-22 11:24:11,pm10,1485.5
2019-10-22 11:25:11,pm2.5,961.7
2019-10-22 11:25:11,pm10,1452.8
2019-10-22 11:26:11,pm2.5,952.4
2019-10-22 11:26:11,pm10,1404.1
2019-10-22 11:26:15,comment,sealed
2019-10-22 11:27:11,pm2.5,948.8
2019-10-22 11:27:11,pm10,1388.3
2019-10-22 11:28:11,pm2.5,943.5
2019-10-22 11:28:11,pm10,1361.8
2019-10-22 11:29:11,pm2.5,937.4
2019-10-22 11:29:11,pm10,1337.3
2019-10-22 11:30:11,pm2.5,933.2
2019-10-22 11:30:11,pm10,1319.8
2019-10-22 11:31:11,pm2.5,931.2
2019-10-22 11:31:11,pm10,1291.1
2019-10-22 11:32:11,pm2.5,925.4
2019-10-22 11:32:11,pm10,1270.0
2019-10-22 11:33:11,pm2.5,920.6
2019-10-22 11:33:11,pm10,1257.1
2019-10-22 11:34:11,pm2.5,917.0
2019-10-22 11:34:11,pm10,1235.2
2019-10-22 11:35:11,pm2.5,913.3
2019-10-22 11:35:12,pm10,1227.1
2019-10-22 11:36:11,pm2.5,907.1
2019-10-22 11:36:12,pm10,1198.1
2019-10-22 11:37:10,pm2.5,903.2
2019-10-22 11:37:11,pm10,1182.6
2019-10-22 11:38:11,pm2.5,899.7
2019-10-22 11:38:11,pm10,1167.0
2019-10-22 11:39:11,pm2.5,896.0
2019-10-22 11:39:11,pm10,1147.5
2019-10-22 11:40:11,pm2.5,892.6
2019-10-22 11:40:11,pm10,1138.4
2019-10-22 11:41:11,pm2.5,888.0
2019-10-22 11:41:11,pm10,1116.7
2019-10-22 11:42:11,pm2.5,882.5
2019-10-22 11:42:11,pm10,1110.5
2019-10-22 11:43:11,pm2.5,877.7
2019-10-22 11:43:11,pm10,1091.0
2019-10-22 11:44:11,pm2.5,879.7
2019-10-22 11:44:11,pm10,1078.4
2019-10-22 11:45:11,pm2.5,871.7
2019-10-22 11:45:11,pm10,1070.9
2019-10-22 11:46:11,pm2.5,866.9
2019-10-22 11:46:11,pm10,1052.9
2019-10-22 11:47:11,pm2.5,861.4
2019-10-22 11:47:11,pm10,1031.4
2019-10-22 11:48:11,pm2.5,860.3
2019-10-22 11:48:11,pm10,1029.2
2019-10-22 11:49:11,pm2.5,857.0
2019-10-22 11:49:11,pm10,1018.9
2019-10-22 11:50:11,pm2.5,850.6
2019-10-22 11:50:11,pm10,1007.9
2019-10-22 11:51:11,pm2.5,849.0
2019-10-22 11:51:11,pm10,991.3
2019-10-22 11:52:11,pm2.5,841.0
2019-10-22 11:52:11,pm10,980.5
2019-10-22 11:53:11,pm2.5,839.4
2019-10-22 11:53:11,pm10,973.0
2019-10-22 11:54:10,pm2.5,835.9
2019-10-22 11:54:11,pm10,965.8
2019-10-22 11:55:11,pm2.5,833.2
2019-10-22 11:55:11,pm10,945.9
2019-10-22 11:56:11,pm2.5,832.2
2019-10-22 11:56:11,pm10,947.2
2019-10-22 11:57:11,pm2.5,823.3
2019-10-22 11:57:11,pm10,930.1
2019-10-22 11:58:11,pm2.5,818.4
2019-10-22 11:58:11,pm10,920.1
2019-10-22 11:59:11,pm2.5,814.2
2019-10-22 11:59:11,pm10,915.0
2019-10-22 12:00:11,pm2.5,812.9
2019-10-22 12:00:11,pm10,912.4
2019-10-22 12:01:11,pm2.5,808.1
2019-10-22 12:01:11,pm10,907.3
2019-10-22 12:02:11,pm2.5,803.4
2019-10-22 12:02:11,pm10,901.4
2019-10-22 12:03:11,pm2.5,803.6
2019-10-22 12:03:11,pm10,901.3
2019-10-22 12:04:11,pm2.5,794.4
2019-10-22 12:04:11,pm10,890.7
2019-10-22 12:05:11,pm2.5,792.6
2019-10-22 12:05:11,pm10,887.7
2019-10-22 12:06:11,pm2.5,789.4
2019-10-22 12:06:11,pm10,883.4
2019-10-22 12:07:11,pm2.5,782.8
2019-10-22 12:07:11,pm10,876.0
2019-10-22 12:08:11,pm2.5,779.3
2019-10-22 12:08:11,pm10,871.6
2019-10-22 12:09:11,pm2.5,774.8
2019-10-22 12:09:11,pm10,865.8
2019-10-22 12:10:11,pm2.5,772.1
2019-10-22 12:10:11,pm10,862.6
2019-10-22 12:11:11,pm2.5,768.0
2019-10-22 12:11:12,pm10,857.6
2019-10-22 12:12:10,pm2.5,762.7
2019-10-22 12:12:11,pm10,851.3
2019-10-22 12:13:11,pm2.5,760.0
2019-10-22 12:13:11,pm10,848.3
2019-10-22 12:14:11,pm2.5,755.7
2019-10-22 12:14:11,pm10,842.8
2019-10-22 12:15:11,pm2.5,748.0
2019-10-22 12:15:11,pm10,833.9
2019-10-22 12:16:11,pm2.5,745.5
2019-10-22 12:16:11,pm10,830.9
2019-10-22 12:17:11,pm2.5,745.3
2019-10-22 12:17:11,pm10,830.1
2019-10-22 12:18:11,pm2.5,738.5
2019-10-22 12:18:11,pm10,822.3
2019-10-22 12:19:11,pm2.5,732.4
2019-10-22 12:19:11,pm10,815.1
2019-10-22 12:20:11,pm2.5,727.7
2019-10-22 12:20:11,pm10,809.5
2019-10-22 12:21:11,pm2.5,723.6
2019-10-22 12:21:11,pm10,804.8
2019-10-22 12:22:11,pm2.5,721.3
2019-10-22 12:22:12,pm10,801.8
2019-10-22 12:23:11,pm2.5,713.6
2019-10-22 12:23:11,pm10,793.2
2019-10-22 12:24:11,pm2.5,709.9
2019-10-22 12:24:11,pm10,788.7
2019-10-22 12:25:11,pm2.5,708.2
2019-10-22 12:25:11,pm10,786.4
2019-10-22 12:26:11,pm2.5,701.9
2019-10-22 12:26:11,pm10,779.2
2019-10-22 12:27:11,pm2.5,700.9
2019-10-22 12:27:11,pm10,777.6
2019-10-22 12:28:11,pm2.5,693.8
2019-10-22 12:28:11,pm10,769.3
2019-10-22 12:29:11,pm2.5,690.1
2019-10-22 12:29:11,pm10,765.0
2019-10-22 12:30:11,pm2.5,685.7
2019-10-22 12:30:11,pm10,760.6
2019-10-22 12:31:10,pm2.5,680.7
2019-10-22 12:31:11,pm10,754.7
2019-10-22 12:32:11,pm2.5,677.8
2019-10-22 12:32:11,pm10,750.9
2019-10-22 12:33:11,pm2.5,672.4
2019-10-22 12:33:11,pm10,744.9
2019-10-22 12:34:11,pm2.5,668.0
2019-10-22 12:34:11,pm10,739.9
2019-10-22 12:35:11,pm2.5,664.2
2019-10-22 12:35:11,pm10,735.8
2019-10-22 12:36:11,pm2.5,658.0
2019-10-22 12:36:11,pm10,728.1
2019-10-22 12:37:11,pm2.5,653.1
2019-10-22 12:37:11,pm10,722.5
2019-10-22 12:38:11,pm2.5,647.0
2019-10-22 12:38:11,pm10,716.0
2019-10-22 12:39:11,pm2.5,643.6
2019-10-22 12:39:11,pm10,712.3
2019-10-22 12:40:11,pm2.5,637.9
2019-10-22 12:40:11,pm10,705.6
2019-10-22 12:41:11,pm2.5,633.3
2019-10-22 12:41:11,pm10,700.4
2019-10-22 12:42:11,pm2.5,632.9
2019-10-22 12:42:11,pm10,700.0
2019-10-22 12:43:11,pm2.5,627.3
2019-10-22 12:43:11,pm10,693.3
2019-10-22 12:44:11,pm2.5,621.6
2019-10-22 12:44:11,pm10,686.8
2019-10-22 12:45:11,pm2.5,619.0
2019-10-22 12:45:11,pm10,683.9
2019-10-22 12:46:11,pm2.5,614.3
2019-10-22 12:46:11,pm10,679.0
2019-10-22 12:47:11,pm2.5,607.0
2019-10-22 12:47:11,pm10,670.8
2019-10-22 12:48:11,pm2.5,606.7
2019-10-22 12:48:12,pm10,670.4
2019-10-22 12:49:10,pm2.5,600.9
2019-10-22 12:49:11,pm10,663.9
2019-10-22 12:50:11,pm2.5,596.0
2019-10-22 12:50:11,pm10,658.7
2019-10-22 12:51:11,pm2.5,589.3
2019-10-22 12:51:11,pm10,651.2
2019-10-22 12:52:11,pm2.5,585.6
2019-10-22 12:52:11,pm10,646.3
2019-10-22 12:53:11,pm2.5,575.9
2019-10-22 12:53:11,pm10,636.1
2019-10-22 12:54:11,pm2.5,577.3
2019-10-22 12:54:11,pm10,637.7
2019-10-22 12:55:11,pm2.5,571.6
2019-10-22 12:55:11,pm10,631.2
2019-10-22 12:56:11,pm2.5,568.9
2019-10-22 12:56:11,pm10,627.9
2019-10-22 12:57:11,pm2.5,561.2
2019-10-22 12:57:11,pm10,619.7
2019-10-22 12:58:11,pm2.5,561.7
2019-10-22 12:58:11,pm10,620.0
2019-10-22 12:59:11,pm2.5,557.1
2019-10-22 12:59:12,pm10,614.8
2019-10-22 13:00:11,pm2.5,548.0
2019-10-22 13:00:11,pm10,605.0
2019-10-22 13:01:11,pm2.5,544.3
2019-10-22 13:01:11,pm10,600.9
2019-10-22 13:02:11,pm2.5,539.4
2019-10-22 13:02:11,pm10,595.7
2019-10-22 13:03:11,pm2.5,535.5
2019-10-22 13:03:11,pm10,591.0
2019-10-22 13:04:11,pm2.5,532.9
2019-10-22 13:04:12,pm10,588.0
2019-10-22 13:05:11,pm2.5,526.4
2019-10-22 13:05:12,pm10,580.8
2019-10-22 13:06:10,pm2.5,522.1
2019-10-22 13:06:11,pm10,576.3
2019-10-22 13:07:11,pm2.5,519.0
2019-10-22 13:07:11,pm10,572.8
2019-10-22 13:08:11,pm2.5,513.4
2019-10-22 13:08:11,pm10,566.7
2019-10-22 13:09:11,pm2.5,509.1
2019-10-22 13:09:11,pm10,562.0
2019-10-22 13:10:11,pm2.5,506.4
2019-10-22 13:10:11,pm10,558.9
2019-10-22 13:11:11,pm2.5,495.6
2019-10-22 13:11:11,pm10,547.5
2019-10-22 13:12:11,pm2.5,492.5
2019-10-22 13:12:11,pm10,543.9
2019-10-22 13:13:11,pm2.5,489.8
2019-10-22 13:13:11,pm10,540.9
2019-10-22 13:14:11,pm2.5,485.3
2019-10-22 13:14:11,pm10,536.3
2019-10-22 13:15:11,pm2.5,481.3
2019-10-22 13:15:11,pm10,531.7
2019-10-22 13:16:11,pm2.5,475.7
2019-10-22 13:16:11,pm10,525.4
2019-10-22 13:17:11,pm2.5,471.0
2019-10-22 13:17:11,pm10,520.0
2019-10-22 13:18:11,pm2.5,468.6
2019-10-22 13:18:11,pm10,517.8
2019-10-22 13:19:11,pm2.5,465.9
2019-10-22 13:19:11,pm10,514.7
2019-10-22 13:20:11,pm2.5,461.2
2019-10-22 13:20:11,pm10,509.6
2019-10-22 13:21:11,pm2.5,449.7
2019-10-22 13:21:11,pm10,497.5
2019-10-22 13:22:11,pm2.5,451.8
2019-10-22 13:22:12,pm10,499.6
2019-10-22 13:23:11,pm2.5,446.3
2019-10-22 13:23:12,pm10,493.7
2019-10-22 13:24:10,pm2.5,442.0
2019-10-22 13:24:11,pm10,488.7
2019-10-22 13:25:11,pm2.5,437.8
2019-10-22 13:25:11,pm10,484.2
2019-10-22 13:26:11,pm2.5,430.6
2019-10-22 13:26:11,pm10,476.5
2019-10-22 13:27:11,pm2.5,429.9
2019-10-22 13:27:11,pm10,475.6
2019-10-22 13:28:11,pm2.5,422.2
2019-10-22 13:28:11,pm10,467.3
2019-10-22 13:29:11,pm2.5,422.2
2019-10-22 13:29:11,pm10,467.3
2019-10-22 13:30:11,pm2.5,414.7
2019-10-22 13:30:11,pm10,458.7
2019-10-22 13:31:11,pm2.5,412.4
2019-10-22 13:31:11,pm10,456.3
2019-10-22 13:32:11,pm2.5,403.0
2019-10-22 13:32:11,pm10,445.6
2019-10-22 13:33:11,pm2.5,401.3
2019-10-22 13:33:11,pm10,444.1
2019-10-22 13:34:11,pm2.5,395.2
2019-10-22 13:34:11,pm10,437.2
2019-10-22 13:35:11,pm2.5,394.6
2019-10-22 13:35:11,pm10,436.6
2019-10-22 13:36:11,pm2.5,392.9
2019-10-22 13:36:11,pm10,434.7
2019-10-22 13:37:11,pm2.5,382.4
2019-10-22 13:37:11,pm10,422.4
2019-10-22 13:38:11,pm2.5,380.3
2019-10-22 13:38:11,pm10,420.5
2019-10-22 13:39:11,pm2.5,375.7
2019-10-22 13:39:11,pm10,415.0
2019-10-22 13:40:11,pm2.5,375.5
2019-10-22 13:40:12,pm10,414.7
2019-10-22 13:41:10,pm2.5,366.3
2019-10-22 13:41:11,pm10,404.4
2019-10-22 13:42:11,pm2.5,366.8
2019-10-22 13:42:11,pm10,405.0
2019-10-22 13:43:11,pm2.5,362.0
2019-10-22 13:43:11,pm10,399.6
2019-10-22 13:44:11,pm2.5,357.4
2019-10-22 13:44:11,pm10,394.5
2019-10-22 13:45:11,pm2.5,354.1
2019-10-22 13:45:11,pm10,390.9
2019-10-22 13:46:11,pm2.5,350.0
2019-10-22 13:46:11,pm10,386.4
2019-10-22 13:47:11,pm2.5,346.0
2019-10-22 13:47:11,pm10,381.5
2019-10-22 13:48:11,pm2.5,341.3
2019-10-22 13:48:11,pm10,376.7
2019-10-22 13:49:11,pm2.5,336.9
2019-10-22 13:49:11,pm10,371.5
2019-10-22 13:50:11,pm2.5,336.5
2019-10-22 13:50:11,pm10,370.7
2019-10-22 13:51:11,pm2.5,330.5
2019-10-22 13:51:11,pm10,364.3
2019-10-22 13:52:11,pm2.5,325.3
2019-10-22 13:52:11,pm10,358.5
2019-10-22 13:53:11,pm2.5,319.4
2019-10-22 13:53:12,pm10,352.1
2019-10-22 13:54:11,pm2.5,316.6
2019-10-22 13:54:11,pm10,348.5
2019-10-22 13:55:11,pm2.5,312.6
2019-10-22 13:55:11,pm10,344.5
2019-10-22 13:56:11,pm2.5,312.4
2019-10-22 13:56:11,pm10,344.0
2019-10-22 13:57:11,pm2.5,307.5
2019-10-22 13:57:11,pm10,338.9
2019-10-22 13:58:11,pm2.5,305.3
2019-10-22 13:58:11,pm10,336.4
2019-10-22 13:59:11,pm2.5,300.4
2019-10-22 13:59:12,pm10,331.0
2019-10-22 14:00:10,pm2.5,300.8
2019-10-22 14:00:11,pm10,331.4
2019-10-22 14:01:11,pm2.5,291.3
2019-10-22 14:01:11,pm10,320.5
2019-10-22 14:02:11,pm2.5,288.6
2019-10-22 14:02:11,pm10,318.0
2019-10-22 14:03:11,pm2.5,283.6
2019-10-22 14:03:11,pm10,312.6
2019-10-22 14:04:11,pm2.5,279.9
2019-10-22 14:04:11,pm10,308.1
2019-10-22 14:05:11,pm2.5,277.2
2019-10-22 14:05:11,pm10,305.1
2019-10-22 14:06:11,pm2.5,275.5
2019-10-22 14:06:11,pm10,303.4
2019-10-22 14:07:11,pm2.5,271.9
2019-10-22 14:07:11,pm10,299.4
2019-10-22 14:08:11,pm2.5,267.0
2019-10-22 14:08:11,pm10,293.9
2019-10-22 14:09:11,pm2.5,264.3
2019-10-22 14:09:11,pm10,290.6
2019-10-22 14:10:11,pm2.5,261.2
2019-10-22 14:10:11,pm10,287.4
2019-10-22 14:11:11,pm2.5,257.5
2019-10-22 14:11:11,pm10,283.2
2019-10-22 14:12:11,pm2.5,254.3
2019-10-22 14:12:11,pm10,279.7
2019-10-22 14:13:11,pm2.5,249.4
2019-10-22 14:13:11,pm10,274.4
2019-10-22 14:14:11,pm2.5,247.7
2019-10-22 14:14:11,pm10,272.5
2019-10-22 14:15:11,pm2.5,245.5
2019-10-22 14:15:11,pm10,270.2
2019-10-22 14:16:11,pm2.5,240.9
2019-10-22 14:16:11,pm10,265.0
2019-10-22 14:17:11,pm2.5,237.0
2019-10-22 14:17:12,pm10,260.8
2019-10-22 14:18:10,pm2.5,236.3
2019-10-22 14:18:11,pm10,260.3
2019-10-22 14:19:11,pm2.5,231.8
2019-10-22 14:19:11,pm10,255.2
2019-10-22 14:20:11,pm2.5,228.4
2019-10-22 14:20:11,pm10,251.1
2019-10-22 14:21:11,pm2.5,223.8
2019-10-22 14:21:11,pm10,246.5
2019-10-22 14:22:11,pm2.5,224.7
2019-10-22 14:22:11,pm10,247.1
2019-10-22 14:23:11,pm2.5,218.4
2019-10-22 14:23:11,pm10,240.2
2019-10-22 14:24:11,pm2.5,215.2
2019-10-22 14:24:11,pm10,236.9
2019-10-22 14:25:11,pm2.5,214.7
2019-10-22 14:25:11,pm10,236.1
2019-10-22 14:26:11,pm2.5,210.0
2019-10-22 14:26:11,pm10,230.9
2019-10-22 14:27:11,pm2.5,208.1
2019-10-22 14:27:11,pm10,229.0
2019-10-22 14:28:11,pm2.5,203.9
2019-10-22 14:28:11,pm10,224.4
2019-10-22 14:29:11,pm2.5,199.6
2019-10-22 14:29:11,pm10,219.4
2019-10-22 14:30:11,pm2.5,197.2
2019-10-22 14:30:11,pm10,217.2
2019-10-22 14:31:11,pm2.5,196.5
2019-10-22 14:31:11,pm10,216.1
2019-10-22 14:32:11,pm2.5,192.4
2019-10-22 14:32:11,pm10,211.7
2019-10-22 14:33:11,pm2.5,190.8
2019-10-22 14:33:11,pm10,210.2
2019-10-22 14:34:11,pm2.5,188.5
2019-10-22 14:34:11,pm10,207.5
2019-10-22 14:35:11,pm2.5,183.2
2019-10-22 14:35:11,pm10,201.8
2019-10-22 14:36:11,pm2.5,180.8
2019-10-22 14:36:12,pm10,199.0
2019-10-22 14:38:11,pm2.5,176.7
2019-10-22 14:38:11,pm10,194.6
2019-10-22 14:39:11,pm2.5,174.3
2019-10-22 14:39:11,pm10,192.1
2019-10-22 14:40:11,pm2.5,171.4
2019-10-22 14:40:11,pm10,188.8
2019-10-22 14:41:11,pm2.5,167.4
2019-10-22 14:41:11,pm10,184.4
2019-10-22 14:42:11,pm2.5,165.9
2019-10-22 14:42:11,pm10,182.8
2019-10-22 14:43:11,pm2.5,163.2
2019-10-22 14:43:11,pm10,179.7
2019-10-22 14:44:11,pm2.5,159.2
2019-10-22 14:44:11,pm10,175.3
2019-10-22 14:45:11,pm2.5,158.2
2019-10-22 14:45:11,pm10,174.2
2019-10-22 14:46:11,pm2.5,157.0
2019-10-22 14:46:11,pm10,172.8
2019-10-22 14:47:11,pm2.5,153.3
2019-10-22 14:47:11,pm10,169.0
2019-10-22 14:48:11,pm2.5,152.0
2019-10-22 14:48:11,pm10,167.5
2019-10-22 14:49:11,pm2.5,150.7
2019-10-22 14:49:11,pm10,166.0
2019-10-22 14:50:11,pm2.5,148.0
2019-10-22 14:50:11,pm10,163.0
2019-10-22 14:51:11,pm2.5,147.5
2019-10-22 14:51:11,pm10,162.4
2019-10-22 14:52:11,pm2.5,144.8
2019-10-22 14:52:11,pm10,159.4
2019-10-22 14:53:11,pm2.5,143.5
2019-10-22 14:53:11,pm10,158.0
2019-10-22 14:54:11,pm2.5,142.3
2019-10-22 14:54:11,pm10,156.7
2019-10-22 14:55:11,pm2.5,141.6
2019-10-22 14:55:11,pm10,155.9
2019-10-22 14:56:11,pm2.5,139.2
2019-10-22 14:56:12,pm10,153.1
2019-10-22 14:57:10,pm2.5,137.5
2019-10-22 14:57:11,pm10,151.3
2019-10-22 14:58:11,pm2.5,134.5
2019-10-22 14:58:11,pm10,147.9
2019-10-22 14:59:11,pm2.5,132.6
2019-10-22 14:59:11,pm10,145.9
2019-10-22 15:00:11,pm2.5,130.3
2019-10-22 15:00:11,pm10,143.3
2019-10-22 15:01:11,pm2.5,129.3
2019-10-22 15:01:11,pm10,142.1
2019-10-22 15:02:11,pm2.5,125.4
2019-10-22 15:02:11,pm10,138.1
2019-10-22 15:03:11,pm2.5,124.9
2019-10-22 15:03:11,pm10,137.4
2019-10-22 15:04:11,pm2.5,124.4
2019-10-22 15:04:11,pm10,136.8
2019-10-22 15:05:11,pm2.5,122.4
2019-10-22 15:05:11,pm10,134.8
2019-10-22 15:06:11,pm2.5,119.1
2019-10-22 15:06:11,pm10,130.9
2019-10-22 15:07:11,pm2.5,117.9
2019-10-22 15:07:11,pm10,129.6
2019-10-22 15:08:11,pm2.5,117.6
2019-10-22 15:08:11,pm10,129.2
2019-10-22 15:09:11,pm2.5,112.7
2019-10-22 15:09:11,pm10,123.9
2019-10-22 15:10:11,pm2.5,113.8
2019-10-22 15:10:11,pm10,125.2
2019-10-22 15:11:11,pm2.5,112.2
2019-10-22 15:11:11,pm10,123.5
2019-10-22 15:12:11,pm2.5,110.1
2019-10-22 15:12:11,pm10,121.1
2019-10-22 15:13:11,pm2.5,111.8
2019-10-22 15:13:11,pm10,122.8
2019-10-22 15:14:11,pm2.5,108.0
2019-10-22 15:14:12,pm10,118.8
2019-10-22 15:15:10,pm2.5,106.2
2019-10-22 15:15:11,pm10,116.8
2019-10-22 15:16:11,pm2.5,104.6
2019-10-22 15:16:11,pm10,114.8
2019-10-22 15:17:11,pm2.5,105.2
2019-10-22 15:17:11,pm10,115.6
2019-10-22 15:18:11,pm2.5,102.0
2019-10-22 15:18:11,pm10,111.9
2019-10-22 15:19:11,pm2.5,100.4
2019-10-22 15:19:11,pm10,110.4
2019-10-22 15:20:11,pm2.5,99.1
2019-10-22 15:20:11,pm10,108.9
2019-10-22 15:21:11,pm2.5,98.8
2019-10-22 15:21:11,pm10,108.4
2019-10-22 15:22:11,pm2.5,96.7
2019-10-22 15:22:11,pm10,106.3
2019-10-22 15:23:11,pm2.5,95.9
2019-10-22 15:23:11,pm10,105.4
2019-10-22 15:24:11,pm2.5,95.1
2019-10-22 15:24:11,pm10,104.4
2019-10-22 15:25:11,pm2.5,92.5
2019-10-22 15:25:11,pm10,101.7
2019-10-22 15:26:11,pm2.5,90.4
2019-10-22 15:26:11,pm10,99.4
2019-10-22 15:27:11,pm2.5,89.8
2019-10-22 15:27:11,pm10,98.5
2019-10-22 15:28:11,pm2.5,87.0
2019-10-22 15:28:11,pm10,95.6
2019-10-22 15:29:11,pm2.5,87.3
2019-10-22 15:29:11,pm10,95.9
2019-10-22 15:30:11,pm2.5,85.5
2019-10-22 15:30:11,pm10,94.0
2019-10-22 15:31:11,pm2.5,85.3
2019-10-22 15:31:11,pm10,93.7
2019-10-22 15:32:11,pm2.5,83.7
2019-10-22 15:32:12,pm10,91.8
2019-10-22 15:34:11,pm2.5,82.5
2019-10-22 15:34:11,pm10,90.7
2019-10-22 15:35:11,pm2.5,81.8
2019-10-22 15:35:11,pm10,89.9
2019-10-22 15:36:11,pm2.5,78.4
2019-10-22 15:36:11,pm10,86.2
2019-10-22 15:37:11,pm2.5,79.4
2019-10-22 15:37:11,pm10,87.3
2019-10-22 15:38:11,pm2.5,76.5
2019-10-22 15:38:11,pm10,84.1
2019-10-22 15:39:11,pm2.5,74.8
2019-10-22 15:39:11,pm10,82.2
2019-10-22 15:40:11,pm2.5,76.3
2019-10-22 15:40:11,pm10,83.9
2019-10-22 15:41:11,pm2.5,72.5
2019-10-22 15:41:11,pm10,79.6
2019-10-22 15:42:11,pm2.5,72.3
2019-10-22 15:42:11,pm10,79.5
2019-10-22 15:43:11,pm2.5,71.6
2019-10-22 15:43:11,pm10,78.7
2019-10-22 15:44:11,pm2.5,68.9
2019-10-22 15:44:11,pm10,75.8
2019-10-22 15:45:11,pm2.5,69.5
2019-10-22 15:45:11,pm10,76.3
2019-10-22 15:46:11,pm2.5,66.6
2019-10-22 15:46:11,pm10,73.1
2019-10-22 15:47:11,pm2.5,67.1
2019-10-22 15:47:11,pm10,73.7
2019-10-22 15:48:11,pm2.5,66.4
2019-10-22 15:48:11,pm10,73.0
2019-10-22 15:49:11,pm2.5,64.1
2019-10-22 15:49:11,pm10,70.3
2019-10-22 15:50:11,pm2.5,64.2
2019-10-22 15:50:11,pm10,70.5
2019-10-22 15:51:11,pm2.5,63.9
2019-10-22 15:51:11,pm10,70.2
2019-10-22 15:52:11,pm2.5,63.7
2019-10-22 15:52:12,pm10,70.0
2019-10-22 15:53:10,pm2.5,61.7
2019-10-22 15:53:11,pm10,67.9
2019-10-22 15:54:11,pm2.5,62.4
2019-10-22 15:54:11,pm10,68.5
2019-10-22 15:55:11,pm2.5,60.0
2019-10-22 15:55:11,pm10,66.0
2019-10-22 15:56:11,pm2.5,58.7
2019-10-22 15:56:11,pm10,64.5
2019-10-22 15:57:11,pm2.5,58.0
2019-10-22 15:57:11,pm10,63.8
2019-10-22 15:58:11,pm2.5,58.8
2019-10-22 15:58:11,pm10,64.6
2019-10-22 15:59:11,pm2.5,55.9
2019-10-22 15:59:11,pm10,61.5
2019-10-22 16:00:11,pm2.5,56.5
2019-10-22 16:00:11,pm10,62.2
2019-10-22 16:01:11,pm2.5,54.9
2019-10-22 16:01:11,pm10,60.4
2019-10-22 16:02:11,pm2.5,54.9
2019-10-22 16:02:11,pm10,60.4
2019-10-22 16:03:11,pm2.5,54.9
2019-10-22 16:03:11,pm10,60.4
2019-10-22 16:04:11,pm2.5,52.7
2019-10-22 16:04:11,pm10,57.9
2019-10-22 16:05:11,pm2.5,53.3
2019-10-22 16:05:11,pm10,58.6
2019-10-22 16:06:11,pm2.5,52.0
2019-10-22 16:06:11,pm10,57.2
2019-10-22 16:07:11,pm2.5,51.2
2019-10-22 16:07:11,pm10,56.4
2019-10-22 16:08:11,pm2.5,50.4
2019-10-22 16:08:11,pm10,55.4
2019-10-22 16:09:11,pm2.5,50.0
2019-10-22 16:09:11,pm10,55.0
2019-10-22 16:11:11,pm2.5,49.4
2019-10-22 16:11:11,pm10,54.4
2019-10-22 16:12:11,pm2.5,48.3
2019-10-22 16:12:11,pm10,53.2
2019-10-22 16:13:11,pm2.5,47.8
2019-10-22 16:13:11,pm10,52.6
2019-10-22 16:14:11,pm2.5,45.9
2019-10-22 16:14:11,pm10,50.5
2019-10-22 16:15:11,pm2.5,47.8
2019-10-22 16:15:11,pm10,52.6
2019-10-22 16:16:11,pm2.5,45.8
2019-10-22 16:16:11,pm10,50.4
2019-10-22 16:17:11,pm2.5,45.0
2019-10-22 16:17:11,pm10,49.6
2019-10-22 16:18:11,pm2.5,43.8
2019-10-22 16:18:11,pm10,48.2
2019-10-22 16:19:11,pm2.5,43.1
2019-10-22 16:19:11,pm10,47.5
2019-10-22 16:20:11,pm2.5,41.8
2019-10-22 16:20:11,pm10,46.1
2019-10-22 16:21:11,pm2.5,42.7
2019-10-22 16:21:11,pm10,47.1
2019-10-22 16:22:11,pm2.5,42.0
2019-10-22 16:22:11,pm10,46.3
2019-10-22 16:23:11,pm2.5,40.4
2019-10-22 16:23:11,pm10,44.5
2019-10-22 16:24:11,pm2.5,40.9
2019-10-22 16:24:11,pm10,45.0
2019-10-22 16:25:11,pm2.5,41.2
2019-10-22 16:25:11,pm10,45.4
2019-10-22 16:26:11,pm2.5,39.8
2019-10-22 16:26:11,pm10,43.8
2019-10-22 16:27:11,pm2.5,38.5
2019-10-22 16:27:12,pm10,42.4
2019-10-22 16:28:11,pm2.5,37.8
2019-10-22 16:28:12,pm10,41.7
2019-10-22 16:29:10,pm2.5,38.8
2019-10-22 16:29:11,pm10,42.7
2019-10-22 16:30:11,pm2.5,36.9
2019-10-22 16:30:11,pm10,40.7
2019-10-22 16:31:11,pm2.5,36.8
2019-10-22 16:31:11,pm10,40.6
2019-10-22 16:32:11,pm2.5,36.4
2019-10-22 16:32:11,pm10,40.1
2019-10-22 16:33:11,pm2.5,35.9
2019-10-22 16:33:11,pm10,39.5
2019-10-22 16:34:11,pm2.5,35.3
2019-10-22 16:34:11,pm10,38.9
2019-10-22 16:35:11,pm2.5,35.4
2019-10-22 16:35:11,pm10,39.1
2019-10-22 16:36:11,pm2.5,34.3
2019-10-22 16:36:11,pm10,37.9
2019-10-22 16:37:11,pm2.5,34.2
2019-10-22 16:37:11,pm10,37.7
2019-10-22 16:38:11,pm2.5,33.5
2019-10-22 16:38:11,pm10,36.9
2019-10-22 16:39:11,pm2.5,33.7
2019-10-22 16:39:11,pm10,37.2
2019-10-22 16:40:11,pm2.5,32.3
2019-10-22 16:40:11,pm10,35.6
2019-10-22 16:41:11,pm2.5,32.6
2019-10-22 16:41:11,pm10,36.0
2019-10-22 16:42:11,pm2.5,31.2
2019-10-22 16:42:11,pm10,34.4
2019-10-22 16:43:11,pm2.5,30.5
2019-10-22 16:43:11,pm10,33.7
2019-10-22 16:44:11,pm2.5,31.5
2019-10-22 16:44:11,pm10,34.8
2019-10-22 16:45:11,pm2.5,30.6
2019-10-22 16:45:11,pm10,33.8
2019-10-22 16:46:11,pm2.5,30.5
2019-10-22 16:46:11,pm10,33.7
2019-10-22 16:47:11,pm2.5,29.3
2019-10-22 16:47:12,pm10,32.4
2019-10-22 16:48:10,pm2.5,28.8
2019-10-22 16:48:11,pm10,31.8
2019-10-22 16:49:11,pm2.5,28.4
2019-10-22 16:49:11,pm10,31.4
2019-10-22 16:50:11,pm2.5,28.9
2019-10-22 16:50:11,pm10,31.9
2019-10-22 16:51:11,pm2.5,28.2
2019-10-22 16:51:11,pm10,31.2
2019-10-22 16:52:11,pm2.5,27.5
2019-10-22 16:52:11,pm10,30.4
2019-10-22 16:53:11,pm2.5,26.7
2019-10-22 16:53:11,pm10,29.5
2019-10-22 16:54:11,pm2.5,27.1
2019-10-22 16:54:11,pm10,30.0
2019-10-22 16:55:11,pm2.5,26.6
2019-10-22 16:55:11,pm10,29.4
2019-10-22 16:56:11,pm2.5,24.9
2019-10-22 16:56:11,pm10,27.5
2019-10-22 16:57:11,pm2.5,26.1
2019-10-22 16:57:11,pm10,29.0
2019-10-22 16:58:11,pm2.5,25.6
2019-10-22 16:58:11,pm10,28.4
2019-10-22 16:59:11,pm2.5,24.7
2019-10-22 16:59:11,pm10,27.4
2019-10-22 17:00:11,pm2.5,25.2
2019-10-22 17:00:11,pm10,27.8
2019-10-22 17:01:11,pm2.5,24.3
2019-10-22 17:01:11,pm10,26.9
2019-10-22 17:02:11,pm2.5,24.0
2019-10-22 17:02:11,pm10,26.6
2019-10-22 17:03:11,pm2.5,23.8
2019-10-22 17:03:11,pm10,26.3
2019-10-22 17:04:11,pm2.5,24.0
2019-10-22 17:04:11,pm10,26.6
2019-10-22 17:05:11,pm2.5,23.0
2019-10-22 17:05:11,pm10,25.5
2019-10-22 17:06:11,pm2.5,23.2
2019-10-22 17:06:11,pm10,25.7
2019-10-22 17:07:11,pm2.5,22.6
2019-10-22 17:07:11,pm10,25.1
2019-10-22 17:08:11,pm2.5,22.2
2019-10-22 17:08:12,pm10,24.6
2019-10-22 17:09:10,pm2.5,22.2
2019-10-22 17:09:11,pm10,24.6
2019-10-22 17:10:11,pm2.5,21.4
2019-10-22 17:10:11,pm10,23.7
2019-10-22 17:11:11,pm2.5,20.5
2019-10-22 17:11:11,pm10,22.8
2019-10-22 17:12:11,pm2.5,20.8
2019-10-22 17:12:11,pm10,23.1
2019-10-22 17:13:11,pm2.5,19.9
2019-10-22 17:13:11,pm10,22.1
2019-10-22 17:14:11,pm2.5,20.5
2019-10-22 17:14:11,pm10,22.8
2019-10-22 17:15:11,pm2.5,19.8
2019-10-22 17:15:11,pm10,22.0
2019-10-22 17:16:11,pm2.5,19.3
2019-10-22 17:16:11,pm10,21.4
2019-10-22 17:17:11,pm2.5,19.4
2019-10-22 17:17:11,pm10,21.6
2019-10-22 17:18:11,pm2.5,18.8
2019-10-22 17:18:11,pm10,20.9
2019-10-22 17:19:11,pm2.5,18.8
2019-10-22 17:19:11,pm10,20.9
2019-10-22 17:20:11,pm2.5,18.8
2019-10-22 17:20:11,pm10,20.9
2019-10-22 17:21:11,pm2.5,18.9
2019-10-22 17:21:11,pm10,21.1
2019-10-22 17:22:11,pm2.5,18.0
2019-10-22 17:22:11,pm10,20.0
2019-10-22 17:23:11,pm2.5,18.3
2019-10-22 17:23:11,pm10,20.4
2019-10-22 17:24:11,pm2.5,17.9
2019-10-22 17:24:11,pm10,19.9
2019-10-22 17:25:11,pm2.5,17.0
2019-10-22 17:25:11,pm10,18.9
2019-10-22 17:26:11,pm2.5,17.0
2019-10-22 17:26:11,pm10,18.9
2019-10-22 17:27:11,pm2.5,16.5
2019-10-22 17:27:11,pm10,18.4
2019-10-22 17:28:11,pm2.5,17.2
2019-10-22 17:28:11,pm10,19.2
2019-10-22 17:29:11,pm2.5,16.3
2019-10-22 17:29:12,pm10,18.2
2019-10-22 17:30:10,pm2.5,16.1
2019-10-22 17:30:11,pm10,17.9
2019-10-22 17:31:11,pm2.5,15.7
2019-10-22 17:31:11,pm10,17.6
2019-10-22 17:32:11,pm2.5,15.9
2019-10-22 17:32:11,pm10,17.8
2019-10-22 17:33:11,pm2.5,15.4
2019-10-22 17:33:11,pm10,17.2
2019-10-22 17:34:11,pm2.5,14.6
2019-10-22 17:34:11,pm10,16.3
2019-10-22 17:35:11,pm2.5,15.4
2019-10-22 17:35:11,pm10,17.2
2019-10-22 17:36:11,pm2.5,15.0
2019-10-22 17:36:11,pm10,16.8
2019-10-22 17:37:11,pm2.5,14.5
2019-10-22 17:37:11,pm10,16.2
2019-10-22 17:38:11,pm2.5,14.9
2019-10-22 17:38:11,pm10,16.7
2019-10-22 17:39:11,pm2.5,14.2
2019-10-22 17:39:11,pm10,16.0
2019-10-22 17:40:11,pm2.5,14.3
2019-10-22 17:40:11,pm10,16.0
2019-10-22 17:41:11,pm2.5,14.1
2019-10-22 17:41:11,pm10,15.9
2019-10-22 17:42:11,pm2.5,13.7
2019-10-22 17:42:11,pm10,15.4
2019-10-22 17:43:11,pm2.5,13.3
2019-10-22 17:43:11,pm10,14.9
2019-10-22 17:44:11,pm2.5,12.9
2019-10-22 17:44:11,pm10,14.9
2019-10-22 17:45:11,pm2.5,12.8
2019-10-22 17:45:11,pm10,14.4
2019-10-22 17:46:11,pm2.5,12.9
2019-10-22 17:46:11,pm10,14.6
2019-10-22 17:47:11,pm2.5,12.6
2019-10-22 17:47:11,pm10,14.4
2019-10-22 17:48:11,pm2.5,12.5
2019-10-22 17:48:11,pm10,14.2
2019-10-22 17:49:11,pm2.5,12.9
2019-10-22 17:49:11,pm10,14.9
2019-10-22 17:50:11,pm2.5,12.3
2019-10-22 17:50:12,pm10,13.9
2019-10-22 17:51:10,pm2.5,12.0
2019-10-22 17:51:11,pm10,14.1
2019-10-22 17:52:11,pm2.5,12.0
2019-10-22 17:52:11,pm10,14.0
2019-10-22 17:53:11,pm2.5,11.6
2019-10-22 17:53:11,pm10,14.0
2019-10-22 17:54:11,pm2.5,12.0
2019-10-22 17:54:11,pm10,14.2
2019-10-22 17:55:11,pm2.5,11.7
2019-10-22 17:55:11,pm10,13.7
2019-10-22 17:56:11,pm2.5,10.8
2019-10-22 17:56:11,pm10,13.2
2019-10-22 17:57:11,pm2.5,11.0
2019-10-22 17:57:11,pm10,13.4
2019-10-22 17:58:11,pm2.5,10.7
2019-10-22 17:58:11,pm10,13.1
2019-10-22 17:59:11,pm2.5,10.6
2019-10-22 17:59:11,pm10,12.7
2019-10-22 18:00:11,pm2.5,11.0
2019-10-22 18:00:11,pm10,13.4
2019-10-22 18:01:11,pm2.5,10.3
2019-10-22 18:01:11,pm10,12.6
2019-10-22 18:02:11,pm2.5,10.8
2019-10-22 18:02:11,pm10,13.0
2019-10-22 18:03:11,pm2.5,10.5
2019-10-22 18:03:11,pm10,13.2
2019-10-22 18:04:11,pm2.5,9.6
2019-10-22 18:04:11,pm10,12.3
2019-10-22 18:05:11,pm2.5,9.9
2019-10-22 18:05:11,pm10,12.1
2019-10-22 18:06:11,pm2.5,9.7
2019-10-22 18:06:11,pm10,12.1
2019-10-22 18:07:11,pm2.5,9.6
2019-10-22 18:07:11,pm10,12.2
2019-10-22 18:08:11,pm2.5,9.3
2019-10-22 18:08:11,pm10,11.7
2019-10-22 18:09:11,pm2.5,9.4
2019-10-22 18:09:12,pm10,11.6
2019-10-22 18:10:10,pm2.5,9.4
2019-10-22 18:10:11,pm10,12.1
2019-10-22 18:11:11,pm2.5,9.4
2019-10-22 18:11:11,pm10,11.9
2019-10-22 18:12:11,pm2.5,8.7
2019-10-22 18:12:11,pm10,11.4
2019-10-22 18:13:11,pm2.5,9.2
2019-10-22 18:13:11,pm10,11.9
2019-10-22 18:14:11,pm2.5,8.6
2019-10-22 18:14:11,pm10,11.5
2019-10-22 18:15:11,pm2.5,8.5
2019-10-22 18:15:11,pm10,11.1
2019-10-22 18:16:11,pm2.5,8.3
2019-10-22 18:16:12,pm10,11.1
2019-10-22 18:17:11,pm2.5,8.0
2019-10-22 18:17:11,pm10,10.8
2019-10-22 18:18:11,pm2.5,8.1
2019-10-22 18:18:11,pm10,11.0
2019-10-22 18:19:11,pm2.5,8.3
2019-10-22 18:19:11,pm10,11.0
2019-10-22 18:20:11,pm2.5,8.1
2019-10-22 18:20:11,pm10,10.8
2019-10-22 18:21:11,pm2.5,8.3
2019-10-22 18:21:11,pm10,11.1
2019-10-22 18:22:11,pm2.5,7.8
2019-10-22 18:22:11,pm10,10.6
2019-10-22 18:23:11,pm2.5,7.5
2019-10-22 18:23:11,pm10,10.3
2019-10-22 18:24:11,pm2.5,7.3
2019-10-22 18:24:11,pm10,9.9
2019-10-22 18:25:11,pm2.5,7.3
2019-10-22 18:25:11,pm10,10.3
2019-10-22 18:26:11,pm2.5,7.3
2019-10-22 18:26:11,pm10,10.1
2019-10-22 18:27:11,pm2.5,7.3
2019-10-22 18:27:12,pm10,10.2
2019-10-22 18:28:10,pm2.5,7.6
2019-10-22 18:28:11,pm10,10.3
2019-10-22 18:29:11,pm2.5,7.4
2019-10-22 18:29:11,pm10,10.4
2019-10-22 18:30:11,pm2.5,7.1
2019-10-22 18:30:11,pm10,10.0
2019-10-22 18:31:11,pm2.5,6.9
2019-10-22 18:31:11,pm10,9.9
2019-10-22 18:32:11,pm2.5,6.9
2019-10-22 18:32:11,pm10,9.9
2019-10-22 18:33:11,pm2.5,6.8
2019-10-22 18:33:11,pm10,9.8
2019-10-22 18:34:11,pm2.5,6.7
2019-10-22 18:34:11,pm10,9.8
2019-10-22 18:35:11,pm2.5,6.3
2019-10-22 18:35:11,pm10,9.5
2019-10-22 18:36:11,pm2.5,6.4
2019-10-22 18:36:11,pm10,9.7
2019-10-22 18:37:11,pm2.5,6.4
2019-10-22 18:37:11,pm10,9.7
2019-10-22 18:38:11,pm2.5,6.3
2019-10-22 18:38:11,pm10,9.5
2019-10-22 18:39:11,pm2.5,6.6
2019-10-22 18:39:11,pm10,9.7
2019-10-22 18:40:11,pm2.5,6.0
2019-10-22 18:40:11,pm10,9.0
2019-10-22 18:41:11,pm2.5,5.8
2019-10-22 18:41:11,pm10,9.0
2019-10-22 18:42:11,pm2.5,6.0
2019-10-22 18:42:11,pm10,9.1
2019-10-22 18:43:11,pm2.5,5.7
2019-10-22 18:43:11,pm10,8.8
2019-10-22 18:44:11,pm2.5,5.9
2019-10-22 18:44:11,pm10,9.1
2019-10-22 18:45:11,pm2.5,5.3
2019-10-22 18:45:11,pm10,8.5
2019-10-22 18:46:11,pm2.5,6.0
2019-10-22 18:46:11,pm10,9.2
2019-10-22 18:48:10,pm2.5,5.7
2019-10-22 18:48:11,pm10,9.3
2019-10-22 18:49:11,pm2.5,5.6
2019-10-22 18:49:11,pm10,9.0
2019-10-22 18:50:11,pm2.5,5.4
2019-10-22 18:50:11,pm10,8.8
2019-10-22 18:51:11,pm2.5,5.0
2019-10-22 18:51:11,pm10,8.7
2019-10-22 18:52:11,pm2.5,4.9
2019-10-22 18:52:11,pm10,8.2
2019-10-22 18:53:11,pm2.5,5.4
2019-10-22 18:53:11,pm10,8.5
2019-10-22 18:54:11,pm2.5,5.1
2019-10-22 18:54:11,pm10,8.5
2019-10-22 18:55:11,pm2.5,5.0
2019-10-22 18:55:11,pm10,8.5
2019-10-22 18:56:11,pm2.5,4.7
2019-10-22 18:56:11,pm10,8.1
2019-10-22 18:57:11,pm2.5,5.0
2019-10-22 18:57:11,pm10,8.3
2019-10-22 18:58:11,pm2.5,4.9
2019-10-22 18:58:11,pm10,8.2
2019-10-22 18:59:11,pm2.5,4.6
2019-10-22 18:59:11,pm10,7.9
2019-10-22 19:00:11,pm2.5,5.1
2019-10-22 19:00:11,pm10,8.5
2019-10-22 19:01:11,pm2.5,4.7
2019-10-22 19:01:11,pm10,8.3
2019-10-22 19:02:11,pm2.5,4.6
2019-10-22 19:02:11,pm10,8.3
2019-10-22 19:03:11,pm2.5,4.7
2019-10-22 19:03:11,pm10,8.3
2019-10-22 19:04:11,pm2.5,4.5
2019-10-22 19:04:11,pm10,7.9
2019-10-22 19:05:11,pm2.5,4.2
2019-10-22 19:05:11,pm10,7.8
2019-10-22 19:06:11,pm2.5,4.5
2019-10-22 19:06:12,pm10,8.0
2019-10-22 19:07:10,pm2.5,4.1
2019-10-22 19:07:11,pm10,7.6
2019-10-22 19:08:11,pm2.5,4.2
2019-10-22 19:08:11,pm10,7.7
2019-10-22 19:09:11,pm2.5,3.9
2019-10-22 19:09:11,pm10,7.7
2019-10-22 19:10:11,pm2.5,3.7
2019-10-22 19:10:11,pm10,7.1
2019-10-22 19:11:11,pm2.5,3.8
2019-10-22 19:11:11,pm10,7.3
2019-10-22 19:12:11,pm2.5,4.0
2019-10-22 19:12:11,pm10,7.5
2019-10-22 19:13:11,pm2.5,3.8
2019-10-22 19:13:11,pm10,7.3
2019-10-22 19:14:11,pm2.5,3.9
2019-10-22 19:14:11,pm10,7.6
2019-10-22 19:15:11,pm2.5,3.9
2019-10-22 19:15:11,pm10,7.6
2019-10-22 19:16:11,pm2.5,4.0
2019-10-22 19:16:11,pm10,7.8
2019-10-22 19:17:11,pm2.5,3.5
2019-10-22 19:17:11,pm10,6.9
2019-10-22 19:18:11,pm2.5,3.7
2019-10-22 19:18:11,pm10,7.1
2019-10-22 19:19:11,pm2.5,3.6
2019-10-22 19:19:11,pm10,7.1
2019-10-22 19:20:11,pm2.5,3.4
2019-10-22 19:20:11,pm10,7.0
2019-10-22 19:21:11,pm2.5,3.3
2019-10-22 19:21:11,pm10,6.8
2019-10-22 19:22:11,pm2.5,3.5
2019-10-22 19:22:11,pm10,7.1
2019-10-22 19:23:11,pm2.5,3.7
2019-10-22 19:23:11,pm10,7.4
2019-10-22 19:25:11,pm2.5,3.3
2019-10-22 19:25:11,pm10,6.6
2019-10-22 19:26:11,pm2.5,3.3
2019-10-22 19:26:11,pm10,6.8
2019-10-22 19:27:11,pm2.5,3.4
2019-10-22 19:27:11,pm10,6.9
2019-10-22 19:28:11,pm2.5,3.3
2019-10-22 19:28:11,pm10,6.7
2019-10-22 19:29:11,pm2.5,3.3
2019-10-22 19:29:11,pm10,7.0
2019-10-22 19:30:11,pm2.5,3.1
2019-10-22 19:30:11,pm10,6.5
2019-10-22 19:31:11,pm2.5,3.1
2019-10-22 19:31:11,pm10,6.7
2019-10-22 19:32:11,pm2.5,3.2
2019-10-22 19:32:11,pm10,6.6
2019-10-22 19:33:11,pm2.5,3.1
2019-10-22 19:33:11,pm10,6.7
2019-10-22 19:34:11,pm2.5,3.0
2019-10-22 19:34:12,pm10,6.5
2019-10-22 19:35:11,pm2.5,2.7
2019-10-22 19:35:11,pm10,6.0
2019-10-22 19:36:11,pm2.5,2.9
2019-10-22 19:36:11,pm10,6.7
2019-10-22 19:37:11,pm2.5,2.7
2019-10-22 19:37:11,pm10,6.1
2019-10-22 19:38:11,pm2.5,2.9
2019-10-22 19:38:11,pm10,6.4
2019-10-22 19:39:11,pm2.5,3.0
2019-10-22 19:39:11,pm10,6.5
2019-10-22 19:40:11,pm2.5,2.9
2019-10-22 19:40:11,pm10,6.1
2019-10-22 19:41:11,pm2.5,2.9
2019-10-22 19:41:11,pm10,6.3
2019-10-22 19:42:11,pm2.5,2.5
2019-10-22 19:42:12,pm10,5.8
2019-10-22 19:43:10,pm2.5,2.5
2019-10-22 19:43:11,pm10,5.6
2019-10-22 19:44:11,pm2.5,2.7
2019-10-22 19:44:11,pm10,6.1
2019-10-22 19:45:11,pm2.5,2.6
2019-10-22 19:45:11,pm10,6.0
2019-10-22 19:46:11,pm2.5,2.5
2019-10-22 19:46:11,pm10,5.6
2019-10-22 19:47:11,pm2.5,2.3
2019-10-22 19:47:11,pm10,5.6
2019-10-22 19:48:11,pm2.5,2.4
2019-10-22 19:48:11,pm10,5.3
2019-10-22 19:49:11,pm2.5,2.5
2019-10-22 19:49:11,pm10,5.7
2019-10-22 19:50:11,pm2.5,2.4
2019-10-22 19:50:11,pm10,5.5
2019-10-22 19:51:11,pm2.5,2.6
2019-10-22 19:51:11,pm10,5.8
2019-10-22 19:52:11,pm2.5,2.3
2019-10-22 19:52:11,pm10,5.4
2019-10-22 19:53:11,pm2.5,2.2
2019-10-22 19:53:11,pm10,5.1
2019-10-22 19:54:11,pm2.5,2.2
2019-10-22 19:54:11,pm10,4.9
2019-10-22 19:55:11,pm2.5,2.3
2019-10-22 19:55:11,pm10,5.3
2019-10-22 19:56:11,pm2.5,2.4
2019-10-22 19:56:11,pm10,5.8
2019-10-22 19:57:11,pm2.5,2.2
2019-10-22 19:57:11,pm10,4.6
2019-10-22 19:58:11,pm2.5,2.3
2019-10-22 19:58:11,pm10,5.3
2019-10-22 19:59:11,pm2.5,2.2
2019-10-22 19:59:12,pm10,5.0
2019-10-22 20:00:10,pm2.5,2.0
2019-10-22 20:00:11,pm10,4.8
2019-10-22 20:01:11,pm2.5,2.2
2019-10-22 20:01:11,pm10,5.1
2019-10-22 20:02:11,pm2.5,2.2
2019-10-22 20:02:11,pm10,5.0
2019-10-22 20:03:11,pm2.5,2.0
2019-10-22 20:03:11,pm10,4.7
2019-10-22 20:04:11,pm2.5,2.1
2019-10-22 20:04:11,pm10,5.0
2019-10-22 20:05:11,pm2.5,1.9
2019-10-22 20:05:11,pm10,4.7
2019-10-22 20:06:11,pm2.5,1.9
2019-10-22 20:06:11,pm10,4.4
2019-10-22 20:07:11,pm2.5,1.9
2019-10-22 20:07:11,pm10,4.4
2019-10-22 20:08:11,pm2.5,1.9
2019-10-22 20:08:11,pm10,4.4
2019-10-22 20:09:11,pm2.5,1.8
2019-10-22 20:09:11,pm10,4.3
2019-10-22 20:10:11,pm2.5,1.9
2019-10-22 20:10:11,pm10,4.6
2019-10-22 20:11:11,pm2.5,1.8
2019-10-22 20:11:11,pm10,4.5
2019-10-22 20:12:11,pm2.5,1.6
2019-10-22 20:12:11,pm10,3.6
2019-10-22 20:13:11,pm2.5,1.7
2019-10-22 20:13:11,pm10,3.8
2019-10-22 20:14:11,pm2.5,1.9
2019-10-22 20:14:11,pm10,4.4
2019-10-22 20:15:11,pm2.5,1.9
2019-10-22 20:15:11,pm10,4.3
2019-10-22 20:16:11,pm2.5,1.7
2019-10-22 20:16:12,pm10,3.9
2019-10-22 20:18:11,pm2.5,1.6
2019-10-22 20:18:11,pm10,3.9
2019-10-22 20:19:11,pm2.5,1.6
2019-10-22 20:19:11,pm10,3.5
2019-10-22 20:20:11,pm2.5,1.6
2019-10-22 20:20:11,pm10,3.9
2019-10-22 20:21:11,pm2.5,1.5
2019-10-22 20:21:11,pm10,3.1
2019-10-22 20:22:11,pm2.5,1.6
2019-10-22 20:22:11,pm10,4.1
2019-10-22 20:23:11,pm2.5,1.5
2019-10-22 20:23:11,pm10,3.4
2019-10-22 20:24:11,pm2.5,1.5
2019-10-22 20:24:11,pm10,3.4
2019-10-22 20:25:11,pm2.5,1.5
2019-10-22 20:25:11,pm10,3.4
2019-10-22 20:26:11,pm2.5,1.4
2019-10-22 20:26:11,pm10,3.1
2019-10-22 20:27:11,pm2.5,1.6
2019-10-22 20:27:11,pm10,3.8
2019-10-22 20:28:11,pm2.5,1.6
2019-10-22 20:28:11,pm10,3.3
2019-10-22 20:29:11,pm2.5,1.5
2019-10-22 20:29:11,pm10,3.1
2019-10-22 20:30:11,pm2.5,1.6
2019-10-22 20:30:11,pm10,4.0
2019-10-22 20:31:11,pm2.5,1.3
2019-10-22 20:31:11,pm10,3.4