2019-10-26 21:59:01,pm2.5,0.1
2019-10-26 21:59:01,pm10,0.1
2019-10-26 22:00:01,pm2.5,0.1
2019-10-26 22:00:01,pm10,0.2
2019-10-26 22:01:01,pm2.5,0.1
2019-10-26 22:01:01,pm10,0.1
2019-10-26 22:02:01,pm2.5,0.1
2019-10-26 22:02:01,pm10,0.1
2019-10-26 22:03:01,pm2.5,0.1
2019-10-26 22:03:01,pm10,0.3
2019-10-26 22:04:01,pm2.5,0.1
2019-10-26 22:04:01,pm10,0.1
2019-10-26 22:05:01,pm2.5,999.9
2019-10-26 22:05:01,pm10,1999.9
2019-10-26 22:06:01,pm2.5,999.9
2019-10-26 22:06:01,pm10,1999.9
2019-10-26 22:07:00,pm2.5,999.9
2019-10-26 22:07:00,pm10,1999.9
2019-10-26 22:08:00,pm2.5,999.9
2019-10-26 22:08:00,pm10,1999.9
2019-10-26 22:09:00,pm2.5,999.9
2019-10-26 22:09:00,pm10,1999.9
2019-10-26 22:10:00,pm2.5,999.9
2019-10-26 22:10:00,pm10,1999.9
2019-10-26 22:11:00,pm2.5,999.9
2019-10-26 22:11:00,pm10,1999.9
2019-10-26 22:12:00,pm2.5,999.9
2019-10-26 22:12:00,pm10,1999.9
2019-10-26 22:13:00,pm2.5,999.9
2019-10-26 22:13:00,pm10,1999.9
2019-10-26 22:14:00,pm2.5,999.9
2019-10-26 22:14:01,pm10,1999.9
2019-10-26 22:15:01,pm2.5,999.9
2019-10-26 22:15:01,pm10,1999.9
2019-10-26 22:16:01,pm2.5,999.9
2019-10-26 22:16:01,pm10,1999.9
2019-10-26 22:17:01,pm2.5,999.9
2019-10-26 22:17:01,pm10,1999.9
2019-10-26 22:18:01,pm2.5,999.9
2019-10-26 22:18:01,pm10,1999.9
2019-10-26 22:19:01,pm2.5,999.9
2019-10-26 22:19:01,pm10,1999.9
2019-10-26 22:20:01,pm2.5,999.9
2019-10-26 22:20:01,pm10,1999.9
2019-10-26 22:21:01,pm2.5,999.9
2019-10-26 22:21:01,pm10,1999.9
2019-10-26 22:22:00,pm2.5,999.9
2019-10-26 22:22:00,pm10,1999.9
2019-10-26 22:23:00,pm2.5,999.9
2019-10-26 22:23:00,pm10,1999.9
2019-10-26 22:24:00,pm2.5,999.9
2019-10-26 22:24:00,pm10,1999.9
2019-10-26 22:25:00,pm2.5,999.9
2019-10-26 22:25:00,pm10,1999.9
2019-10-26 22:26:00,pm2.5,999.9
2019-10-26 22:26:00,pm10,1999.9
2019-10-26 22:27:00,pm2.5,999.9
2019-10-26 22:27:00,pm10,1999.9
2019-10-26 22:28:00,pm2.5,999.9
2019-10-26 22:28:01,pm10,1999.9
2019-10-26 22:29:00,pm2.5,999.9
2019-10-26 22:29:01,pm10,1999.9
2019-10-26 22:30:01,pm2.5,999.9
2019-10-26 22:30:01,pm10,1999.9
2019-10-26 22:31:01,pm2.5,999.9
2019-10-26 22:31:01,pm10,1999.9
2019-10-26 22:32:01,pm2.5,999.9
2019-10-26 22:32:01,pm10,1999.9
2019-10-26 22:33:01,pm2.5,999.9
2019-10-26 22:33:01,pm10,1999.9
2019-10-26 22:34:01,pm2.5,999.9
2019-10-26 22:34:01,pm10,1999.9
2019-10-26 22:35:01,pm2.5,999.9
2019-10-26 22:35:01,pm10,1999.9
2019-10-26 22:36:01,pm2.5,999.9
2019-10-26 22:36:01,pm10,1999.9
2019-10-26 22:37:00,pm2.5,999.9
2019-10-26 22:37:00,pm10,1999.9
2019-10-26 22:38:00,pm2.5,999.9
2019-10-26 22:38:00,pm10,1999.9
2019-10-26 22:39:00,pm2.5,999.9
2019-10-26 22:39:00,pm10,1999.9
2019-10-26 22:40:00,pm2.5,999.9
2019-10-26 22:40:00,pm10,1999.9
2019-10-26 22:41:00,pm2.5,999.9
2019-10-26 22:41:00,pm10,1999.9
2019-10-26 22:42:00,pm2.5,999.9
2019-10-26 22:42:00,pm10,1999.9
2019-10-26 22:43:00,pm2.5,999.9
2019-10-26 22:43:01,pm10,1999.9
2019-10-26 22:44:00,pm2.5,999.9
2019-10-26 22:44:01,pm10,1951.8
2019-10-26 22:45:01,pm2.5,999.9
2019-10-26 22:45:01,pm10,1890.3
2019-10-26 22:46:01,pm2.5,999.9
2019-10-26 22:46:01,pm10,1829.9
2019-10-26 22:47:01,pm2.5,999.9
2019-10-26 22:47:01,pm10,1780.5
2019-10-26 22:48:01,pm2.5,999.9
2019-10-26 22:48:01,pm10,1718.4
2019-10-26 22:49:01,pm2.5,999.9
2019-10-26 22:49:01,pm10,1659.2
2019-10-26 22:50:01,pm2.5,999.9
2019-10-26 22:50:01,pm10,1615.3
2019-10-26 22:51:00,pm2.5,999.9
2019-10-26 22:51:00,pm10,1559.9
2019-10-26 22:52:00,pm2.5,999.9
2019-10-26 22:52:00,pm10,1514.9
2019-10-26 22:53:00,pm2.5,999.9
2019-10-26 22:53:00,pm10,1464.8
2019-10-26 22:54:00,pm2.5,999.9
2019-10-26 22:54:00,pm10,1424.2
2019-10-26 22:55:00,pm2.5,999.9
2019-10-26 22:55:00,pm10,1375.8
2019-10-26 22:56:00,pm2.5,999.9
2019-10-26 22:56:00,pm10,1337.6
2019-10-26 22:57:00,pm2.5,991.9
2019-10-26 22:57:00,pm10,1279.9
2019-10-26 22:58:00,pm2.5,980.4
2019-10-26 22:58:01,pm10,1252.3
2019-10-26 22:59:00,pm2.5,970.0
2019-10-26 22:59:01,pm10,1214.7
2019-10-26 23:00:01,pm2.5,957.8
2019-10-26 23:00:01,pm10,1176.5
2019-10-26 23:01:01,pm2.5,945.7
2019-10-26 23:01:01,pm10,1130.4
2019-10-26 23:01:27,comment,sealed
2019-10-26 23:02:01,pm2.5,928.7
2019-10-26 23:02:01,pm10,1103.7
2019-10-26 23:03:01,pm2.5,924.7
2019-10-26 23:03:01,pm10,1089.2
2019-10-26 23:04:01,pm2.5,919.2
2019-10-26 23:04:02,pm10,1069.8
2019-10-26 23:05:01,pm2.5,913.8
2019-10-26 23:05:01,pm10,1056.5
2019-10-26 23:06:00,pm2.5,907.0
2019-10-26 23:06:00,pm10,1038.4
2019-10-26 23:07:00,pm2.5,901.2
2019-10-26 23:07:00,pm10,1025.9
2019-10-26 23:08:00,pm2.5,896.5
2019-10-26 23:08:00,pm10,1008.8
2019-10-26 23:09:00,pm2.5,888.2
2019-10-26 23:09:00,pm10,998.2
2019-10-26 23:10:00,pm2.5,884.7
2019-10-26 23:10:00,pm10,993.4
2019-10-26 23:11:00,pm2.5,878.5
2019-10-26 23:11:00,pm10,986.2
2019-10-26 23:12:00,pm2.5,874.7
2019-10-26 23:12:01,pm10,980.8
2019-10-26 23:13:00,pm2.5,868.8
2019-10-26 23:13:01,pm10,973.6
2019-10-26 23:14:00,pm2.5,861.7
2019-10-26 23:14:01,pm10,965.0
2019-10-26 23:15:01,pm2.5,855.7
2019-10-26 23:15:01,pm10,957.3
2019-10-26 23:16:01,pm2.5,845.9
2019-10-26 23:16:01,pm10,945.7
2019-10-26 23:17:01,pm2.5,846.0
2019-10-26 23:17:01,pm10,945.7
2019-10-26 23:18:01,pm2.5,838.2
2019-10-26 23:18:01,pm10,936.0
2019-10-26 23:19:01,pm2.5,832.8
2019-10-26 23:19:01,pm10,929.6
2019-10-26 23:20:00,pm2.5,832.9
2019-10-26 23:20:00,pm10,929.6
2019-10-26 23:22:00,pm2.5,813.1
2019-10-26 23:22:00,pm10,905.8
2019-10-26 23:23:00,pm2.5,807.6
2019-10-26 23:23:00,pm10,899.1
2019-10-26 23:24:00,pm2.5,805.2
2019-10-26 23:24:00,pm10,896.2
2019-10-26 23:25:00,pm2.5,791.4
2019-10-26 23:25:00,pm10,880.3
2019-10-26 23:26:00,pm2.5,785.9
2019-10-26 23:26:00,pm10,873.3
2019-10-26 23:27:00,pm2.5,780.9
2019-10-26 23:27:00,pm10,867.4
2019-10-26 23:28:00,pm2.5,771.7
2019-10-26 23:28:01,pm10,857.4
2019-10-26 23:29:00,pm2.5,768.8
2019-10-26 23:29:01,pm10,853.6
2019-10-26 23:30:01,pm2.5,757.1
2019-10-26 23:30:01,pm10,839.9
2019-10-26 23:31:01,pm2.5,755.1
2019-10-26 23:31:01,pm10,837.6
2019-10-26 23:32:01,pm2.5,744.4
2019-10-26 23:32:01,pm10,825.0
2019-10-26 23:33:01,pm2.5,737.1
2019-10-26 23:33:01,pm10,816.7
2019-10-26 23:34:01,pm2.5,732.1
2019-10-26 23:34:01,pm10,811.1
2019-10-26 23:35:01,pm2.5,723.8
2019-10-26 23:35:01,pm10,801.4
2019-10-26 23:36:01,pm2.5,718.0
2019-10-26 23:36:01,pm10,794.8
2019-10-26 23:37:01,pm2.5,712.0
2019-10-26 23:37:01,pm10,787.4
2019-10-26 23:38:00,pm2.5,702.6
2019-10-26 23:38:00,pm10,777.0
2019-10-26 23:39:00,pm2.5,697.9
2019-10-26 23:39:00,pm10,771.4
2019-10-26 23:40:00,pm2.5,688.2
2019-10-26 23:40:00,pm10,760.9
2019-10-26 23:41:00,pm2.5,680.8
2019-10-26 23:41:00,pm10,752.2
2019-10-26 23:42:00,pm2.5,671.1
2019-10-26 23:42:00,pm10,741.2
2019-10-26 23:43:00,pm2.5,666.0
2019-10-26 23:43:00,pm10,735.5
2019-10-26 23:44:00,pm2.5,657.3
2019-10-26 23:44:00,pm10,725.5
2019-10-26 23:45:00,pm2.5,649.6
2019-10-26 23:45:01,pm10,717.0
2019-10-26 23:46:01,pm2.5,641.5
2019-10-26 23:46:01,pm10,707.9
2019-10-26 23:47:01,pm2.5,639.7
2019-10-26 23:47:01,pm10,705.7
2019-10-26 23:48:01,pm2.5,627.9
2019-10-26 23:48:01,pm10,692.3
2019-10-26 23:49:01,pm2.5,618.6
2019-10-26 23:49:01,pm10,682.5
2019-10-26 23:50:01,pm2.5,612.4
2019-10-26 23:50:01,pm10,675.1
2019-10-26 23:51:01,pm2.5,603.2
2019-10-26 23:51:01,pm10,665.0
2019-10-26 23:52:01,pm2.5,598.6
2019-10-26 23:52:01,pm10,659.9
2019-10-26 23:54:00,pm2.5,582.3
2019-10-26 23:54:00,pm10,641.9
2019-10-26 23:55:00,pm2.5,577.9
2019-10-26 23:55:00,pm10,636.8
2019-10-26 23:56:00,pm2.5,573.5
2019-10-26 23:56:00,pm10,632.0
2019-10-26 23:57:00,pm2.5,563.0
2019-10-26 23:57:00,pm10,620.5
2019-10-26 23:58:00,pm2.5,554.7
2019-10-26 23:58:00,pm10,611.4
2019-10-26 23:59:00,pm2.5,553.4
2019-10-26 23:59:00,pm10,610.1
2019-10-27 00:00:00,pm2.5,535.9
2019-10-27 00:00:01,pm10,590.7
2019-10-27 00:01:00,pm2.5,537.4
2019-10-27 00:01:01,pm10,592.3
2019-10-27 00:02:01,pm2.5,527.6
2019-10-27 00:02:01,pm10,581.8
2019-10-27 00:03:01,pm2.5,521.1
2019-10-27 00:03:01,pm10,574.5
2019-10-27 00:04:01,pm2.5,509.6
2019-10-27 00:04:01,pm10,562.2
2019-10-27 00:05:01,pm2.5,503.5
2019-10-27 00:05:01,pm10,555.4
2019-10-27 00:06:01,pm2.5,496.6
2019-10-27 00:06:01,pm10,547.7
2019-10-27 00:07:01,pm2.5,488.6
2019-10-27 00:07:01,pm10,538.9
2019-10-27 00:08:01,pm2.5,484.1
2019-10-27 00:08:01,pm10,534.1
2019-10-27 00:09:00,pm2.5,471.9
2019-10-27 00:09:00,pm10,521.2
2019-10-27 00:10:00,pm2.5,467.0
2019-10-27 00:10:00,pm10,515.8
2019-10-27 00:11:00,pm2.5,459.4
2019-10-27 00:11:00,pm10,507.3
2019-10-27 00:12:00,pm2.5,452.7
2019-10-27 00:12:00,pm10,500.0
2019-10-27 00:13:00,pm2.5,446.5
2019-10-27 00:13:00,pm10,493.3
2019-10-27 00:14:00,pm2.5,441.8
2019-10-27 00:14:00,pm10,488.5
2019-10-27 00:15:00,pm2.5,430.9
2019-10-27 00:15:00,pm10,476.2
2019-10-27 00:16:00,pm2.5,424.6
2019-10-27 00:16:01,pm10,469.6
2019-10-27 00:17:00,pm2.5,416.7
2019-10-27 00:17:01,pm10,460.6
2019-10-27 00:18:01,pm2.5,409.6
2019-10-27 00:18:01,pm10,453.2
2019-10-27 00:19:01,pm2.5,402.7
2019-10-27 00:19:01,pm10,445.5
2019-10-27 00:20:01,pm2.5,399.3
2019-10-27 00:20:01,pm10,441.6
2019-10-27 00:21:01,pm2.5,390.9
2019-10-27 00:21:01,pm10,431.3
2019-10-27 00:22:01,pm2.5,381.0
2019-10-27 00:22:01,pm10,420.5
2019-10-27 00:23:01,pm2.5,380.5
2019-10-27 00:23:01,pm10,420.0
2019-10-27 00:24:00,pm2.5,369.4
2019-10-27 00:24:00,pm10,407.6
2019-10-27 00:25:00,pm2.5,363.2
2019-10-27 00:25:00,pm10,400.6
2019-10-27 00:26:00,pm2.5,356.2
2019-10-27 00:26:00,pm10,393.2
2019-10-27 00:27:00,pm2.5,350.1
2019-10-27 00:27:00,pm10,386.1
2019-10-27 00:28:00,pm2.5,347.0
2019-10-27 00:28:00,pm10,382.5
2019-10-27 00:29:00,pm2.5,341.6
2019-10-27 00:29:00,pm10,376.4
2019-10-27 00:30:00,pm2.5,332.8
2019-10-27 00:30:00,pm10,366.5
2019-10-27 00:31:00,pm2.5,326.9
2019-10-27 00:31:01,pm10,360.2
2019-10-27 00:32:01,pm2.5,322.5
2019-10-27 00:32:01,pm10,355.4
2019-10-27 00:33:01,pm2.5,317.3
2019-10-27 00:33:01,pm10,349.7
2019-10-27 00:34:01,pm2.5,310.4
2019-10-27 00:34:01,pm10,342.2
2019-10-27 00:35:01,pm2.5,306.6
2019-10-27 00:35:01,pm10,337.8
2019-10-27 00:36:01,pm2.5,296.3
2019-10-27 00:36:01,pm10,326.4
2019-10-27 00:37:01,pm2.5,292.1
2019-10-27 00:37:01,pm10,321.6
2019-10-27 00:38:01,pm2.5,290.1
2019-10-27 00:38:01,pm10,319.1
2019-10-27 00:39:00,pm2.5,282.8
2019-10-27 00:39:00,pm10,311.2
2019-10-27 00:40:00,pm2.5,278.8
2019-10-27 00:40:00,pm10,306.9
2019-10-27 00:41:00,pm2.5,272.0
2019-10-27 00:41:00,pm10,299.3
2019-10-27 00:42:00,pm2.5,265.4
2019-10-27 00:42:00,pm10,292.0
2019-10-27 00:43:00,pm2.5,258.8
2019-10-27 00:43:00,pm10,284.7
2019-10-27 00:44:00,pm2.5,255.2
2019-10-27 00:44:00,pm10,280.9
2019-10-27 00:45:00,pm2.5,249.6
2019-10-27 00:45:00,pm10,274.7
2019-10-27 00:46:00,pm2.5,241.9
2019-10-27 00:46:01,pm10,266.3
2019-10-27 00:47:01,pm2.5,240.0
2019-10-27 00:47:01,pm10,264.3
2019-10-27 00:48:01,pm2.5,235.1
2019-10-27 00:48:01,pm10,258.7
2019-10-27 00:49:01,pm2.5,229.8
2019-10-27 00:49:01,pm10,252.8
2019-10-27 00:50:01,pm2.5,230.0
2019-10-27 00:50:01,pm10,253.0
2019-10-27 00:51:01,pm2.5,222.5
2019-10-27 00:51:01,pm10,244.8
2019-10-27 00:52:01,pm2.5,219.2
2019-10-27 00:52:01,pm10,241.3
2019-10-27 00:53:01,pm2.5,213.7
2019-10-27 00:53:01,pm10,235.3
2019-10-27 00:54:01,pm2.5,206.9
2019-10-27 00:54:01,pm10,227.6
2019-10-27 00:55:00,pm2.5,203.0
2019-10-27 00:55:00,pm10,223.5
2019-10-27 00:56:00,pm2.5,200.8
2019-10-27 00:56:00,pm10,221.1
2019-10-27 00:57:00,pm2.5,192.3
2019-10-27 00:57:00,pm10,211.8
2019-10-27 00:58:00,pm2.5,192.1
2019-10-27 00:58:00,pm10,211.6
2019-10-27 00:59:00,pm2.5,187.5
2019-10-27 00:59:00,pm10,206.6
2019-10-27 01:00:00,pm2.5,180.6
2019-10-27 01:00:00,pm10,199.0
2019-10-27 01:01:00,pm2.5,179.1
2019-10-27 01:01:00,pm10,197.5
2019-10-27 01:02:00,pm2.5,172.5
2019-10-27 01:02:01,pm10,190.2
2019-10-27 01:03:01,pm2.5,169.5
2019-10-27 01:03:01,pm10,187.0
2019-10-27 01:04:01,pm2.5,164.1
2019-10-27 01:04:01,pm10,180.7
2019-10-27 01:05:01,pm2.5,163.4
2019-10-27 01:05:01,pm10,180.1
2019-10-27 01:06:01,pm2.5,158.6
2019-10-27 01:06:01,pm10,174.9
2019-10-27 01:07:01,pm2.5,153.7
2019-10-27 01:07:01,pm10,169.3
2019-10-27 01:08:01,pm2.5,150.9
2019-10-27 01:08:01,pm10,166.4
2019-10-27 01:09:01,pm2.5,148.4
2019-10-27 01:09:01,pm10,163.5
2019-10-27 01:10:00,pm2.5,143.5
2019-10-27 01:10:00,pm10,158.1
2019-10-27 01:11:00,pm2.5,144.6
2019-10-27 01:11:00,pm10,159.4
2019-10-27 01:12:00,pm2.5,139.6
2019-10-27 01:12:00,pm10,153.7
2019-10-27 01:13:00,pm2.5,137.0
2019-10-27 01:13:00,pm10,150.9
2019-10-27 01:14:00,pm2.5,131.4
2019-10-27 01:14:00,pm10,144.6
2019-10-27 01:15:00,pm2.5,131.4
2019-10-27 01:15:00,pm10,144.8
2019-10-27 01:16:00,pm2.5,128.3
2019-10-27 01:16:00,pm10,141.2
2019-10-27 01:17:00,pm2.5,126.7
2019-10-27 01:17:01,pm10,139.6
2019-10-27 01:18:00,pm2.5,124.3
2019-10-27 01:18:01,pm10,136.8
2019-10-27 01:19:01,pm2.5,121.8
2019-10-27 01:19:01,pm10,134.2
2019-10-27 01:20:01,pm2.5,118.7
2019-10-27 01:20:01,pm10,130.7
2019-10-27 01:21:01,pm2.5,118.4
2019-10-27 01:21:01,pm10,130.3
2019-10-27 01:22:01,pm2.5,114.9
2019-10-27 01:22:01,pm10,126.4
2019-10-27 01:23:01,pm2.5,113.0
2019-10-27 01:23:01,pm10,124.2
2019-10-27 01:24:01,pm2.5,111.4
2019-10-27 01:24:01,pm10,122.7
2019-10-27 01:25:01,pm2.5,108.8
2019-10-27 01:25:01,pm10,119.7
2019-10-27 01:26:00,pm2.5,106.4
2019-10-27 01:26:00,pm10,117.0
2019-10-27 01:27:00,pm2.5,104.5
2019-10-27 01:27:00,pm10,115.1
2019-10-27 01:28:00,pm2.5,100.1
2019-10-27 01:28:00,pm10,110.2
2019-10-27 01:29:00,pm2.5,101.2
2019-10-27 01:29:00,pm10,111.3
2019-10-27 01:30:00,pm2.5,99.2
2019-10-27 01:30:00,pm10,109.2
2019-10-27 01:31:00,pm2.5,96.3
2019-10-27 01:31:00,pm10,106.0
2019-10-27 01:32:00,pm2.5,94.3
2019-10-27 01:32:00,pm10,103.8
2019-10-27 01:33:00,pm2.5,92.5
2019-10-27 01:33:00,pm10,101.8
2019-10-27 01:34:00,pm2.5,91.4
2019-10-27 01:34:01,pm10,100.5
2019-10-27 01:35:00,pm2.5,87.3
2019-10-27 01:35:01,pm10,96.1
2019-10-27 01:36:01,pm2.5,86.4
2019-10-27 01:36:01,pm10,95.1
2019-10-27 01:37:01,pm2.5,85.1
2019-10-27 01:37:01,pm10,93.7
2019-10-27 01:38:01,pm2.5,81.8
2019-10-27 01:38:01,pm10,90.0
2019-10-27 01:39:01,pm2.5,79.8
2019-10-27 01:39:01,pm10,87.7
2019-10-27 01:40:01,pm2.5,78.7
2019-10-27 01:40:01,pm10,86.6
2019-10-27 01:41:01,pm2.5,76.9
2019-10-27 01:41:01,pm10,84.7
2019-10-27 01:42:01,pm2.5,74.7
2019-10-27 01:42:01,pm10,82.2
2019-10-27 01:43:01,pm2.5,74.0
2019-10-27 01:43:01,pm10,81.3
2019-10-27 01:44:00,pm2.5,71.6
2019-10-27 01:44:00,pm10,78.8
2019-10-27 01:45:00,pm2.5,70.9
2019-10-27 01:45:00,pm10,78.0
2019-10-27 01:46:00,pm2.5,68.8
2019-10-27 01:46:00,pm10,75.8
2019-10-27 01:47:00,pm2.5,66.3
2019-10-27 01:47:00,pm10,73.0
2019-10-27 01:48:00,pm2.5,65.9
2019-10-27 01:48:00,pm10,72.6
2019-10-27 01:49:00,pm2.5,63.0
2019-10-27 01:49:00,pm10,69.3
2019-10-27 01:50:00,pm2.5,61.8
2019-10-27 01:50:00,pm10,68.0
2019-10-27 01:51:00,pm2.5,60.6
2019-10-27 01:51:00,pm10,66.7
2019-10-27 01:52:00,pm2.5,60.8
2019-10-27 01:52:01,pm10,66.9
2019-10-27 01:53:01,pm2.5,58.5
2019-10-27 01:53:01,pm10,64.4
2019-10-27 01:54:01,pm2.5,56.8
2019-10-27 01:54:01,pm10,62.5
2019-10-27 01:55:01,pm2.5,55.2
2019-10-27 01:55:01,pm10,60.8
2019-10-27 01:56:00,pm2.5,55.3
2019-10-27 01:56:00,pm10,60.9
2019-10-27 01:57:01,pm2.5,54.1
2019-10-27 01:57:01,pm10,59.6
2019-10-27 01:58:01,pm2.5,53.1
2019-10-27 01:58:01,pm10,58.4
2019-10-27 01:59:01,pm2.5,51.5
2019-10-27 01:59:01,pm10,56.8
2019-10-27 02:00:00,pm2.5,50.2
2019-10-27 02:00:00,pm10,55.3
2019-10-27 02:01:00,pm2.5,50.5
2019-10-27 02:01:00,pm10,55.7
2019-10-27 02:02:00,pm2.5,47.6
2019-10-27 02:02:00,pm10,52.5
2019-10-27 02:03:00,pm2.5,47.8
2019-10-27 02:03:00,pm10,52.7
2019-10-27 02:04:00,pm2.5,47.0
2019-10-27 02:04:00,pm10,51.8
2019-10-27 02:05:00,pm2.5,45.0
2019-10-27 02:05:00,pm10,49.7
2019-10-27 02:06:00,pm2.5,45.9
2019-10-27 02:06:00,pm10,50.6
2019-10-27 02:07:00,pm2.5,43.7
2019-10-27 02:07:00,pm10,48.2
2019-10-27 02:08:00,pm2.5,43.4
2019-10-27 02:08:01,pm10,47.9
2019-10-27 02:09:01,pm2.5,41.4
2019-10-27 02:09:01,pm10,45.7
2019-10-27 02:10:01,pm2.5,40.7
2019-10-27 02:10:01,pm10,44.9
2019-10-27 02:11:01,pm2.5,40.5
2019-10-27 02:11:01,pm10,44.7
2019-10-27 02:12:01,pm2.5,39.5
2019-10-27 02:12:01,pm10,43.5
2019-10-27 02:13:01,pm2.5,37.9
2019-10-27 02:13:01,pm10,41.8
2019-10-27 02:14:01,pm2.5,37.9
2019-10-27 02:14:01,pm10,41.9
2019-10-27 02:15:01,pm2.5,37.5
2019-10-27 02:15:01,pm10,41.4
2019-10-27 02:16:00,pm2.5,35.9
2019-10-27 02:16:00,pm10,39.6
2019-10-27 02:17:00,pm2.5,35.9
2019-10-27 02:17:00,pm10,39.6
2019-10-27 02:18:00,pm2.5,33.4
2019-10-27 02:18:00,pm10,36.8
2019-10-27 02:19:00,pm2.5,34.6
2019-10-27 02:19:00,pm10,38.2
2019-10-27 02:20:00,pm2.5,32.9
2019-10-27 02:20:00,pm10,36.4
2019-10-27 02:21:00,pm2.5,32.5
2019-10-27 02:21:00,pm10,35.8
2019-10-27 02:22:00,pm2.5,32.4
2019-10-27 02:22:00,pm10,35.9
2019-10-27 02:23:00,pm2.5,30.7
2019-10-27 02:23:01,pm10,33.9
2019-10-27 02:24:00,pm2.5,30.5
2019-10-27 02:24:01,pm10,33.7
2019-10-27 02:25:01,pm2.5,28.9
2019-10-27 02:25:01,pm10,32.0
2019-10-27 02:26:01,pm2.5,28.9
2019-10-27 02:26:01,pm10,31.9
2019-10-27 02:27:01,pm2.5,29.7
2019-10-27 02:27:01,pm10,32.9
2019-10-27 02:28:01,pm2.5,27.5
2019-10-27 02:28:01,pm10,30.4
2019-10-27 02:29:01,pm2.5,27.2
2019-10-27 02:29:01,pm10,30.1
2019-10-27 02:30:01,pm2.5,26.7
2019-10-27 02:30:01,pm10,29.6
2019-10-27 02:31:01,pm2.5,26.5
2019-10-27 02:31:01,pm10,29.3
2019-10-27 02:32:00,pm2.5,25.0
2019-10-27 02:32:00,pm10,27.7
2019-10-27 02:33:00,pm2.5,25.3
2019-10-27 02:33:00,pm10,28.0
2019-10-27 02:34:00,pm2.5,24.0
2019-10-27 02:34:00,pm10,26.6
2019-10-27 02:35:00,pm2.5,24.0
2019-10-27 02:35:00,pm10,26.6
2019-10-27 02:36:00,pm2.5,23.2
2019-10-27 02:36:00,pm10,25.8
2019-10-27 02:37:00,pm2.5,22.8
2019-10-27 02:37:00,pm10,25.3
2019-10-27 02:38:00,pm2.5,22.9
2019-10-27 02:38:00,pm10,25.4
2019-10-27 02:39:00,pm2.5,22.1
2019-10-27 02:39:01,pm10,24.5
2019-10-27 02:40:01,pm2.5,20.7
2019-10-27 02:40:01,pm10,23.0
2019-10-27 02:41:01,pm2.5,20.9
2019-10-27 02:41:01,pm10,23.2
2019-10-27 02:42:01,pm2.5,20.7
2019-10-27 02:42:01,pm10,23.0
2019-10-27 02:43:01,pm2.5,20.2
2019-10-27 02:43:01,pm10,22.5
2019-10-27 02:44:01,pm2.5,19.8
2019-10-27 02:44:01,pm10,22.0
2019-10-27 02:45:01,pm2.5,20.0
2019-10-27 02:45:01,pm10,22.2
2019-10-27 02:46:01,pm2.5,19.4
2019-10-27 02:46:01,pm10,21.6
2019-10-27 02:47:00,pm2.5,18.9
2019-10-27 02:47:00,pm10,21.0
2019-10-27 02:48:00,pm2.5,18.2
2019-10-27 02:48:00,pm10,20.3
2019-10-27 02:49:00,pm2.5,17.7
2019-10-27 02:49:00,pm10,19.8
2019-10-27 02:50:00,pm2.5,17.2
2019-10-27 02:50:00,pm10,19.2
2019-10-27 02:51:00,pm2.5,16.5
2019-10-27 02:51:00,pm10,18.5
2019-10-27 02:52:00,pm2.5,16.9
2019-10-27 02:52:00,pm10,18.8
2019-10-27 02:53:00,pm2.5,16.8
2019-10-27 02:53:00,pm10,18.8
2019-10-27 02:54:00,pm2.5,15.8
2019-10-27 02:54:00,pm10,17.7
2019-10-27 02:55:00,pm2.5,15.2
2019-10-27 02:55:01,pm10,17.0
2019-10-27 02:56:01,pm2.5,15.5
2019-10-27 02:56:01,pm10,17.3
2019-10-27 02:57:01,pm2.5,15.3
2019-10-27 02:57:01,pm10,17.1
2019-10-27 02:58:01,pm2.5,14.9
2019-10-27 02:58:01,pm10,17.0
2019-10-27 02:59:01,pm2.5,14.4
2019-10-27 02:59:01,pm10,16.1
2019-10-27 03:00:01,pm2.5,14.0
2019-10-27 03:00:01,pm10,15.8
2019-10-27 03:01:01,pm2.5,14.2
2019-10-27 03:01:01,pm10,16.2
2019-10-27 03:02:01,pm2.5,13.6
2019-10-27 03:02:01,pm10,15.2
2019-10-27 03:03:01,pm2.5,12.9
2019-10-27 03:03:01,pm10,14.7
2019-10-27 03:04:00,pm2.5,13.1
2019-10-27 03:04:00,pm10,15.0
2019-10-27 03:05:00,pm2.5,12.6
2019-10-27 03:05:01,pm10,14.5
2019-10-27 03:06:00,pm2.5,12.7
2019-10-27 03:06:00,pm10,14.7
2019-10-27 03:07:00,pm2.5,12.5
2019-10-27 03:07:00,pm10,14.6
2019-10-27 03:08:00,pm2.5,12.1
2019-10-27 03:08:00,pm10,14.3
2019-10-27 03:09:00,pm2.5,11.3
2019-10-27 03:09:00,pm10,13.4
2019-10-27 03:10:00,pm2.5,11.4
2019-10-27 03:10:00,pm10,13.6
2019-10-27 03:11:00,pm2.5,11.1
2019-10-27 03:11:01,pm10,13.2
2019-10-27 03:12:01,pm2.5,11.2
2019-10-27 03:12:01,pm10,13.5
2019-10-27 03:13:01,pm2.5,10.2
2019-10-27 03:13:01,pm10,12.9
2019-10-27 03:14:01,pm2.5,10.6
2019-10-27 03:14:01,pm10,13.2
2019-10-27 03:15:01,pm2.5,10.1
2019-10-27 03:15:01,pm10,12.3
2019-10-27 03:16:01,pm2.5,9.8
2019-10-27 03:16:01,pm10,12.3
2019-10-27 03:17:01,pm2.5,9.9
2019-10-27 03:17:01,pm10,12.2
2019-10-27 03:18:00,pm2.5,10.0
2019-10-27 03:18:00,pm10,12.4
2019-10-27 03:19:00,pm2.5,9.6
2019-10-27 03:19:00,pm10,12.3
2019-10-27 03:20:00,pm2.5,9.2
2019-10-27 03:20:00,pm10,11.8
2019-10-27 03:21:00,pm2.5,8.8
2019-10-27 03:21:00,pm10,11.6
2019-10-27 03:22:00,pm2.5,8.7
2019-10-27 03:22:00,pm10,11.9
2019-10-27 03:23:00,pm2.5,9.0
2019-10-27 03:23:00,pm10,11.8
2019-10-27 03:24:00,pm2.5,8.2
2019-10-27 03:24:00,pm10,11.3
2019-10-27 03:25:00,pm2.5,7.9
2019-10-27 03:25:01,pm10,10.9
2019-10-27 03:26:01,pm2.5,8.8
2019-10-27 03:26:01,pm10,11.4
2019-10-27 03:27:01,pm2.5,7.7
2019-10-27 03:27:01,pm10,10.6
2019-10-27 03:28:01,pm2.5,7.7
2019-10-27 03:28:01,pm10,10.6
2019-10-27 03:29:01,pm2.5,7.5
2019-10-27 03:29:01,pm10,10.4
2019-10-27 03:30:01,pm2.5,7.1
2019-10-27 03:30:01,pm10,10.3
2019-10-27 03:31:01,pm2.5,7.1
2019-10-27 03:31:01,pm10,10.0
2019-10-27 03:32:00,pm2.5,7.2
2019-10-27 03:32:00,pm10,10.3
2019-10-27 03:33:00,pm2.5,7.3
2019-10-27 03:33:00,pm10,10.2
2019-10-27 03:34:00,pm2.5,7.0
2019-10-27 03:34:00,pm10,10.0
2019-10-27 03:35:00,pm2.5,6.9
2019-10-27 03:35:00,pm10,10.0
2019-10-27 03:36:00,pm2.5,6.4
2019-10-27 03:36:00,pm10,9.7
2019-10-27 03:37:00,pm2.5,6.3
2019-10-27 03:37:01,pm10,9.6
2019-10-27 03:38:00,pm2.5,6.2
2019-10-27 03:38:01,pm10,9.4
2019-10-27 03:39:00,pm2.5,5.6
2019-10-27 03:39:01,pm10,9.0
2019-10-27 03:40:01,pm2.5,6.1
2019-10-27 03:40:01,pm10,9.4
2019-10-27 03:41:01,pm2.5,6.3
2019-10-27 03:41:01,pm10,9.5
2019-10-27 03:42:01,pm2.5,6.4
2019-10-27 03:42:01,pm10,9.8
2019-10-27 03:43:01,pm2.5,5.8
2019-10-27 03:43:01,pm10,9.2
2019-10-27 03:44:01,pm2.5,5.6
2019-10-27 03:44:01,pm10,9.0
2019-10-27 03:45:01,pm2.5,5.7
2019-10-27 03:45:01,pm10,9.1
2019-10-27 03:46:01,pm2.5,5.3
2019-10-27 03:46:01,pm10,9.1
2019-10-27 03:47:00,pm2.5,5.3
2019-10-27 03:47:00,pm10,8.7
2019-10-27 03:48:00,pm2.5,5.1
2019-10-27 03:48:00,pm10,8.4
2019-10-27 03:49:00,pm2.5,4.8
2019-10-27 03:49:00,pm10,8.5
2019-10-27 03:50:00,pm2.5,5.0
2019-10-27 03:50:00,pm10,8.5
2019-10-27 03:51:00,pm2.5,4.8
2019-10-27 03:51:00,pm10,8.4
2019-10-27 03:52:00,pm2.5,4.6
2019-10-27 03:52:00,pm10,8.3
2019-10-27 03:53:00,pm2.5,4.8
2019-10-27 03:53:01,pm10,8.2
2019-10-27 03:54:00,pm2.5,4.7
2019-10-27 03:54:01,pm10,8.3
2019-10-27 03:55:01,pm2.5,4.6
2019-10-27 03:55:01,pm10,8.1
2019-10-27 03:56:01,pm2.5,4.4
2019-10-27 03:56:01,pm10,8.1
2019-10-27 03:57:01,pm2.5,4.2
2019-10-27 03:57:01,pm10,7.9
2019-10-27 03:58:01,pm2.5,4.1
2019-10-27 03:58:01,pm10,7.8
2019-10-27 03:59:01,pm2.5,3.9
2019-10-27 03:59:01,pm10,7.5
2019-10-27 04:00:01,pm2.5,4.0
2019-10-27 04:00:01,pm10,7.7
2019-10-27 04:01:01,pm2.5,4.0
2019-10-27 04:01:01,pm10,7.6
2019-10-27 04:02:00,pm2.5,3.9
2019-10-27 04:02:00,pm10,7.5
2019-10-27 04:03:00,pm2.5,4.1
2019-10-27 04:03:00,pm10,8.0
2019-10-27 04:04:00,pm2.5,3.6
2019-10-27 04:04:00,pm10,7.3
2019-10-27 04:05:00,pm2.5,3.5
2019-10-27 04:05:00,pm10,7.5
2019-10-27 04:06:00,pm2.5,3.4
2019-10-27 04:06:00,pm10,7.1
2019-10-27 04:07:00,pm2.5,3.6
2019-10-27 04:07:00,pm10,7.3
2019-10-27 04:08:00,pm2.5,3.4
2019-10-27 04:08:00,pm10,6.8
2019-10-27 04:09:00,pm2.5,3.4
2019-10-27 04:09:01,pm10,7.1
2019-10-27 04:10:01,pm2.5,3.3
2019-10-27 04:10:01,pm10,6.9
2019-10-27 04:11:01,pm2.5,3.1
2019-10-27 04:11:01,pm10,6.7
2019-10-27 04:12:01,pm2.5,3.4
2019-10-27 04:12:01,pm10,7.0
2019-10-27 04:13:01,pm2.5,3.0
2019-10-27 04:13:01,pm10,6.3
2019-10-27 04:14:01,pm2.5,2.8
2019-10-27 04:14:01,pm10,6.3
2019-10-27 04:15:01,pm2.5,2.9
2019-10-27 04:15:01,pm10,6.4
2019-10-27 04:16:01,pm2.5,3.1
2019-10-27 04:16:01,pm10,6.5
2019-10-27 04:17:00,pm2.5,2.9
2019-10-27 04:17:00,pm10,6.4
2019-10-27 04:18:00,pm2.5,2.8
2019-10-27 04:18:00,pm10,6.3
2019-10-27 04:19:00,pm2.5,2.8
2019-10-27 04:19:00,pm10,6.0
2019-10-27 04:20:00,pm2.5,2.6
2019-10-27 04:20:00,pm10,5.6
2019-10-27 04:21:00,pm2.5,2.5
2019-10-27 04:21:00,pm10,5.7
2019-10-27 04:22:00,pm2.5,2.5
2019-10-27 04:22:00,pm10,5.7
2019-10-27 04:23:00,pm2.5,2.7
2019-10-27 04:23:01,pm10,6.2
2019-10-27 04:24:01,pm2.5,2.5
2019-10-27 04:24:01,pm10,5.7
2019-10-27 04:25:01,pm2.5,2.2
2019-10-27 04:25:01,pm10,5.4
2019-10-27 04:26:01,pm2.5,2.3
2019-10-27 04:26:01,pm10,5.1
2019-10-27 04:27:01,pm2.5,2.3
2019-10-27 04:27:01,pm10,5.4
2019-10-27 04:28:01,pm2.5,2.3
2019-10-27 04:28:01,pm10,5.6
2019-10-27 04:29:01,pm2.5,2.3
2019-10-27 04:29:01,pm10,5.5
2019-10-27 04:30:01,pm2.5,2.2
2019-10-27 04:30:01,pm10,5.3
2019-10-27 04:31:00,pm2.5,2.5
2019-10-27 04:31:00,pm10,5.8
2019-10-27 04:32:00,pm2.5,2.1
2019-10-27 04:32:00,pm10,4.9
2019-10-27 04:33:00,pm2.5,2.2
2019-10-27 04:33:00,pm10,5.3
2019-10-27 04:34:00,pm2.5,2.3
2019-10-27 04:34:00,pm10,5.0
2019-10-27 04:35:00,pm2.5,1.9
2019-10-27 04:35:00,pm10,4.8
2019-10-27 04:36:00,pm2.5,2.0
2019-10-27 04:36:00,pm10,5.0
2019-10-27 04:37:00,pm2.5,2.0
2019-10-27 04:37:00,pm10,4.9
2019-10-27 04:38:00,pm2.5,2.0
2019-10-27 04:38:01,pm10,4.8
2019-10-27 04:39:01,pm2.5,1.8
2019-10-27 04:39:01,pm10,4.3
2019-10-27 04:40:01,pm2.5,1.8
2019-10-27 04:40:01,pm10,4.2
2019-10-27 04:41:01,pm2.5,1.7
2019-10-27 04:41:01,pm10,4.3
2019-10-27 04:42:01,pm2.5,1.7
2019-10-27 04:42:01,pm10,3.8
2019-10-27 04:43:01,pm2.5,1.8
2019-10-27 04:43:01,pm10,4.5
2019-10-27 04:44:01,pm2.5,1.7
2019-10-27 04:44:01,pm10,4.2
2019-10-27 04:45:01,pm2.5,1.6
2019-10-27 04:45:01,pm10,3.7
2019-10-27 04:46:00,pm2.5,1.5
2019-10-27 04:46:00,pm10,3.4
2019-10-27 04:47:00,pm2.5,1.5
2019-10-27 04:47:00,pm10,3.4
2019-10-27 04:48:00,pm2.5,1.6
2019-10-27 04:48:01,pm10,3.7
2019-10-27 04:49:00,pm2.5,1.7
2019-10-27 04:49:00,pm10,3.9
2019-10-27 04:50:00,pm2.5,1.4
2019-10-27 04:50:00,pm10,3.2
2019-10-27 04:51:00,pm2.5,1.2
2019-10-27 04:51:00,pm10,2.9
2019-10-27 04:52:00,pm2.5,1.5
2019-10-27 04:52:00,pm10,3.6
2019-10-27 04:53:00,pm2.5,1.3
2019-10-27 04:53:01,pm10,3.2
2019-10-27 04:54:01,pm2.5,1.5
2019-10-27 04:54:01,pm10,3.4
2019-10-27 04:55:01,pm2.5,1.5
2019-10-27 04:55:01,pm10,3.6
2019-10-27 04:56:01,pm2.5,1.4
2019-10-27 04:56:01,pm10,3.2
2019-10-27 04:57:01,pm2.5,1.3
2019-10-27 04:57:01,pm10,2.9
2019-10-27 04:58:01,pm2.5,1.3
2019-10-27 04:58:01,pm10,3.1
2019-10-27 04:59:01,pm2.5,1.5
2019-10-27 04:59:01,pm10,3.5
2019-10-27 05:00:01,pm2.5,1.3
2019-10-27 05:00:01,pm10,3.0
2019-10-27 05:01:01,pm2.5,1.3
2019-10-27 05:01:01,pm10,2.8
2019-10-27 05:02:00,pm2.5,1.2
2019-10-27 05:02:00,pm10,2.8
2019-10-27 05:03:00,pm2.5,1.1
2019-10-27 05:03:00,pm10,2.4
2019-10-27 05:04:00,pm2.5,1.2
2019-10-27 05:04:00,pm10,2.4
2019-10-27 05:05:00,pm2.5,1.1
2019-10-27 05:05:00,pm10,2.9
2019-10-27 05:06:00,pm2.5,1.2
2019-10-27 05:06:00,pm10,2.5
2019-10-27 05:07:00,pm2.5,1.0
2019-10-27 05:07:00,pm10,2.2
2019-10-27 05:08:00,pm2.5,0.9
2019-10-27 05:08:00,pm10,2.1
2019-10-27 05:09:00,pm2.5,1.0
2019-10-27 05:09:01,pm10,2.1
2019-10-27 05:10:00,pm2.5,1.1
2019-10-27 05:10:01,pm10,2.4
2019-10-27 05:11:01,pm2.5,0.9
2019-10-27 05:11:01,pm10,2.0
2019-10-27 05:12:01,pm2.5,1.0
2019-10-27 05:12:01,pm10,2.1
2019-10-27 05:13:01,pm2.5,1.1
2019-10-27 05:13:01,pm10,2.4
2019-10-27 05:14:01,pm2.5,1.1
2019-10-27 05:14:01,pm10,2.3
2019-10-27 05:15:01,pm2.5,1.0
2019-10-27 05:15:01,pm10,2.0
2019-10-27 05:16:01,pm2.5,0.9
2019-10-27 05:16:01,pm10,1.9
2019-10-27 05:17:01,pm2.5,0.9
2019-10-27 05:17:01,pm10,2.0
2019-10-27 05:18:01,pm2.5,0.9
2019-10-27 05:18:01,pm10,1.7
2019-10-27 05:19:00,pm2.5,0.9
2019-10-27 05:19:00,pm10,2.3
2019-10-27 05:20:00,pm2.5,0.8
2019-10-27 05:20:00,pm10,1.9
2019-10-27 05:21:00,pm2.5,0.8
2019-10-27 05:21:00,pm10,1.7
2019-10-27 05:22:00,pm2.5,1.0
2019-10-27 05:22:00,pm10,2.3
2019-10-27 05:23:00,pm2.5,0.8
2019-10-27 05:23:00,pm10,1.4
2019-10-27 05:24:00,pm2.5,1.0
2019-10-27 05:24:00,pm10,2.1
2019-10-27 05:25:00,pm2.5,0.9
2019-10-27 05:25:00,pm10,2.0
2019-10-27 05:26:00,pm2.5,0.8
2019-10-27 05:26:00,pm10,1.6
2019-10-27 05:27:00,pm2.5,0.6
2019-10-27 05:27:01,pm10,1.2
2019-10-27 05:28:00,pm2.5,0.7
2019-10-27 05:28:01,pm10,1.6
2019-10-27 05:29:01,pm2.5,0.6
2019-10-27 05:29:01,pm10,1.3
2019-10-27 05:30:01,pm2.5,0.8
2019-10-27 05:30:01,pm10,1.4
2019-10-27 05:31:01,pm2.5,0.7
2019-10-27 05:31:01,pm10,1.3
2019-10-27 05:32:01,pm2.5,0.6
2019-10-27 05:32:01,pm10,1.1
2019-10-27 05:33:01,pm2.5,0.6
2019-10-27 05:33:01,pm10,1.2
2019-10-27 05:34:01,pm2.5,0.7
2019-10-27 05:34:01,pm10,1.3
2019-10-27 05:35:01,pm2.5,0.5
2019-10-27 05:35:01,pm10,1.0
2019-10-27 05:37:00,pm2.5,0.5
2019-10-27 05:37:00,pm10,0.9
2019-10-27 05:38:00,pm2.5,0.6
2019-10-27 05:38:00,pm10,0.9
2019-10-27 05:39:00,pm2.5,0.7
2019-10-27 05:39:00,pm10,1.1
2019-10-27 05:40:00,pm2.5,0.6
2019-10-27 05:40:00,pm10,1.1
2019-10-27 05:41:00,pm2.5,0.7
2019-10-27 05:41:00,pm10,1.4
2019-10-27 05:42:00,pm2.5,0.6
2019-10-27 05:42:00,pm10,1.0
2019-10-27 05:43:00,pm2.5,0.5
2019-10-27 05:43:01,pm10,1.1
2019-10-27 05:44:00,pm2.5,0.7
2019-10-27 05:44:01,pm10,1.4
2019-10-27 05:45:00,pm2.5,0.5
2019-10-27 05:45:01,pm10,1.0
2019-10-27 05:46:01,pm2.5,0.7
2019-10-27 05:46:01,pm10,1.3
2019-10-27 05:47:01,pm2.5,0.7
2019-10-27 05:47:01,pm10,1.6
2019-10-27 05:48:01,pm2.5,0.5
2019-10-27 05:48:01,pm10,1.0
2019-10-27 05:49:01,pm2.5,0.5
2019-10-27 05:49:01,pm10,0.9
2019-10-27 05:50:01,pm2.5,0.5
2019-10-27 05:50:01,pm10,1.0
2019-10-27 05:51:01,pm2.5,0.5
2019-10-27 05:51:01,pm10,0.8
2019-10-27 05:52:01,pm2.5,0.5
2019-10-27 05:52:01,pm10,0.9
2019-10-27 05:53:00,pm2.5,0.5
2019-10-27 05:53:00,pm10,0.9
2019-10-27 05:54:00,pm2.5,0.5
2019-10-27 05:54:00,pm10,0.8
2019-10-27 05:55:00,pm2.5,0.4
2019-10-27 05:55:00,pm10,0.6
2019-10-27 05:56:00,pm2.5,0.5
2019-10-27 05:56:00,pm10,0.9
2019-10-27 05:57:00,pm2.5,0.4
2019-10-27 05:57:00,pm10,0.7
2019-10-27 05:58:00,pm2.5,0.4
2019-10-27 05:58:00,pm10,0.8
2019-10-27 05:59:00,pm2.5,0.5
2019-10-27 05:59:00,pm10,0.8
2019-10-27 06:00:00,pm2.5,0.4
2019-10-27 06:00:01,pm10,0.8
2019-10-27 06:01:00,pm2.5,0.5
2019-10-27 06:01:01,pm10,0.8
2019-10-27 06:02:01,pm2.5,0.3
2019-10-27 06:02:01,pm10,0.5
2019-10-27 06:03:01,pm2.5,0.5
2019-10-27 06:03:01,pm10,1.0
2019-10-27 06:04:01,pm2.5,0.4
2019-10-27 06:04:01,pm10,0.6
2019-10-27 06:05:01,pm2.5,0.3
2019-10-27 06:05:01,pm10,0.6
2019-10-27 06:06:01,pm2.5,0.4
2019-10-27 06:06:01,pm10,0.8
2019-10-27 06:07:01,pm2.5,0.4
2019-10-27 06:07:01,pm10,0.6
2019-10-27 06:08:01,pm2.5,0.4
2019-10-27 06:08:01,pm10,0.5
2019-10-27 06:09:00,pm2.5,0.4
2019-10-27 06:09:00,pm10,0.7
2019-10-27 06:10:00,pm2.5,0.4
2019-10-27 06:10:00,pm10,0.7
2019-10-27 06:11:00,pm2.5,0.4
2019-10-27 06:11:01,pm10,0.7
2019-10-27 06:12:00,pm2.5,0.4
2019-10-27 06:12:00,pm10,0.5
2019-10-27 06:13:00,pm2.5,0.3
2019-10-27 06:13:00,pm10,0.4
2019-10-27 06:14:00,pm2.5,0.3
2019-10-27 06:14:00,pm10,0.5
2019-10-27 06:15:00,pm2.5,0.4
2019-10-27 06:15:01,pm10,0.5
2019-10-27 06:16:00,pm2.5,0.3
2019-10-27 06:16:01,pm10,0.3
2019-10-27 06:17:01,pm2.5,0.3
2019-10-27 06:17:01,pm10,0.4
2019-10-27 06:18:01,pm2.5,0.3
2019-10-27 06:18:01,pm10,0.4
2019-10-27 06:19:01,pm2.5,0.3
2019-10-27 06:19:01,pm10,0.4
2019-10-27 06:20:01,pm2.5,0.3
2019-10-27 06:20:01,pm10,0.4
2019-10-27 06:21:01,pm2.5,0.3
2019-10-27 06:21:01,pm10,0.4
2019-10-27 06:22:01,pm2.5,0.3
2019-10-27 06:22:01,pm10,0.9
2019-10-27 06:23:00,pm2.5,0.2
2019-10-27 06:23:00,pm10,0.3
2019-10-27 06:24:00,pm2.5,0.3
2019-10-27 06:24:00,pm10,0.4
2019-10-27 06:25:00,pm2.5,0.3
2019-10-27 06:25:00,pm10,0.3
2019-10-27 06:26:00,pm2.5,0.3
2019-10-27 06:26:00,pm10,0.3
2019-10-27 06:27:00,pm2.5,0.4
2019-10-27 06:27:00,pm10,0.6
2019-10-27 06:28:00,pm2.5,0.2
2019-10-27 06:28:00,pm10,0.3
2019-10-27 06:29:00,pm2.5,0.3
2019-10-27 06:29:00,pm10,0.5
2019-10-27 06:30:00,pm2.5,0.3
2019-10-27 06:30:01,pm10,0.3
2019-10-27 06:31:01,pm2.5,0.2
2019-10-27 06:31:01,pm10,0.2
2019-10-27 06:32:01,pm2.5,0.3
2019-10-27 06:32:01,pm10,0.4
2019-10-27 06:33:01,pm2.5,0.3
2019-10-27 06:33:01,pm10,0.4
2019-10-27 06:34:01,pm2.5,0.3
2019-10-27 06:34:01,pm10,0.3
2019-10-27 06:35:01,pm2.5,0.2
2019-10-27 06:35:01,pm10,0.3
2019-10-27 06:36:01,pm2.5,0.2
2019-10-27 06:36:01,pm10,0.2
2019-10-27 06:37:01,pm2.5,0.2
2019-10-27 06:37:01,pm10,0.4
2019-10-27 06:38:00,pm2.5,0.2
2019-10-27 06:38:00,pm10,0.3
2019-10-27 06:39:00,pm2.5,0.2
2019-10-27 06:39:00,pm10,0.2
2019-10-27 06:40:00,pm2.5,0.2
2019-10-27 06:40:00,pm10,0.2
2019-10-27 06:41:00,pm2.5,0.2
2019-10-27 06:41:00,pm10,0.2
2019-10-27 06:42:00,pm2.5,0.2
2019-10-27 06:42:00,pm10,0.5
2019-10-27 06:43:00,pm2.5,0.2
2019-10-27 06:43:00,pm10,0.2
2019-10-27 06:44:00,pm2.5,0.2
2019-10-27 06:44:00,pm10,0.2
2019-10-27 06:45:00,pm2.5,0.2
2019-10-27 06:45:01,pm10,0.2
2019-10-27 06:46:01,pm2.5,0.2
2019-10-27 06:46:01,pm10,0.3
2019-10-27 06:47:01,pm2.5,0.2
2019-10-27 06:47:01,pm10,0.2
2019-10-27 06:48:01,pm2.5,0.2
2019-10-27 06:48:01,pm10,0.3
2019-10-27 06:49:01,pm2.5,0.2
2019-10-27 06:49:01,pm10,0.2
2019-10-27 06:50:01,pm2.5,0.2
2019-10-27 06:50:01,pm10,0.2
2019-10-27 06:51:01,pm2.5,0.1
2019-10-27 06:51:01,pm10,0.1
2019-10-27 06:52:01,pm2.5,0.2
2019-10-27 06:52:01,pm10,0.4
2019-10-27 06:53:00,pm2.5,0.2
2019-10-27 06:53:00,pm10,0.2
2019-10-27 06:54:00,pm2.5,0.2
2019-10-27 06:54:00,pm10,0.2
2019-10-27 06:55:00,pm2.5,0.2
2019-10-27 06:55:00,pm10,0.2
2019-10-27 06:56:00,pm2.5,0.2
2019-10-27 06:56:00,pm10,0.5
2019-10-27 06:57:00,pm2.5,0.2
2019-10-27 06:57:00,pm10,0.2
2019-10-27 06:58:00,pm2.5,0.1
2019-10-27 06:58:00,pm10,0.1
2019-10-27 06:59:00,pm2.5,0.2
2019-10-27 06:59:01,pm10,0.2
2019-10-27 07:00:00,pm2.5,0.2
2019-10-27 07:00:01,pm10,0.2
2019-10-27 07:01:01,pm2.5,0.2
2019-10-27 07:01:01,pm10,0.2
2019-10-27 07:02:01,pm2.5,0.1
2019-10-27 07:02:01,pm10,0.1
2019-10-27 07:03:01,pm2.5,0.2
2019-10-27 07:03:01,pm10,0.2
2019-10-27 07:04:01,pm2.5,0.2
2019-10-27 07:04:01,pm10,0.2
2019-10-27 07:05:01,pm2.5,0.2
2019-10-27 07:05:01,pm10,0.2
2019-10-27 07:06:01,pm2.5,0.2
2019-10-27 07:06:01,pm10,0.2
2019-10-27 07:07:01,pm2.5,0.2
2019-10-27 07:07:01,pm10,0.2
2019-10-27 07:08:00,pm2.5,0.2
2019-10-27 07:08:00,pm10,0.2
2019-10-27 07:09:00,pm2.5,0.2
2019-10-27 07:09:00,pm10,0.2
2019-10-27 07:10:00,pm2.5,0.2
2019-10-27 07:10:00,pm10,0.2
2019-10-27 07:11:00,pm2.5,0.1
2019-10-27 07:11:00,pm10,0.1
2019-10-27 07:12:00,pm2.5,0.2
2019-10-27 07:12:00,pm10,0.2
2019-10-27 07:13:00,pm2.5,0.1
2019-10-27 07:13:00,pm10,0.1
2019-10-27 07:14:00,pm2.5,0.1
2019-10-27 07:14:00,pm10,0.1
2019-10-27 07:15:00,pm2.5,0.1
2019-10-27 07:15:01,pm10,0.1
2019-10-27 07:16:01,pm2.5,0.1
2019-10-27 07:16:01,pm10,0.1
2019-10-27 07:17:01,pm2.5,0.1
2019-10-27 07:17:01,pm10,0.1
2019-10-27 07:18:01,pm2.5,0.1
2019-10-27 07:18:01,pm10,0.1
2019-10-27 07:19:01,pm2.5,0.1
2019-10-27 07:19:01,pm10,0.1
2019-10-27 07:20:01,pm2.5,0.1
2019-10-27 07:20:01,pm10,0.1
2019-10-27 07:21:01,pm2.5,0.2
2019-10-27 07:21:01,pm10,0.3
2019-10-27 07:22:01,pm2.5,0.1
2019-10-27 07:22:01,pm10,0.1
2019-10-27 07:23:00,pm2.5,0.1
2019-10-27 07:23:00,pm10,0.1
2019-10-27 07:24:00,pm2.5,0.1
2019-10-27 07:24:00,pm10,0.1
2019-10-27 07:25:00,pm2.5,0.2
2019-10-27 07:25:00,pm10,0.3
2019-10-27 07:26:00,pm2.5,0.1
2019-10-27 07:26:00,pm10,0.1
2019-10-27 07:27:00,pm2.5,0.1
2019-10-27 07:27:00,pm10,0.1
2019-10-27 07:28:00,pm2.5,0.1
2019-10-27 07:28:00,pm10,0.1
2019-10-27 07:29:00,pm2.5,0.1
2019-10-27 07:29:01,pm10,0.1
2019-10-27 07:30:00,pm2.5,0.1
2019-10-27 07:30:01,pm10,0.1
2019-10-27 07:31:01,pm2.5,0.1
2019-10-27 07:31:01,pm10,0.1
2019-10-27 07:32:01,pm2.5,0.2
2019-10-27 07:32:01,pm10,0.2
2019-10-27 07:33:01,pm2.5,0.1
2019-10-27 07:33:01,pm10,0.1
2019-10-27 07:34:01,pm2.5,0.1
2019-10-27 07:34:01,pm10,0.1
2019-10-27 07:35:01,pm2.5,0.1
2019-10-27 07:35:01,pm10,0.1
2019-10-27 07:36:01,pm2.5,0.1
2019-10-27 07:36:01,pm10,0.1
2019-10-27 07:37:00,pm2.5,0.2
2019-10-27 07:37:00,pm10,0.2
2019-10-27 07:38:00,pm2.5,0.1
2019-10-27 07:38:00,pm10,0.1
2019-10-27 07:39:00,pm2.5,0.1
2019-10-27 07:39:00,pm10,0.1
2019-10-27 07:40:00,pm2.5,0.1
2019-10-27 07:40:00,pm10,0.1
2019-10-27 07:41:00,pm2.5,0.1
2019-10-27 07:41:00,pm10,0.1
2019-10-27 07:42:00,pm2.5,0.1
2019-10-27 07:42:00,pm10,0.1
2019-10-27 07:43:00,pm2.5,0.1
2019-10-27 07:43:01,pm10,0.1
2019-10-27 07:44:00,pm2.5,0.2
2019-10-27 07:44:01,pm10,0.4
2019-10-27 07:45:01,pm2.5,0.1
2019-10-27 07:45:01,pm10,0.1
2019-10-27 07:46:01,pm2.5,0.1
2019-10-27 07:46:01,pm10,0.1
2019-10-27 07:47:01,pm2.5,0.1
2019-10-27 07:47:01,pm10,0.1
2019-10-27 07:48:01,pm2.5,0.1
2019-10-27 07:48:01,pm10,0.1
2019-10-27 07:49:01,pm2.5,0.1
2019-10-27 07:49:01,pm10,0.1
2019-10-27 07:50:01,pm2.5,0.1
2019-10-27 07:50:01,pm10,0.1
2019-10-27 07:51:00,pm2.5,0.1
2019-10-27 07:51:00,pm10,0.1
2019-10-27 07:52:00,pm2.5,0.1
2019-10-27 07:52:00,pm10,0.1
2019-10-27 07:53:00,pm2.5,0.1
2019-10-27 07:53:00,pm10,0.1
2019-10-27 07:54:00,pm2.5,0.1
2019-10-27 07:54:00,pm10,0.1
2019-10-27 07:55:00,pm2.5,0.1
2019-10-27 07:55:00,pm10,0.1
2019-10-27 07:56:00,pm2.5,0.1
2019-10-27 07:56:00,pm10,0.1
2019-10-27 07:57:00,pm2.5,0.1
2019-10-27 07:57:01,pm10,0.1
2019-10-27 07:58:00,pm2.5,0.1
2019-10-27 07:58:01,pm10,0.1
2019-10-27 07:59:01,pm2.5,0.1
2019-10-27 07:59:01,pm10,0.1
2019-10-27 08:00:01,pm2.5,0.1
2019-10-27 08:00:01,pm10,0.1
2019-10-27 08:01:01,pm2.5,0.1
2019-10-27 08:01:01,pm10,0.1
2019-10-27 08:02:01,pm2.5,0.1
2019-10-27 08:02:01,pm10,0.1
2019-10-27 08:03:01,pm2.5,0.1
2019-10-27 08:03:01,pm10,0.1
2019-10-27 08:04:01,pm2.5,0.1
2019-10-27 08:04:01,pm10,0.1
2019-10-27 08:05:01,pm2.5,0.1
2019-10-27 08:05:01,pm10,0.1
2019-10-27 08:06:00,pm2.5,0.1
2019-10-27 08:06:00,pm10,0.2
2019-10-27 08:07:00,pm2.5,0.1
2019-10-27 08:07:00,pm10,0.3
2019-10-27 08:08:00,pm2.5,0.1
2019-10-27 08:08:00,pm10,0.1
2019-10-27 08:09:00,pm2.5,0.1
2019-10-27 08:09:00,pm10,0.1
2019-10-27 08:10:00,pm2.5,0.1
2019-10-27 08:10:00,pm10,0.1
2019-10-27 08:11:00,pm2.5,0.1
2019-10-27 08:11:00,pm10,0.1
2019-10-27 08:12:00,pm2.5,0.1
2019-10-27 08:12:00,pm10,0.1
2019-10-27 08:13:00,pm2.5,0.1
2019-10-27 08:13:01,pm10,0.1
2019-10-27 08:14:01,pm2.5,0.1
2019-10-27 08:14:01,pm10,0.1
2019-10-27 08:15:01,pm2.5,0.1
2019-10-27 08:15:01,pm10,0.1
2019-10-27 08:16:01,pm2.5,0.1
2019-10-27 08:16:01,pm10,0.1
2019-10-27 08:17:01,pm2.5,0.1
2019-10-27 08:17:01,pm10,0.1
2019-10-27 08:18:01,pm2.5,0.1
2019-10-27 08:18:01,pm10,0.1
2019-10-27 08:19:01,pm2.5,0.1
2019-10-27 08:19:01,pm10,0.1
2019-10-27 08:20:00,pm2.5,0.1
2019-10-27 08:20:00,pm10,0.1
2019-10-27 08:21:00,pm2.5,0.1
2019-10-27 08:21:00,pm10,0.1
2019-10-27 08:22:00,pm2.5,0.1
2019-10-27 08:22:00,pm10,0.1
2019-10-27 08:23:00,pm2.5,0.1
2019-10-27 08:23:00,pm10,0.1
2019-10-27 08:24:00,pm2.5,0.1
2019-10-27 08:24:00,pm10,0.1
2019-10-27 08:25:00,pm2.5,0.1
2019-10-27 08:25:00,pm10,0.1
2019-10-27 08:26:00,pm2.5,0.1
2019-10-27 08:26:00,pm10,0.1
2019-10-27 08:27:00,pm2.5,0.1
2019-10-27 08:27:01,pm10,0.1
2019-10-27 08:28:00,pm2.5,0.1
2019-10-27 08:28:01,pm10,0.2
2019-10-27 08:29:01,pm2.5,0.1
2019-10-27 08:29:01,pm10,0.1
2019-10-27 08:30:01,pm2.5,0.1
2019-10-27 08:30:01,pm10,0.1
2019-10-27 08:31:01,pm2.5,0.1
2019-10-27 08:31:01,pm10,0.1
2019-10-27 08:32:01,pm2.5,0.1
2019-10-27 08:32:01,pm10,0.1
2019-10-27 08:33:01,pm2.5,0.1
2019-10-27 08:33:01,pm10,0.1
2019-10-27 08:34:01,pm2.5,0.1
2019-10-27 08:34:01,pm10,0.1
2019-10-27 08:35:01,pm2.5,0.1
2019-10-27 08:35:01,pm10,0.1
2019-10-27 08:37:00,pm2.5,0.1
2019-10-27 08:37:00,pm10,0.1
2019-10-27 08:38:00,pm2.5,0.1
2019-10-27 08:38:00,pm10,0.1
2019-10-27 08:39:00,pm2.5,0.1
2019-10-27 08:39:00,pm10,0.1
2019-10-27 08:40:00,pm2.5,0.1
2019-10-27 08:40:00,pm10,0.1
2019-10-27 08:41:00,pm2.5,0.1
2019-10-27 08:41:00,pm10,0.1
2019-10-27 08:42:00,pm2.5,0.1
2019-10-27 08:42:00,pm10,0.1
2019-10-27 08:43:00,pm2.5,0.1
2019-10-27 08:43:00,pm10,0.1
2019-10-27 08:44:00,pm2.5,0.1
2019-10-27 08:44:01,pm10,0.1
2019-10-27 08:45:01,pm2.5,0.1
2019-10-27 08:45:01,pm10,0.1
2019-10-27 08:46:01,pm2.5,0.1
2019-10-27 08:46:01,pm10,0.1
2019-10-27 08:47:01,pm2.5,0.1
2019-10-27 08:47:01,pm10,0.1
2019-10-27 08:48:01,pm2.5,0.1
2019-10-27 08:48:01,pm10,0.1
2019-10-27 08:49:01,pm2.5,0.1
2019-10-27 08:49:01,pm10,0.1
2019-10-27 08:50:01,pm2.5,0.0
2019-10-27 08:50:01,pm10,0.0
2019-10-27 08:51:01,pm2.5,0.1
2019-10-27 08:51:01,pm10,0.1
2019-10-27 08:52:00,pm2.5,0.1
2019-10-27 08:52:00,pm10,0.1
2019-10-27 08:53:00,pm2.5,0.1
2019-10-27 08:53:00,pm10,0.1
2019-10-27 08:54:00,pm2.5,0.1
2019-10-27 08:54:00,pm10,0.1
2019-10-27 08:55:00,pm2.5,0.1
2019-10-27 08:55:00,pm10,0.1
2019-10-27 08:56:00,pm2.5,0.1
2019-10-27 08:56:00,pm10,0.1
2019-10-27 08:57:00,pm2.5,0.1
2019-10-27 08:57:00,pm10,0.1
2019-10-27 08:58:00,pm2.5,0.1
2019-10-27 08:58:01,pm10,0.1
2019-10-27 08:59:01,pm2.5,0.1
2019-10-27 08:59:01,pm10,0.1
2019-10-27 09:00:01,pm2.5,0.1
2019-10-27 09:00:01,pm10,0.1
2019-10-27 09:01:01,pm2.5,0.1
2019-10-27 09:01:01,pm10,0.1
2019-10-27 09:02:01,pm2.5,0.1
2019-10-27 09:02:01,pm10,0.1
2019-10-27 09:03:01,pm2.5,0.1
2019-10-27 09:03:01,pm10,0.1
2019-10-27 09:04:01,pm2.5,0.1
2019-10-27 09:04:01,pm10,0.1
2019-10-27 09:05:01,pm2.5,0.1
2019-10-27 09:05:01,pm10,0.1
2019-10-27 09:06:00,pm2.5,0.1
2019-10-27 09:06:00,pm10,0.3
2019-10-27 09:07:00,pm2.5,0.1
2019-10-27 09:07:00,pm10,0.1
2019-10-27 09:08:00,pm2.5,0.1
2019-10-27 09:08:00,pm10,0.1
2019-10-27 09:09:00,pm2.5,0.1
2019-10-27 09:09:00,pm10,0.1
2019-10-27 09:10:00,pm2.5,0.1
2019-10-27 09:10:00,pm10,0.1
2019-10-27 09:11:00,pm2.5,0.1
2019-10-27 09:11:00,pm10,0.1
2019-10-27 09:12:00,pm2.5,0.1
2019-10-27 09:12:01,pm10,0.1
2019-10-27 09:13:00,pm2.5,0.1
2019-10-27 09:13:01,pm10,0.1
2019-10-27 09:14:01,pm2.5,0.1
2019-10-27 09:14:01,pm10,0.1
2019-10-27 09:15:01,pm2.5,0.1
2019-10-27 09:15:01,pm10,0.1
2019-10-27 09:16:01,pm2.5,0.1
2019-10-27 09:16:01,pm10,0.1
2019-10-27 09:17:01,pm2.5,0.1
2019-10-27 09:17:01,pm10,0.1
2019-10-27 09:18:01,pm2.5,0.1
2019-10-27 09:18:01,pm10,0.1
2019-10-27 09:19:01,pm2.5,0.1
2019-10-27 09:19:01,pm10,0.1
2019-10-27 09:21:00,pm2.5,0.0
2019-10-27 09:21:00,pm10,0.0
2019-10-27 09:22:00,pm2.5,0.0
2019-10-27 09:22:00,pm10,0.0
2019-10-27 09:23:00,pm2.5,0.1
2019-10-27 09:23:00,pm10,0.1
2019-10-27 09:24:00,pm2.5,0.1
2019-10-27 09:24:00,pm10,0.1
2019-10-27 09:25:00,pm2.5,0.1
2019-10-27 09:25:00,pm10,0.1
2019-10-27 09:26:00,pm2.5,0.1
2019-10-27 09:26:00,pm10,0.1
2019-10-27 09:27:00,pm2.5,0.1
2019-10-27 09:27:00,pm10,0.1
2019-10-27 09:28:00,pm2.5,0.1
2019-10-27 09:28:01,pm10,0.1
2019-10-27 09:29:00,pm2.5,0.1
2019-10-27 09:29:01,pm10,0.1
2019-10-27 09:30:01,pm2.5,0.1
2019-10-27 09:30:01,pm10,0.1
2019-10-27 09:31:01,pm2.5,0.1
2019-10-27 09:31:01,pm10,0.1
2019-10-27 09:32:01,pm2.5,0.1
2019-10-27 09:32:01,pm10,0.1
2019-10-27 09:33:01,pm2.5,0.1
2019-10-27 09:33:01,pm10,0.1
2019-10-27 09:34:01,pm2.5,0.1
2019-10-27 09:34:01,pm10,0.1
2019-10-27 09:35:01,pm2.5,0.1
2019-10-27 09:35:01,pm10,0.1
2019-10-27 09:36:01,pm2.5,0.1
2019-10-27 09:36:01,pm10,0.1
2019-10-27 09:37:00,pm2.5,0.1
2019-10-27 09:37:00,pm10,0.1
2019-10-27 09:38:00,pm2.5,0.1
2019-10-27 09:38:00,pm10,0.1
2019-10-27 09:39:00,pm2.5,0.1
2019-10-27 09:39:00,pm10,0.1
2019-10-27 09:40:00,pm2.5,0.1
2019-10-27 09:40:00,pm10,0.1
2019-10-27 09:41:00,pm2.5,0.1
2019-10-27 09:41:00,pm10,0.1
2019-10-27 09:42:00,pm2.5,0.1
2019-10-27 09:42:00,pm10,0.1
2019-10-27 09:43:00,pm2.5,0.2
2019-10-27 09:43:00,pm10,0.3
2019-10-27 09:44:00,pm2.5,0.1
2019-10-27 09:44:01,pm10,0.1
2019-10-27 09:45:00,pm2.5,0.1
2019-10-27 09:45:01,pm10,0.1
2019-10-27 09:46:01,pm2.5,0.1
2019-10-27 09:46:01,pm10,0.1
2019-10-27 09:47:01,pm2.5,0.1
2019-10-27 09:47:01,pm10,0.1
2019-10-27 09:48:01,pm2.5,0.1
2019-10-27 09:48:01,pm10,0.1
2019-10-27 09:49:01,pm2.5,0.1
2019-10-27 09:49:01,pm10,0.1
2019-10-27 09:50:01,pm2.5,0.1
2019-10-27 09:50:01,pm10,0.1
2019-10-27 09:51:01,pm2.5,0.1
2019-10-27 09:51:02,pm10,0.1
2019-10-27 09:52:01,pm2.5,0.1
2019-10-27 09:52:01,pm10,0.2
2019-10-27 09:53:00,pm2.5,0.1
2019-10-27 09:53:00,pm10,0.1
2019-10-27 09:54:00,pm2.5,0.1
2019-10-27 09:54:00,pm10,0.1
2019-10-27 09:55:00,pm2.5,0.1
2019-10-27 09:55:00,pm10,0.1
2019-10-27 09:56:00,pm2.5,0.1
2019-10-27 09:56:00,pm10,0.1
2019-10-27 09:57:00,pm2.5,0.1
2019-10-27 09:57:00,pm10,0.1
2019-10-27 09:58:00,pm2.5,0.1
2019-10-27 09:58:00,pm10,0.1
2019-10-27 09:59:00,pm2.5,0.1
2019-10-27 09:59:01,pm10,0.3
2019-10-27 10:00:00,pm2.5,0.1
2019-10-27 10:00:01,pm10,0.1
2019-10-27 10:01:01,pm2.5,0.1
2019-10-27 10:01:01,pm10,0.1
2019-10-27 10:02:01,pm2.5,0.0
2019-10-27 10:02:01,pm10,0.0
2019-10-27 10:03:01,pm2.5,0.0
2019-10-27 10:03:01,pm10,0.0
2019-10-27 10:04:01,pm2.5,0.1
2019-10-27 10:04:01,pm10,0.1
2019-10-27 10:05:01,pm2.5,0.1
2019-10-27 10:05:01,pm10,0.1
2019-10-27 10:06:01,pm2.5,0.1
2019-10-27 10:06:01,pm10,0.1
2019-10-27 10:07:01,pm2.5,0.1
2019-10-27 10:07:02,pm10,0.1
2019-10-27 10:08:01,pm2.5,0.1
2019-10-27 10:08:01,pm10,0.1
2019-10-27 10:09:00,pm2.5,0.1
2019-10-27 10:09:00,pm10,0.1
2019-10-27 10:10:00,pm2.5,0.1
2019-10-27 10:10:00,pm10,0.1
2019-10-27 10:11:00,pm2.5,0.0
2019-10-27 10:11:00,pm10,0.0
2019-10-27 10:12:00,pm2.5,0.1
2019-10-27 10:12:00,pm10,0.1
2019-10-27 10:13:00,pm2.5,0.1
2019-10-27 10:13:00,pm10,0.1
2019-10-27 10:14:00,pm2.5,0.1
2019-10-27 10:14:00,pm10,0.3
2019-10-27 10:15:00,pm2.5,0.1
2019-10-27 10:15:00,pm10,0.1
2019-10-27 10:16:00,pm2.5,0.1
2019-10-27 10:16:00,pm10,0.1
2019-10-27 10:17:00,pm2.5,0.1
2019-10-27 10:17:01,pm10,0.1
2019-10-27 10:18:01,pm2.5,0.1
2019-10-27 10:18:01,pm10,0.1
2019-10-27 10:19:01,pm2.5,0.1
2019-10-27 10:19:01,pm10,0.1
2019-10-27 10:20:01,pm2.5,0.1
2019-10-27 10:20:01,pm10,0.8
2019-10-27 10:21:01,pm2.5,0.1
2019-10-27 10:21:01,pm10,0.1
2019-10-27 10:22:01,pm2.5,0.1
2019-10-27 10:22:01,pm10,0.1
2019-10-27 10:23:01,pm2.5,0.1
2019-10-27 10:23:01,pm10,0.1
2019-10-27 10:24:01,pm2.5,0.1
2019-10-27 10:24:01,pm10,0.1
2019-10-27 10:25:00,pm2.5,0.1
2019-10-27 10:25:00,pm10,0.1
2019-10-27 10:26:00,pm2.5,0.1
2019-10-27 10:26:00,pm10,0.1
2019-10-27 10:27:00,pm2.5,0.1
2019-10-27 10:27:00,pm10,0.1
2019-10-27 10:28:00,pm2.5,0.1
2019-10-27 10:28:00,pm10,0.1
2019-10-27 10:29:00,pm2.5,0.1
2019-10-27 10:29:00,pm10,0.1
2019-10-27 10:30:00,pm2.5,0.1
2019-10-27 10:30:00,pm10,0.1
2019-10-27 10:31:00,pm2.5,0.1
2019-10-27 10:31:00,pm10,0.1
2019-10-27 10:32:00,pm2.5,0.1
2019-10-27 10:32:01,pm10,0.1
2019-10-27 10:33:00,pm2.5,0.1
2019-10-27 10:33:01,pm10,0.1
2019-10-27 10:34:01,pm2.5,0.1
2019-10-27 10:34:01,pm10,0.1
2019-10-27 10:35:01,pm2.5,0.1
2019-10-27 10:35:01,pm10,0.1
2019-10-27 10:36:01,pm2.5,0.1
2019-10-27 10:36:01,pm10,0.1
2019-10-27 10:37:01,pm2.5,0.1
2019-10-27 10:37:01,pm10,0.1
2019-10-27 10:38:01,pm2.5,0.0
2019-10-27 10:38:01,pm10,0.0
2019-10-27 10:39:01,pm2.5,0.1
2019-10-27 10:39:01,pm10,0.1
2019-10-27 10:40:01,pm2.5,0.1
2019-10-27 10:40:01,pm10,0.1
2019-10-27 10:41:00,pm2.5,0.1
2019-10-27 10:41:00,pm10,0.2
2019-10-27 10:42:00,pm2.5,0.1
2019-10-27 10:42:00,pm10,0.1
2019-10-27 10:43:00,pm2.5,0.1
2019-10-27 10:43:00,pm10,0.3
2019-10-27 10:44:00,pm2.5,0.1
2019-10-27 10:44:00,pm10,0.1
2019-10-27 10:45:00,pm2.5,0.1
2019-10-27 10:45:00,pm10,0.1
2019-10-27 10:46:00,pm2.5,0.1
2019-10-27 10:46:01,pm10,0.1
2019-10-27 10:47:00,pm2.5,0.0
2019-10-27 10:47:00,pm10,0.0
2019-10-27 10:48:00,pm2.5,0.1
2019-10-27 10:48:01,pm10,0.1
2019-10-27 10:49:00,pm2.5,0.1
2019-10-27 10:49:01,pm10,0.1
2019-10-27 10:50:01,pm2.5,0.1
2019-10-27 10:50:01,pm10,0.1
2019-10-27 10:51:01,pm2.5,0.1
2019-10-27 10:51:01,pm10,0.1
2019-10-27 10:52:01,pm2.5,0.1
2019-10-27 10:52:01,pm10,0.1
2019-10-27 10:53:01,pm2.5,0.1
2019-10-27 10:53:01,pm10,0.1
2019-10-27 10:54:01,pm2.5,0.1
2019-10-27 10:54:01,pm10,0.1
2019-10-27 10:55:01,pm2.5,0.1
2019-10-27 10:55:01,pm10,0.1
2019-10-27 10:56:01,pm2.5,0.0
2019-10-27 10:56:01,pm10,0.0
2019-10-27 10:57:00,pm2.5,0.1
2019-10-27 10:57:00,pm10,0.1
2019-10-27 10:58:00,pm2.5,0.0
2019-10-27 10:58:00,pm10,0.0
2019-10-27 10:59:00,pm2.5,0.1
2019-10-27 10:59:00,pm10,0.1
2019-10-27 11:00:00,pm2.5,0.1
2019-10-27 11:00:00,pm10,0.1
2019-10-27 11:01:00,pm2.5,0.1
2019-10-27 11:01:00,pm10,0.1
2019-10-27 11:02:00,pm2.5,0.1
2019-10-27 11:02:00,pm10,0.1
2019-10-27 11:03:00,pm2.5,0.1
2019-10-27 11:03:00,pm10,0.1
2019-10-27 11:04:00,pm2.5,0.1
2019-10-27 11:04:00,pm10,0.1
2019-10-27 11:05:00,pm2.5,0.1
2019-10-27 11:05:01,pm10,0.1
2019-10-27 11:06:00,pm2.5,0.0
2019-10-27 11:06:01,pm10,0.0
2019-10-27 11:07:01,pm2.5,0.1
2019-10-27 11:07:01,pm10,0.1
2019-10-27 11:08:01,pm2.5,0.0
2019-10-27 11:08:01,pm10,0.0
2019-10-27 11:09:01,pm2.5,0.0
2019-10-27 11:09:01,pm10,0.0
2019-10-27 11:10:01,pm2.5,0.1
2019-10-27 11:10:01,pm10,0.1
2019-10-27 11:11:01,pm2.5,0.1
2019-10-27 11:11:01,pm10,0.1
2019-10-27 11:12:01,pm2.5,0.1
2019-10-27 11:12:01,pm10,0.1
2019-10-27 11:13:01,pm2.5,0.1
2019-10-27 11:13:01,pm10,0.1
2019-10-27 11:14:00,pm2.5,0.1
2019-10-27 11:14:00,pm10,0.1
2019-10-27 11:15:00,pm2.5,0.1
2019-10-27 11:15:00,pm10,0.1
2019-10-27 11:16:00,pm2.5,0.1
2019-10-27 11:16:00,pm10,0.1
2019-10-27 11:17:00,pm2.5,0.1
2019-10-27 11:17:00,pm10,0.1
2019-10-27 11:18:00,pm2.5,0.1
2019-10-27 11:18:00,pm10,0.1
2019-10-27 11:19:00,pm2.5,0.1
2019-10-27 11:19:00,pm10,0.1
2019-10-27 11:20:00,pm2.5,0.1
2019-10-27 11:20:00,pm10,0.3
2019-10-27 11:21:00,pm2.5,0.1
2019-10-27 11:21:01,pm10,0.1
2019-10-27 11:22:01,pm2.5,0.1
2019-10-27 11:22:01,pm10,0.3
2019-10-27 11:23:01,pm2.5,0.1
2019-10-27 11:23:01,pm10,0.1
2019-10-27 11:24:01,pm2.5,0.1
2019-10-27 11:24:01,pm10,0.1
2019-10-27 11:25:01,pm2.5,0.1
2019-10-27 11:25:01,pm10,0.1
2019-10-27 11:26:01,pm2.5,0.1
2019-10-27 11:26:01,pm10,0.1
2019-10-27 11:27:01,pm2.5,0.1
2019-10-27 11:27:01,pm10,0.1
2019-10-27 11:28:01,pm2.5,0.1
2019-10-27 11:28:01,pm10,0.1
2019-10-27 11:30:00,pm2.5,0.1
2019-10-27 11:30:00,pm10,0.1
2019-10-27 11:31:00,pm2.5,0.1
2019-10-27 11:31:00,pm10,0.1
2019-10-27 11:32:00,pm2.5,0.1
2019-10-27 11:32:00,pm10,0.1
2019-10-27 11:33:00,pm2.5,0.1
2019-10-27 11:33:00,pm10,0.1
2019-10-27 11:34:00,pm2.5,0.1
2019-10-27 11:34:00,pm10,0.1
2019-10-27 11:35:00,pm2.5,0.1
2019-10-27 11:35:00,pm10,0.1
2019-10-27 11:36:00,pm2.5,0.1
2019-10-27 11:36:00,pm10,0.1
2019-10-27 11:37:00,pm2.5,0.1
2019-10-27 11:37:01,pm10,0.1
2019-10-27 11:38:00,pm2.5,0.1
2019-10-27 11:38:01,pm10,0.1
2019-10-27 11:39:01,pm2.5,0.1
2019-10-27 11:39:01,pm10,0.1
2019-10-27 11:40:01,pm2.5,0.1
2019-10-27 11:40:01,pm10,0.1
2019-10-27 11:41:01,pm2.5,0.1
2019-10-27 11:41:01,pm10,0.1
2019-10-27 11:42:01,pm2.5,0.1
2019-10-27 11:42:01,pm10,0.1
2019-10-27 11:43:01,pm2.5,0.1
2019-10-27 11:43:01,pm10,0.1
2019-10-27 11:44:01,pm2.5,0.1
2019-10-27 11:44:01,pm10,0.1
2019-10-27 11:45:01,pm2.5,0.1
2019-10-27 11:45:01,pm10,0.1
2019-10-27 11:46:01,pm2.5,0.1
2019-10-27 11:46:01,pm10,0.1
2019-10-27 11:47:00,pm2.5,0.1
2019-10-27 11:47:00,pm10,0.1
2019-10-27 11:48:00,pm2.5,0.1
2019-10-27 11:48:00,pm10,0.1
2019-10-27 11:49:00,pm2.5,0.1
2019-10-27 11:49:00,pm10,0.1
2019-10-27 11:50:00,pm2.5,0.1
2019-10-27 11:50:00,pm10,0.1
2019-10-27 11:51:00,pm2.5,0.1
2019-10-27 11:51:00,pm10,0.1
2019-10-27 11:52:00,pm2.5,0.1
2019-10-27 11:52:00,pm10,0.1
2019-10-27 11:53:00,pm2.5,0.1
2019-10-27 11:53:00,pm10,0.1
2019-10-27 11:54:00,pm2.5,0.1
2019-10-27 11:54:01,pm10,0.1
2019-10-27 11:55:01,pm2.5,0.1
2019-10-27 11:55:01,pm10,0.1
2019-10-27 11:56:01,pm2.5,0.1
2019-10-27 11:56:01,pm10,0.1
2019-10-27 11:57:01,pm2.5,0.1
2019-10-27 11:57:01,pm10,0.1
2019-10-27 11:58:01,pm2.5,0.1
2019-10-27 11:58:01,pm10,0.1
2019-10-27 11:59:01,pm2.5,0.1
2019-10-27 11:59:01,pm10,0.1
2019-10-27 12:00:01,pm2.5,0.1
2019-10-27 12:00:01,pm10,0.3
2019-10-27 12:01:01,pm2.5,0.1
2019-10-27 12:01:01,pm10,0.1
2019-10-27 12:02:01,pm2.5,0.1
2019-10-27 12:02:01,pm10,0.1
2019-10-27 12:03:00,pm2.5,0.1
2019-10-27 12:03:00,pm10,0.1
2019-10-27 12:04:00,pm2.5,0.1
2019-10-27 12:04:00,pm10,0.1
2019-10-27 12:05:00,pm2.5,0.1
2019-10-27 12:05:00,pm10,0.1
2019-10-27 12:06:00,pm2.5,0.1
2019-10-27 12:06:00,pm10,0.1
2019-10-27 12:07:00,pm2.5,0.1
2019-10-27 12:07:00,pm10,0.1
2019-10-27 12:08:00,pm2.5,0.1
2019-10-27 12:08:00,pm10,0.1
2019-10-27 12:09:00,pm2.5,0.1
2019-10-27 12:09:00,pm10,0.1
2019-10-27 12:10:00,pm2.5,0.1
2019-10-27 12:10:01,pm10,0.1
2019-10-27 12:11:01,pm2.5,0.1
2019-10-27 12:11:01,pm10,0.1
2019-10-27 12:12:01,pm2.5,0.1
2019-10-27 12:12:01,pm10,0.1
2019-10-27 12:13:01,pm2.5,0.1
2019-10-27 12:13:01,pm10,0.1
2019-10-27 12:14:01,pm2.5,0.1
2019-10-27 12:14:01,pm10,0.1
2019-10-27 12:15:01,pm2.5,0.1
2019-10-27 12:15:01,pm10,0.1
2019-10-27 12:16:01,pm2.5,0.1
2019-10-27 12:16:01,pm10,0.1
2019-10-27 12:17:01,pm2.5,0.1
2019-10-27 12:17:01,pm10,0.1
2019-10-27 12:18:00,pm2.5,0.1
2019-10-27 12:18:00,pm10,0.1
2019-10-27 12:19:00,pm2.5,0.1
2019-10-27 12:19:00,pm10,0.1
2019-10-27 12:20:00,pm2.5,0.1
2019-10-27 12:20:01,pm10,0.1
2019-10-27 12:21:00,pm2.5,0.1
2019-10-27 12:21:00,pm10,0.1
2019-10-27 12:22:00,pm2.5,0.1
2019-10-27 12:22:00,pm10,0.4
2019-10-27 12:23:00,pm2.5,0.1
2019-10-27 12:23:00,pm10,0.1
2019-10-27 12:24:00,pm2.5,0.1
2019-10-27 12:24:00,pm10,0.1
2019-10-27 12:25:00,pm2.5,0.1
2019-10-27 12:25:00,pm10,0.1
2019-10-27 12:26:00,pm2.5,0.1
2019-10-27 12:26:01,pm10,0.1
2019-10-27 12:27:01,pm2.5,0.1
2019-10-27 12:27:01,pm10,0.1
2019-10-27 12:28:01,pm2.5,0.1
2019-10-27 12:28:01,pm10,0.1
2019-10-27 12:29:01,pm2.5,0.1
2019-10-27 12:29:01,pm10,0.2
2019-10-27 12:30:01,pm2.5,0.1
2019-10-27 12:30:01,pm10,0.1
2019-10-27 12:31:01,pm2.5,0.1
2019-10-27 12:31:01,pm10,0.1
2019-10-27 12:32:01,pm2.5,0.1
2019-10-27 12:32:01,pm10,0.4
2019-10-27 12:33:01,pm2.5,0.0
2019-10-27 12:33:01,pm10,0.0
2019-10-27 12:34:00,pm2.5,0.1
2019-10-27 12:34:00,pm10,0.1
2019-10-27 12:35:00,pm2.5,0.1
2019-10-27 12:35:00,pm10,0.1
2019-10-27 12:36:00,pm2.5,0.1
2019-10-27 12:36:00,pm10,0.1
2019-10-27 12:37:00,pm2.5,0.1
2019-10-27 12:37:00,pm10,0.1
2019-10-27 12:38:00,pm2.5,0.1
2019-10-27 12:38:00,pm10,0.3
2019-10-27 12:39:00,pm2.5,0.1
2019-10-27 12:39:00,pm10,0.1
2019-10-27 12:40:00,pm2.5,0.1
2019-10-27 12:40:00,pm10,0.1
2019-10-27 12:41:00,pm2.5,0.1
2019-10-27 12:41:00,pm10,0.1
2019-10-27 12:42:00,pm2.5,0.1
2019-10-27 12:42:01,pm10,0.1
2019-10-27 12:43:01,pm2.5,0.1
2019-10-27 12:43:01,pm10,0.1
2019-10-27 12:44:01,pm2.5,0.1
2019-10-27 12:44:01,pm10,0.1
2019-10-27 12:45:01,pm2.5,0.1
2019-10-27 12:45:01,pm10,0.1
2019-10-27 12:46:01,pm2.5,0.1
2019-10-27 12:46:01,pm10,0.1
2019-10-27 12:47:00,pm2.5,0.1
2019-10-27 12:47:00,pm10,0.1
2019-10-27 12:48:01,pm2.5,0.1
2019-10-27 12:48:01,pm10,0.1
2019-10-27 12:49:01,pm2.5,0.1
2019-10-27 12:49:01,pm10,0.1
2019-10-27 12:50:01,pm2.5,0.1
2019-10-27 12:50:01,pm10,0.1
2019-10-27 12:51:00,pm2.5,0.1
2019-10-27 12:51:00,pm10,0.1
2019-10-27 12:52:00,pm2.5,0.0
2019-10-27 12:52:00,pm10,0.0
2019-10-27 12:53:00,pm2.5,0.1
2019-10-27 12:53:00,pm10,0.1
2019-10-27 12:54:00,pm2.5,0.1
2019-10-27 12:54:00,pm10,0.1
2019-10-27 12:55:00,pm2.5,0.1
2019-10-27 12:55:00,pm10,0.1
2019-10-27 12:56:00,pm2.5,0.1
2019-10-27 12:56:00,pm10,0.1
2019-10-27 12:57:00,pm2.5,0.1
2019-10-27 12:57:00,pm10,0.1
2019-10-27 12:58:00,pm2.5,0.1
2019-10-27 12:58:01,pm10,0.1
2019-10-27 12:59:00,pm2.5,0.1
2019-10-27 12:59:01,pm10,0.1
2019-10-27 13:00:01,pm2.5,0.1
2019-10-27 13:00:01,pm10,0.1
2019-10-27 13:01:01,pm2.5,0.1
2019-10-27 13:01:01,pm10,0.1
2019-10-27 13:02:01,pm2.5,0.1
2019-10-27 13:02:01,pm10,0.1
2019-10-27 13:03:01,pm2.5,0.0
2019-10-27 13:03:01,pm10,0.0
2019-10-27 13:04:01,pm2.5,0.1
2019-10-27 13:04:01,pm10,0.1
2019-10-27 13:05:01,pm2.5,0.1
2019-10-27 13:05:01,pm10,0.1
2019-10-27 13:06:01,pm2.5,0.1
2019-10-27 13:06:01,pm10,0.1
2019-10-27 13:07:00,pm2.5,0.1
2019-10-27 13:07:00,pm10,0.1
2019-10-27 13:08:00,pm2.5,0.1
2019-10-27 13:08:00,pm10,0.1
2019-10-27 13:09:00,pm2.5,0.1
2019-10-27 13:09:00,pm10,0.1
2019-10-27 13:10:00,pm2.5,0.1
2019-10-27 13:10:00,pm10,0.1
2019-10-27 13:11:00,pm2.5,0.1
2019-10-27 13:11:00,pm10,0.1
2019-10-27 13:12:00,pm2.5,0.1
2019-10-27 13:12:00,pm10,0.1
2019-10-27 13:13:00,pm2.5,0.1
2019-10-27 13:13:00,pm10,0.1
2019-10-27 13:14:00,pm2.5,0.1
2019-10-27 13:14:01,pm10,0.1
2019-10-27 13:15:01,pm2.5,0.1
2019-10-27 13:15:01,pm10,0.1
2019-10-27 13:16:01,pm2.5,0.1
2019-10-27 13:16:01,pm10,0.1
2019-10-27 13:17:01,pm2.5,0.1
2019-10-27 13:17:01,pm10,0.1
2019-10-27 13:18:01,pm2.5,0.0
2019-10-27 13:18:01,pm10,0.0
2019-10-27 13:19:01,pm2.5,0.1
2019-10-27 13:19:01,pm10,0.1
2019-10-27 13:20:01,pm2.5,0.1
2019-10-27 13:20:01,pm10,0.1
2019-10-27 13:21:01,pm2.5,0.1
2019-10-27 13:21:01,pm10,0.1
2019-10-27 13:22:00,pm2.5,0.1
2019-10-27 13:22:00,pm10,0.1
2019-10-27 13:23:00,pm2.5,0.1
2019-10-27 13:23:00,pm10,0.1
2019-10-27 13:24:00,pm2.5,0.1
2019-10-27 13:24:00,pm10,0.1
2019-10-27 13:25:00,pm2.5,0.1
2019-10-27 13:25:00,pm10,0.1
2019-10-27 13:26:00,pm2.5,0.1
2019-10-27 13:26:00,pm10,0.1
2019-10-27 13:27:00,pm2.5,0.1
2019-10-27 13:27:00,pm10,0.2
2019-10-27 13:28:00,pm2.5,0.0
2019-10-27 13:28:01,pm10,0.0
2019-10-27 13:29:00,pm2.5,0.1
2019-10-27 13:29:01,pm10,0.1
2019-10-27 13:31:28,pm2.5,0.1
2019-10-27 13:31:28,pm10,0.1
2019-10-27 13:29:01,pm10,0.1
2019-10-27 13:32:19,pm2.5,0.1
2019-10-27 13:31:28,pm2.5,0.1
2019-10-27 13:32:19,pm10,0.1
2019-10-27 13:31:28,pm10,0.1
2019-10-27 13:32:50,pm2.5,0.1
2019-10-27 13:32:19,pm2.5,0.1
2019-10-27 13:32:19,pm10,0.1
2019-10-27 13:32:51,pm10,0.1
2019-10-27 13:32:50,pm2.5,0.1
2019-10-27 13:32:51,pm10,0.1
2019-10-27 13:33:01,pm2.5,0.1
2019-10-27 13:33:01,pm10,0.1
2019-10-27 13:37:00,pm10,0.1
2019-10-27 13:38:00,pm2.5,0.1
2019-10-27 13:38:00,pm10,0.1
2019-10-27 13:39:00,pm2.5,0.1
2019-10-27 13:39:00,pm10,0.1
2019-10-27 13:40:00,pm2.5,0.1
2019-10-27 13:40:00,pm10,0.1
2019-10-27 13:41:00,pm2.5,0.1
2019-10-27 13:41:00,pm10,0.1
2019-10-27 13:42:00,pm2.5,0.1
2019-10-27 13:42:00,pm10,0.1
2019-10-27 13:43:00,pm2.5,0.0
2019-10-27 13:43:00,pm10,0.0
2019-10-27 13:44:00,pm2.5,0.1
2019-10-27 13:44:01,pm10,0.1
2019-10-27 13:45:01,pm2.5,0.1
2019-10-27 13:45:01,pm10,0.1
2019-10-27 13:46:01,pm2.5,0.1
2019-10-27 13:46:01,pm10,0.2
2019-10-27 13:47:01,pm2.5,0.1
2019-10-27 13:47:01,pm10,0.1
2019-10-27 13:48:01,pm2.5,0.1
2019-10-27 13:48:01,pm10,0.1
2019-10-27 13:49:01,pm2.5,0.1
2019-10-27 13:49:01,pm10,0.1
2019-10-27 13:50:01,pm2.5,0.1
2019-10-27 13:50:01,pm10,0.1
2019-10-27 13:51:01,pm2.5,0.1
2019-10-27 13:51:01,pm10,0.1
2019-10-27 13:52:01,pm2.5,0.1
2019-10-27 13:52:01,pm10,0.1
2019-10-27 13:53:00,pm2.5,0.1
2019-10-27 13:53:00,pm10,0.2
2019-10-27 13:54:00,pm2.5,0.1
2019-10-27 13:54:00,pm10,0.1
2019-10-27 13:55:00,pm2.5,0.1
2019-10-27 13:55:00,pm10,0.1
2019-10-27 13:56:00,pm2.5,0.1
2019-10-27 13:56:00,pm10,0.1
2019-10-27 13:57:00,pm2.5,0.1
2019-10-27 13:57:00,pm10,0.2
2019-10-27 13:58:00,pm2.5,0.1
2019-10-27 13:58:00,pm10,0.1
2019-10-27 13:59:00,pm2.5,0.1
2019-10-27 13:59:00,pm10,0.1
2019-10-27 14:00:00,pm2.5,0.1
2019-10-27 14:00:01,pm10,0.1
2019-10-27 14:01:00,pm2.5,0.1
2019-10-27 14:01:01,pm10,0.1
2019-10-27 14:02:01,pm2.5,0.1
2019-10-27 14:02:01,pm10,0.1
2019-10-27 14:03:01,pm2.5,0.1
2019-10-27 14:03:01,pm10,0.1
2019-10-27 14:04:01,pm2.5,0.1
2019-10-27 14:04:01,pm10,0.1
2019-10-27 14:05:01,pm2.5,0.1
2019-10-27 14:05:01,pm10,0.1
2019-10-27 14:06:01,pm2.5,0.1
2019-10-27 14:06:01,pm10,0.1
2019-10-27 14:07:01,pm2.5,0.1
2019-10-27 14:07:01,pm10,0.1
2019-10-27 14:09:00,pm2.5,0.1
2019-10-27 14:09:00,pm10,0.1
2019-10-27 14:10:00,pm2.5,0.0
2019-10-27 14:10:00,pm10,0.0
2019-10-27 14:11:00,pm2.5,0.1
2019-10-27 14:11:00,pm10,0.1
2019-10-27 14:12:00,pm2.5,0.1
2019-10-27 14:12:00,pm10,0.6
2019-10-27 14:13:00,pm2.5,0.1
2019-10-27 14:13:00,pm10,0.1
2019-10-27 14:14:00,pm2.5,0.1
2019-10-27 14:14:00,pm10,0.1
2019-10-27 14:15:00,pm2.5,0.1
2019-10-27 14:15:00,pm10,0.1
2019-10-27 14:16:00,pm2.5,0.1
2019-10-27 14:16:01,pm10,0.1
2019-10-27 14:17:01,pm2.5,0.1
2019-10-27 14:17:01,pm10,0.2
2019-10-27 14:18:01,pm2.5,0.0
2019-10-27 14:18:01,pm10,0.0
2019-10-27 14:19:01,pm2.5,0.0
2019-10-27 14:19:01,pm10,0.0
2019-10-27 14:20:01,pm2.5,0.1
2019-10-27 14:20:01,pm10,0.1
2019-10-27 14:21:01,pm2.5,0.1
2019-10-27 14:21:01,pm10,0.1
2019-10-27 14:22:01,pm2.5,0.0
2019-10-27 14:22:01,pm10,0.0
2019-10-27 14:23:01,pm2.5,0.1
2019-10-27 14:23:01,pm10,0.1
2019-10-27 14:24:00,pm2.5,0.1
2019-10-27 14:24:00,pm10,0.1
2019-10-27 14:25:00,pm2.5,0.1
2019-10-27 14:25:00,pm10,0.1
2019-10-27 14:26:00,pm2.5,0.1
2019-10-27 14:26:00,pm10,0.1
2019-10-27 14:27:00,pm2.5,0.1
2019-10-27 14:27:00,pm10,0.1
2019-10-27 14:28:00,pm2.5,0.0
2019-10-27 14:28:00,pm10,0.0
2019-10-27 14:29:00,pm2.5,0.1
2019-10-27 14:29:00,pm10,0.1
2019-10-27 14:30:00,pm2.5,0.0
2019-10-27 14:30:01,pm10,0.0
2019-10-27 14:31:01,pm2.5,0.1
2019-10-27 14:31:01,pm10,0.1
2019-10-27 14:32:01,pm2.5,0.1
2019-10-27 14:32:01,pm10,0.1
2019-10-27 14:33:01,pm2.5,0.1
2019-10-27 14:33:01,pm10,0.1
2019-10-27 14:34:01,pm2.5,0.1
2019-10-27 14:34:01,pm10,0.1
2019-10-27 14:35:01,pm2.5,0.1
2019-10-27 14:35:01,pm10,0.1
2019-10-27 14:36:01,pm2.5,0.1
2019-10-27 14:36:01,pm10,0.1
2019-10-27 14:37:00,pm2.5,0.1
2019-10-27 14:37:00,pm10,0.1
2019-10-27 14:38:00,pm2.5,0.1
2019-10-27 14:38:00,pm10,0.1
2019-10-27 14:39:00,pm2.5,0.1
2019-10-27 14:39:00,pm10,0.1
2019-10-27 14:40:00,pm2.5,0.1
2019-10-27 14:40:00,pm10,0.1
2019-10-27 14:41:00,pm2.5,0.1
2019-10-27 14:41:00,pm10,0.1
2019-10-27 14:42:00,pm2.5,0.1
2019-10-27 14:42:00,pm10,0.1
2019-10-27 14:43:00,pm2.5,0.1
2019-10-27 14:43:00,pm10,0.1
2019-10-27 14:44:00,pm2.5,0.1
2019-10-27 14:44:01,pm10,0.1
2019-10-27 14:45:01,pm2.5,0.1
2019-10-27 14:45:01,pm10,0.1
2019-10-27 14:46:01,pm2.5,0.1
2019-10-27 14:46:01,pm10,0.1
2019-10-27 14:47:01,pm2.5,0.1
2019-10-27 14:47:01,pm10,0.1
2019-10-27 14:48:01,pm2.5,0.1
2019-10-27 14:48:01,pm10,0.1
2019-10-27 14:49:01,pm2.5,0.1
2019-10-27 14:49:01,pm10,0.2
2019-10-27 14:50:01,pm2.5,0.1
2019-10-27 14:50:01,pm10,0.1
2019-10-27 14:51:01,pm2.5,0.1
2019-10-27 14:51:01,pm10,0.1
2019-10-27 14:52:00,pm2.5,0.1
2019-10-27 14:52:00,pm10,0.1
2019-10-27 14:53:00,pm2.5,0.1
2019-10-27 14:53:00,pm10,0.1
2019-10-27 14:54:00,pm2.5,0.1
2019-10-27 14:54:00,pm10,0.1
2019-10-27 14:55:00,pm2.5,0.1
2019-10-27 14:55:00,pm10,0.1
2019-10-27 14:56:00,pm2.5,0.1
2019-10-27 14:56:00,pm10,0.1
2019-10-27 14:57:00,pm2.5,0.1
2019-10-27 14:57:00,pm10,0.1
2019-10-27 14:58:00,pm2.5,0.0
2019-10-27 14:58:00,pm10,0.0
2019-10-27 14:59:00,pm2.5,0.1
2019-10-27 14:59:01,pm10,0.1
2019-10-27 15:00:01,pm2.5,0.1
2019-10-27 15:00:01,pm10,0.1
2019-10-27 15:01:01,pm2.5,0.1
2019-10-27 15:01:01,pm10,0.1
2019-10-27 15:02:01,pm2.5,0.1
2019-10-27 15:02:01,pm10,0.1
2019-10-27 15:03:01,pm2.5,0.1
2019-10-27 15:03:01,pm10,0.1
2019-10-27 15:04:01,pm2.5,0.1
2019-10-27 15:04:01,pm10,0.1
2019-10-27 15:05:01,pm2.5,0.1
2019-10-27 15:05:01,pm10,0.1
2019-10-27 15:06:01,pm2.5,0.1
2019-10-27 15:06:01,pm10,0.1
2019-10-27 15:07:00,pm2.5,0.1
2019-10-27 15:07:00,pm10,0.1
2019-10-27 15:08:00,pm2.5,0.1
2019-10-27 15:08:00,pm10,0.1
2019-10-27 15:09:00,pm2.5,0.1
2019-10-27 15:09:00,pm10,0.2
2019-10-27 15:10:00,pm2.5,0.1
2019-10-27 15:10:00,pm10,0.1
2019-10-27 15:11:00,pm2.5,0.1
2019-10-27 15:11:00,pm10,0.2
2019-10-27 15:12:00,pm2.5,0.1
2019-10-27 15:12:00,pm10,0.1
2019-10-27 15:13:00,pm2.5,0.1
2019-10-27 15:13:01,pm10,0.1
2019-10-27 15:14:00,pm2.5,0.1
2019-10-27 15:14:01,pm10,0.1
2019-10-27 15:15:01,pm2.5,0.1
2019-10-27 15:15:01,pm10,0.1
2019-10-27 15:16:01,pm2.5,0.1
2019-10-27 15:16:01,pm10,0.1
2019-10-27 15:17:01,pm2.5,0.1
2019-10-27 15:17:01,pm10,0.1
2019-10-27 15:18:01,pm2.5,0.1
2019-10-27 15:18:01,pm10,0.1
2019-10-27 15:19:01,pm2.5,0.1
2019-10-27 15:19:01,pm10,0.1
2019-10-27 15:20:01,pm2.5,0.1
2019-10-27 15:20:01,pm10,0.1
2019-10-27 15:21:01,pm2.5,0.1
2019-10-27 15:21:01,pm10,0.1
2019-10-27 15:22:00,pm2.5,0.1
2019-10-27 15:22:00,pm10,0.1
2019-10-27 15:23:00,pm2.5,0.1
2019-10-27 15:23:00,pm10,0.1
2019-10-27 15:24:00,pm2.5,0.0
2019-10-27 15:24:00,pm10,0.0
2019-10-27 15:25:00,pm2.5,0.1
2019-10-27 15:25:00,pm10,0.1
2019-10-27 15:26:00,pm2.5,0.1
2019-10-27 15:26:00,pm10,0.1
2019-10-27 15:27:00,pm2.5,0.1
2019-10-27 15:27:00,pm10,0.1
2019-10-27 15:28:00,pm2.5,0.1
2019-10-27 15:28:00,pm10,0.1
2019-10-27 15:29:00,pm2.5,0.1
2019-10-27 15:29:01,pm10,0.2
2019-10-27 15:30:00,pm2.5,0.1
2019-10-27 15:30:01,pm10,0.1
2019-10-27 15:31:01,pm2.5,0.1
2019-10-27 15:31:01,pm10,0.1
2019-10-27 15:32:01,pm2.5,0.1
2019-10-27 15:32:01,pm10,0.1
2019-10-27 15:33:01,pm2.5,0.1
2019-10-27 15:33:01,pm10,0.1
2019-10-27 15:34:01,pm2.5,0.1
2019-10-27 15:34:01,pm10,0.1
2019-10-27 15:35:01,pm2.5,0.1
2019-10-27 15:35:01,pm10,0.1
2019-10-27 15:36:01,pm2.5,0.1
2019-10-27 15:36:01,pm10,0.1
2019-10-27 15:38:00,pm2.5,0.1
2019-10-27 15:38:00,pm10,0.1
2019-10-27 15:39:00,pm2.5,0.1
2019-10-27 15:39:00,pm10,0.1
2019-10-27 15:40:00,pm2.5,0.1
2019-10-27 15:40:00,pm10,0.1
2019-10-27 15:41:00,pm2.5,0.1
2019-10-27 15:41:00,pm10,0.1
2019-10-27 15:42:00,pm2.5,0.1
2019-10-27 15:42:00,pm10,0.1
2019-10-27 15:43:00,pm2.5,0.1
2019-10-27 15:43:00,pm10,0.1
2019-10-27 15:44:00,pm2.5,0.1
2019-10-27 15:44:01,pm10,0.1
2019-10-27 15:45:00,pm2.5,0.1
2019-10-27 15:45:01,pm10,0.1
2019-10-27 15:46:01,pm2.5,0.1
2019-10-27 15:46:01,pm10,0.1
2019-10-27 15:47:01,pm2.5,0.0
2019-10-27 15:47:01,pm10,0.0
2019-10-27 15:48:01,pm2.5,0.1
2019-10-27 15:48:01,pm10,0.1
2019-10-27 15:49:01,pm2.5,0.1
2019-10-27 15:49:01,pm10,0.1
2019-10-27 15:50:01,pm2.5,0.1
2019-10-27 15:50:01,pm10,0.1
2019-10-27 15:51:01,pm2.5,0.1
2019-10-27 15:51:01,pm10,0.2
2019-10-27 15:52:00,pm2.5,0.1
2019-10-27 15:52:00,pm10,0.1
2019-10-27 15:53:00,pm2.5,0.1
2019-10-27 15:53:00,pm10,0.2
2019-10-27 15:54:00,pm2.5,0.1
2019-10-27 15:54:00,pm10,0.1
2019-10-27 15:55:00,pm2.5,0.1
2019-10-27 15:55:00,pm10,0.1
2019-10-27 15:56:00,pm2.5,0.1
2019-10-27 15:56:00,pm10,0.1
2019-10-27 15:57:00,pm2.5,0.1
2019-10-27 15:57:00,pm10,0.1
2019-10-27 15:58:00,pm2.5,0.1
2019-10-27 15:58:00,pm10,0.1
2019-10-27 15:59:00,pm2.5,0.1
2019-10-27 15:59:01,pm10,0.1
2019-10-27 16:00:01,pm2.5,0.1
2019-10-27 16:00:01,pm10,0.1
2019-10-27 16:01:01,pm2.5,0.1
2019-10-27 16:01:01,pm10,0.1
2019-10-27 16:02:01,pm2.5,0.1
2019-10-27 16:02:01,pm10,0.1
2019-10-27 16:03:01,pm2.5,0.0
2019-10-27 16:03:01,pm10,0.0
2019-10-27 16:04:01,pm2.5,0.1
2019-10-27 16:04:01,pm10,0.1
2019-10-27 16:05:01,pm2.5,0.1
2019-10-27 16:05:01,pm10,0.1
2019-10-27 16:06:01,pm2.5,0.1
2019-10-27 16:06:01,pm10,0.1
2019-10-27 16:07:00,pm2.5,0.1
2019-10-27 16:07:00,pm10,0.3
2019-10-27 16:08:00,pm2.5,0.1
2019-10-27 16:08:00,pm10,0.1
2019-10-27 16:09:00,pm2.5,0.1
2019-10-27 16:09:00,pm10,0.1
2019-10-27 16:10:00,pm2.5,0.1
2019-10-27 16:10:00,pm10,0.2
2019-10-27 16:11:00,pm2.5,0.1
2019-10-27 16:11:00,pm10,0.1
2019-10-27 16:12:00,pm2.5,0.1
2019-10-27 16:12:00,pm10,0.1
2019-10-27 16:13:00,pm2.5,0.1
2019-10-27 16:13:00,pm10,0.1
2019-10-27 16:14:00,pm2.5,0.1
2019-10-27 16:14:01,pm10,0.1
2019-10-27 16:15:01,pm2.5,0.1
2019-10-27 16:15:01,pm10,0.1
2019-10-27 16:16:01,pm2.5,0.1
2019-10-27 16:16:01,pm10,0.1
2019-10-27 16:17:01,pm2.5,0.1
2019-10-27 16:17:01,pm10,0.1
2019-10-27 16:18:01,pm2.5,0.1
2019-10-27 16:18:01,pm10,0.1
2019-10-27 16:19:01,pm2.5,0.1
2019-10-27 16:19:01,pm10,0.1
2019-10-27 16:20:01,pm2.5,0.1
2019-10-27 16:20:01,pm10,0.1
2019-10-27 16:21:01,pm2.5,0.1
2019-10-27 16:21:01,pm10,0.1
2019-10-27 16:22:00,pm2.5,0.1
2019-10-27 16:22:00,pm10,0.1
2019-10-27 16:23:00,pm2.5,0.1
2019-10-27 16:23:00,pm10,0.1
2019-10-27 16:24:00,pm2.5,0.1
2019-10-27 16:24:00,pm10,0.1
2019-10-27 16:25:00,pm2.5,0.1
2019-10-27 16:25:00,pm10,0.1
2019-10-27 16:26:00,pm2.5,0.1
2019-10-27 16:26:01,pm10,0.1
2019-10-27 16:27:00,pm2.5,0.1
2019-10-27 16:27:00,pm10,0.2
2019-10-27 16:28:00,pm2.5,0.1
2019-10-27 16:28:01,pm10,0.1
2019-10-27 16:29:01,pm2.5,0.1
2019-10-27 16:29:01,pm10,0.1
2019-10-27 16:30:01,pm2.5,0.1
2019-10-27 16:30:01,pm10,0.1
2019-10-27 16:31:01,pm2.5,0.1
2019-10-27 16:31:01,pm10,0.1
2019-10-27 16:32:01,pm2.5,0.1
2019-10-27 16:32:01,pm10,0.1
2019-10-27 16:33:01,pm2.5,0.1
2019-10-27 16:33:01,pm10,0.1
2019-10-27 16:34:01,pm2.5,0.1
2019-10-27 16:34:01,pm10,0.1
2019-10-27 16:35:01,pm2.5,0.1
2019-10-27 16:35:01,pm10,0.1
2019-10-27 16:36:00,pm2.5,0.1
2019-10-27 16:36:00,pm10,0.1
2019-10-27 16:37:00,pm2.5,0.1
2019-10-27 16:37:00,pm10,0.1
2019-10-27 16:38:00,pm2.5,0.1
2019-10-27 16:38:00,pm10,0.1
2019-10-27 16:39:00,pm2.5,0.1
2019-10-27 16:39:00,pm10,0.1
2019-10-27 16:40:00,pm2.5,0.1
2019-10-27 16:40:00,pm10,0.1
2019-10-27 16:41:00,pm2.5,0.0
2019-10-27 16:41:00,pm10,0.0
2019-10-27 16:42:00,pm2.5,0.1
2019-10-27 16:42:01,pm10,0.1
2019-10-27 16:43:00,pm2.5,0.1
2019-10-27 16:43:01,pm10,0.1
2019-10-27 16:44:01,pm2.5,0.1
2019-10-27 16:44:01,pm10,0.1
2019-10-27 16:45:01,pm2.5,0.1
2019-10-27 16:45:01,pm10,0.1
2019-10-27 16:46:01,pm2.5,0.1
2019-10-27 16:46:01,pm10,0.1
2019-10-27 16:47:01,pm2.5,0.1
2019-10-27 16:47:01,pm10,0.1
2019-10-27 16:48:01,pm2.5,0.1
2019-10-27 16:48:01,pm10,0.1
2019-10-27 16:49:01,pm2.5,0.1
2019-10-27 16:49:01,pm10,0.1
2019-10-27 16:51:00,pm2.5,0.1
2019-10-27 16:51:00,pm10,0.1
2019-10-27 16:52:00,pm2.5,0.1
2019-10-27 16:52:00,pm10,0.1
2019-10-27 16:53:00,pm2.5,0.1
2019-10-27 16:53:00,pm10,0.1
2019-10-27 16:54:00,pm2.5,0.1
2019-10-27 16:54:00,pm10,0.1
2019-10-27 16:55:00,pm2.5,0.1
2019-10-27 16:55:00,pm10,0.1
2019-10-27 16:56:00,pm2.5,0.1
2019-10-27 16:56:00,pm10,0.1
2019-10-27 16:57:00,pm2.5,0.2
2019-10-27 16:57:01,pm10,0.6
2019-10-27 16:58:01,pm2.5,0.1
2019-10-27 16:58:01,pm10,0.1
2019-10-27 16:59:01,pm2.5,0.1
2019-10-27 16:59:01,pm10,0.1
2019-10-27 17:00:01,pm2.5,0.1
2019-10-27 17:00:01,pm10,0.1
2019-10-27 17:01:01,pm2.5,0.1
2019-10-27 17:01:01,pm10,0.1
2019-10-27 17:02:01,pm2.5,0.1
2019-10-27 17:02:01,pm10,0.1
2019-10-27 17:03:01,pm2.5,0.1
2019-10-27 17:03:01,pm10,0.1
2019-10-27 17:04:00,pm2.5,0.1
2019-10-27 17:04:00,pm10,0.1
2019-10-27 17:05:00,pm2.5,0.1
2019-10-27 17:05:00,pm10,0.1
2019-10-27 17:06:00,pm2.5,0.1
2019-10-27 17:06:00,pm10,0.1
2019-10-27 17:07:00,pm2.5,0.1
2019-10-27 17:07:00,pm10,0.1
2019-10-27 17:08:00,pm2.5,0.1
2019-10-27 17:08:00,pm10,0.1
2019-10-27 17:09:00,pm2.5,0.1
2019-10-27 17:09:00,pm10,0.1
2019-10-27 17:10:00,pm2.5,0.1
2019-10-27 17:10:00,pm10,0.1
2019-10-27 17:11:00,pm2.5,0.1
2019-10-27 17:11:01,pm10,0.1
2019-10-27 17:12:01,pm2.5,0.1
2019-10-27 17:12:01,pm10,0.1
2019-10-27 17:13:01,pm2.5,0.1
2019-10-27 17:13:01,pm10,0.1
2019-10-27 17:14:01,pm2.5,0.1
2019-10-27 17:14:01,pm10,0.1
2019-10-27 17:15:01,pm2.5,0.1
2019-10-27 17:15:01,pm10,0.1
2019-10-27 17:16:01,pm2.5,0.1
2019-10-27 17:16:01,pm10,0.1
2019-10-27 17:17:01,pm2.5,0.1
2019-10-27 17:17:01,pm10,0.1
2019-10-27 17:18:01,pm2.5,0.1
2019-10-27 17:18:01,pm10,0.1
2019-10-27 17:19:00,pm2.5,0.1
2019-10-27 17:19:00,pm10,0.1
2019-10-27 17:20:00,pm2.5,0.1
2019-10-27 17:20:00,pm10,0.1
2019-10-27 17:21:00,pm2.5,0.1
2019-10-27 17:21:00,pm10,0.1
2019-10-27 17:22:00,pm2.5,0.1
2019-10-27 17:22:01,pm10,0.1
2019-10-27 17:23:00,pm2.5,0.1
2019-10-27 17:23:00,pm10,0.1
2019-10-27 17:24:00,pm2.5,0.1
2019-10-27 17:24:00,pm10,0.1
2019-10-27 17:25:00,pm2.5,0.1
2019-10-27 17:25:00,pm10,0.1
2019-10-27 17:26:00,pm2.5,0.1
2019-10-27 17:26:01,pm10,0.1
2019-10-27 17:27:01,pm2.5,0.0
2019-10-27 17:27:01,pm10,0.0
2019-10-27 17:28:01,pm2.5,0.0
2019-10-27 17:28:01,pm10,0.0
2019-10-27 17:29:01,pm2.5,0.1
2019-10-27 17:29:01,pm10,0.1
2019-10-27 17:30:01,pm2.5,0.1
2019-10-27 17:30:01,pm10,0.1
2019-10-27 17:31:01,pm2.5,0.1
2019-10-27 17:31:01,pm10,0.1
2019-10-27 17:32:01,pm2.5,0.1
2019-10-27 17:32:01,pm10,0.1
2019-10-27 17:34:00,pm2.5,0.1
2019-10-27 17:34:00,pm10,0.1
2019-10-27 17:35:00,pm2.5,0.1
2019-10-27 17:35:00,pm10,0.1
2019-10-27 17:36:00,pm2.5,0.1
2019-10-27 17:36:00,pm10,0.1
2019-10-27 17:37:00,pm2.5,0.1
2019-10-27 17:37:00,pm10,0.1
2019-10-27 17:38:00,pm2.5,0.1
2019-10-27 17:38:00,pm10,0.1
2019-10-27 17:39:00,pm2.5,0.1
2019-10-27 17:39:00,pm10,0.1
2019-10-27 17:40:00,pm2.5,0.1
2019-10-27 17:40:01,pm10,0.1
2019-10-27 17:41:00,pm2.5,0.1
2019-10-27 17:41:01,pm10,0.1
2019-10-27 17:42:01,pm2.5,0.0
2019-10-27 17:42:01,pm10,0.0
2019-10-27 17:43:01,pm2.5,0.1
2019-10-27 17:43:01,pm10,0.1
2019-10-27 17:44:01,pm2.5,0.1
2019-10-27 17:44:01,pm10,0.1
2019-10-27 17:45:01,pm2.5,0.1
2019-10-27 17:45:01,pm10,0.1
2019-10-27 17:46:01,pm2.5,0.1
2019-10-27 17:46:01,pm10,0.1
2019-10-27 17:47:01,pm2.5,0.1
2019-10-27 17:47:01,pm10,0.1
2019-10-27 17:48:01,pm2.5,0.1
2019-10-27 17:48:01,pm10,0.1
2019-10-27 17:49:00,pm2.5,0.1
2019-10-27 17:49:00,pm10,0.1
2019-10-27 17:50:00,pm2.5,0.0
2019-10-27 17:50:00,pm10,0.0
2019-10-27 17:51:00,pm2.5,0.0
2019-10-27 17:51:00,pm10,0.0
2019-10-27 17:52:00,pm2.5,0.1
2019-10-27 17:52:00,pm10,0.1
2019-10-27 17:53:00,pm2.5,0.1
2019-10-27 17:53:00,pm10,0.1
2019-10-27 17:54:00,pm2.5,0.1
2019-10-27 17:54:00,pm10,0.1
2019-10-27 17:55:00,pm2.5,0.1
2019-10-27 17:55:00,pm10,0.1
2019-10-27 17:56:00,pm2.5,0.1
2019-10-27 17:56:01,pm10,0.1
2019-10-27 17:57:01,pm2.5,0.1
2019-10-27 17:57:01,pm10,0.1
2019-10-27 17:58:01,pm2.5,0.1
2019-10-27 17:58:01,pm10,0.1
2019-10-27 17:59:01,pm2.5,0.1
2019-10-27 17:59:01,pm10,0.7
2019-10-27 18:00:01,pm2.5,0.1
2019-10-27 18:00:01,pm10,0.1
2019-10-27 18:01:01,pm2.5,0.1
2019-10-27 18:01:01,pm10,0.1
2019-10-27 18:02:01,pm2.5,0.0
2019-10-27 18:02:01,pm10,0.0
2019-10-27 18:03:01,pm2.5,0.1
2019-10-27 18:03:01,pm10,0.1
2019-10-27 18:04:00,pm2.5,0.0
2019-10-27 18:04:00,pm10,0.0
2019-10-27 18:05:00,pm2.5,0.1
2019-10-27 18:05:00,pm10,0.1
2019-10-27 18:06:00,pm2.5,0.1
2019-10-27 18:06:00,pm10,0.1
2019-10-27 18:07:00,pm2.5,0.1
2019-10-27 18:07:00,pm10,0.1
2019-10-27 18:08:00,pm2.5,0.1
2019-10-27 18:08:00,pm10,0.1
2019-10-27 18:09:00,pm2.5,0.1
2019-10-27 18:09:00,pm10,0.2
2019-10-27 18:10:00,pm2.5,0.0
2019-10-27 18:10:01,pm10,0.0
2019-10-27 18:11:01,pm2.5,0.1
2019-10-27 18:11:01,pm10,0.1
2019-10-27 18:12:01,pm2.5,0.0
2019-10-27 18:12:01,pm10,0.0
2019-10-27 18:13:01,pm2.5,0.1
2019-10-27 18:13:01,pm10,0.1
2019-10-27 18:14:01,pm2.5,0.0
2019-10-27 18:14:01,pm10,0.0
2019-10-27 18:15:01,pm2.5,0.1
2019-10-27 18:15:01,pm10,0.1
2019-10-27 18:16:01,pm2.5,0.1
2019-10-27 18:16:01,pm10,0.1
2019-10-27 18:17:01,pm2.5,0.1
2019-10-27 18:17:01,pm10,0.1
2019-10-27 18:18:00,pm2.5,0.1
2019-10-27 18:18:00,pm10,0.1
2019-10-27 18:19:00,pm2.5,0.1
2019-10-27 18:19:00,pm10,0.1
2019-10-27 18:20:00,pm2.5,0.1
2019-10-27 18:20:00,pm10,0.1
2019-10-27 18:21:00,pm2.5,0.1
2019-10-27 18:21:00,pm10,0.3
2019-10-27 18:22:00,pm2.5,0.1
2019-10-27 18:22:00,pm10,0.1
2019-10-27 18:23:00,pm2.5,0.1
2019-10-27 18:23:00,pm10,0.1
2019-10-27 18:24:00,pm2.5,0.0
2019-10-27 18:24:00,pm10,0.0
2019-10-27 18:25:00,pm2.5,0.1
2019-10-27 18:25:01,pm10,0.1
2019-10-27 18:26:01,pm2.5,0.1
2019-10-27 18:26:01,pm10,0.1
2019-10-27 18:27:01,pm2.5,0.1
2019-10-27 18:27:01,pm10,0.1
2019-10-27 18:28:01,pm2.5,0.1
2019-10-27 18:28:01,pm10,0.1
2019-10-27 18:29:01,pm2.5,0.1
2019-10-27 18:29:01,pm10,0.1
2019-10-27 18:30:01,pm2.5,0.1
2019-10-27 18:30:01,pm10,0.2
2019-10-27 18:31:01,pm2.5,0.1
2019-10-27 18:31:01,pm10,0.5
2019-10-27 18:32:01,pm2.5,0.1
2019-10-27 18:32:01,pm10,0.1
2019-10-27 18:33:00,pm2.5,0.1
2019-10-27 18:33:00,pm10,0.1
2019-10-27 18:34:00,pm2.5,0.1
2019-10-27 18:34:00,pm10,0.1
2019-10-27 18:35:00,pm2.5,0.1
2019-10-27 18:35:00,pm10,0.1
2019-10-27 18:36:00,pm2.5,0.1
2019-10-27 18:36:00,pm10,0.1
2019-10-27 18:37:00,pm2.5,0.1
2019-10-27 18:37:00,pm10,0.1
2019-10-27 18:38:00,pm2.5,0.1
2019-10-27 18:38:00,pm10,0.1
2019-10-27 18:39:00,pm2.5,0.1
2019-10-27 18:39:00,pm10,0.1
2019-10-27 18:40:00,pm2.5,0.1
2019-10-27 18:40:01,pm10,0.1
2019-10-27 18:41:01,pm2.5,0.1
2019-10-27 18:41:01,pm10,0.2
2019-10-27 18:42:01,pm2.5,0.1
2019-10-27 18:42:01,pm10,0.1
2019-10-27 18:43:01,pm2.5,0.1
2019-10-27 18:43:01,pm10,0.2
2019-10-27 18:44:01,pm2.5,0.1
2019-10-27 18:44:01,pm10,0.1
2019-10-27 18:45:01,pm2.5,0.1
2019-10-27 18:45:01,pm10,0.1
2019-10-27 18:46:01,pm2.5,0.1
2019-10-27 18:46:01,pm10,0.1
2019-10-27 18:47:00,pm2.5,0.1
2019-10-27 18:47:00,pm10,0.1
2019-10-27 18:48:00,pm2.5,0.1
2019-10-27 18:48:00,pm10,0.1
2019-10-27 18:49:00,pm2.5,0.1
2019-10-27 18:49:00,pm10,0.1
2019-10-27 18:50:00,pm2.5,0.1
2019-10-27 18:50:00,pm10,0.1
2019-10-27 18:51:00,pm2.5,0.1
2019-10-27 18:51:00,pm10,0.1
2019-10-27 18:52:00,pm2.5,0.0
2019-10-27 18:52:00,pm10,0.0
2019-10-27 18:53:00,pm2.5,0.1
2019-10-27 18:53:01,pm10,0.1
2019-10-27 18:54:00,pm2.5,0.1
2019-10-27 18:54:01,pm10,0.3
2019-10-27 18:55:01,pm2.5,0.1
2019-10-27 18:55:01,pm10,0.1
2019-10-27 18:56:01,pm2.5,0.1
2019-10-27 18:56:01,pm10,0.1
2019-10-27 18:57:01,pm2.5,0.1
2019-10-27 18:57:01,pm10,0.1
2019-10-27 18:58:01,pm2.5,0.1
2019-10-27 18:58:01,pm10,0.1
2019-10-27 18:59:01,pm2.5,0.0
2019-10-27 18:59:01,pm10,0.0
2019-10-27 19:00:01,pm2.5,0.1
2019-10-27 19:00:01,pm10,0.1
2019-10-27 19:01:01,pm2.5,0.1
2019-10-27 19:01:01,pm10,0.1
2019-10-27 19:02:00,pm2.5,0.1
2019-10-27 19:02:00,pm10,0.2
2019-10-27 19:03:00,pm2.5,0.1
2019-10-27 19:03:00,pm10,0.1
2019-10-27 19:04:00,pm2.5,0.1
2019-10-27 19:04:00,pm10,0.1
2019-10-27 19:05:00,pm2.5,0.0
2019-10-27 19:05:00,pm10,0.0
2019-10-27 19:06:00,pm2.5,0.1
2019-10-27 19:06:00,pm10,0.1
2019-10-27 19:07:00,pm2.5,0.0
2019-10-27 19:07:00,pm10,0.0
2019-10-27 19:08:00,pm2.5,0.1
2019-10-27 19:08:01,pm10,0.1
2019-10-27 19:09:01,pm2.5,0.1
2019-10-27 19:09:01,pm10,0.1
2019-10-27 19:10:01,pm2.5,0.1
2019-10-27 19:10:01,pm10,0.1
2019-10-27 19:11:01,pm2.5,0.1
2019-10-27 19:11:01,pm10,0.1
2019-10-27 19:12:01,pm2.5,0.1
2019-10-27 19:12:01,pm10,0.1
2019-10-27 19:13:01,pm2.5,0.1
2019-10-27 19:13:01,pm10,0.3
2019-10-27 19:14:01,pm2.5,0.0
2019-10-27 19:14:01,pm10,0.0
2019-10-27 19:15:01,pm2.5,0.1
2019-10-27 19:15:01,pm10,0.1
2019-10-27 19:16:00,pm2.5,0.1
2019-10-27 19:16:00,pm10,0.1
2019-10-27 19:17:00,pm2.5,0.1
2019-10-27 19:17:00,pm10,0.1
2019-10-27 19:18:00,pm2.5,0.0
2019-10-27 19:18:00,pm10,0.0
2019-10-27 19:19:00,pm2.5,0.1
2019-10-27 19:19:00,pm10,0.1
2019-10-27 19:20:00,pm2.5,0.1
2019-10-27 19:20:00,pm10,0.1
2019-10-27 19:21:00,pm2.5,0.1
2019-10-27 19:21:01,pm10,0.1
2019-10-27 19:22:00,pm2.5,0.1
2019-10-27 19:22:01,pm10,0.1
2019-10-27 19:23:00,pm2.5,0.1
2019-10-27 19:23:01,pm10,0.2
2019-10-27 19:24:01,pm2.5,0.1
2019-10-27 19:24:01,pm10,0.1
2019-10-27 19:25:01,pm2.5,0.1
2019-10-27 19:25:01,pm10,0.1
2019-10-27 19:26:01,pm2.5,0.1
2019-10-27 19:26:01,pm10,0.1
2019-10-27 19:27:01,pm2.5,0.1
2019-10-27 19:27:01,pm10,0.1
2019-10-27 19:28:01,pm2.5,0.0
2019-10-27 19:28:01,pm10,0.0
2019-10-27 19:29:01,pm2.5,0.1
2019-10-27 19:29:01,pm10,0.1
2019-10-27 19:30:00,pm2.5,0.1
2019-10-27 19:30:00,pm10,0.1
2019-10-27 19:31:00,pm2.5,0.1
2019-10-27 19:31:00,pm10,0.1
2019-10-27 19:32:00,pm2.5,0.1
2019-10-27 19:32:00,pm10,0.1
2019-10-27 19:33:00,pm2.5,0.0
2019-10-27 19:33:00,pm10,0.0
2019-10-27 19:34:00,pm2.5,0.1
2019-10-27 19:34:00,pm10,0.1
2019-10-27 19:35:00,pm2.5,0.1
2019-10-27 19:35:00,pm10,0.1
2019-10-27 19:36:00,pm2.5,0.1
2019-10-27 19:36:01,pm10,0.1
2019-10-27 19:37:01,pm2.5,0.1
2019-10-27 19:37:01,pm10,0.1
2019-10-27 19:38:01,pm2.5,0.1
2019-10-27 19:38:01,pm10,0.1
2019-10-27 19:39:01,pm2.5,0.1
2019-10-27 19:39:01,pm10,0.1
2019-10-27 19:40:01,pm2.5,0.0
2019-10-27 19:40:01,pm10,0.0
2019-10-27 19:41:01,pm2.5,0.1
2019-10-27 19:41:01,pm10,0.2
2019-10-27 19:42:01,pm2.5,0.1
2019-10-27 19:42:01,pm10,0.1
2019-10-27 19:44:00,pm2.5,0.1
2019-10-27 19:44:00,pm10,0.1
2019-10-27 19:45:00,pm2.5,0.1
2019-10-27 19:45:00,pm10,0.2
2019-10-27 19:46:00,pm2.5,0.1
2019-10-27 19:46:00,pm10,0.1
2019-10-27 19:47:00,pm2.5,0.0
2019-10-27 19:47:00,pm10,0.0
2019-10-27 19:48:00,pm2.5,0.1
2019-10-27 19:48:00,pm10,0.1
2019-10-27 19:49:00,pm2.5,0.1
2019-10-27 19:49:01,pm10,0.1
2019-10-27 19:50:00,pm2.5,0.0
2019-10-27 19:50:01,pm10,0.0
2019-10-27 19:51:01,pm2.5,0.1
2019-10-27 19:51:01,pm10,0.2
2019-10-27 19:52:01,pm2.5,0.0
2019-10-27 19:52:01,pm10,0.0
2019-10-27 19:53:01,pm2.5,0.1
2019-10-27 19:53:01,pm10,0.1
2019-10-27 19:54:01,pm2.5,0.0
2019-10-27 19:54:01,pm10,0.0
2019-10-27 19:55:01,pm2.5,0.1
2019-10-27 19:55:01,pm10,0.1
2019-10-27 19:56:01,pm2.5,0.1
2019-10-27 19:56:01,pm10,0.1
2019-10-27 19:57:01,pm2.5,0.1
2019-10-27 19:57:01,pm10,0.1
2019-10-27 19:58:00,pm2.5,0.1
2019-10-27 19:58:00,pm10,0.2
2019-10-27 19:59:00,pm2.5,0.1
2019-10-27 19:59:00,pm10,0.1
2019-10-27 20:00:00,pm2.5,0.1
2019-10-27 20:00:00,pm10,0.1
2019-10-27 20:01:00,pm2.5,0.1
2019-10-27 20:01:00,pm10,0.1
2019-10-27 20:02:00,pm2.5,0.1
2019-10-27 20:02:00,pm10,0.1
2019-10-27 20:03:00,pm2.5,0.1
2019-10-27 20:03:00,pm10,0.1
2019-10-27 20:04:00,pm2.5,0.1
2019-10-27 20:04:01,pm10,0.1
2019-10-27 20:05:00,pm2.5,0.1
2019-10-27 20:05:01,pm10,0.1
2019-10-27 20:06:01,pm2.5,0.0
2019-10-27 20:06:01,pm10,0.0
2019-10-27 20:07:01,pm2.5,0.1
2019-10-27 20:07:01,pm10,0.1
2019-10-27 20:08:01,pm2.5,0.1
2019-10-27 20:08:01,pm10,0.3
2019-10-27 20:09:01,pm2.5,0.1
2019-10-27 20:09:01,pm10,0.1
2019-10-27 20:10:01,pm2.5,0.1
2019-10-27 20:10:01,pm10,0.1
2019-10-27 20:11:01,pm2.5,0.0
2019-10-27 20:11:01,pm10,0.0
2019-10-27 20:12:00,pm2.5,0.1
2019-10-27 20:12:00,pm10,0.1
2019-10-27 20:13:00,pm2.5,0.1
2019-10-27 20:13:00,pm10,0.1
2019-10-27 20:14:00,pm2.5,0.1
2019-10-27 20:14:00,pm10,0.2
2019-10-27 20:15:00,pm2.5,0.1
2019-10-27 20:15:00,pm10,0.3
2019-10-27 20:16:00,pm2.5,0.0
2019-10-27 20:16:00,pm10,0.0
2019-10-27 20:17:00,pm2.5,0.1
2019-10-27 20:17:00,pm10,0.1
2019-10-27 20:18:00,pm2.5,0.1
2019-10-27 20:18:00,pm10,0.1
2019-10-27 20:19:00,pm2.5,0.0
2019-10-27 20:19:01,pm10,0.0
2019-10-27 20:20:00,pm2.5,0.1
2019-10-27 20:20:01,pm10,0.1
2019-10-27 20:21:01,pm2.5,0.1
2019-10-27 20:21:01,pm10,0.1
2019-10-27 20:22:01,pm2.5,0.1
2019-10-27 20:22:01,pm10,0.1
2019-10-27 20:23:01,pm2.5,0.1
2019-10-27 20:23:01,pm10,0.1
2019-10-27 20:24:01,pm2.5,0.1
2019-10-27 20:24:01,pm10,0.1
2019-10-27 20:25:00,pm2.5,0.1
2019-10-27 20:25:00,pm10,0.1
2019-10-27 20:26:01,pm2.5,0.1
2019-10-27 20:26:01,pm10,0.1
2019-10-27 20:27:00,pm2.5,0.1
2019-10-27 20:27:00,pm10,0.1
2019-10-27 20:28:00,pm2.5,0.1
2019-10-27 20:28:00,pm10,0.1
2019-10-27 20:29:00,pm2.5,0.1
2019-10-27 20:29:00,pm10,0.1
2019-10-27 20:30:00,pm2.5,0.1
2019-10-27 20:30:00,pm10,0.1
2019-10-27 20:31:00,pm2.5,0.0
2019-10-27 20:31:00,pm10,0.0
2019-10-27 20:32:00,pm2.5,0.1
2019-10-27 20:32:00,pm10,0.1
2019-10-27 20:33:00,pm2.5,0.1
2019-10-27 20:33:01,pm10,0.1
2019-10-27 20:34:01,pm2.5,0.1
2019-10-27 20:34:01,pm10,0.1
2019-10-27 20:35:01,pm2.5,0.0
2019-10-27 20:35:01,pm10,0.0
2019-10-27 20:36:01,pm2.5,0.1
2019-10-27 20:36:01,pm10,0.4
2019-10-27 20:37:01,pm2.5,0.0
2019-10-27 20:37:01,pm10,0.0
2019-10-27 20:38:01,pm2.5,0.0
2019-10-27 20:38:01,pm10,0.0
2019-10-27 20:39:01,pm2.5,0.1
2019-10-27 20:39:01,pm10,0.1
2019-10-27 20:40:01,pm2.5,0.0
2019-10-27 20:40:01,pm10,0.0
2019-10-27 20:41:00,pm2.5,0.0
2019-10-27 20:41:00,pm10,0.0
2019-10-27 20:42:00,pm2.5,0.1
2019-10-27 20:42:00,pm10,0.1
2019-10-27 20:43:00,pm2.5,0.0
2019-10-27 20:43:00,pm10,0.0
2019-10-27 20:44:00,pm2.5,0.1
2019-10-27 20:44:00,pm10,0.1
2019-10-27 20:45:00,pm2.5,0.1
2019-10-27 20:45:00,pm10,0.1
2019-10-27 20:46:00,pm2.5,0.1
2019-10-27 20:46:00,pm10,0.1
2019-10-27 20:47:00,pm2.5,0.1
2019-10-27 20:47:01,pm10,0.1
2019-10-27 20:48:01,pm2.5,0.1
2019-10-27 20:48:01,pm10,0.1
2019-10-27 20:49:01,pm2.5,0.1
2019-10-27 20:49:01,pm10,0.1
2019-10-27 20:50:01,pm2.5,0.0
2019-10-27 20:50:01,pm10,0.0
2019-10-27 20:51:01,pm2.5,0.0
2019-10-27 20:51:01,pm10,0.0
2019-10-27 20:52:01,pm2.5,0.1
2019-10-27 20:52:01,pm10,0.1
2019-10-27 20:53:01,pm2.5,0.1
2019-10-27 20:53:01,pm10,0.1
2019-10-27 20:54:00,pm2.5,0.1
2019-10-27 20:54:00,pm10,0.1
2019-10-27 20:55:00,pm2.5,0.1
2019-10-27 20:55:00,pm10,0.1
2019-10-27 20:56:00,pm2.5,0.1
2019-10-27 20:56:00,pm10,0.1
2019-10-27 20:57:00,pm2.5,0.1
2019-10-27 20:57:00,pm10,0.2
2019-10-27 20:58:00,pm2.5,0.1
2019-10-27 20:58:00,pm10,0.2
2019-10-27 20:59:00,pm2.5,0.1
2019-10-27 20:59:00,pm10,0.1
2019-10-27 21:00:00,pm2.5,0.1
2019-10-27 21:00:01,pm10,0.1
2019-10-27 21:01:00,pm2.5,0.1
2019-10-27 21:01:01,pm10,0.1
2019-10-27 21:02:01,pm2.5,0.1
2019-10-27 21:02:01,pm10,0.1
2019-10-27 21:03:01,pm2.5,0.0
2019-10-27 21:03:01,pm10,0.0
2019-10-27 21:04:01,pm2.5,0.0
2019-10-27 21:04:01,pm10,0.0
2019-10-27 21:05:01,pm2.5,0.1
2019-10-27 21:05:01,pm10,0.1
2019-10-27 21:06:01,pm2.5,0.1
2019-10-27 21:06:01,pm10,0.1
2019-10-27 21:07:01,pm2.5,0.1
2019-10-27 21:07:01,pm10,0.1
2019-10-27 21:08:00,pm2.5,0.1
2019-10-27 21:08:00,pm10,0.1
2019-10-27 21:09:00,pm2.5,0.2
2019-10-27 21:09:00,pm10,0.5
2019-10-27 21:10:00,pm2.5,0.0
2019-10-27 21:10:00,pm10,0.0
2019-10-27 21:11:00,pm2.5,0.1
2019-10-27 21:11:00,pm10,0.1
2019-10-27 21:12:00,pm2.5,0.1
2019-10-27 21:12:00,pm10,0.1
2019-10-27 21:13:00,pm2.5,0.1
2019-10-27 21:13:00,pm10,0.3
2019-10-27 21:14:00,pm2.5,0.1
2019-10-27 21:14:01,pm10,0.1
2019-10-27 21:15:00,pm2.5,0.1
2019-10-27 21:15:00,pm10,0.1
2019-10-27 21:16:01,pm2.5,0.0
2019-10-27 21:16:01,pm10,0.0
2019-10-27 21:17:01,pm2.5,0.1
2019-10-27 21:17:01,pm10,0.1
2019-10-27 21:18:01,pm2.5,0.1
2019-10-27 21:18:01,pm10,0.1
2019-10-27 21:19:01,pm2.5,0.1
2019-10-27 21:19:01,pm10,0.1
2019-10-27 21:20:01,pm2.5,0.1
2019-10-27 21:20:01,pm10,0.1
2019-10-27 21:21:00,pm2.5,0.0
2019-10-27 21:21:00,pm10,0.0
2019-10-27 21:22:00,pm2.5,0.1
2019-10-27 21:22:00,pm10,0.1
2019-10-27 21:23:00,pm2.5,0.1
2019-10-27 21:23:00,pm10,0.1
2019-10-27 21:24:00,pm2.5,0.1
2019-10-27 21:24:00,pm10,0.1
2019-10-27 21:25:00,pm2.5,0.1
2019-10-27 21:25:00,pm10,0.1
2019-10-27 21:26:00,pm2.5,0.1
2019-10-27 21:26:00,pm10,0.1
2019-10-27 21:27:00,pm2.5,0.1
2019-10-27 21:27:01,pm10,0.2
2019-10-27 21:28:00,pm2.5,0.1
2019-10-27 21:28:01,pm10,0.1
2019-10-27 21:29:01,pm2.5,0.1
2019-10-27 21:29:01,pm10,0.1
2019-10-27 21:30:01,pm2.5,0.1
2019-10-27 21:30:01,pm10,0.1
2019-10-27 21:31:01,pm2.5,0.0
2019-10-27 21:31:01,pm10,0.0
2019-10-27 21:32:01,pm2.5,0.1
2019-10-27 21:32:01,pm10,0.1
2019-10-27 21:33:01,pm2.5,0.1
2019-10-27 21:33:01,pm10,0.1
2019-10-27 21:34:01,pm2.5,0.0
2019-10-27 21:34:01,pm10,0.0
2019-10-27 21:35:00,pm2.5,0.0
2019-10-27 21:35:00,pm10,0.0
2019-10-27 21:36:00,pm2.5,0.1
2019-10-27 21:36:00,pm10,0.1
2019-10-27 21:37:00,pm2.5,0.0
2019-10-27 21:37:00,pm10,0.0
2019-10-27 21:38:00,pm2.5,0.1
2019-10-27 21:38:00,pm10,0.1
2019-10-27 21:39:00,pm2.5,0.1
2019-10-27 21:39:00,pm10,0.1
2019-10-27 21:40:00,pm2.5,0.1
2019-10-27 21:40:01,pm10,0.2
2019-10-27 21:41:00,pm2.5,0.1
2019-10-27 21:41:01,pm10,0.1
2019-10-27 21:42:01,pm2.5,0.0
2019-10-27 21:42:01,pm10,0.0
2019-10-27 21:43:01,pm2.5,0.1
2019-10-27 21:43:01,pm10,0.1
2019-10-27 21:44:01,pm2.5,0.1
2019-10-27 21:44:01,pm10,0.1
2019-10-27 21:45:01,pm2.5,0.1
2019-10-27 21:45:01,pm10,0.1
2019-10-27 21:46:01,pm2.5,0.0
2019-10-27 21:46:01,pm10,0.0
2019-10-27 21:47:01,pm2.5,0.1
2019-10-27 21:47:01,pm10,0.1
2019-10-27 21:48:01,pm2.5,0.1
2019-10-27 21:48:01,pm10,0.1
2019-10-27 21:49:00,pm2.5,0.1
2019-10-27 21:49:00,pm10,0.1
2019-10-27 21:50:00,pm2.5,0.1
2019-10-27 21:50:00,pm10,0.1
2019-10-27 21:51:00,pm2.5,0.1
2019-10-27 21:51:00,pm10,0.2
2019-10-27 21:52:00,pm2.5,0.1
2019-10-27 21:52:00,pm10,0.1
2019-10-27 21:53:00,pm2.5,0.1
2019-10-27 21:53:00,pm10,0.1
2019-10-27 21:54:00,pm2.5,0.1
2019-10-27 21:54:00,pm10,0.1
2019-10-27 21:55:00,pm2.5,0.1
2019-10-27 21:55:01,pm10,0.1
2019-10-27 21:56:01,pm2.5,0.1
2019-10-27 21:56:01,pm10,0.1
2019-10-27 21:57:01,pm2.5,0.1
2019-10-27 21:57:01,pm10,0.3
2019-10-27 21:58:01,pm2.5,0.1
2019-10-27 21:58:01,pm10,0.3
2019-10-27 21:59:01,pm2.5,0.1
2019-10-27 21:59:01,pm10,0.2
2019-10-27 22:00:01,pm2.5,0.1
2019-10-27 22:00:01,pm10,0.1
2019-10-27 22:01:01,pm2.5,0.0
2019-10-27 22:01:01,pm10,0.0
2019-10-27 22:02:00,pm2.5,0.0
2019-10-27 22:02:00,pm10,0.0
2019-10-27 22:03:00,pm2.5,0.1
2019-10-27 22:03:00,pm10,0.1
2019-10-27 22:04:00,pm2.5,0.1
2019-10-27 22:04:00,pm10,0.1
2019-10-27 22:05:00,pm2.5,0.1
2019-10-27 22:05:00,pm10,0.1
2019-10-27 22:06:00,pm2.5,0.1
2019-10-27 22:06:00,pm10,0.1
2019-10-27 22:07:00,pm2.5,0.1
2019-10-27 22:07:00,pm10,0.1
2019-10-27 22:08:00,pm2.5,0.2
2019-10-27 22:08:01,pm10,0.6
2019-10-27 22:09:00,pm2.5,0.1
2019-10-27 22:09:01,pm10,0.1
2019-10-27 22:10:01,pm2.5,0.1
2019-10-27 22:10:01,pm10,0.1
2019-10-27 22:11:01,pm2.5,0.1
2019-10-27 22:11:01,pm10,0.1
2019-10-27 22:12:01,pm2.5,0.1
2019-10-27 22:12:01,pm10,0.2
2019-10-27 22:13:01,pm2.5,0.1
2019-10-27 22:13:01,pm10,0.1
2019-10-27 22:14:01,pm2.5,0.1
2019-10-27 22:14:01,pm10,0.1
2019-10-27 22:15:01,pm2.5,0.0
2019-10-27 22:15:01,pm10,0.0
2019-10-27 22:16:00,pm2.5,0.1
2019-10-27 22:16:00,pm10,0.1
2019-10-27 22:17:00,pm2.5,0.1
2019-10-27 22:17:00,pm10,0.2
2019-10-27 22:18:00,pm2.5,0.0
2019-10-27 22:18:00,pm10,0.0
2019-10-27 22:19:00,pm2.5,0.1
2019-10-27 22:19:00,pm10,0.1
2019-10-27 22:20:00,pm2.5,0.1
2019-10-27 22:20:01,pm10,0.1
2019-10-27 22:21:00,pm2.5,0.1
2019-10-27 22:21:00,pm10,0.1
2019-10-27 22:22:00,pm2.5,0.1
2019-10-27 22:22:01,pm10,0.1
2019-10-27 22:23:01,pm2.5,0.1
2019-10-27 22:23:01,pm10,0.1
2019-10-27 22:24:01,pm2.5,0.1
2019-10-27 22:24:01,pm10,0.3
2019-10-27 22:25:01,pm2.5,0.1
2019-10-27 22:25:01,pm10,0.1