2019-11-02 00:28:12,pm2.5,2.7
2019-11-02 00:28:12,pm10,6.6
2019-11-02 00:29:11,pm2.5,2.7
2019-11-02 00:29:11,pm10,6.8
2019-11-02 00:30:11,pm2.5,2.9
2019-11-02 00:30:11,pm10,6.8
2019-11-02 00:31:11,pm2.5,440.8
2019-11-02 00:31:11,pm10,975.0
2019-11-02 00:32:11,pm2.5,999.9
2019-11-02 00:32:11,pm10,1999.9
2019-11-02 00:33:11,pm2.5,999.9
2019-11-02 00:33:11,pm10,1999.9
2019-11-02 00:34:11,pm2.5,999.9
2019-11-02 00:34:11,pm10,1999.9
2019-11-02 00:35:11,pm2.5,999.9
2019-11-02 00:35:11,pm10,1999.9
2019-11-02 00:36:11,pm2.5,999.9
2019-11-02 00:36:11,pm10,1999.9
2019-11-02 00:37:11,pm2.5,999.9
2019-11-02 00:37:11,pm10,1999.9
2019-11-02 00:38:11,pm2.5,999.9
2019-11-02 00:38:11,pm10,1999.9
2019-11-02 00:39:43,pm2.5,999.9
2019-11-02 00:39:43,pm10,1999.9
2019-11-02 00:40:31,pm2.5,999.9
2019-11-02 00:40:31,pm10,1801.5
2019-11-02 00:41:11,pm2.5,999.9
2019-11-02 00:41:11,pm10,1617.0
2019-11-02 00:42:11,pm2.5,973.6
2019-11-02 00:42:11,pm10,1386.9
2019-11-02 00:43:11,pm2.5,911.5
2019-11-02 00:43:11,pm10,1199.8
2019-11-02 00:44:11,pm2.5,903.3
2019-11-02 00:44:11,pm10,1161.7
2019-11-02 00:45:11,pm2.5,889.7
2019-11-02 00:45:11,pm10,1116.3
2019-11-02 00:46:11,pm2.5,882.0
2019-11-02 00:46:11,pm10,1086.1
2019-11-02 00:47:11,pm2.5,868.3
2019-11-02 00:47:11,pm10,1052.7
2019-11-02 00:48:11,pm2.5,857.6
2019-11-02 00:48:11,pm10,1024.2
2019-11-02 00:49:11,pm2.5,846.1
2019-11-02 00:49:11,pm10,995.4
2019-11-02 00:50:11,pm2.5,835.5
2019-11-02 00:50:11,pm10,968.8
2019-11-02 00:51:11,pm2.5,825.1
2019-11-02 00:51:11,pm10,944.3
2019-11-02 00:52:11,pm2.5,819.0
2019-11-02 00:52:11,pm10,922.1
2019-11-02 00:53:11,pm2.5,809.9
2019-11-02 00:53:11,pm10,909.8
2019-11-02 00:54:11,pm2.5,799.4
2019-11-02 00:54:11,pm10,897.3
2019-11-02 00:55:11,pm2.5,789.1
2019-11-02 00:55:11,pm10,884.5
2019-11-02 00:56:51,pm2.5,769.1
2019-11-02 00:56:51,pm10,860.4
2019-11-02 00:57:11,pm2.5,768.8
2019-11-02 00:57:11,pm10,859.2
2019-11-02 00:58:11,pm2.5,756.2
2019-11-02 00:58:11,pm10,844.5
2019-11-02 00:59:11,pm2.5,745.8
2019-11-02 00:59:11,pm10,831.9
2019-11-02 01:00:11,pm2.5,737.4
2019-11-02 01:00:11,pm10,821.7
2019-11-02 01:01:11,pm2.5,724.1
2019-11-02 01:01:11,pm10,806.5
2019-11-02 01:02:11,pm2.5,714.9
2019-11-02 01:02:12,pm10,795.1
2019-11-02 01:03:11,pm2.5,707.7
2019-11-02 01:03:12,pm10,786.6
2019-11-02 01:04:11,pm2.5,696.1
2019-11-02 01:04:12,pm10,773.1
2019-11-02 01:05:11,pm2.5,688.5
2019-11-02 01:05:12,pm10,764.2
2019-11-02 01:06:11,pm2.5,675.9
2019-11-02 01:06:12,pm10,750.2
2019-11-02 01:07:11,pm2.5,668.0
2019-11-02 01:07:12,pm10,740.7
2019-11-02 01:08:12,pm2.5,656.3
2019-11-02 01:08:12,pm10,727.3
2019-11-02 01:09:12,pm2.5,649.7
2019-11-02 01:09:12,pm10,719.7
2019-11-02 01:10:12,pm2.5,639.7
2019-11-02 01:10:12,pm10,707.7
2019-11-02 01:11:12,pm2.5,630.9
2019-11-02 01:11:12,pm10,698.0
2019-11-02 01:12:12,pm2.5,623.2
2019-11-02 01:12:12,pm10,689.2
2019-11-02 01:13:12,pm2.5,613.4
2019-11-02 01:13:12,pm10,678.2
2019-11-02 01:14:11,pm2.5,598.0
2019-11-02 01:14:11,pm10,661.1
2019-11-02 01:15:11,pm2.5,590.9
2019-11-02 01:15:11,pm10,653.0
2019-11-02 01:16:11,pm2.5,584.9
2019-11-02 01:16:11,pm10,645.9
2019-11-02 01:17:11,pm2.5,573.5
2019-11-02 01:17:11,pm10,633.5
2019-11-02 01:18:11,pm2.5,564.5
2019-11-02 01:18:11,pm10,623.6
2019-11-02 01:19:11,pm2.5,555.3
2019-11-02 01:19:11,pm10,613.2
2019-11-02 01:20:11,pm2.5,547.2
2019-11-02 01:20:11,pm10,603.8
2019-11-02 01:21:11,pm2.5,535.9
2019-11-02 01:21:11,pm10,591.7
2019-11-02 01:22:11,pm2.5,530.2
2019-11-02 01:22:11,pm10,585.0
2019-11-02 01:23:11,pm2.5,520.1
2019-11-02 01:23:11,pm10,574.0
2019-11-02 01:24:11,pm2.5,509.4
2019-11-02 01:24:11,pm10,562.4
2019-11-02 01:25:11,pm2.5,498.7
2019-11-02 01:25:11,pm10,550.6
2019-11-02 01:26:11,pm2.5,489.7
2019-11-02 01:26:11,pm10,540.8
2019-11-02 01:27:11,pm2.5,478.8
2019-11-02 01:27:11,pm10,528.7
2019-11-02 01:28:11,pm2.5,473.3
2019-11-02 01:28:11,pm10,522.7
2019-11-02 01:29:11,pm2.5,465.8
2019-11-02 01:29:11,pm10,514.4
2019-11-02 01:30:41,pm2.5,448.3
2019-11-02 01:30:41,pm10,495.4
2019-11-02 01:31:11,pm2.5,443.2
2019-11-02 01:31:11,pm10,490.0
2019-11-02 01:32:11,pm2.5,436.4
2019-11-02 01:32:11,pm10,482.5
2019-11-02 01:33:11,pm2.5,428.5
2019-11-02 01:33:11,pm10,473.5
2019-11-02 01:34:11,pm2.5,418.3
2019-11-02 01:34:11,pm10,462.5
2019-11-02 01:35:11,pm2.5,409.9
2019-11-02 01:35:11,pm10,453.0
2019-11-02 01:36:11,pm2.5,398.8
2019-11-02 01:36:11,pm10,440.4
2019-11-02 01:37:11,pm2.5,391.1
2019-11-02 01:37:11,pm10,432.0
2019-11-02 01:38:11,pm2.5,382.8
2019-11-02 01:38:11,pm10,422.0
2019-11-02 01:40:24,pm2.5,365.3
2019-11-02 01:40:24,pm10,402.8
2019-11-02 01:43:11,pm2.5,348.4
2019-11-02 01:43:11,pm10,383.6
2019-11-02 01:43:39,pm2.5,341.6
2019-11-02 01:43:39,pm10,376.1
2019-11-02 01:43:43,pm2.5,341.5
2019-11-02 01:43:43,pm10,375.9
2019-11-02 01:43:47,pm2.5,342.4
2019-11-02 01:43:47,pm10,376.8
2019-11-02 01:44:11,pm2.5,339.3
2019-11-02 01:44:11,pm10,373.4
2019-11-02 01:45:11,pm2.5,330.1
2019-11-02 01:45:11,pm10,363.2
2019-11-02 01:46:11,pm2.5,321.4
2019-11-02 01:46:11,pm10,353.5
2019-11-02 01:47:11,pm2.5,312.4
2019-11-02 01:47:12,pm10,343.7
2019-11-02 01:48:11,pm2.5,307.5
2019-11-02 01:48:11,pm10,338.0
2019-11-02 01:49:11,pm2.5,299.2
2019-11-02 01:49:12,pm10,329.1
2019-11-02 01:50:11,pm2.5,292.2
2019-11-02 01:50:12,pm10,320.9
2019-11-02 01:51:11,pm2.5,283.7
2019-11-02 01:51:12,pm10,311.5
2019-11-02 01:52:11,pm2.5,280.0
2019-11-02 01:52:12,pm10,307.6
2019-11-02 01:53:11,pm2.5,269.6
2019-11-02 01:53:12,pm10,296.1
2019-11-02 01:54:11,pm2.5,263.5
2019-11-02 01:54:12,pm10,289.5
2019-11-02 01:55:11,pm2.5,254.6
2019-11-02 01:55:12,pm10,279.8
2019-11-02 01:56:12,pm2.5,252.6
2019-11-02 01:56:12,pm10,277.4
2019-11-02 01:57:12,pm2.5,242.3
2019-11-02 01:57:12,pm10,265.9
2019-11-02 01:58:12,pm2.5,237.6
2019-11-02 01:58:12,pm10,260.7
2019-11-02 01:59:12,pm2.5,230.3
2019-11-02 01:59:12,pm10,252.9
2019-11-02 02:00:12,pm2.5,224.7
2019-11-02 02:00:12,pm10,246.5
2019-11-02 02:01:12,pm2.5,217.5
2019-11-02 02:01:12,pm10,238.8
2019-11-02 02:02:12,pm2.5,212.9
2019-11-02 02:02:12,pm10,233.7
2019-11-02 02:03:12,pm2.5,205.4
2019-11-02 02:03:12,pm10,225.4
2019-11-02 02:04:11,pm2.5,202.0
2019-11-02 02:04:11,pm10,221.7
2019-11-02 02:05:11,pm2.5,195.5
2019-11-02 02:05:11,pm10,214.7
2019-11-02 02:06:11,pm2.5,190.4
2019-11-02 02:06:11,pm10,209.0
2019-11-02 02:07:11,pm2.5,182.2
2019-11-02 02:07:11,pm10,200.1
2019-11-02 02:08:11,pm2.5,177.0
2019-11-02 02:08:11,pm10,194.3
2019-11-02 02:09:11,pm2.5,175.7
2019-11-02 02:09:11,pm10,192.9
2019-11-02 02:10:11,pm2.5,169.5
2019-11-02 02:10:11,pm10,186.1
2019-11-02 02:11:11,pm2.5,165.5
2019-11-02 02:11:11,pm10,181.8
2019-11-02 02:12:11,pm2.5,158.7
2019-11-02 02:12:11,pm10,174.3
2019-11-02 02:13:11,pm2.5,154.8
2019-11-02 02:13:11,pm10,169.8
2019-11-02 02:14:11,pm2.5,150.2
2019-11-02 02:14:11,pm10,164.9
2019-11-02 02:15:11,pm2.5,146.9
2019-11-02 02:15:11,pm10,161.2
2019-11-02 02:16:11,pm2.5,144.5
2019-11-02 02:16:11,pm10,158.6
2019-11-02 02:17:11,pm2.5,141.0
2019-11-02 02:17:11,pm10,154.7
2019-11-02 02:18:11,pm2.5,137.0
2019-11-02 02:18:11,pm10,150.3
2019-11-02 02:19:11,pm2.5,131.6
2019-11-02 02:19:11,pm10,144.4
2019-11-02 02:20:11,pm2.5,129.4
2019-11-02 02:20:11,pm10,141.8
2019-11-02 02:21:11,pm2.5,126.0
2019-11-02 02:21:11,pm10,138.2
2019-11-02 02:22:11,pm2.5,121.5
2019-11-02 02:22:11,pm10,133.2
2019-11-02 02:23:11,pm2.5,118.9
2019-11-02 02:23:11,pm10,130.3
2019-11-02 02:24:11,pm2.5,114.6
2019-11-02 02:24:11,pm10,125.6
2019-11-02 02:25:11,pm2.5,112.3
2019-11-02 02:25:11,pm10,123.3
2019-11-02 02:26:11,pm2.5,110.1
2019-11-02 02:26:11,pm10,120.7
2019-11-02 02:27:11,pm2.5,106.4
2019-11-02 02:27:11,pm10,116.6
2019-11-02 02:28:11,pm2.5,104.6
2019-11-02 02:28:11,pm10,114.6
2019-11-02 02:29:11,pm2.5,99.3
2019-11-02 02:29:11,pm10,108.8
2019-11-02 02:30:11,pm2.5,96.4
2019-11-02 02:30:11,pm10,105.6
2019-11-02 02:31:11,pm2.5,95.2
2019-11-02 02:31:11,pm10,104.2
2019-11-02 02:32:11,pm2.5,91.0
2019-11-02 02:32:11,pm10,99.7
2019-11-02 02:33:11,pm2.5,91.6
2019-11-02 02:33:11,pm10,100.3
2019-11-02 02:34:11,pm2.5,87.2
2019-11-02 02:34:11,pm10,95.4
2019-11-02 02:35:11,pm2.5,84.3
2019-11-02 02:35:11,pm10,92.3
2019-11-02 02:36:11,pm2.5,80.2
2019-11-02 02:36:11,pm10,87.9
2019-11-02 02:37:11,pm2.5,78.8
2019-11-02 02:37:11,pm10,86.2
2019-11-02 02:38:11,pm2.5,77.3
2019-11-02 02:38:11,pm10,84.7
2019-11-02 02:39:11,pm2.5,76.2
2019-11-02 02:39:11,pm10,83.5
2019-11-02 02:40:11,pm2.5,74.5
2019-11-02 02:40:11,pm10,81.6
2019-11-02 02:41:11,pm2.5,69.8
2019-11-02 02:41:11,pm10,76.5
2019-11-02 02:42:11,pm2.5,67.3
2019-11-02 02:42:11,pm10,73.6
2019-11-02 02:43:11,pm2.5,66.6
2019-11-02 02:43:11,pm10,73.0
2019-11-02 02:44:11,pm2.5,64.7
2019-11-02 02:44:11,pm10,71.0
2019-11-02 02:45:11,pm2.5,62.9
2019-11-02 02:45:11,pm10,68.9
2019-11-02 02:46:11,pm2.5,61.4
2019-11-02 02:46:11,pm10,67.3
2019-11-02 02:47:11,pm2.5,58.2
2019-11-02 02:47:11,pm10,63.8
2019-11-02 02:48:11,pm2.5,59.1
2019-11-02 02:48:11,pm10,64.8
2019-11-02 02:49:11,pm2.5,54.9
2019-11-02 02:49:12,pm10,60.3
2019-11-02 02:50:11,pm2.5,54.3
2019-11-02 02:50:12,pm10,59.5
2019-11-02 02:51:11,pm2.5,54.0
2019-11-02 02:51:12,pm10,59.2
2019-11-02 02:52:11,pm2.5,53.3
2019-11-02 02:52:12,pm10,58.5
2019-11-02 02:53:11,pm2.5,50.1
2019-11-02 02:53:12,pm10,54.9
2019-11-02 02:54:12,pm2.5,49.0
2019-11-02 02:54:12,pm10,53.8
2019-11-02 02:55:12,pm2.5,47.7
2019-11-02 02:55:12,pm10,52.3
2019-11-02 02:56:12,pm2.5,45.8
2019-11-02 02:56:12,pm10,50.3
2019-11-02 02:57:12,pm2.5,45.1
2019-11-02 02:57:12,pm10,49.5
2019-11-02 02:58:12,pm2.5,43.5
2019-11-02 02:58:12,pm10,47.7
2019-11-02 02:59:12,pm2.5,42.3
2019-11-02 02:59:12,pm10,46.5
2019-11-02 03:00:12,pm2.5,41.5
2019-11-02 03:00:12,pm10,45.6
2019-11-02 03:01:12,pm2.5,41.3
2019-11-02 03:01:12,pm10,45.4
2019-11-02 03:03:11,pm2.5,38.6
2019-11-02 03:03:11,pm10,42.4
2019-11-02 03:04:11,pm2.5,37.6
2019-11-02 03:04:11,pm10,41.3
2019-11-02 03:05:11,pm2.5,35.2
2019-11-02 03:05:11,pm10,38.7
2019-11-02 03:06:11,pm2.5,35.0
2019-11-02 03:06:11,pm10,38.5
2019-11-02 03:07:11,pm2.5,33.6
2019-11-02 03:07:11,pm10,37.0
2019-11-02 03:08:11,pm2.5,33.2
2019-11-02 03:08:11,pm10,36.6
2019-11-02 03:09:11,pm2.5,32.7
2019-11-02 03:09:11,pm10,35.9
2019-11-02 03:10:11,pm2.5,31.7
2019-11-02 03:10:11,pm10,34.9
2019-11-02 03:11:11,pm2.5,31.1
2019-11-02 03:11:11,pm10,34.2
2019-11-02 03:12:11,pm2.5,29.5
2019-11-02 03:12:11,pm10,32.5
2019-11-02 03:13:11,pm2.5,28.8
2019-11-02 03:13:11,pm10,31.7
2019-11-02 03:14:11,pm2.5,27.9
2019-11-02 03:14:11,pm10,30.7
2019-11-02 03:15:11,pm2.5,27.7
2019-11-02 03:15:11,pm10,30.5
2019-11-02 03:16:11,pm2.5,26.2
2019-11-02 03:16:11,pm10,28.9
2019-11-02 03:17:11,pm2.5,26.0
2019-11-02 03:17:11,pm10,28.7
2019-11-02 03:18:11,pm2.5,25.5
2019-11-02 03:18:11,pm10,28.1
2019-11-02 03:19:11,pm2.5,24.1
2019-11-02 03:19:11,pm10,26.6
2019-11-02 03:20:11,pm2.5,23.7
2019-11-02 03:20:11,pm10,26.2
2019-11-02 03:21:11,pm2.5,22.8
2019-11-02 03:21:11,pm10,25.2
2019-11-02 03:22:11,pm2.5,22.5
2019-11-02 03:22:11,pm10,24.8
2019-11-02 03:23:11,pm2.5,22.6
2019-11-02 03:23:11,pm10,25.0
2019-11-02 03:24:11,pm2.5,21.2
2019-11-02 03:24:11,pm10,23.4
2019-11-02 03:25:11,pm2.5,21.0
2019-11-02 03:25:11,pm10,23.2
2019-11-02 03:26:11,pm2.5,20.2
2019-11-02 03:26:11,pm10,22.4
2019-11-02 03:27:11,pm2.5,19.5
2019-11-02 03:27:11,pm10,21.6
2019-11-02 03:28:11,pm2.5,18.9
2019-11-02 03:28:11,pm10,20.9
2019-11-02 03:29:11,pm2.5,18.5
2019-11-02 03:29:11,pm10,20.5
2019-11-02 03:30:11,pm2.5,18.6
2019-11-02 03:30:11,pm10,20.6
2019-11-02 03:31:11,pm2.5,17.6
2019-11-02 03:31:11,pm10,19.5
2019-11-02 03:32:11,pm2.5,17.0
2019-11-02 03:32:12,pm10,18.9
2019-11-02 03:33:11,pm2.5,16.8
2019-11-02 03:33:12,pm10,18.7
2019-11-02 03:34:11,pm2.5,16.6
2019-11-02 03:34:12,pm10,18.5
2019-11-02 03:35:11,pm2.5,15.6
2019-11-02 03:35:12,pm10,17.4
2019-11-02 03:36:11,pm2.5,15.6
2019-11-02 03:36:12,pm10,17.4
2019-11-02 03:37:11,pm2.5,15.8
2019-11-02 03:37:12,pm10,17.6
2019-11-02 03:38:11,pm2.5,14.8
2019-11-02 03:38:12,pm10,16.5
2019-11-02 03:39:11,pm2.5,13.8
2019-11-02 03:39:12,pm10,15.4
2019-11-02 03:40:12,pm2.5,13.9
2019-11-02 03:40:12,pm10,15.5
2019-11-02 03:41:12,pm2.5,13.4
2019-11-02 03:41:12,pm10,15.0
2019-11-02 03:42:12,pm2.5,13.4
2019-11-02 03:42:12,pm10,15.0
2019-11-02 03:43:12,pm2.5,12.8
2019-11-02 03:43:12,pm10,14.3
2019-11-02 03:44:12,pm2.5,12.6
2019-11-02 03:44:12,pm10,14.1
2019-11-02 03:45:11,pm2.5,12.1
2019-11-02 03:45:11,pm10,13.8
2019-11-02 03:46:11,pm2.5,11.3
2019-11-02 03:46:11,pm10,13.0
2019-11-02 03:47:11,pm2.5,11.1
2019-11-02 03:47:11,pm10,12.7
2019-11-02 03:48:11,pm2.5,11.0
2019-11-02 03:48:11,pm10,12.6
2019-11-02 03:49:11,pm2.5,10.8
2019-11-02 03:49:11,pm10,12.5
2019-11-02 03:50:11,pm2.5,10.9
2019-11-02 03:50:11,pm10,12.5
2019-11-02 03:51:11,pm2.5,10.0
2019-11-02 03:51:11,pm10,12.0
2019-11-02 03:52:11,pm2.5,10.0
2019-11-02 03:52:11,pm10,11.9
2019-11-02 03:53:11,pm2.5,9.9
2019-11-02 03:53:11,pm10,11.8
2019-11-02 03:54:11,pm2.5,9.3
2019-11-02 03:54:11,pm10,11.5
2019-11-02 03:55:11,pm2.5,9.2
2019-11-02 03:55:11,pm10,11.4
2019-11-02 03:56:11,pm2.5,8.6
2019-11-02 03:56:11,pm10,10.9
2019-11-02 03:57:11,pm2.5,8.5
2019-11-02 03:57:11,pm10,11.0
2019-11-02 03:58:11,pm2.5,8.3
2019-11-02 03:58:11,pm10,10.7
2019-11-02 03:59:11,pm2.5,8.7
2019-11-02 03:59:11,pm10,10.9
2019-11-02 04:00:11,pm2.5,8.2
2019-11-02 04:00:11,pm10,10.6
2019-11-02 04:01:11,pm2.5,7.6
2019-11-02 04:01:11,pm10,10.4
2019-11-02 04:02:11,pm2.5,7.7
2019-11-02 04:02:11,pm10,10.2
2019-11-02 04:03:11,pm2.5,7.2
2019-11-02 04:03:11,pm10,9.8
2019-11-02 04:04:11,pm2.5,7.1
2019-11-02 04:04:11,pm10,9.7
2019-11-02 04:05:11,pm2.5,6.9
2019-11-02 04:05:11,pm10,9.8
2019-11-02 04:06:11,pm2.5,6.8
2019-11-02 04:06:11,pm10,9.5
2019-11-02 04:07:11,pm2.5,6.9
2019-11-02 04:07:11,pm10,9.7
2019-11-02 04:08:11,pm2.5,6.4
2019-11-02 04:08:11,pm10,9.2
2019-11-02 04:09:11,pm2.5,6.2
2019-11-02 04:09:11,pm10,9.0
2019-11-02 04:10:11,pm2.5,6.1
2019-11-02 04:10:11,pm10,9.0
2019-11-02 04:11:11,pm2.5,6.0
2019-11-02 04:11:11,pm10,9.1
2019-11-02 04:12:11,pm2.5,6.2
2019-11-02 04:12:12,pm10,9.1
2019-11-02 04:13:11,pm2.5,5.7
2019-11-02 04:13:11,pm10,8.8
2019-11-02 04:14:11,pm2.5,5.3
2019-11-02 04:14:12,pm10,8.5
2019-11-02 04:15:11,pm2.5,5.4
2019-11-02 04:15:12,pm10,8.5
2019-11-02 04:16:11,pm2.5,5.4
2019-11-02 04:16:12,pm10,8.7
2019-11-02 04:17:11,pm2.5,5.0
2019-11-02 04:17:12,pm10,8.1
2019-11-02 04:18:12,pm2.5,4.9
2019-11-02 04:18:12,pm10,8.1
2019-11-02 04:19:12,pm2.5,4.4
2019-11-02 04:19:12,pm10,7.8
2019-11-02 04:20:12,pm2.5,4.6
2019-11-02 04:20:12,pm10,7.8
2019-11-02 04:21:12,pm2.5,4.6
2019-11-02 04:21:12,pm10,7.7
2019-11-02 04:22:12,pm2.5,4.3
2019-11-02 04:22:12,pm10,7.8
2019-11-02 04:23:12,pm2.5,4.6
2019-11-02 04:23:12,pm10,8.0
2019-11-02 04:24:11,pm2.5,4.2
2019-11-02 04:24:11,pm10,7.6
2019-11-02 04:25:11,pm2.5,3.7
2019-11-02 04:25:11,pm10,7.0
2019-11-02 04:26:11,pm2.5,4.1
2019-11-02 04:26:11,pm10,7.5
2019-11-02 04:27:11,pm2.5,4.1
2019-11-02 04:27:11,pm10,7.4
2019-11-02 04:28:11,pm2.5,3.7
2019-11-02 04:28:11,pm10,7.4
2019-11-02 04:29:11,pm2.5,3.7
2019-11-02 04:29:11,pm10,7.1
2019-11-02 04:30:11,pm2.5,3.5
2019-11-02 04:30:11,pm10,6.9
2019-11-02 04:31:11,pm2.5,3.3
2019-11-02 04:31:11,pm10,6.7
2019-11-02 04:32:11,pm2.5,3.6
2019-11-02 04:32:11,pm10,7.1
2019-11-02 04:33:11,pm2.5,3.3
2019-11-02 04:33:11,pm10,6.8
2019-11-02 04:34:11,pm2.5,3.3
2019-11-02 04:34:11,pm10,6.7
2019-11-02 04:35:11,pm2.5,3.1
2019-11-02 04:35:11,pm10,6.3
2019-11-02 04:36:11,pm2.5,3.2
2019-11-02 04:36:11,pm10,6.6
2019-11-02 04:37:11,pm2.5,3.1
2019-11-02 04:37:11,pm10,6.5
2019-11-02 04:38:11,pm2.5,3.0
2019-11-02 04:38:11,pm10,6.1
2019-11-02 04:39:11,pm2.5,2.7
2019-11-02 04:39:11,pm10,6.0
2019-11-02 04:40:11,pm2.5,2.7
2019-11-02 04:40:11,pm10,5.8
2019-11-02 04:41:11,pm2.5,2.8
2019-11-02 04:41:11,pm10,6.2
2019-11-02 04:42:11,pm2.5,2.6
2019-11-02 04:42:11,pm10,5.4
2019-11-02 04:43:11,pm2.5,2.7
2019-11-02 04:43:11,pm10,5.9
2019-11-02 04:44:11,pm2.5,2.4
2019-11-02 04:44:11,pm10,5.2
2019-11-02 04:45:11,pm2.5,2.4
2019-11-02 04:45:11,pm10,5.1
2019-11-02 04:46:11,pm2.5,2.6
2019-11-02 04:46:11,pm10,5.7
2019-11-02 04:47:11,pm2.5,2.2
2019-11-02 04:47:11,pm10,5.2
2019-11-02 04:48:11,pm2.5,2.4
2019-11-02 04:48:11,pm10,5.4
2019-11-02 04:49:11,pm2.5,2.2
2019-11-02 04:49:11,pm10,4.8
2019-11-02 04:50:11,pm2.5,2.2
2019-11-02 04:50:11,pm10,4.8
2019-11-02 04:51:11,pm2.5,2.2
2019-11-02 04:51:11,pm10,4.8
2019-11-02 04:52:11,pm2.5,2.0
2019-11-02 04:52:12,pm10,4.2
2019-11-02 04:53:11,pm2.5,2.1
2019-11-02 04:53:12,pm10,4.9
2019-11-02 04:54:11,pm2.5,1.9
2019-11-02 04:54:12,pm10,4.0
2019-11-02 04:55:11,pm2.5,2.0
2019-11-02 04:55:12,pm10,4.4
2019-11-02 04:56:12,pm2.5,1.8
2019-11-02 04:56:12,pm10,4.1
2019-11-02 04:57:12,pm2.5,1.8
2019-11-02 04:57:12,pm10,3.7
2019-11-02 04:58:12,pm2.5,1.6
2019-11-02 04:58:12,pm10,3.4
2019-11-02 04:59:12,pm2.5,1.6
2019-11-02 04:59:12,pm10,3.2
2019-11-02 05:00:12,pm2.5,1.7
2019-11-02 05:00:12,pm10,3.7
2019-11-02 05:01:12,pm2.5,1.6
2019-11-02 05:01:12,pm10,3.2
2019-11-02 05:02:11,pm2.5,1.5
2019-11-02 05:02:11,pm10,3.0
2019-11-02 05:03:11,pm2.5,1.7
2019-11-02 05:03:11,pm10,3.6
2019-11-02 05:04:11,pm2.5,1.6
2019-11-02 05:04:11,pm10,3.7
2019-11-02 05:05:11,pm2.5,1.6
2019-11-02 05:05:11,pm10,3.4
2019-11-02 05:06:11,pm2.5,1.4
2019-11-02 05:06:11,pm10,2.8
2019-11-02 05:07:11,pm2.5,1.5
2019-11-02 05:07:11,pm10,3.0
2019-11-02 05:08:11,pm2.5,1.3
2019-11-02 05:08:11,pm10,2.6
2019-11-02 05:09:11,pm2.5,1.2
2019-11-02 05:09:11,pm10,2.3
2019-11-02 05:10:11,pm2.5,1.3
2019-11-02 05:10:11,pm10,2.6
2019-11-02 05:11:11,pm2.5,1.4
2019-11-02 05:11:11,pm10,2.8
2019-11-02 05:12:11,pm2.5,1.3
2019-11-02 05:12:11,pm10,2.3
2019-11-02 05:13:11,pm2.5,1.2
2019-11-02 05:13:11,pm10,2.3
2019-11-02 05:14:11,pm2.5,1.2
2019-11-02 05:14:11,pm10,2.2
2019-11-02 05:15:11,pm2.5,1.1
2019-11-02 05:15:11,pm10,2.1
2019-11-02 05:16:11,pm2.5,1.2
2019-11-02 05:16:11,pm10,2.3
2019-11-02 05:17:11,pm2.5,1.2
2019-11-02 05:17:11,pm10,2.7
2019-11-02 05:18:11,pm2.5,1.1
2019-11-02 05:18:11,pm10,2.0
2019-11-02 05:19:11,pm2.5,1.0
2019-11-02 05:19:11,pm10,1.7
2019-11-02 05:20:11,pm2.5,1.1
2019-11-02 05:20:11,pm10,2.0
2019-11-02 05:21:11,pm2.5,0.9
2019-11-02 05:21:11,pm10,1.5
2019-11-02 05:22:11,pm2.5,1.0
2019-11-02 05:22:11,pm10,1.8
2019-11-02 05:23:11,pm2.5,0.9
2019-11-02 05:23:11,pm10,1.7
2019-11-02 05:24:11,pm2.5,1.0
2019-11-02 05:24:11,pm10,2.0
2019-11-02 05:25:11,pm2.5,1.0
2019-11-02 05:25:11,pm10,1.7
2019-11-02 05:26:11,pm2.5,0.8
2019-11-02 05:26:11,pm10,1.1
2019-11-02 05:27:11,pm2.5,1.0
2019-11-02 05:27:11,pm10,1.6
2019-11-02 05:28:11,pm2.5,0.8
2019-11-02 05:28:11,pm10,1.3
2019-11-02 05:29:11,pm2.5,0.9
2019-11-02 05:29:11,pm10,1.6
2019-11-02 05:30:11,pm2.5,0.9
2019-11-02 05:30:11,pm10,1.6
2019-11-02 05:31:11,pm2.5,0.9
2019-11-02 05:31:11,pm10,1.6
2019-11-02 05:32:11,pm2.5,0.9
2019-11-02 05:32:12,pm10,1.5
2019-11-02 05:33:11,pm2.5,0.8
2019-11-02 05:33:12,pm10,1.3
2019-11-02 05:34:11,pm2.5,0.7
2019-11-02 05:34:12,pm10,1.1
2019-11-02 05:35:12,pm2.5,0.9
2019-11-02 05:35:12,pm10,1.7
2019-11-02 05:36:12,pm2.5,0.7
2019-11-02 05:36:12,pm10,1.1
2019-11-02 05:37:12,pm2.5,0.7
2019-11-02 05:37:12,pm10,1.1
2019-11-02 05:38:12,pm2.5,0.8
2019-11-02 05:38:12,pm10,1.3
2019-11-02 05:42:09,pm2.5,0.7
2019-11-02 05:42:09,pm10,0.9
2019-11-02 05:45:02,pm2.5,0.7
2019-11-02 05:45:02,pm10,0.9
2019-11-02 05:45:17,pm2.5,0.6
2019-11-02 05:45:18,pm10,0.8
2019-11-02 05:45:33,pm2.5,0.6
2019-11-02 05:45:33,pm10,0.7
2019-11-02 05:45:54,pm2.5,0.7
2019-11-02 05:45:54,pm10,1.0
2019-11-02 05:45:54,pm10,1.0
2019-11-02 05:45:58,pm2.5,0.6
2019-11-02 05:45:58,pm10,0.8
2019-11-02 05:46:09,pm10,0.6
2019-11-02 05:46:20,pm2.5,0.6
2019-11-02 05:46:20,pm10,0.8
2019-11-02 05:47:11,pm2.5,0.6
2019-11-02 05:47:11,pm10,0.9
2019-11-02 05:48:11,pm2.5,0.6
2019-11-02 05:48:11,pm10,0.9
2019-11-02 05:49:11,pm2.5,0.6
2019-11-02 05:49:11,pm10,0.6
2019-11-02 05:50:11,pm2.5,0.6
2019-11-02 05:50:11,pm10,0.8
2019-11-02 05:51:11,pm2.5,0.6
2019-11-02 05:51:11,pm10,0.7
2019-11-02 05:52:11,pm2.5,0.6
2019-11-02 05:52:11,pm10,0.7
2019-11-02 05:53:11,pm2.5,0.5
2019-11-02 05:53:11,pm10,0.9
2019-11-02 05:54:11,pm2.5,0.5
2019-11-02 05:54:11,pm10,0.5
2019-11-02 05:55:11,pm2.5,0.5
2019-11-02 05:55:11,pm10,0.5
2019-11-02 05:56:11,pm2.5,0.5
2019-11-02 05:56:11,pm10,0.5
2019-11-02 05:57:11,pm2.5,0.5
2019-11-02 05:57:12,pm10,0.7
2019-11-02 05:58:11,pm2.5,0.4
2019-11-02 05:58:11,pm10,0.4
2019-11-02 05:59:11,pm2.5,0.5
2019-11-02 05:59:11,pm10,0.5
2019-11-02 06:00:11,pm2.5,0.6
2019-11-02 06:00:11,pm10,0.7
2019-11-02 06:01:11,pm2.5,0.5
2019-11-02 06:01:11,pm10,0.6
2019-11-02 06:02:11,pm2.5,0.5
2019-11-02 06:02:11,pm10,0.5
2019-11-02 06:03:11,pm2.5,0.4
2019-11-02 06:03:11,pm10,0.5
2019-11-02 06:04:11,pm2.5,0.4
2019-11-02 06:04:11,pm10,0.6
2019-11-02 06:05:11,pm2.5,0.4
2019-11-02 06:05:11,pm10,0.4
2019-11-02 06:06:11,pm2.5,0.4
2019-11-02 06:06:12,pm10,0.4
2019-11-02 06:07:11,pm2.5,0.4
2019-11-02 06:07:12,pm10,0.4
2019-11-02 06:08:11,pm2.5,0.4
2019-11-02 06:08:12,pm10,0.5
2019-11-02 06:09:11,pm2.5,0.4
2019-11-02 06:09:12,pm10,0.4
2019-11-02 06:10:12,pm2.5,0.4
2019-11-02 06:10:12,pm10,0.4
2019-11-02 06:11:12,pm2.5,0.4
2019-11-02 06:11:12,pm10,0.4
2019-11-02 06:12:12,pm2.5,0.4
2019-11-02 06:12:12,pm10,0.4
2019-11-02 06:13:12,pm2.5,0.3
2019-11-02 06:13:12,pm10,0.3
2019-11-02 06:14:12,pm2.5,0.3
2019-11-02 06:14:12,pm10,0.3
2019-11-02 06:16:11,pm2.5,0.3
2019-11-02 06:16:11,pm10,0.3
2019-11-02 06:17:11,pm2.5,0.3
2019-11-02 06:17:11,pm10,0.3
2019-11-02 06:18:11,pm2.5,0.3
2019-11-02 06:18:11,pm10,0.3
2019-11-02 06:19:11,pm2.5,0.3
2019-11-02 06:19:11,pm10,0.3
2019-11-02 06:20:11,pm2.5,0.3
2019-11-02 06:20:11,pm10,0.3
2019-11-02 06:21:11,pm2.5,0.3
2019-11-02 06:21:11,pm10,0.3
2019-11-02 06:22:11,pm2.5,0.4
2019-11-02 06:22:11,pm10,0.4
2019-11-02 06:23:11,pm2.5,0.3
2019-11-02 06:23:11,pm10,0.3
2019-11-02 06:24:11,pm2.5,0.2
2019-11-02 06:24:11,pm10,0.2
2019-11-02 06:25:11,pm2.5,0.3
2019-11-02 06:25:11,pm10,0.3
2019-11-02 06:26:11,pm2.5,0.3
2019-11-02 06:26:11,pm10,0.3
2019-11-02 06:27:11,pm2.5,0.3
2019-11-02 06:27:11,pm10,0.3
2019-11-02 06:28:11,pm2.5,0.3
2019-11-02 06:28:11,pm10,0.3
2019-11-02 06:29:11,pm2.5,0.3
2019-11-02 06:29:11,pm10,0.3
2019-11-02 06:30:11,pm2.5,0.3
2019-11-02 06:30:11,pm10,0.3
2019-11-02 06:31:11,pm2.5,0.3
2019-11-02 06:31:11,pm10,0.3
2019-11-02 06:32:11,pm2.5,0.2
2019-11-02 06:32:11,pm10,0.2
2019-11-02 06:33:11,pm2.5,0.2
2019-11-02 06:33:11,pm10,0.2
2019-11-02 06:34:11,pm2.5,0.3
2019-11-02 06:34:11,pm10,0.5
2019-11-02 06:35:11,pm2.5,0.2
2019-11-02 06:35:11,pm10,0.2
2019-11-02 06:36:11,pm2.5,0.2
2019-11-02 06:36:11,pm10,0.2
2019-11-02 06:37:11,pm2.5,0.2
2019-11-02 06:37:11,pm10,0.3
2019-11-02 06:38:11,pm2.5,0.3
2019-11-02 06:38:11,pm10,0.3
2019-11-02 06:39:11,pm2.5,0.1
2019-11-02 06:39:11,pm10,0.1
2019-11-02 06:40:11,pm2.5,0.2
2019-11-02 06:40:11,pm10,0.2
2019-11-02 06:41:11,pm2.5,0.2
2019-11-02 06:41:11,pm10,0.2
2019-11-02 06:42:11,pm2.5,0.2
2019-11-02 06:42:11,pm10,0.2
2019-11-02 06:43:11,pm2.5,0.3
2019-11-02 06:43:12,pm10,0.4
2019-11-02 06:44:11,pm2.5,0.2
2019-11-02 06:44:12,pm10,0.2
2019-11-02 06:45:11,pm2.5,0.2
2019-11-02 06:45:12,pm10,0.2
2019-11-02 06:46:11,pm2.5,0.3
2019-11-02 06:46:12,pm10,0.3
2019-11-02 06:47:11,pm2.5,0.2
2019-11-02 06:47:12,pm10,0.2
2019-11-02 06:48:11,pm2.5,0.2
2019-11-02 06:48:12,pm10,0.2
2019-11-02 06:49:12,pm2.5,0.2
2019-11-02 06:49:12,pm10,0.2
2019-11-02 06:50:12,pm2.5,0.2
2019-11-02 06:50:12,pm10,0.2
2019-11-02 06:51:12,pm2.5,0.2
2019-11-02 06:51:12,pm10,0.2
2019-11-02 06:52:12,pm2.5,0.2
2019-11-02 06:52:12,pm10,0.2
2019-11-02 06:53:12,pm2.5,0.2
2019-11-02 06:53:12,pm10,0.4
2019-11-02 06:54:12,pm2.5,0.2
2019-11-02 06:54:12,pm10,0.2
2019-11-02 06:55:11,pm2.5,0.3
2019-11-02 06:55:11,pm10,0.3
2019-11-02 06:56:11,pm2.5,0.2
2019-11-02 06:56:11,pm10,0.2
2019-11-02 06:57:11,pm2.5,0.2
2019-11-02 06:57:11,pm10,0.6
2019-11-02 06:58:11,pm2.5,0.2
2019-11-02 06:58:11,pm10,0.2
2019-11-02 06:59:11,pm2.5,0.1
2019-11-02 06:59:11,pm10,0.1
2019-11-02 07:00:11,pm2.5,0.1
2019-11-02 07:00:11,pm10,0.1
2019-11-02 07:01:11,pm2.5,0.2
2019-11-02 07:01:11,pm10,0.2
2019-11-02 07:02:11,pm2.5,0.1
2019-11-02 07:02:11,pm10,0.1
2019-11-02 07:03:11,pm2.5,0.1
2019-11-02 07:03:11,pm10,0.1
2019-11-02 07:04:11,pm2.5,0.1
2019-11-02 07:04:11,pm10,0.3
2019-11-02 07:05:11,pm2.5,0.2
2019-11-02 07:05:11,pm10,0.2
2019-11-02 07:06:11,pm2.5,0.2
2019-11-02 07:06:11,pm10,0.2
2019-11-02 07:07:11,pm2.5,0.1
2019-11-02 07:07:11,pm10,0.1
2019-11-02 07:08:11,pm2.5,0.1
2019-11-02 07:08:11,pm10,0.1
2019-11-02 07:09:11,pm2.5,0.2
2019-11-02 07:09:11,pm10,0.2
2019-11-02 07:10:11,pm2.5,0.1
2019-11-02 07:10:11,pm10,0.1
2019-11-02 07:11:11,pm2.5,0.1
2019-11-02 07:11:11,pm10,0.1
2019-11-02 07:12:11,pm2.5,0.1
2019-11-02 07:12:11,pm10,0.1
2019-11-02 07:13:11,pm2.5,0.1
2019-11-02 07:13:11,pm10,0.1
2019-11-02 07:14:11,pm2.5,0.1
2019-11-02 07:14:11,pm10,0.1
2019-11-02 07:15:11,pm2.5,0.1
2019-11-02 07:15:11,pm10,0.1
2019-11-02 07:16:11,pm2.5,0.1
2019-11-02 07:16:11,pm10,0.1
2019-11-02 07:17:11,pm2.5,0.1
2019-11-02 07:17:11,pm10,0.1
2019-11-02 07:18:11,pm2.5,0.1
2019-11-02 07:18:11,pm10,0.1
2019-11-02 07:19:11,pm2.5,0.2
2019-11-02 07:19:11,pm10,0.2
2019-11-02 07:20:11,pm2.5,0.1
2019-11-02 07:20:12,pm10,0.1
2019-11-02 07:21:11,pm2.5,0.1
2019-11-02 07:21:12,pm10,0.2
2019-11-02 07:22:11,pm2.5,0.1
2019-11-02 07:22:12,pm10,0.1
2019-11-02 07:23:11,pm2.5,0.1
2019-11-02 07:23:12,pm10,0.1
2019-11-02 07:24:11,pm2.5,0.1
2019-11-02 07:24:12,pm10,0.1
2019-11-02 07:25:11,pm2.5,0.2
2019-11-02 07:25:12,pm10,0.5
2019-11-02 07:26:12,pm2.5,0.1
2019-11-02 07:26:12,pm10,0.1
2019-11-02 07:27:12,pm2.5,0.2
2019-11-02 07:27:12,pm10,0.2
2019-11-02 07:28:12,pm2.5,0.0
2019-11-02 07:28:12,pm10,0.0
2019-11-02 07:29:12,pm2.5,0.1
2019-11-02 07:29:12,pm10,0.1
2019-11-02 07:30:12,pm2.5,0.2
2019-11-02 07:30:12,pm10,0.2
2019-11-02 07:31:11,pm2.5,0.1
2019-11-02 07:31:11,pm10,0.1
2019-11-02 07:32:11,pm2.5,0.1
2019-11-02 07:32:11,pm10,0.1
2019-11-02 07:33:11,pm2.5,0.1
2019-11-02 07:33:11,pm10,0.2
2019-11-02 07:34:11,pm2.5,0.1
2019-11-02 07:34:11,pm10,0.1
2019-11-02 07:35:11,pm2.5,0.1
2019-11-02 07:35:11,pm10,0.1
2019-11-02 07:36:11,pm2.5,0.1
2019-11-02 07:36:11,pm10,0.1
2019-11-02 07:37:11,pm2.5,0.1
2019-11-02 07:37:11,pm10,0.1
2019-11-02 07:38:11,pm2.5,0.1
2019-11-02 07:38:11,pm10,0.1
2019-11-02 07:39:11,pm2.5,0.0
2019-11-02 07:39:11,pm10,0.0
2019-11-02 07:40:11,pm2.5,0.1
2019-11-02 07:40:11,pm10,0.1
2019-11-02 07:41:11,pm2.5,0.1
2019-11-02 07:41:11,pm10,0.1
2019-11-02 07:42:11,pm2.5,0.1
2019-11-02 07:42:11,pm10,0.1
2019-11-02 07:43:11,pm2.5,0.1
2019-11-02 07:43:11,pm10,0.1
2019-11-02 07:44:11,pm2.5,0.1
2019-11-02 07:44:11,pm10,0.2
2019-11-02 07:45:11,pm2.5,0.1
2019-11-02 07:45:11,pm10,0.2
2019-11-02 07:46:11,pm2.5,0.1
2019-11-02 07:46:11,pm10,0.1
2019-11-02 07:47:11,pm2.5,0.1
2019-11-02 07:47:11,pm10,0.1
2019-11-02 07:48:11,pm2.5,0.1
2019-11-02 07:48:11,pm10,0.1
2019-11-02 07:49:11,pm2.5,0.1
2019-11-02 07:49:11,pm10,0.1
2019-11-02 07:50:11,pm2.5,0.1
2019-11-02 07:50:11,pm10,0.2
2019-11-02 07:51:11,pm2.5,0.1
2019-11-02 07:51:11,pm10,0.2
2019-11-02 07:52:11,pm2.5,0.1
2019-11-02 07:52:11,pm10,0.3
2019-11-02 07:53:11,pm2.5,0.1
2019-11-02 07:53:11,pm10,0.1
2019-11-02 07:54:11,pm2.5,0.1
2019-11-02 07:54:11,pm10,0.1
2019-11-02 07:55:11,pm2.5,0.1
2019-11-02 07:55:11,pm10,0.1
2019-11-02 07:56:11,pm2.5,0.1
2019-11-02 07:56:11,pm10,0.1
2019-11-02 07:57:11,pm2.5,0.1
2019-11-02 07:57:11,pm10,0.1
2019-11-02 07:58:11,pm2.5,0.1
2019-11-02 07:58:11,pm10,0.1
2019-11-02 07:59:11,pm2.5,0.1
2019-11-02 07:59:11,pm10,0.1
2019-11-02 08:00:11,pm2.5,0.1
2019-11-02 08:00:11,pm10,0.1
2019-11-02 08:01:11,pm2.5,0.1
2019-11-02 08:01:11,pm10,0.1
2019-11-02 08:02:11,pm2.5,0.1
2019-11-02 08:02:11,pm10,0.1
2019-11-02 08:03:11,pm2.5,0.1
2019-11-02 08:03:11,pm10,0.1
2019-11-02 08:04:11,pm2.5,0.1
2019-11-02 08:04:11,pm10,0.1
2019-11-02 08:05:11,pm2.5,0.1
2019-11-02 08:05:11,pm10,0.1
2019-11-02 08:06:11,pm2.5,0.2
2019-11-02 08:06:12,pm10,0.2
2019-11-02 08:07:11,pm2.5,0.1
2019-11-02 08:07:11,pm10,0.1
2019-11-02 08:08:11,pm2.5,0.1
2019-11-02 08:08:11,pm10,0.1
2019-11-02 08:09:11,pm2.5,0.1
2019-11-02 08:09:11,pm10,0.1
2019-11-02 08:10:11,pm2.5,0.1
2019-11-02 08:10:12,pm10,0.1
2019-11-02 08:11:11,pm2.5,0.1
2019-11-02 08:11:12,pm10,0.1
2019-11-02 08:12:11,pm2.5,0.0
2019-11-02 08:12:12,pm10,0.0
2019-11-02 08:13:11,pm2.5,0.1
2019-11-02 08:13:12,pm10,0.1
2019-11-02 08:14:11,pm2.5,0.1
2019-11-02 08:14:12,pm10,0.1
2019-11-02 08:15:11,pm2.5,0.1
2019-11-02 08:15:12,pm10,0.1
2019-11-02 08:16:12,pm2.5,0.1
2019-11-02 08:16:12,pm10,0.1
2019-11-02 08:17:12,pm2.5,0.0
2019-11-02 08:17:12,pm10,0.0
2019-11-02 08:18:12,pm2.5,0.1
2019-11-02 08:18:12,pm10,0.1
2019-11-02 08:19:12,pm2.5,0.1
2019-11-02 08:19:12,pm10,0.1
2019-11-02 08:20:12,pm2.5,0.0
2019-11-02 08:20:12,pm10,0.0
2019-11-02 08:21:12,pm2.5,0.1
2019-11-02 08:21:12,pm10,0.1
2019-11-02 08:22:12,pm2.5,0.1
2019-11-02 08:22:12,pm10,0.1
2019-11-02 08:24:11,pm2.5,0.1
2019-11-02 08:24:11,pm10,0.1
2019-11-02 08:25:11,pm2.5,0.0
2019-11-02 08:25:11,pm10,0.0
2019-11-02 08:26:11,pm2.5,0.1
2019-11-02 08:26:11,pm10,0.1
2019-11-02 08:27:11,pm2.5,0.0
2019-11-02 08:27:11,pm10,0.0
2019-11-02 08:28:11,pm2.5,0.1
2019-11-02 08:28:11,pm10,0.1
2019-11-02 08:29:11,pm2.5,0.1
2019-11-02 08:29:11,pm10,0.1
2019-11-02 08:30:11,pm2.5,0.1
2019-11-02 08:30:11,pm10,0.1
2019-11-02 08:31:11,pm2.5,0.1
2019-11-02 08:31:11,pm10,0.1
2019-11-02 08:32:11,pm2.5,0.1
2019-11-02 08:32:11,pm10,0.1
2019-11-02 08:33:11,pm2.5,0.1
2019-11-02 08:33:11,pm10,0.1
2019-11-02 08:34:11,pm2.5,0.1
2019-11-02 08:34:11,pm10,0.1
2019-11-02 08:35:11,pm2.5,0.1
2019-11-02 08:35:11,pm10,0.1
2019-11-02 08:36:11,pm2.5,0.1
2019-11-02 08:36:11,pm10,0.1
2019-11-02 08:37:11,pm2.5,0.1
2019-11-02 08:37:11,pm10,0.1
2019-11-02 08:38:11,pm2.5,0.1
2019-11-02 08:38:11,pm10,0.1
2019-11-02 08:39:11,pm2.5,0.1
2019-11-02 08:39:11,pm10,0.1
2019-11-02 08:40:11,pm2.5,0.0
2019-11-02 08:40:11,pm10,0.0
2019-11-02 08:41:11,pm2.5,0.0
2019-11-02 08:41:11,pm10,0.0
2019-11-02 08:42:11,pm2.5,0.1
2019-11-02 08:42:11,pm10,0.1
2019-11-02 08:43:11,pm2.5,0.0
2019-11-02 08:43:11,pm10,0.0
2019-11-02 08:44:11,pm2.5,0.1
2019-11-02 08:44:11,pm10,0.2
2019-11-02 08:45:11,pm2.5,0.1
2019-11-02 08:45:11,pm10,0.1
2019-11-02 08:46:11,pm2.5,0.1
2019-11-02 08:46:11,pm10,0.1
2019-11-02 08:47:11,pm2.5,0.1
2019-11-02 08:47:12,pm10,0.1
2019-11-02 08:48:11,pm2.5,0.1
2019-11-02 08:48:11,pm10,0.1
2019-11-02 08:49:11,pm2.5,0.1
2019-11-02 08:49:11,pm10,0.1
2019-11-02 08:50:11,pm2.5,0.1
2019-11-02 08:50:11,pm10,0.2
2019-11-02 08:51:11,pm2.5,0.1
2019-11-02 08:51:11,pm10,0.1
2019-11-02 08:52:11,pm2.5,0.1
2019-11-02 08:52:11,pm10,0.1
2019-11-02 08:53:11,pm2.5,0.0
2019-11-02 08:53:11,pm10,0.0
2019-11-02 08:54:11,pm2.5,0.1
2019-11-02 08:54:11,pm10,0.1
2019-11-02 08:55:11,pm2.5,0.0
2019-11-02 08:55:11,pm10,0.0
2019-11-02 08:56:11,pm2.5,0.0
2019-11-02 08:56:11,pm10,0.0
2019-11-02 08:57:11,pm2.5,0.1
2019-11-02 08:57:11,pm10,0.1
2019-11-02 08:58:11,pm2.5,0.1
2019-11-02 08:58:11,pm10,0.1
2019-11-02 08:59:11,pm2.5,0.1
2019-11-02 08:59:11,pm10,0.1
2019-11-02 09:00:11,pm2.5,0.0
2019-11-02 09:00:11,pm10,0.0
2019-11-02 09:01:11,pm2.5,0.1
2019-11-02 09:01:11,pm10,0.1
2019-11-02 09:02:11,pm2.5,0.0
2019-11-02 09:02:11,pm10,0.0
2019-11-02 09:03:11,pm2.5,0.0
2019-11-02 09:03:11,pm10,0.0
2019-11-02 09:04:11,pm2.5,0.0
2019-11-02 09:04:11,pm10,0.0
2019-11-02 09:05:11,pm2.5,0.0
2019-11-02 09:05:11,pm10,0.0
2019-11-02 09:06:11,pm2.5,0.0
2019-11-02 09:06:11,pm10,0.1
2019-11-02 09:07:11,pm2.5,0.1
2019-11-02 09:07:11,pm10,0.1
2019-11-02 09:08:11,pm2.5,0.1
2019-11-02 09:08:11,pm10,0.1
2019-11-02 09:09:11,pm2.5,0.0
2019-11-02 09:09:11,pm10,0.0
2019-11-02 09:10:11,pm2.5,0.0
2019-11-02 09:10:11,pm10,0.0
2019-11-02 09:11:11,pm2.5,0.1
2019-11-02 09:11:11,pm10,0.1
2019-11-02 09:12:11,pm2.5,0.1
2019-11-02 09:12:12,pm10,0.1
2019-11-02 09:13:11,pm2.5,0.0
2019-11-02 09:13:12,pm10,0.0
2019-11-02 09:14:11,pm2.5,0.0
2019-11-02 09:14:12,pm10,0.0
2019-11-02 09:15:11,pm2.5,0.1
2019-11-02 09:15:12,pm10,0.1
2019-11-02 09:16:11,pm2.5,0.1
2019-11-02 09:16:12,pm10,0.1
2019-11-02 09:17:12,pm2.5,0.1
2019-11-02 09:17:12,pm10,0.1
2019-11-02 09:18:12,pm2.5,0.0
2019-11-02 09:18:12,pm10,0.0
2019-11-02 09:19:12,pm2.5,0.0
2019-11-02 09:19:12,pm10,0.0
2019-11-02 09:20:12,pm2.5,0.1
2019-11-02 09:20:12,pm10,0.1
2019-11-02 09:21:12,pm2.5,0.0
2019-11-02 09:21:12,pm10,0.0
2019-11-02 09:22:12,pm2.5,0.0
2019-11-02 09:22:12,pm10,0.0
2019-11-02 09:23:12,pm2.5,0.0
2019-11-02 09:23:12,pm10,0.0
2019-11-02 09:24:12,pm2.5,0.1
2019-11-02 09:24:12,pm10,0.1
2019-11-02 09:25:11,pm2.5,0.1
2019-11-02 09:25:11,pm10,0.1
2019-11-02 09:26:11,pm2.5,0.0
2019-11-02 09:26:11,pm10,0.0
2019-11-02 09:27:11,pm2.5,0.1
2019-11-02 09:27:11,pm10,0.1
2019-11-02 09:28:11,pm2.5,0.0
2019-11-02 09:28:11,pm10,0.0
2019-11-02 09:29:11,pm2.5,0.1
2019-11-02 09:29:11,pm10,0.1
2019-11-02 09:30:11,pm2.5,0.1
2019-11-02 09:30:11,pm10,0.1
2019-11-02 09:31:11,pm2.5,0.0
2019-11-02 09:31:11,pm10,0.0
2019-11-02 09:32:11,pm2.5,0.0
2019-11-02 09:32:11,pm10,0.0
2019-11-02 09:33:11,pm2.5,0.0
2019-11-02 09:33:11,pm10,0.0
2019-11-02 09:34:11,pm2.5,0.0
2019-11-02 09:34:11,pm10,0.0
2019-11-02 09:35:11,pm2.5,0.0
2019-11-02 09:35:11,pm10,0.0
2019-11-02 09:36:11,pm2.5,0.0
2019-11-02 09:36:11,pm10,0.0
2019-11-02 09:37:11,pm2.5,0.0
2019-11-02 09:37:11,pm10,0.0
2019-11-02 09:38:11,pm2.5,0.0
2019-11-02 09:38:11,pm10,0.0
2019-11-02 09:39:11,pm2.5,0.0
2019-11-02 09:39:11,pm10,0.0
2019-11-02 09:40:11,pm2.5,0.0
2019-11-02 09:40:11,pm10,0.0
2019-11-02 09:41:11,pm2.5,0.0
2019-11-02 09:41:11,pm10,0.0
2019-11-02 09:42:11,pm2.5,0.0
2019-11-02 09:42:11,pm10,0.0
2019-11-02 09:43:11,pm2.5,0.0
2019-11-02 09:43:11,pm10,0.0
2019-11-02 09:44:11,pm2.5,0.0
2019-11-02 09:44:11,pm10,0.0
2019-11-02 09:45:11,pm2.5,0.1
2019-11-02 09:45:11,pm10,0.1
2019-11-02 09:46:11,pm2.5,0.1
2019-11-02 09:46:11,pm10,0.1
2019-11-02 09:47:11,pm2.5,0.0
2019-11-02 09:47:11,pm10,0.0
2019-11-02 09:48:11,pm2.5,0.0
2019-11-02 09:48:11,pm10,0.0
2019-11-02 09:49:11,pm2.5,0.0
2019-11-02 09:49:11,pm10,0.0
2019-11-02 09:50:11,pm2.5,0.0
2019-11-02 09:50:11,pm10,0.0
2019-11-02 09:51:11,pm2.5,0.0
2019-11-02 09:51:11,pm10,0.0
2019-11-02 09:52:11,pm2.5,0.0
2019-11-02 09:52:11,pm10,0.0
2019-11-02 09:53:11,pm2.5,0.0
2019-11-02 09:53:11,pm10,0.0
2019-11-02 09:54:11,pm2.5,0.1
2019-11-02 09:54:11,pm10,0.1
2019-11-02 09:55:11,pm2.5,0.1
2019-11-02 09:55:11,pm10,0.1
2019-11-02 09:56:11,pm2.5,0.0
2019-11-02 09:56:11,pm10,0.0
2019-11-02 09:57:11,pm2.5,0.0
2019-11-02 09:57:11,pm10,0.0
2019-11-02 09:58:11,pm2.5,0.1
2019-11-02 09:58:11,pm10,0.1
2019-11-02 09:59:11,pm2.5,0.0
2019-11-02 09:59:11,pm10,0.0
2019-11-02 10:00:11,pm2.5,0.1
2019-11-02 10:00:11,pm10,0.1
2019-11-02 10:01:11,pm2.5,0.0
2019-11-02 10:01:11,pm10,0.0
2019-11-02 10:02:11,pm2.5,0.1
2019-11-02 10:02:11,pm10,0.1
2019-11-02 10:03:11,pm2.5,0.0
2019-11-02 10:03:12,pm10,0.0
2019-11-02 10:04:11,pm2.5,0.0
2019-11-02 10:04:12,pm10,0.0
2019-11-02 10:05:11,pm2.5,0.1
2019-11-02 10:05:12,pm10,0.1
2019-11-02 10:06:11,pm2.5,0.0
2019-11-02 10:06:12,pm10,0.0
2019-11-02 10:07:12,pm2.5,0.0
2019-11-02 10:07:12,pm10,0.0
2019-11-02 10:08:12,pm2.5,0.0
2019-11-02 10:08:12,pm10,0.0
2019-11-02 10:09:12,pm2.5,0.0
2019-11-02 10:09:12,pm10,0.0
2019-11-02 10:10:12,pm2.5,0.0
2019-11-02 10:10:12,pm10,0.0
2019-11-02 10:11:12,pm2.5,0.1
2019-11-02 10:11:12,pm10,0.1
2019-11-02 10:12:12,pm2.5,0.1
2019-11-02 10:12:12,pm10,0.1
2019-11-02 10:13:12,pm2.5,0.1
2019-11-02 10:13:12,pm10,0.1
2019-11-02 10:14:12,pm2.5,0.1
2019-11-02 10:14:12,pm10,0.1
2019-11-02 10:15:11,pm2.5,0.0
2019-11-02 10:15:11,pm10,0.0
2019-11-02 10:16:11,pm2.5,0.0
2019-11-02 10:16:11,pm10,0.0
2019-11-02 10:17:11,pm2.5,0.0
2019-11-02 10:17:11,pm10,0.0
2019-11-02 10:18:11,pm2.5,0.0
2019-11-02 10:18:11,pm10,0.0
2019-11-02 10:19:11,pm2.5,0.0
2019-11-02 10:19:11,pm10,0.0
2019-11-02 10:20:11,pm2.5,0.0
2019-11-02 10:20:11,pm10,0.0
2019-11-02 10:21:11,pm2.5,0.0
2019-11-02 10:21:11,pm10,0.0
2019-11-02 10:22:11,pm2.5,0.0
2019-11-02 10:22:11,pm10,0.0
2019-11-02 10:23:11,pm2.5,0.0
2019-11-02 10:23:11,pm10,0.0
2019-11-02 10:24:11,pm2.5,0.1
2019-11-02 10:24:11,pm10,0.1
2019-11-02 10:25:11,pm2.5,0.0
2019-11-02 10:25:11,pm10,0.0
2019-11-02 10:26:11,pm2.5,0.1
2019-11-02 10:26:11,pm10,0.1
2019-11-02 10:27:11,pm2.5,0.0
2019-11-02 10:27:11,pm10,0.0
2019-11-02 10:28:11,pm2.5,0.0
2019-11-02 10:28:11,pm10,0.0
2019-11-02 10:29:11,pm2.5,0.0
2019-11-02 10:29:11,pm10,0.0
2019-11-02 10:30:11,pm2.5,0.0
2019-11-02 10:30:11,pm10,0.0
2019-11-02 10:31:11,pm2.5,0.0
2019-11-02 10:31:11,pm10,0.0
2019-11-02 10:32:11,pm2.5,0.1
2019-11-02 10:32:11,pm10,0.1
2019-11-02 10:33:11,pm2.5,0.1
2019-11-02 10:33:11,pm10,0.1
2019-11-02 10:34:11,pm2.5,0.1
2019-11-02 10:34:11,pm10,0.1
2019-11-02 10:35:11,pm2.5,0.0
2019-11-02 10:35:11,pm10,0.0
2019-11-02 10:36:11,pm2.5,0.0
2019-11-02 10:36:11,pm10,0.0
2019-11-02 10:37:11,pm2.5,0.0
2019-11-02 10:37:11,pm10,0.0
2019-11-02 10:38:11,pm2.5,0.0
2019-11-02 10:38:11,pm10,0.0
2019-11-02 10:39:11,pm2.5,0.0
2019-11-02 10:39:11,pm10,0.0
2019-11-02 10:40:11,pm2.5,0.1
2019-11-02 10:40:11,pm10,0.1
2019-11-02 10:41:11,pm2.5,0.1
2019-11-02 10:41:11,pm10,0.1
2019-11-02 10:42:11,pm2.5,0.1
2019-11-02 10:42:11,pm10,0.1
2019-11-02 10:43:11,pm2.5,0.0
2019-11-02 10:43:11,pm10,0.0
2019-11-02 10:44:11,pm2.5,0.0
2019-11-02 10:44:11,pm10,0.0
2019-11-02 10:45:11,pm2.5,0.0
2019-11-02 10:45:11,pm10,0.0
2019-11-02 10:46:11,pm2.5,0.0
2019-11-02 10:46:12,pm10,0.0
2019-11-02 10:47:11,pm2.5,0.1
2019-11-02 10:47:11,pm10,0.1
2019-11-02 10:48:11,pm2.5,0.1
2019-11-02 10:48:11,pm10,0.1
2019-11-02 10:49:11,pm2.5,0.0
2019-11-02 10:49:11,pm10,0.1
2019-11-02 10:50:11,pm2.5,0.0
2019-11-02 10:50:11,pm10,0.0
2019-11-02 10:51:11,pm2.5,0.0
2019-11-02 10:51:11,pm10,0.0
2019-11-02 10:52:11,pm2.5,0.0
2019-11-02 10:52:11,pm10,0.0
2019-11-02 10:53:11,pm2.5,0.0
2019-11-02 10:53:11,pm10,0.0
2019-11-02 10:54:11,pm2.5,0.0
2019-11-02 10:54:12,pm10,0.0
2019-11-02 10:55:11,pm2.5,0.0
2019-11-02 10:55:12,pm10,0.0
2019-11-02 10:56:11,pm2.5,0.0
2019-11-02 10:56:12,pm10,0.0
2019-11-02 10:57:11,pm2.5,0.1
2019-11-02 10:57:12,pm10,0.6
2019-11-02 10:58:11,pm2.5,0.1
2019-11-02 10:58:12,pm10,0.1
2019-11-02 10:59:11,pm2.5,0.0
2019-11-02 10:59:12,pm10,0.0
2019-11-02 11:00:11,pm2.5,0.0
2019-11-02 11:00:12,pm10,0.0
2019-11-02 11:01:11,pm2.5,0.0
2019-11-02 11:01:12,pm10,0.3
2019-11-02 11:02:12,pm2.5,0.0
2019-11-02 11:02:12,pm10,0.0
2019-11-02 11:03:12,pm2.5,0.0
2019-11-02 11:03:12,pm10,0.0
2019-11-02 11:04:12,pm2.5,0.1
2019-11-02 11:04:12,pm10,0.1
2019-11-02 11:05:12,pm2.5,0.1
2019-11-02 11:05:12,pm10,0.1
2019-11-02 11:06:12,pm2.5,0.0
2019-11-02 11:06:12,pm10,0.0
2019-11-02 11:07:12,pm2.5,0.1
2019-11-02 11:07:12,pm10,0.1
2019-11-02 11:08:12,pm2.5,0.1
2019-11-02 11:08:12,pm10,0.1
2019-11-02 11:10:11,pm2.5,0.0
2019-11-02 11:10:11,pm10,0.0
2019-11-02 11:11:11,pm2.5,0.2
2019-11-02 11:11:11,pm10,0.3
2019-11-02 11:12:11,pm2.5,0.3
2019-11-02 11:12:11,pm10,0.4
2019-11-02 11:13:11,pm2.5,0.4
2019-11-02 11:13:11,pm10,0.7
2019-11-02 11:14:11,pm2.5,0.5
2019-11-02 11:14:11,pm10,1.0
2019-11-02 11:15:11,pm2.5,0.5
2019-11-02 11:15:11,pm10,0.8
2019-11-02 11:16:11,pm2.5,0.6
2019-11-02 11:16:11,pm10,1.2
2019-11-02 11:17:11,pm2.5,0.8
2019-11-02 11:17:11,pm10,1.8
2019-11-02 11:18:11,pm2.5,0.9
2019-11-02 11:18:11,pm10,2.1
2019-11-02 11:19:11,pm2.5,0.8
2019-11-02 11:19:11,pm10,1.6
2019-11-02 11:20:11,pm2.5,0.9
2019-11-02 11:20:11,pm10,1.9
2019-11-02 11:21:11,pm2.5,1.0
2019-11-02 11:21:11,pm10,2.2
2019-11-02 11:22:11,pm2.5,1.1
2019-11-02 11:22:11,pm10,2.9
2019-11-02 11:23:11,pm2.5,1.1
2019-11-02 11:23:11,pm10,2.6
2019-11-02 11:24:11,pm2.5,1.1
2019-11-02 11:24:11,pm10,2.5
2019-11-02 11:25:11,pm2.5,1.2
2019-11-02 11:25:11,pm10,3.2
2019-11-02 11:26:11,pm2.5,1.2
2019-11-02 11:26:11,pm10,2.9
2019-11-02 11:27:11,pm2.5,1.1
2019-11-02 11:27:11,pm10,2.8
2019-11-02 11:28:11,pm2.5,1.4
2019-11-02 11:28:11,pm10,4.0
2019-11-02 11:29:11,pm2.5,1.3
2019-11-02 11:29:11,pm10,3.0
2019-11-02 11:30:11,pm2.5,1.2
2019-11-02 11:30:11,pm10,3.1
2019-11-02 11:31:11,pm2.5,1.3
2019-11-02 11:31:11,pm10,3.6
2019-11-02 11:32:11,pm2.5,1.2
2019-11-02 11:32:11,pm10,3.0
2019-11-02 11:33:11,pm2.5,1.3
2019-11-02 11:33:11,pm10,3.6
2019-11-02 11:34:11,pm2.5,1.3
2019-11-02 11:34:11,pm10,4.0
2019-11-02 11:35:11,pm2.5,1.3
2019-11-02 11:35:11,pm10,2.9
2019-11-02 11:36:11,pm2.5,1.3
2019-11-02 11:36:11,pm10,3.0
2019-11-02 11:37:11,pm2.5,1.6
2019-11-02 11:37:11,pm10,4.0
2019-11-02 11:38:11,pm2.5,1.5
2019-11-02 11:38:11,pm10,3.6
2019-11-02 11:39:11,pm2.5,1.6
2019-11-02 11:39:11,pm10,3.8
2019-11-02 11:40:11,pm2.5,1.7
2019-11-02 11:40:11,pm10,4.5
2019-11-02 11:41:11,pm2.5,1.4
2019-11-02 11:41:11,pm10,3.6
2019-11-02 11:42:11,pm2.5,1.6
2019-11-02 11:42:11,pm10,4.4
2019-11-02 11:43:11,pm2.5,1.6
2019-11-02 11:43:11,pm10,4.0
2019-11-02 11:44:11,pm2.5,1.5
2019-11-02 11:44:11,pm10,3.6
2019-11-02 11:45:11,pm2.5,1.7
2019-11-02 11:45:11,pm10,4.4
2019-11-02 11:46:11,pm2.5,1.6
2019-11-02 11:46:11,pm10,4.2
2019-11-02 11:47:11,pm2.5,1.6
2019-11-02 11:47:11,pm10,3.9
2019-11-02 11:48:11,pm2.5,1.5
2019-11-02 11:48:11,pm10,3.9
2019-11-02 11:49:11,pm2.5,1.5
2019-11-02 11:49:11,pm10,3.9
2019-11-02 11:50:11,pm2.5,1.8
2019-11-02 11:50:11,pm10,5.1
2019-11-02 11:51:11,pm2.5,1.8
2019-11-02 11:51:11,pm10,4.5
2019-11-02 11:52:11,pm2.5,1.6
2019-11-02 11:52:11,pm10,3.9
2019-11-02 11:53:11,pm2.5,1.5
2019-11-02 11:53:11,pm10,3.9
2019-11-02 11:54:11,pm2.5,1.5
2019-11-02 11:54:12,pm10,3.8
2019-11-02 11:55:11,pm2.5,1.6
2019-11-02 11:55:12,pm10,3.6
2019-11-02 11:56:11,pm2.5,1.5
2019-11-02 11:56:12,pm10,4.0
2019-11-02 11:57:11,pm2.5,1.7
2019-11-02 11:57:12,pm10,4.2
2019-11-02 11:58:11,pm2.5,1.6
2019-11-02 11:58:12,pm10,4.1
2019-11-02 11:59:11,pm2.5,1.6
2019-11-02 11:59:12,pm10,4.0
2019-11-02 12:00:11,pm2.5,1.6
2019-11-02 12:00:12,pm10,4.8
2019-11-02 12:01:11,pm2.5,1.8
2019-11-02 12:01:12,pm10,4.7
2019-11-02 12:02:11,pm2.5,1.8
2019-11-02 12:02:12,pm10,4.8
2019-11-02 12:03:12,pm2.5,1.9
2019-11-02 12:03:12,pm10,4.6
2019-11-02 12:04:12,pm2.5,1.7
2019-11-02 12:04:12,pm10,4.7
2019-11-02 12:05:12,pm2.5,1.7
2019-11-02 12:05:12,pm10,5.0
2019-11-02 12:06:12,pm2.5,1.7
2019-11-02 12:06:12,pm10,4.6
2019-11-02 12:07:12,pm2.5,1.7
2019-11-02 12:07:12,pm10,4.5
2019-11-02 12:08:12,pm2.5,1.8
2019-11-02 12:08:12,pm10,4.5
2019-11-02 12:09:12,pm2.5,1.6
2019-11-02 12:09:12,pm10,5.4
2019-11-02 12:10:12,pm2.5,1.8
2019-11-02 12:10:12,pm10,4.8
2019-11-02 12:11:11,pm2.5,1.7
2019-11-02 12:11:11,pm10,4.0
2019-11-02 12:12:11,pm2.5,1.7
2019-11-02 12:12:11,pm10,4.6
2019-11-02 12:13:11,pm2.5,2.0
2019-11-02 12:13:11,pm10,5.2
2019-11-02 12:14:11,pm2.5,1.8
2019-11-02 12:14:11,pm10,4.4
2019-11-02 12:15:11,pm2.5,1.6
2019-11-02 12:15:11,pm10,4.5
2019-11-02 12:16:11,pm2.5,1.8
2019-11-02 12:16:11,pm10,4.6
2019-11-02 12:17:11,pm2.5,1.8
2019-11-02 12:17:11,pm10,4.2
2019-11-02 12:18:11,pm2.5,1.7
2019-11-02 12:18:11,pm10,4.4
2019-11-02 12:19:11,pm2.5,1.8
2019-11-02 12:19:11,pm10,4.6
2019-11-02 12:20:11,pm2.5,1.8
2019-11-02 12:20:11,pm10,4.6
2019-11-02 12:21:11,pm2.5,1.6
2019-11-02 12:21:11,pm10,3.8
2019-11-02 12:22:11,pm2.5,1.7
2019-11-02 12:22:11,pm10,4.3
2019-11-02 12:23:11,pm2.5,1.9
2019-11-02 12:23:11,pm10,4.6
2019-11-02 12:24:11,pm2.5,1.8
2019-11-02 12:24:11,pm10,4.3
2019-11-02 12:25:11,pm2.5,1.9
2019-11-02 12:25:11,pm10,5.0
2019-11-02 12:26:11,pm2.5,1.9
2019-11-02 12:26:11,pm10,4.7
2019-11-02 12:27:11,pm2.5,2.0
2019-11-02 12:27:11,pm10,5.0
2019-11-02 12:28:11,pm2.5,1.9
2019-11-02 12:28:11,pm10,5.1
2019-11-02 12:29:11,pm2.5,1.7
2019-11-02 12:29:11,pm10,4.6
2019-11-02 12:30:11,pm2.5,1.8
2019-11-02 12:30:11,pm10,4.9
2019-11-02 12:31:11,pm2.5,1.9
2019-11-02 12:31:11,pm10,4.9
2019-11-02 12:32:11,pm2.5,2.0
2019-11-02 12:32:11,pm10,4.8
2019-11-02 12:33:11,pm2.5,1.7
2019-11-02 12:33:11,pm10,4.4
2019-11-02 12:34:11,pm2.5,1.8
2019-11-02 12:34:11,pm10,4.6
2019-11-02 12:35:11,pm2.5,1.9
2019-11-02 12:35:11,pm10,4.8
2019-11-02 12:36:11,pm2.5,1.8
2019-11-02 12:36:11,pm10,4.5
2019-11-02 12:37:11,pm2.5,2.0
2019-11-02 12:37:11,pm10,4.9
2019-11-02 12:38:11,pm2.5,1.8
2019-11-02 12:38:11,pm10,4.4
2019-11-02 12:39:11,pm2.5,1.7
2019-11-02 12:39:11,pm10,3.9
2019-11-02 12:40:11,pm2.5,1.8
2019-11-02 12:40:11,pm10,4.5
2019-11-02 12:41:11,pm2.5,1.9
2019-11-02 12:41:11,pm10,4.7
2019-11-02 12:42:11,pm2.5,1.9
2019-11-02 12:42:11,pm10,4.9
2019-11-02 12:43:11,pm2.5,1.8
2019-11-02 12:43:11,pm10,4.5
2019-11-02 12:44:11,pm2.5,1.7
2019-11-02 12:44:11,pm10,4.5
2019-11-02 12:45:11,pm2.5,2.0
2019-11-02 12:45:11,pm10,5.2
2019-11-02 12:46:11,pm2.5,1.8
2019-11-02 12:46:11,pm10,4.4
2019-11-02 12:47:11,pm2.5,1.9
2019-11-02 12:47:11,pm10,4.9
2019-11-02 12:48:11,pm2.5,1.8
2019-11-02 12:48:11,pm10,4.7
2019-11-02 12:49:11,pm2.5,2.0
2019-11-02 12:49:11,pm10,5.1
2019-11-02 12:50:11,pm2.5,1.9
2019-11-02 12:50:11,pm10,4.7
2019-11-02 12:51:11,pm2.5,2.0
2019-11-02 12:51:11,pm10,5.2
2019-11-02 12:52:11,pm2.5,2.3
2019-11-02 12:52:11,pm10,5.9
2019-11-02 12:53:11,pm2.5,1.8
2019-11-02 12:53:12,pm10,4.8
2019-11-02 12:54:11,pm2.5,2.0
2019-11-02 12:54:12,pm10,5.2
2019-11-02 12:55:11,pm2.5,1.8
2019-11-02 12:55:12,pm10,5.0
2019-11-02 12:56:11,pm2.5,2.1
2019-11-02 12:56:12,pm10,6.4
2019-11-02 12:57:11,pm2.5,2.0
2019-11-02 12:57:12,pm10,5.0
2019-11-02 12:58:11,pm2.5,2.0
2019-11-02 12:58:12,pm10,5.3
2019-11-02 12:59:12,pm2.5,1.9
2019-11-02 12:59:12,pm10,5.2
2019-11-02 13:00:12,pm2.5,2.1
2019-11-02 13:00:12,pm10,5.8
2019-11-02 13:01:12,pm2.5,2.0
2019-11-02 13:01:12,pm10,5.3
2019-11-02 13:02:12,pm2.5,2.1
2019-11-02 13:02:12,pm10,5.3
2019-11-02 13:03:12,pm2.5,2.1
2019-11-02 13:03:12,pm10,5.2
2019-11-02 13:04:12,pm2.5,1.9
2019-11-02 13:04:12,pm10,5.1
2019-11-02 13:05:12,pm2.5,1.9
2019-11-02 13:05:12,pm10,5.3
2019-11-02 13:06:12,pm2.5,2.1
2019-11-02 13:06:12,pm10,5.1
2019-11-02 13:07:12,pm2.5,1.9
2019-11-02 13:07:12,pm10,5.2
2019-11-02 13:09:11,pm2.5,2.2
2019-11-02 13:09:11,pm10,5.9
2019-11-02 13:10:11,pm2.5,1.9
2019-11-02 13:10:11,pm10,4.8
2019-11-02 13:11:11,pm2.5,1.9
2019-11-02 13:11:11,pm10,4.7
2019-11-02 13:12:11,pm2.5,1.9
2019-11-02 13:12:11,pm10,4.7
2019-11-02 13:13:11,pm2.5,1.9
2019-11-02 13:13:11,pm10,5.0
2019-11-02 13:14:11,pm2.5,2.0
2019-11-02 13:14:11,pm10,5.1
2019-11-02 13:15:11,pm2.5,2.0
2019-11-02 13:15:11,pm10,5.4
2019-11-02 13:16:11,pm2.5,1.9
2019-11-02 13:16:11,pm10,5.1
2019-11-02 13:17:11,pm2.5,1.9
2019-11-02 13:17:11,pm10,4.6
2019-11-02 13:18:11,pm2.5,2.1
2019-11-02 13:18:11,pm10,5.4
2019-11-02 13:19:11,pm2.5,2.0
2019-11-02 13:19:11,pm10,5.4
2019-11-02 13:20:11,pm2.5,1.9
2019-11-02 13:20:11,pm10,5.3
2019-11-02 13:21:11,pm2.5,1.9
2019-11-02 13:21:11,pm10,4.7
2019-11-02 13:22:11,pm2.5,1.8
2019-11-02 13:22:11,pm10,4.8
2019-11-02 13:23:11,pm2.5,2.0
2019-11-02 13:23:11,pm10,5.0
2019-11-02 13:24:11,pm2.5,2.1
2019-11-02 13:24:11,pm10,5.2
2019-11-02 13:25:11,pm2.5,2.0
2019-11-02 13:25:11,pm10,5.1
2019-11-02 13:26:11,pm2.5,1.9
2019-11-02 13:26:11,pm10,4.9
2019-11-02 13:27:11,pm2.5,2.1
2019-11-02 13:27:11,pm10,5.4
2019-11-02 13:28:11,pm2.5,1.9
2019-11-02 13:28:11,pm10,5.5
2019-11-02 13:29:11,pm2.5,2.0
2019-11-02 13:29:11,pm10,5.0
2019-11-02 13:30:11,pm2.5,1.9
2019-11-02 13:30:11,pm10,4.5
2019-11-02 13:31:11,pm2.5,2.1
2019-11-02 13:31:11,pm10,5.1
2019-11-02 13:32:11,pm2.5,2.0
2019-11-02 13:32:11,pm10,5.0
2019-11-02 13:33:11,pm2.5,1.8
2019-11-02 13:33:11,pm10,5.0
2019-11-02 13:34:11,pm2.5,2.0
2019-11-02 13:34:11,pm10,5.2
2019-11-02 13:35:11,pm2.5,1.9
2019-11-02 13:35:11,pm10,4.8
2019-11-02 13:36:11,pm2.5,1.9
2019-11-02 13:36:11,pm10,4.7
2019-11-02 13:37:11,pm2.5,2.1
2019-11-02 13:37:11,pm10,5.5
2019-11-02 13:38:11,pm2.5,2.0
2019-11-02 13:38:11,pm10,5.4
2019-11-02 13:39:11,pm2.5,1.8
2019-11-02 13:39:11,pm10,4.6
2019-11-02 13:40:11,pm2.5,1.9
2019-11-02 13:40:11,pm10,5.1
2019-11-02 13:41:11,pm2.5,1.8
2019-11-02 13:41:11,pm10,4.5
2019-11-02 13:42:11,pm2.5,1.8
2019-11-02 13:42:11,pm10,4.2
2019-11-02 13:43:11,pm2.5,1.7
2019-11-02 13:43:11,pm10,4.4
2019-11-02 13:44:11,pm2.5,1.8
2019-11-02 13:44:11,pm10,4.1
2019-11-02 13:45:11,pm2.5,1.9
2019-11-02 13:45:11,pm10,4.6
2019-11-02 13:46:11,pm2.5,1.8
2019-11-02 13:46:12,pm10,4.8
2019-11-02 13:47:11,pm2.5,2.0
2019-11-02 13:47:12,pm10,5.2
2019-11-02 13:48:11,pm2.5,1.9
2019-11-02 13:48:12,pm10,5.0
2019-11-02 13:49:11,pm2.5,1.7
2019-11-02 13:49:12,pm10,4.6
2019-11-02 13:50:11,pm2.5,1.8
2019-11-02 13:50:12,pm10,4.1
2019-11-02 13:51:12,pm2.5,1.7
2019-11-02 13:51:12,pm10,4.7
2019-11-02 13:52:12,pm2.5,1.8
2019-11-02 13:52:12,pm10,4.5
2019-11-02 13:53:12,pm2.5,1.7
2019-11-02 13:53:12,pm10,4.2
2019-11-02 13:54:12,pm2.5,1.7
2019-11-02 13:54:12,pm10,4.6
2019-11-02 13:55:12,pm2.5,1.9
2019-11-02 13:55:12,pm10,4.9
2019-11-02 13:56:12,pm2.5,1.8
2019-11-02 13:56:12,pm10,4.7
2019-11-02 13:57:11,pm2.5,1.7
2019-11-02 13:57:11,pm10,4.3
2019-11-02 13:58:11,pm2.5,1.8
2019-11-02 13:58:11,pm10,4.8
2019-11-02 13:59:11,pm2.5,1.8
2019-11-02 13:59:11,pm10,4.6
2019-11-02 14:00:11,pm2.5,1.8
2019-11-02 14:00:11,pm10,4.5
2019-11-02 14:01:11,pm2.5,1.8
2019-11-02 14:01:11,pm10,4.8
2019-11-02 14:02:11,pm2.5,1.8
2019-11-02 14:02:11,pm10,4.7
2019-11-02 14:03:11,pm2.5,1.7
2019-11-02 14:03:11,pm10,4.1
2019-11-02 14:04:11,pm2.5,1.9
2019-11-02 14:04:11,pm10,4.9
2019-11-02 14:05:11,pm2.5,1.9
2019-11-02 14:05:11,pm10,4.6
2019-11-02 14:06:11,pm2.5,1.8
2019-11-02 14:06:11,pm10,4.9
2019-11-02 14:07:11,pm2.5,1.8
2019-11-02 14:07:11,pm10,4.5
2019-11-02 14:08:11,pm2.5,1.8
2019-11-02 14:08:11,pm10,4.2
2019-11-02 14:09:11,pm2.5,1.9
2019-11-02 14:09:11,pm10,4.9
2019-11-02 14:10:11,pm2.5,1.8
2019-11-02 14:10:11,pm10,4.0
2019-11-02 14:11:11,pm2.5,1.8
2019-11-02 14:11:11,pm10,4.6
2019-11-02 14:12:11,pm2.5,1.8
2019-11-02 14:12:11,pm10,4.5
2019-11-02 14:13:11,pm2.5,1.8
2019-11-02 14:13:11,pm10,4.7
2019-11-02 14:14:11,pm2.5,1.8
2019-11-02 14:14:11,pm10,4.3
2019-11-02 14:15:11,pm2.5,1.7
2019-11-02 14:15:11,pm10,4.1
2019-11-02 14:16:11,pm2.5,1.8
2019-11-02 14:16:11,pm10,4.4
2019-11-02 14:17:11,pm2.5,1.8
2019-11-02 14:17:11,pm10,4.9
2019-11-02 14:18:11,pm2.5,1.7
2019-11-02 14:18:11,pm10,4.5
2019-11-02 14:19:11,pm2.5,1.9
2019-11-02 14:19:11,pm10,4.8
2019-11-02 14:20:11,pm2.5,2.0
2019-11-02 14:20:11,pm10,5.3
2019-11-02 14:21:11,pm2.5,2.0
2019-11-02 14:21:11,pm10,4.8
2019-11-02 14:22:11,pm2.5,1.9
2019-11-02 14:22:11,pm10,4.7
2019-11-02 14:23:11,pm2.5,2.0
2019-11-02 14:23:11,pm10,5.1
2019-11-02 14:24:11,pm2.5,1.8
2019-11-02 14:24:11,pm10,4.6
2019-11-02 14:25:11,pm2.5,1.9
2019-11-02 14:25:11,pm10,4.7
2019-11-02 14:26:11,pm2.5,1.9
2019-11-02 14:26:11,pm10,4.9
2019-11-02 14:27:11,pm2.5,1.9
2019-11-02 14:27:11,pm10,5.0
2019-11-02 14:28:11,pm2.5,1.9
2019-11-02 14:28:11,pm10,5.0
2019-11-02 14:29:11,pm2.5,1.8
2019-11-02 14:29:11,pm10,4.6
2019-11-02 14:30:11,pm2.5,1.8
2019-11-02 14:30:12,pm10,4.5
2019-11-02 14:31:11,pm2.5,2.0
2019-11-02 14:31:11,pm10,5.2
2019-11-02 14:32:11,pm2.5,1.9
2019-11-02 14:32:11,pm10,4.5
2019-11-02 14:33:11,pm2.5,1.9
2019-11-02 14:33:11,pm10,4.7
2019-11-02 14:34:11,pm2.5,2.0
2019-11-02 14:34:11,pm10,4.9
2019-11-02 14:35:11,pm2.5,1.8
2019-11-02 14:35:12,pm10,4.5
2019-11-02 14:36:11,pm2.5,1.9
2019-11-02 14:36:12,pm10,4.9
2019-11-02 14:37:11,pm2.5,1.8
2019-11-02 14:37:12,pm10,5.0
2019-11-02 14:38:11,pm2.5,2.0
2019-11-02 14:38:12,pm10,5.5
2019-11-02 14:39:11,pm2.5,1.9
2019-11-02 14:39:12,pm10,4.7
2019-11-02 14:40:11,pm2.5,2.1
2019-11-02 14:40:12,pm10,5.2
2019-11-02 14:41:12,pm2.5,1.9
2019-11-02 14:41:12,pm10,4.9
2019-11-02 14:42:12,pm2.5,2.0
2019-11-02 14:42:12,pm10,5.4
2019-11-02 14:43:12,pm2.5,1.8
2019-11-02 14:43:12,pm10,4.5
2019-11-02 14:44:12,pm2.5,2.0
2019-11-02 14:44:12,pm10,5.7
2019-11-02 14:45:12,pm2.5,1.9
2019-11-02 14:45:12,pm10,4.7
2019-11-02 14:46:12,pm2.5,2.1
2019-11-02 14:46:12,pm10,5.5
2019-11-02 14:47:12,pm2.5,2.1
2019-11-02 14:47:12,pm10,5.2
2019-11-02 14:48:12,pm2.5,1.9
2019-11-02 14:48:12,pm10,4.9
2019-11-02 14:49:12,pm2.5,2.1
2019-11-02 14:49:12,pm10,5.2
2019-11-02 14:50:11,pm2.5,1.9
2019-11-02 14:50:11,pm10,4.7
2019-11-02 14:51:11,pm2.5,2.2
2019-11-02 14:51:11,pm10,5.7
2019-11-02 14:52:11,pm2.5,2.0
2019-11-02 14:52:11,pm10,5.5
2019-11-02 14:53:11,pm2.5,2.0
2019-11-02 14:53:11,pm10,5.1
2019-11-02 14:54:11,pm2.5,2.1
2019-11-02 14:54:11,pm10,5.5
2019-11-02 14:55:11,pm2.5,2.1
2019-11-02 14:55:11,pm10,6.5
2019-11-02 14:56:11,pm2.5,2.2
2019-11-02 14:56:11,pm10,5.5
2019-11-02 14:57:11,pm2.5,2.2
2019-11-02 14:57:11,pm10,5.6
2019-11-02 14:58:11,pm2.5,2.1
2019-11-02 14:58:11,pm10,5.2
2019-11-02 14:59:11,pm2.5,1.9
2019-11-02 14:59:11,pm10,5.8
2019-11-02 15:00:11,pm2.5,1.9
2019-11-02 15:00:11,pm10,5.4
2019-11-02 15:01:11,pm2.5,2.0
2019-11-02 15:01:11,pm10,4.9
2019-11-02 15:02:11,pm2.5,2.2
2019-11-02 15:02:11,pm10,5.7
2019-11-02 15:03:11,pm2.5,2.3
2019-11-02 15:03:11,pm10,5.6
2019-11-02 15:04:11,pm2.5,2.2
2019-11-02 15:04:11,pm10,5.6
2019-11-02 15:05:11,pm2.5,1.9
2019-11-02 15:05:11,pm10,4.8
2019-11-02 15:06:11,pm2.5,2.1
2019-11-02 15:06:11,pm10,5.3
2019-11-02 15:07:11,pm2.5,2.2
2019-11-02 15:07:11,pm10,5.4
2019-11-02 15:08:11,pm2.5,1.9
2019-11-02 15:08:11,pm10,5.0
2019-11-02 15:09:11,pm2.5,1.9
2019-11-02 15:09:11,pm10,4.8
2019-11-02 15:10:11,pm2.5,2.0
2019-11-02 15:10:11,pm10,4.8
2019-11-02 15:11:11,pm2.5,2.2
2019-11-02 15:11:11,pm10,5.4
2019-11-02 15:12:11,pm2.5,2.1
2019-11-02 15:12:11,pm10,5.5
2019-11-02 15:13:11,pm2.5,2.1
2019-11-02 15:13:11,pm10,5.4
2019-11-02 15:14:11,pm2.5,2.0
2019-11-02 15:14:11,pm10,5.3
2019-11-02 15:15:11,pm2.5,2.1
2019-11-02 15:15:11,pm10,5.4
2019-11-02 15:16:11,pm2.5,2.1
2019-11-02 15:16:11,pm10,5.5
2019-11-02 15:17:11,pm2.5,2.5
2019-11-02 15:17:11,pm10,6.0
2019-11-02 15:18:11,pm2.5,2.1
2019-11-02 15:18:11,pm10,5.5
2019-11-02 15:19:11,pm2.5,2.0
2019-11-02 15:19:11,pm10,5.4
2019-11-02 15:20:11,pm2.5,2.1
2019-11-02 15:20:11,pm10,5.3
2019-11-02 15:21:11,pm2.5,2.2
2019-11-02 15:21:11,pm10,5.9
2019-11-02 15:22:11,pm2.5,2.0
2019-11-02 15:22:11,pm10,5.4
2019-11-02 15:23:11,pm2.5,2.4
2019-11-02 15:23:11,pm10,6.0
2019-11-02 15:24:11,pm2.5,2.4
2019-11-02 15:24:11,pm10,5.7
2019-11-02 15:25:11,pm2.5,2.2
2019-11-02 15:25:11,pm10,5.5
2019-11-02 15:26:11,pm2.5,1.9
2019-11-02 15:26:11,pm10,5.0
2019-11-02 15:27:11,pm2.5,2.2
2019-11-02 15:27:11,pm10,5.2
2019-11-02 15:28:11,pm2.5,2.3
2019-11-02 15:28:11,pm10,5.9
2019-11-02 15:29:11,pm2.5,2.2
2019-11-02 15:29:11,pm10,6.4
2019-11-02 15:30:11,pm2.5,2.2
2019-11-02 15:30:11,pm10,5.6
2019-11-02 15:31:11,pm2.5,1.9
2019-11-02 15:31:11,pm10,5.3
2019-11-02 15:32:11,pm2.5,2.2
2019-11-02 15:32:11,pm10,5.6
2019-11-02 15:33:11,pm2.5,2.1
2019-11-02 15:33:11,pm10,5.4
2019-11-02 15:34:11,pm2.5,2.0
2019-11-02 15:34:12,pm10,5.1
2019-11-02 15:35:11,pm2.5,2.0
2019-11-02 15:35:12,pm10,5.2
2019-11-02 15:36:11,pm2.5,2.2
2019-11-02 15:36:12,pm10,5.4
2019-11-02 15:37:11,pm2.5,1.8
2019-11-02 15:37:12,pm10,4.5
2019-11-02 15:38:11,pm2.5,2.2
2019-11-02 15:38:12,pm10,5.7
2019-11-02 15:39:11,pm2.5,2.0
2019-11-02 15:39:12,pm10,5.3
2019-11-02 15:40:11,pm2.5,2.0
2019-11-02 15:40:12,pm10,5.4
2019-11-02 15:41:11,pm2.5,2.0
2019-11-02 15:41:12,pm10,5.1
2019-11-02 15:42:11,pm2.5,1.9
2019-11-02 15:42:12,pm10,5.0
2019-11-02 15:43:11,pm2.5,2.3
2019-11-02 15:43:12,pm10,5.9
2019-11-02 15:44:12,pm2.5,2.1
2019-11-02 15:44:12,pm10,5.5
2019-11-02 15:45:12,pm2.5,2.1
2019-11-02 15:45:12,pm10,5.3
2019-11-02 15:46:12,pm2.5,2.0
2019-11-02 15:46:12,pm10,5.1
2019-11-02 15:47:12,pm2.5,2.0
2019-11-02 15:47:12,pm10,5.2
2019-11-02 15:48:12,pm2.5,2.3
2019-11-02 15:48:12,pm10,5.8
2019-11-02 15:49:12,pm2.5,2.2
2019-11-02 15:49:12,pm10,5.3
2019-11-02 15:50:12,pm2.5,1.9
2019-11-02 15:50:12,pm10,5.1
2019-11-02 15:51:12,pm2.5,2.0
2019-11-02 15:51:12,pm10,5.1
2019-11-02 15:52:12,pm2.5,1.9
2019-11-02 15:52:12,pm10,4.5
2019-11-02 15:53:12,pm2.5,2.1
2019-11-02 15:53:12,pm10,5.2
2019-11-02 15:54:12,pm2.5,2.0
2019-11-02 15:54:12,pm10,5.0
2019-11-02 15:55:12,pm2.5,2.0
2019-11-02 15:55:12,pm10,5.8
2019-11-02 15:56:12,pm2.5,2.1
2019-11-02 15:56:12,pm10,5.3
2019-11-02 15:57:12,pm2.5,2.0
2019-11-02 15:57:12,pm10,4.9
2019-11-02 15:58:12,pm2.5,2.0
2019-11-02 15:58:12,pm10,5.2
2019-11-02 16:00:11,pm2.5,2.0
2019-11-02 16:00:11,pm10,6.0
2019-11-02 16:01:11,pm2.5,2.0
2019-11-02 16:01:11,pm10,5.7
2019-11-02 16:02:11,pm2.5,1.9
2019-11-02 16:02:11,pm10,5.1
2019-11-02 16:03:11,pm2.5,2.0
2019-11-02 16:03:11,pm10,5.0
2019-11-02 16:04:11,pm2.5,2.1
2019-11-02 16:04:11,pm10,5.2
2019-11-02 16:05:11,pm2.5,2.1
2019-11-02 16:05:11,pm10,5.2
2019-11-02 16:06:11,pm2.5,2.0
2019-11-02 16:06:11,pm10,5.3
2019-11-02 16:07:11,pm2.5,2.0
2019-11-02 16:07:11,pm10,5.0
2019-11-02 16:08:11,pm2.5,2.0
2019-11-02 16:08:11,pm10,5.2
2019-11-02 16:09:11,pm2.5,2.1
2019-11-02 16:09:11,pm10,5.3
2019-11-02 16:10:11,pm2.5,2.2
2019-11-02 16:10:11,pm10,5.6
2019-11-02 16:11:11,pm2.5,2.0
2019-11-02 16:11:11,pm10,5.1
2019-11-02 16:12:11,pm2.5,2.0
2019-11-02 16:12:11,pm10,4.9
2019-11-02 16:13:11,pm2.5,1.8
2019-11-02 16:13:11,pm10,5.0
2019-11-02 16:14:11,pm2.5,1.8
2019-11-02 16:14:11,pm10,4.9
2019-11-02 16:15:11,pm2.5,1.8
2019-11-02 16:15:11,pm10,4.4
2019-11-02 16:16:11,pm2.5,2.1
2019-11-02 16:16:11,pm10,5.5
2019-11-02 16:17:11,pm2.5,1.8
2019-11-02 16:17:11,pm10,4.7
2019-11-02 16:18:11,pm2.5,1.8
2019-11-02 16:18:11,pm10,4.9
2019-11-02 16:19:11,pm2.5,1.9
2019-11-02 16:19:11,pm10,5.1
2019-11-02 16:20:11,pm2.5,1.9
2019-11-02 16:20:11,pm10,4.8
2019-11-02 16:21:11,pm2.5,2.0
2019-11-02 16:21:11,pm10,5.5
2019-11-02 16:22:11,pm2.5,2.1
2019-11-02 16:22:11,pm10,5.2
2019-11-02 16:23:11,pm2.5,1.9
2019-11-02 16:23:11,pm10,5.0
2019-11-02 16:24:11,pm2.5,1.8
2019-11-02 16:24:11,pm10,5.4
2019-11-02 16:25:11,pm2.5,1.9
2019-11-02 16:25:11,pm10,4.8
2019-11-02 16:26:11,pm2.5,1.9
2019-11-02 16:26:11,pm10,5.7
2019-11-02 16:27:11,pm2.5,1.9
2019-11-02 16:27:11,pm10,5.6
2019-11-02 16:28:11,pm2.5,1.9
2019-11-02 16:28:11,pm10,5.0
2019-11-02 16:29:11,pm2.5,2.2
2019-11-02 16:29:11,pm10,6.1
2019-11-02 16:30:11,pm2.5,2.0
2019-11-02 16:30:11,pm10,5.3
2019-11-02 16:31:11,pm2.5,2.2
2019-11-02 16:31:11,pm10,5.5
2019-11-02 16:32:11,pm2.5,1.9
2019-11-02 16:32:11,pm10,4.9
2019-11-02 16:33:11,pm2.5,1.9
2019-11-02 16:33:11,pm10,4.9
2019-11-02 16:34:11,pm2.5,1.9
2019-11-02 16:34:11,pm10,4.4
2019-11-02 16:35:11,pm2.5,1.9
2019-11-02 16:35:11,pm10,5.0
2019-11-02 16:36:11,pm2.5,1.8
2019-11-02 16:36:11,pm10,4.6
2019-11-02 16:37:11,pm2.5,1.9
2019-11-02 16:37:11,pm10,4.8
2019-11-02 16:38:11,pm2.5,1.9
2019-11-02 16:38:11,pm10,4.7
2019-11-02 16:39:11,pm2.5,1.8
2019-11-02 16:39:11,pm10,4.4
2019-11-02 16:40:11,pm2.5,2.0
2019-11-02 16:40:11,pm10,4.9
2019-11-02 16:41:11,pm2.5,2.0
2019-11-02 16:41:11,pm10,5.3
2019-11-02 16:42:11,pm2.5,1.9
2019-11-02 16:42:11,pm10,4.7
2019-11-02 16:43:11,pm2.5,2.0
2019-11-02 16:43:11,pm10,4.9
2019-11-02 16:44:11,pm2.5,1.9
2019-11-02 16:44:11,pm10,5.0
2019-11-02 16:45:11,pm2.5,2.2
2019-11-02 16:45:11,pm10,5.7
2019-11-02 16:46:11,pm2.5,2.1
2019-11-02 16:46:12,pm10,5.2
2019-11-02 16:47:11,pm2.5,2.1
2019-11-02 16:47:12,pm10,5.0
2019-11-02 16:48:11,pm2.5,2.4
2019-11-02 16:48:12,pm10,6.2
2019-11-02 16:49:11,pm2.5,2.1
2019-11-02 16:49:12,pm10,5.4
2019-11-02 16:50:11,pm2.5,2.2
2019-11-02 16:50:12,pm10,5.4
2019-11-02 16:51:12,pm2.5,2.0
2019-11-02 16:51:12,pm10,5.2
2019-11-02 16:52:12,pm2.5,2.2
2019-11-02 16:52:12,pm10,5.5
2019-11-02 16:53:12,pm2.5,2.0
2019-11-02 16:53:12,pm10,5.2
2019-11-02 16:54:12,pm2.5,1.9
2019-11-02 16:54:12,pm10,4.2
2019-11-02 16:55:12,pm2.5,2.4
2019-11-02 16:55:12,pm10,6.4
2019-11-02 16:56:12,pm2.5,1.9
2019-11-02 16:56:12,pm10,4.9
2019-11-02 16:57:12,pm2.5,1.9
2019-11-02 16:57:12,pm10,5.3
2019-11-02 16:59:11,pm2.5,2.2
2019-11-02 16:59:11,pm10,5.4
2019-11-02 17:00:11,pm2.5,2.2
2019-11-02 17:00:11,pm10,5.3
2019-11-02 17:01:11,pm2.5,2.1
2019-11-02 17:01:11,pm10,5.7
2019-11-02 17:02:11,pm2.5,2.1
2019-11-02 17:02:11,pm10,4.9
2019-11-02 17:03:11,pm2.5,2.1
2019-11-02 17:03:11,pm10,5.3
2019-11-02 17:04:11,pm2.5,2.1
2019-11-02 17:04:11,pm10,5.5
2019-11-02 17:05:11,pm2.5,2.4
2019-11-02 17:05:11,pm10,5.9
2019-11-02 17:06:11,pm2.5,2.3
2019-11-02 17:06:11,pm10,5.9
2019-11-02 17:07:11,pm2.5,2.1
2019-11-02 17:07:12,pm10,5.5
2019-11-02 17:08:11,pm2.5,2.3
2019-11-02 17:08:11,pm10,5.6
2019-11-02 17:09:11,pm2.5,2.1
2019-11-02 17:09:11,pm10,5.3
2019-11-02 17:10:11,pm2.5,2.1
2019-11-02 17:10:11,pm10,5.3
2019-11-02 17:11:11,pm2.5,2.1
2019-11-02 17:11:11,pm10,5.3
2019-11-02 17:12:11,pm2.5,2.4
2019-11-02 17:12:11,pm10,6.1
2019-11-02 17:13:11,pm2.5,2.1
2019-11-02 17:13:11,pm10,5.1
2019-11-02 17:14:11,pm2.5,2.0
2019-11-02 17:14:11,pm10,4.9
2019-11-02 17:15:11,pm2.5,2.1
2019-11-02 17:15:12,pm10,5.0
2019-11-02 17:16:11,pm2.5,1.9
2019-11-02 17:16:11,pm10,4.6
2019-11-02 17:17:11,pm2.5,1.9
2019-11-02 17:17:11,pm10,5.0
2019-11-02 17:18:11,pm2.5,2.1
2019-11-02 17:18:11,pm10,5.4
2019-11-02 17:19:11,pm2.5,2.1
2019-11-02 17:19:11,pm10,5.4
2019-11-02 17:20:11,pm2.5,2.0
2019-11-02 17:20:11,pm10,4.9
2019-11-02 17:21:11,pm2.5,1.9
2019-11-02 17:21:11,pm10,4.7
2019-11-02 17:22:11,pm2.5,2.1
2019-11-02 17:22:11,pm10,5.9
2019-11-02 17:23:11,pm2.5,2.1
2019-11-02 17:23:12,pm10,5.3
2019-11-02 17:24:11,pm2.5,2.1
2019-11-02 17:24:11,pm10,5.2
2019-11-02 17:25:11,pm2.5,1.7
2019-11-02 17:25:11,pm10,4.1
2019-11-02 17:26:11,pm2.5,2.0
2019-11-02 17:26:11,pm10,5.4
2019-11-02 17:27:11,pm2.5,2.1
2019-11-02 17:27:11,pm10,5.2
2019-11-02 17:28:11,pm2.5,2.1
2019-11-02 17:28:11,pm10,5.6
2019-11-02 17:29:11,pm2.5,2.0
2019-11-02 17:29:11,pm10,5.2
2019-11-02 17:30:11,pm2.5,2.2
2019-11-02 17:30:11,pm10,5.4
2019-11-02 17:31:11,pm2.5,2.1
2019-11-02 17:31:12,pm10,5.4
2019-11-02 17:32:11,pm2.5,2.0
2019-11-02 17:32:12,pm10,4.7
2019-11-02 17:33:11,pm2.5,2.1
2019-11-02 17:33:12,pm10,5.5
2019-11-02 17:34:11,pm2.5,1.9
2019-11-02 17:34:12,pm10,4.9
2019-11-02 17:35:11,pm2.5,2.1
2019-11-02 17:35:12,pm10,5.7
2019-11-02 17:36:12,pm2.5,2.0
2019-11-02 17:36:12,pm10,5.0
2019-11-02 17:37:12,pm2.5,2.1
2019-11-02 17:37:12,pm10,5.5
2019-11-02 17:38:12,pm2.5,2.1
2019-11-02 17:38:12,pm10,5.5
2019-11-02 17:39:12,pm2.5,2.3
2019-11-02 17:39:12,pm10,5.4
2019-11-02 17:40:12,pm2.5,1.9
2019-11-02 17:40:12,pm10,5.1
2019-11-02 17:41:12,pm2.5,1.9
2019-11-02 17:41:12,pm10,5.0
2019-11-02 17:42:12,pm2.5,1.9
2019-11-02 17:42:12,pm10,4.8
2019-11-02 17:43:12,pm2.5,1.9
2019-11-02 17:43:12,pm10,5.0
2019-11-02 17:44:11,pm2.5,2.2
2019-11-02 17:44:11,pm10,5.7
2019-11-02 17:45:11,pm2.5,1.8
2019-11-02 17:45:11,pm10,4.7
2019-11-02 17:46:11,pm2.5,2.0
2019-11-02 17:46:11,pm10,5.2
2019-11-02 17:47:11,pm2.5,2.0
2019-11-02 17:47:11,pm10,4.8
2019-11-02 17:48:11,pm2.5,2.0
2019-11-02 17:48:11,pm10,5.0
2019-11-02 17:49:11,pm2.5,1.9
2019-11-02 17:49:11,pm10,4.5
2019-11-02 17:50:11,pm2.5,2.0
2019-11-02 17:50:11,pm10,5.2
2019-11-02 17:51:11,pm2.5,2.1
2019-11-02 17:51:11,pm10,5.3
2019-11-02 17:52:11,pm2.5,2.2
2019-11-02 17:52:11,pm10,5.3
2019-11-02 17:53:11,pm2.5,2.1
2019-11-02 17:53:11,pm10,5.3
2019-11-02 17:54:11,pm2.5,2.0
2019-11-02 17:54:11,pm10,4.8
2019-11-02 17:55:11,pm2.5,2.0
2019-11-02 17:55:11,pm10,5.1
2019-11-02 17:56:11,pm2.5,2.0
2019-11-02 17:56:11,pm10,4.8
2019-11-02 17:57:11,pm2.5,1.7
2019-11-02 17:57:11,pm10,4.5
2019-11-02 17:58:11,pm2.5,2.0
2019-11-02 17:58:11,pm10,5.4
2019-11-02 17:59:11,pm2.5,2.0
2019-11-02 17:59:11,pm10,4.8
2019-11-02 18:00:11,pm2.5,2.0
2019-11-02 18:00:11,pm10,5.2
2019-11-02 18:01:11,pm2.5,1.9
2019-11-02 18:01:11,pm10,5.2
2019-11-02 18:02:11,pm2.5,2.3
2019-11-02 18:02:11,pm10,5.5
2019-11-02 18:03:11,pm2.5,2.0
2019-11-02 18:03:11,pm10,4.8
2019-11-02 18:04:11,pm2.5,1.9
2019-11-02 18:04:11,pm10,5.0
2019-11-02 18:05:11,pm2.5,2.1
2019-11-02 18:05:11,pm10,5.3
2019-11-02 18:06:11,pm2.5,1.9
2019-11-02 18:06:11,pm10,5.4
2019-11-02 18:07:11,pm2.5,2.0
2019-11-02 18:07:11,pm10,4.8
2019-11-02 18:08:11,pm2.5,2.0
2019-11-02 18:08:11,pm10,4.9
2019-11-02 18:09:11,pm2.5,1.9
2019-11-02 18:09:11,pm10,4.6
2019-11-02 18:10:11,pm2.5,2.1
2019-11-02 18:10:11,pm10,5.4
2019-11-02 18:11:11,pm2.5,1.9
2019-11-02 18:11:11,pm10,4.4
2019-11-02 18:12:11,pm2.5,1.7
2019-11-02 18:12:11,pm10,4.2
2019-11-02 18:13:11,pm2.5,2.0
2019-11-02 18:13:11,pm10,5.0
2019-11-02 18:14:11,pm2.5,2.0
2019-11-02 18:14:12,pm10,5.0
2019-11-02 18:15:11,pm2.5,1.9
2019-11-02 18:15:12,pm10,4.5
2019-11-02 18:16:11,pm2.5,1.8
2019-11-02 18:16:12,pm10,4.6
2019-11-02 18:17:11,pm2.5,1.9
2019-11-02 18:17:12,pm10,4.8
2019-11-02 18:18:11,pm2.5,2.0
2019-11-02 18:18:12,pm10,5.0
2019-11-02 18:19:11,pm2.5,1.8
2019-11-02 18:19:12,pm10,4.7
2019-11-02 18:20:12,pm2.5,1.9
2019-11-02 18:20:12,pm10,4.8
2019-11-02 18:21:12,pm2.5,2.0
2019-11-02 18:21:12,pm10,4.9
2019-11-02 18:22:12,pm2.5,2.0
2019-11-02 18:22:12,pm10,5.1
2019-11-02 18:23:12,pm2.5,1.9
2019-11-02 18:23:12,pm10,4.8
2019-11-02 18:24:12,pm2.5,1.7
2019-11-02 18:24:12,pm10,4.0
2019-11-02 18:25:12,pm2.5,1.9
2019-11-02 18:25:12,pm10,4.7
2019-11-02 18:26:12,pm2.5,1.8
2019-11-02 18:26:12,pm10,4.3
2019-11-02 18:27:11,pm2.5,1.6
2019-11-02 18:27:11,pm10,4.2
2019-11-02 18:28:11,pm2.5,1.8
2019-11-02 18:28:11,pm10,4.7
2019-11-02 18:29:11,pm2.5,1.7
2019-11-02 18:29:11,pm10,4.5
2019-11-02 18:30:11,pm2.5,1.7
2019-11-02 18:30:11,pm10,4.1
2019-11-02 18:31:11,pm2.5,1.7
2019-11-02 18:31:11,pm10,4.3
2019-11-02 18:32:11,pm2.5,1.5
2019-11-02 18:32:11,pm10,3.5
2019-11-02 18:33:11,pm2.5,1.7
2019-11-02 18:33:11,pm10,4.3
2019-11-02 18:34:11,pm2.5,1.6
2019-11-02 18:34:11,pm10,4.3
2019-11-02 18:35:11,pm2.5,1.7
2019-11-02 18:35:11,pm10,5.2
2019-11-02 18:36:11,pm2.5,1.5
2019-11-02 18:36:11,pm10,3.7
2019-11-02 18:37:11,pm2.5,1.8
2019-11-02 18:37:11,pm10,4.5
2019-11-02 18:38:11,pm2.5,1.6
2019-11-02 18:38:11,pm10,4.1
2019-11-02 18:39:11,pm2.5,1.7
2019-11-02 18:39:11,pm10,4.8
2019-11-02 18:40:11,pm2.5,1.6
2019-11-02 18:40:11,pm10,4.0
2019-11-02 18:41:11,pm2.5,1.6
2019-11-02 18:41:11,pm10,4.0
2019-11-02 18:42:11,pm2.5,1.8
2019-11-02 18:42:11,pm10,4.7
2019-11-02 18:43:11,pm2.5,1.6
2019-11-02 18:43:11,pm10,4.1
2019-11-02 18:44:11,pm2.5,1.5
2019-11-02 18:44:11,pm10,3.9
2019-11-02 18:45:11,pm2.5,1.6
2019-11-02 18:45:11,pm10,3.9
2019-11-02 18:46:11,pm2.5,1.7
2019-11-02 18:46:11,pm10,4.4
2019-11-02 18:47:11,pm2.5,1.7
2019-11-02 18:47:11,pm10,4.4
2019-11-02 18:48:11,pm2.5,1.8
2019-11-02 18:48:11,pm10,4.3
2019-11-02 18:49:11,pm2.5,1.7
2019-11-02 18:49:11,pm10,3.9
2019-11-02 18:50:11,pm2.5,1.6
2019-11-02 18:50:11,pm10,4.2
2019-11-02 18:51:11,pm2.5,1.7
2019-11-02 18:51:11,pm10,4.5
2019-11-02 18:52:11,pm2.5,1.8
2019-11-02 18:52:11,pm10,4.4
2019-11-02 18:53:11,pm2.5,1.6
2019-11-02 18:53:11,pm10,4.0
2019-11-02 18:54:11,pm2.5,1.8
2019-11-02 18:54:12,pm10,4.7
2019-11-02 18:55:11,pm2.5,1.8
2019-11-02 18:55:12,pm10,4.5
2019-11-02 18:56:11,pm2.5,1.7
2019-11-02 18:56:12,pm10,4.4
2019-11-02 18:57:11,pm2.5,1.5
2019-11-02 18:57:12,pm10,3.8
2019-11-02 18:58:11,pm2.5,1.6
2019-11-02 18:58:12,pm10,3.8
2019-11-02 18:59:11,pm2.5,1.7
2019-11-02 18:59:12,pm10,4.1
2019-11-02 19:00:12,pm2.5,1.7
2019-11-02 19:00:12,pm10,4.7
2019-11-02 19:01:12,pm2.5,1.6
2019-11-02 19:01:12,pm10,4.0
2019-11-02 19:02:12,pm2.5,1.8
2019-11-02 19:02:12,pm10,4.8
2019-11-02 19:03:12,pm2.5,1.6
2019-11-02 19:03:12,pm10,3.6
2019-11-02 19:04:12,pm2.5,1.8
2019-11-02 19:04:12,pm10,4.6
2019-11-02 19:06:11,pm2.5,1.7
2019-11-02 19:06:11,pm10,4.6
2019-11-02 19:07:11,pm2.5,1.5
2019-11-02 19:07:11,pm10,3.8
2019-11-02 19:08:11,pm2.5,1.6
2019-11-02 19:08:11,pm10,4.1
2019-11-02 19:09:11,pm2.5,1.6
2019-11-02 19:09:11,pm10,3.8
2019-11-02 19:10:11,pm2.5,1.6
2019-11-02 19:10:11,pm10,3.9
2019-11-02 19:11:11,pm2.5,1.6
2019-11-02 19:11:11,pm10,4.1
2019-11-02 19:12:11,pm2.5,1.6
2019-11-02 19:12:11,pm10,4.2
2019-11-02 19:13:11,pm2.5,1.8
2019-11-02 19:13:11,pm10,4.7
2019-11-02 19:14:11,pm2.5,1.7
2019-11-02 19:14:11,pm10,4.4
2019-11-02 19:15:11,pm2.5,1.7
2019-11-02 19:15:12,pm10,4.4
2019-11-02 19:16:11,pm2.5,1.7
2019-11-02 19:16:11,pm10,4.4
2019-11-02 19:17:11,pm2.5,1.6
2019-11-02 19:17:11,pm10,3.8
2019-11-02 19:18:11,pm2.5,1.8
2019-11-02 19:18:11,pm10,4.1
2019-11-02 19:19:11,pm2.5,1.5
2019-11-02 19:19:11,pm10,3.5
2019-11-02 19:20:11,pm2.5,1.7
2019-11-02 19:20:11,pm10,4.1
2019-11-02 19:21:11,pm2.5,1.4
2019-11-02 19:21:11,pm10,3.1
2019-11-02 19:22:11,pm2.5,1.7
2019-11-02 19:22:11,pm10,4.6
2019-11-02 19:23:11,pm2.5,1.7
2019-11-02 19:23:12,pm10,4.4
2019-11-02 19:24:11,pm2.5,1.8
2019-11-02 19:24:11,pm10,4.6
2019-11-02 19:25:11,pm2.5,1.7
2019-11-02 19:25:11,pm10,4.3
2019-11-02 19:26:11,pm2.5,1.6
2019-11-02 19:26:11,pm10,4.4
2019-11-02 19:27:11,pm2.5,1.7
2019-11-02 19:27:11,pm10,4.2
2019-11-02 19:28:11,pm2.5,1.8
2019-11-02 19:28:11,pm10,4.7
2019-11-02 19:29:11,pm2.5,1.9
2019-11-02 19:29:11,pm10,4.6
2019-11-02 19:30:11,pm2.5,1.8
2019-11-02 19:30:11,pm10,5.2
2019-11-02 19:31:11,pm2.5,2.0
2019-11-02 19:31:11,pm10,5.1
2019-11-02 19:32:11,pm2.5,1.5
2019-11-02 19:32:11,pm10,3.6
2019-11-02 19:33:11,pm2.5,1.7
2019-11-02 19:33:11,pm10,4.2
2019-11-02 19:34:11,pm2.5,1.8
2019-11-02 19:34:11,pm10,4.9
2019-11-02 19:35:11,pm2.5,1.6
2019-11-02 19:35:11,pm10,4.2
2019-11-02 19:36:11,pm2.5,1.8
2019-11-02 19:36:12,pm10,4.9
2019-11-02 19:37:11,pm2.5,1.7
2019-11-02 19:37:12,pm10,4.4
2019-11-02 19:38:11,pm2.5,1.7
2019-11-02 19:38:12,pm10,4.3
2019-11-02 19:39:11,pm2.5,1.8
2019-11-02 19:39:12,pm10,4.2
2019-11-02 19:40:12,pm2.5,1.6
2019-11-02 19:40:12,pm10,3.8
2019-11-02 19:41:12,pm2.5,1.7
2019-11-02 19:41:12,pm10,3.9
2019-11-02 19:42:12,pm2.5,1.7
2019-11-02 19:42:12,pm10,4.8
2019-11-02 19:43:12,pm2.5,1.9
2019-11-02 19:43:12,pm10,5.0
2019-11-02 19:44:12,pm2.5,1.7
2019-11-02 19:44:12,pm10,4.3
2019-11-02 19:45:12,pm2.5,1.7
2019-11-02 19:45:12,pm10,4.5
2019-11-02 19:46:11,pm2.5,1.6
2019-11-02 19:46:11,pm10,3.9
2019-11-02 19:47:11,pm2.5,1.8
2019-11-02 19:47:11,pm10,4.6
2019-11-02 19:48:11,pm2.5,1.7
2019-11-02 19:48:11,pm10,4.0
2019-11-02 19:49:11,pm2.5,1.6
2019-11-02 19:49:11,pm10,4.2
2019-11-02 19:50:11,pm2.5,1.7
2019-11-02 19:50:11,pm10,4.4
2019-11-02 19:51:11,pm2.5,1.7
2019-11-02 19:51:11,pm10,4.6
2019-11-02 19:52:11,pm2.5,1.7
2019-11-02 19:52:11,pm10,4.2
2019-11-02 19:53:11,pm2.5,1.6
2019-11-02 19:53:11,pm10,4.0
2019-11-02 19:54:11,pm2.5,1.8
2019-11-02 19:54:11,pm10,4.5
2019-11-02 19:55:11,pm2.5,1.6
2019-11-02 19:55:11,pm10,4.2
2019-11-02 19:56:11,pm2.5,1.6
2019-11-02 19:56:11,pm10,4.0
2019-11-02 19:57:11,pm2.5,1.4
2019-11-02 19:57:11,pm10,3.2
2019-11-02 19:58:11,pm2.5,1.6
2019-11-02 19:58:11,pm10,3.9
2019-11-02 19:59:11,pm2.5,1.9
2019-11-02 19:59:11,pm10,4.7
2019-11-02 20:00:11,pm2.5,1.4
2019-11-02 20:00:11,pm10,3.4
2019-11-02 20:01:11,pm2.5,1.7
2019-11-02 20:01:11,pm10,4.1
2019-11-02 20:02:11,pm2.5,1.5
2019-11-02 20:02:11,pm10,3.6
2019-11-02 20:03:11,pm2.5,1.6
2019-11-02 20:03:11,pm10,4.8
2019-11-02 20:04:11,pm2.5,1.6
2019-11-02 20:04:11,pm10,3.7
2019-11-02 20:05:11,pm2.5,1.6
2019-11-02 20:05:11,pm10,3.7
2019-11-02 20:06:11,pm2.5,1.4
2019-11-02 20:06:11,pm10,3.3
2019-11-02 20:07:11,pm2.5,1.7
2019-11-02 20:07:11,pm10,4.9
2019-11-02 20:08:11,pm2.5,1.7
2019-11-02 20:08:11,pm10,4.2
2019-11-02 20:09:11,pm2.5,1.5
2019-11-02 20:09:12,pm10,3.5
2019-11-02 20:10:11,pm2.5,1.6
2019-11-02 20:10:11,pm10,4.1
2019-11-02 20:11:11,pm2.5,1.5
2019-11-02 20:11:11,pm10,3.6
2019-11-02 20:12:11,pm2.5,1.8
2019-11-02 20:12:11,pm10,4.8
2019-11-02 20:13:11,pm2.5,1.9
2019-11-02 20:13:11,pm10,4.4
2019-11-02 20:14:11,pm2.5,1.5
2019-11-02 20:14:11,pm10,3.4
2019-11-02 20:15:11,pm2.5,1.4
2019-11-02 20:15:11,pm10,3.4
2019-11-02 20:16:11,pm2.5,1.5
2019-11-02 20:16:11,pm10,3.7
2019-11-02 20:17:11,pm2.5,1.6
2019-11-02 20:17:12,pm10,4.2
2019-11-02 20:18:11,pm2.5,1.6
2019-11-02 20:18:11,pm10,4.3
2019-11-02 20:19:11,pm2.5,1.4
2019-11-02 20:19:12,pm10,3.4
2019-11-02 20:20:11,pm2.5,1.6
2019-11-02 20:20:12,pm10,3.9
2019-11-02 20:21:11,pm2.5,1.4
2019-11-02 20:21:12,pm10,3.1
2019-11-02 20:22:11,pm2.5,1.6
2019-11-02 20:22:12,pm10,3.8
2019-11-02 20:23:11,pm2.5,1.5
2019-11-02 20:23:12,pm10,3.7
2019-11-02 20:24:12,pm2.5,1.6
2019-11-02 20:24:12,pm10,3.7
2019-11-02 20:25:12,pm2.5,1.4
2019-11-02 20:25:12,pm10,3.2
2019-11-02 20:26:12,pm2.5,1.4
2019-11-02 20:26:12,pm10,3.2
2019-11-02 20:27:12,pm2.5,1.4
2019-11-02 20:27:12,pm10,3.4
2019-11-02 20:28:12,pm2.5,1.4
2019-11-02 20:28:12,pm10,4.1
2019-11-02 20:29:12,pm2.5,1.4
2019-11-02 20:29:12,pm10,3.5
2019-11-02 20:30:12,pm2.5,1.6
2019-11-02 20:30:12,pm10,3.9
2019-11-02 20:32:11,pm2.5,1.3
2019-11-02 20:32:11,pm10,3.3
2019-11-02 20:33:11,pm2.5,1.3
2019-11-02 20:33:11,pm10,3.2
2019-11-02 20:34:11,pm2.5,1.4
2019-11-02 20:34:11,pm10,3.6
2019-11-02 20:35:11,pm2.5,1.6
2019-11-02 20:35:11,pm10,3.8
2019-11-02 20:36:11,pm2.5,1.4
2019-11-02 20:36:11,pm10,3.6
2019-11-02 20:37:11,pm2.5,1.5
2019-11-02 20:37:11,pm10,3.7
2019-11-02 20:38:11,pm2.5,1.6
2019-11-02 20:38:11,pm10,4.0
2019-11-02 20:39:11,pm2.5,1.5
2019-11-02 20:39:11,pm10,3.7
2019-11-02 20:40:11,pm2.5,1.6
2019-11-02 20:40:11,pm10,3.8
2019-11-02 20:41:11,pm2.5,1.4
2019-11-02 20:41:11,pm10,3.6
2019-11-02 20:42:11,pm2.5,1.4
2019-11-02 20:42:11,pm10,3.1
2019-11-02 20:43:11,pm2.5,1.6
2019-11-02 20:43:11,pm10,4.2
2019-11-02 20:44:11,pm2.5,1.5
2019-11-02 20:44:11,pm10,3.6
2019-11-02 20:45:11,pm2.5,1.6
2019-11-02 20:45:11,pm10,4.0
2019-11-02 20:46:11,pm2.5,1.4
2019-11-02 20:46:11,pm10,3.3
2019-11-02 20:47:11,pm2.5,1.3
2019-11-02 20:47:11,pm10,2.9
2019-11-02 20:48:11,pm2.5,1.5
2019-11-02 20:48:11,pm10,3.9
2019-11-02 20:49:11,pm2.5,1.3
2019-11-02 20:49:11,pm10,3.0
2019-11-02 20:50:11,pm2.5,1.5
2019-11-02 20:50:11,pm10,3.8
2019-11-02 20:51:11,pm2.5,1.5
2019-11-02 20:51:11,pm10,3.9
2019-11-02 20:52:11,pm2.5,1.6
2019-11-02 20:52:11,pm10,4.1
2019-11-02 20:53:11,pm2.5,1.6
2019-11-02 20:53:11,pm10,4.6
2019-11-02 20:54:11,pm2.5,1.5
2019-11-02 20:54:11,pm10,4.0
2019-11-02 20:55:11,pm2.5,1.6
2019-11-02 20:55:11,pm10,3.7
2019-11-02 20:56:11,pm2.5,1.3
2019-11-02 20:56:11,pm10,3.0
2019-11-02 20:57:11,pm2.5,1.6
2019-11-02 20:57:11,pm10,4.2
2019-11-02 20:58:11,pm2.5,1.4
2019-11-02 20:58:11,pm10,3.5
2019-11-02 20:59:11,pm2.5,1.7
2019-11-02 20:59:11,pm10,4.3
2019-11-02 21:00:11,pm2.5,1.4
2019-11-02 21:00:11,pm10,3.5
2019-11-02 21:01:11,pm2.5,1.5
2019-11-02 21:01:11,pm10,3.4
2019-11-02 21:02:11,pm2.5,1.3
2019-11-02 21:02:11,pm10,3.1
2019-11-02 21:03:11,pm2.5,1.5
2019-11-02 21:03:11,pm10,3.7
2019-11-02 21:04:11,pm2.5,1.5
2019-11-02 21:04:11,pm10,3.6
2019-11-02 21:05:11,pm2.5,1.5
2019-11-02 21:05:11,pm10,3.8
2019-11-02 21:06:11,pm2.5,1.7
2019-11-02 21:06:11,pm10,4.3
2019-11-02 21:07:11,pm2.5,1.5
2019-11-02 21:07:11,pm10,3.6
2019-11-02 21:08:11,pm2.5,1.6
2019-11-02 21:08:11,pm10,4.4
2019-11-02 21:09:11,pm2.5,1.5
2019-11-02 21:09:12,pm10,3.6
2019-11-02 21:10:11,pm2.5,1.7
2019-11-02 21:10:12,pm10,4.3
2019-11-02 21:11:11,pm2.5,1.6
2019-11-02 21:11:12,pm10,4.1
2019-11-02 21:12:11,pm2.5,1.7
2019-11-02 21:12:12,pm10,4.5
2019-11-02 21:13:11,pm2.5,1.6
2019-11-02 21:13:12,pm10,4.0
2019-11-02 21:14:11,pm2.5,1.5
2019-11-02 21:14:12,pm10,3.5
2019-11-02 21:15:11,pm2.5,1.5
2019-11-02 21:15:11,pm10,3.6
2019-11-02 21:16:12,pm2.5,1.5
2019-11-02 21:16:12,pm10,3.4
2019-11-02 21:17:12,pm2.5,1.7
2019-11-02 21:17:12,pm10,4.3
2019-11-02 21:18:12,pm2.5,1.5
2019-11-02 21:18:12,pm10,3.6
2019-11-02 21:19:12,pm2.5,1.7
2019-11-02 21:19:12,pm10,4.1
2019-11-02 21:20:12,pm2.5,1.5
2019-11-02 21:20:12,pm10,3.6
2019-11-02 21:21:12,pm2.5,1.5
2019-11-02 21:21:12,pm10,4.1
2019-11-02 21:22:12,pm2.5,1.6
2019-11-02 21:22:12,pm10,4.2
2019-11-02 21:23:12,pm2.5,1.6
2019-11-02 21:23:12,pm10,4.1
2019-11-02 21:24:12,pm2.5,1.7
2019-11-02 21:24:12,pm10,4.0
2019-11-02 21:25:12,pm2.5,1.7
2019-11-02 21:25:12,pm10,4.2
2019-11-02 21:26:12,pm2.5,1.7
2019-11-02 21:26:12,pm10,4.4
2019-11-02 21:27:12,pm2.5,1.7
2019-11-02 21:27:12,pm10,4.3
2019-11-02 21:29:11,pm2.5,1.5
2019-11-02 21:29:11,pm10,4.1
2019-11-02 21:30:11,pm2.5,1.5
2019-11-02 21:30:11,pm10,3.6
2019-11-02 21:31:11,pm2.5,1.8
2019-11-02 21:31:11,pm10,4.6
2019-11-02 21:32:11,pm2.5,1.7
2019-11-02 21:32:11,pm10,4.3
2019-11-02 21:33:11,pm2.5,1.7
2019-11-02 21:33:11,pm10,4.2
2019-11-02 21:34:11,pm2.5,1.7
2019-11-02 21:34:11,pm10,4.2
2019-11-02 21:35:11,pm2.5,1.5
2019-11-02 21:35:11,pm10,3.9
2019-11-02 21:36:11,pm2.5,1.7
2019-11-02 21:36:11,pm10,4.2
2019-11-02 21:37:11,pm2.5,1.7
2019-11-02 21:37:11,pm10,4.6
2019-11-02 21:38:11,pm2.5,1.5
2019-11-02 21:38:11,pm10,3.7
2019-11-02 21:39:11,pm2.5,1.7
2019-11-02 21:39:11,pm10,4.2
2019-11-02 21:40:11,pm2.5,1.6
2019-11-02 21:40:11,pm10,4.3
2019-11-02 21:41:11,pm2.5,1.4
2019-11-02 21:41:11,pm10,3.4
2019-11-02 21:42:11,pm2.5,1.8
2019-11-02 21:42:11,pm10,4.5
2019-11-02 21:43:11,pm2.5,1.7
2019-11-02 21:43:11,pm10,4.1
2019-11-02 21:44:11,pm2.5,1.6
2019-11-02 21:44:11,pm10,3.9
2019-11-02 21:45:11,pm2.5,1.7
2019-11-02 21:45:11,pm10,4.4
2019-11-02 21:46:11,pm2.5,1.6
2019-11-02 21:46:11,pm10,4.1
2019-11-02 21:47:11,pm2.5,1.7
2019-11-02 21:47:11,pm10,4.5
2019-11-02 21:48:11,pm2.5,1.6
2019-11-02 21:48:11,pm10,3.7
2019-11-02 21:49:11,pm2.5,1.7
2019-11-02 21:49:11,pm10,4.3
2019-11-02 21:50:11,pm2.5,1.6
2019-11-02 21:50:11,pm10,4.1
2019-11-02 21:51:11,pm2.5,1.7
2019-11-02 21:51:11,pm10,4.3
2019-11-02 21:52:11,pm2.5,1.7
2019-11-02 21:52:11,pm10,4.1
2019-11-02 21:53:11,pm2.5,1.7
2019-11-02 21:53:11,pm10,4.5
2019-11-02 21:54:11,pm2.5,1.7
2019-11-02 21:54:11,pm10,4.2
2019-11-02 21:55:11,pm2.5,1.8
2019-11-02 21:55:11,pm10,4.5
2019-11-02 21:56:11,pm2.5,1.5
2019-11-02 21:56:11,pm10,4.0
2019-11-02 21:57:11,pm2.5,1.8
2019-11-02 21:57:11,pm10,4.5
2019-11-02 21:58:11,pm2.5,1.6
2019-11-02 21:58:11,pm10,3.9
2019-11-02 21:59:11,pm2.5,1.7
2019-11-02 21:59:11,pm10,4.2
2019-11-02 22:00:11,pm2.5,1.6
2019-11-02 22:00:11,pm10,3.8
2019-11-02 22:01:11,pm2.5,1.5
2019-11-02 22:01:11,pm10,3.5
2019-11-02 22:02:11,pm2.5,1.5
2019-11-02 22:02:11,pm10,3.6
2019-11-02 22:03:11,pm2.5,1.6
2019-11-02 22:03:11,pm10,4.2
2019-11-02 22:04:11,pm2.5,1.4
2019-11-02 22:04:11,pm10,3.1
2019-11-02 22:05:11,pm2.5,1.6
2019-11-02 22:05:11,pm10,4.0
2019-11-02 22:06:11,pm2.5,1.7
2019-11-02 22:06:11,pm10,4.4
2019-11-02 22:07:11,pm2.5,1.5
2019-11-02 22:07:11,pm10,3.6
2019-11-02 22:08:11,pm2.5,1.5
2019-11-02 22:08:11,pm10,3.6
2019-11-02 22:09:11,pm2.5,1.5
2019-11-02 22:09:11,pm10,3.6
2019-11-02 22:10:11,pm2.5,1.3
2019-11-02 22:10:11,pm10,3.1
2019-11-02 22:11:11,pm2.5,1.5
2019-11-02 22:11:11,pm10,3.3
2019-11-02 22:12:11,pm2.5,1.6
2019-11-02 22:12:11,pm10,3.9
2019-11-02 22:13:11,pm2.5,1.5
2019-11-02 22:13:11,pm10,3.9
2019-11-02 22:14:11,pm2.5,1.5
2019-11-02 22:14:11,pm10,3.9
2019-11-02 22:15:11,pm2.5,1.6
2019-11-02 22:15:11,pm10,4.0
2019-11-02 22:16:11,pm2.5,1.6
2019-11-02 22:16:11,pm10,3.9
2019-11-02 22:17:11,pm2.5,1.4
2019-11-02 22:17:11,pm10,3.8
2019-11-02 22:18:11,pm2.5,1.5
2019-11-02 22:18:11,pm10,4.1
2019-11-02 22:19:11,pm2.5,1.6
2019-11-02 22:19:11,pm10,4.1
2019-11-02 22:20:11,pm2.5,1.5
2019-11-02 22:20:11,pm10,3.9
2019-11-02 22:21:11,pm2.5,1.5
2019-11-02 22:21:11,pm10,3.7
2019-11-02 22:22:11,pm2.5,1.3
2019-11-02 22:22:12,pm10,3.4
2019-11-02 22:23:11,pm2.5,1.4
2019-11-02 22:23:12,pm10,3.5
2019-11-02 22:24:11,pm2.5,1.3
2019-11-02 22:24:12,pm10,2.8
2019-11-02 22:25:11,pm2.5,1.3
2019-11-02 22:25:12,pm10,3.2
2019-11-02 22:26:11,pm2.5,1.6
2019-11-02 22:26:12,pm10,4.0
2019-11-02 22:27:11,pm2.5,1.5
2019-11-02 22:27:12,pm10,4.0
2019-11-02 22:28:12,pm2.5,1.6
2019-11-02 22:28:12,pm10,3.9
2019-11-02 22:29:12,pm2.5,1.6
2019-11-02 22:29:12,pm10,3.9
2019-11-02 22:30:12,pm2.5,1.5
2019-11-02 22:30:12,pm10,3.9
2019-11-02 22:31:12,pm2.5,1.5
2019-11-02 22:31:12,pm10,3.5
2019-11-02 22:32:12,pm2.5,1.6
2019-11-02 22:32:12,pm10,3.7
2019-11-02 22:33:12,pm2.5,1.5
2019-11-02 22:33:12,pm10,3.7
2019-11-02 22:34:12,pm2.5,1.6
2019-11-02 22:34:12,pm10,4.2
2019-11-02 22:35:12,pm2.5,1.6
2019-11-02 22:35:12,pm10,3.7
2019-11-02 22:36:12,pm2.5,1.6
2019-11-02 22:36:12,pm10,3.8
2019-11-02 22:38:11,pm2.5,1.4
2019-11-02 22:38:11,pm10,3.4
2019-11-02 22:39:11,pm2.5,1.3
2019-11-02 22:39:11,pm10,3.1
2019-11-02 22:40:11,pm2.5,1.4
2019-11-02 22:40:11,pm10,3.2
2019-11-02 22:41:11,pm2.5,1.4
2019-11-02 22:41:11,pm10,3.3
2019-11-02 22:42:11,pm2.5,1.5
2019-11-02 22:42:11,pm10,3.7
2019-11-02 22:43:11,pm2.5,1.5
2019-11-02 22:43:11,pm10,3.5
2019-11-02 22:44:11,pm2.5,1.6
2019-11-02 22:44:11,pm10,3.7
2019-11-02 22:45:11,pm2.5,1.3
2019-11-02 22:45:11,pm10,2.8
2019-11-02 22:46:11,pm2.5,1.6
2019-11-02 22:46:11,pm10,3.7
2019-11-02 22:47:11,pm2.5,1.4
2019-11-02 22:47:11,pm10,3.0
2019-11-02 22:48:11,pm2.5,1.4
2019-11-02 22:48:11,pm10,3.0
2019-11-02 22:49:11,pm2.5,1.6
2019-11-02 22:49:11,pm10,4.5
2019-11-02 22:50:11,pm2.5,1.3
2019-11-02 22:50:11,pm10,3.0
2019-11-02 22:51:11,pm2.5,1.2
2019-11-02 22:51:11,pm10,3.0
2019-11-02 22:52:11,pm2.5,1.4
2019-11-02 22:52:11,pm10,3.3
2019-11-02 22:53:11,pm2.5,1.4
2019-11-02 22:53:11,pm10,3.5
2019-11-02 22:54:11,pm2.5,1.5
2019-11-02 22:54:11,pm10,3.6
2019-11-02 22:55:11,pm2.5,1.4
2019-11-02 22:55:11,pm10,3.6
2019-11-02 22:56:11,pm2.5,1.3
2019-11-02 22:56:11,pm10,3.0
2019-11-02 22:57:11,pm2.5,1.4
2019-11-02 22:57:11,pm10,3.2
2019-11-02 22:58:11,pm2.5,1.3
2019-11-02 22:58:11,pm10,2.9
2019-11-02 22:59:11,pm2.5,1.3
2019-11-02 22:59:11,pm10,3.0
2019-11-02 23:00:11,pm2.5,1.3
2019-11-02 23:00:11,pm10,2.9
2019-11-02 23:01:11,pm2.5,1.3
2019-11-02 23:01:11,pm10,3.2
2019-11-02 23:02:11,pm2.5,1.3
2019-11-02 23:02:11,pm10,3.0
2019-11-02 23:03:11,pm2.5,1.4
2019-11-02 23:03:11,pm10,3.7
2019-11-02 23:04:11,pm2.5,1.3
2019-11-02 23:04:11,pm10,3.3
2019-11-02 23:05:11,pm2.5,1.2
2019-11-02 23:05:11,pm10,2.4
2019-11-02 23:06:11,pm2.5,1.6
2019-11-02 23:06:11,pm10,3.9