2019-11-02 23:07:42,pm2.5,0.3
2019-11-02 23:07:42,pm10,0.3
2019-11-02 23:08:42,pm2.5,277.9
2019-11-02 23:08:42,pm10,422.7
2019-11-02 23:09:42,pm2.5,999.9
2019-11-02 23:09:42,pm10,1999.9
2019-11-02 23:10:42,pm2.5,999.9
2019-11-02 23:10:42,pm10,1999.9
2019-11-02 23:11:42,pm2.5,999.9
2019-11-02 23:11:42,pm10,1999.9
2019-11-02 23:12:42,pm2.5,999.9
2019-11-02 23:12:42,pm10,1999.9
2019-11-02 23:13:42,pm2.5,999.9
2019-11-02 23:13:42,pm10,1999.9
2019-11-02 23:14:44,pm2.5,999.9
2019-11-02 23:14:44,pm10,1999.9
2019-11-02 23:15:44,pm2.5,999.9
2019-11-02 23:15:44,pm10,1999.9
2019-11-02 23:16:45,pm2.5,999.9
2019-11-02 23:16:45,pm10,1999.9
2019-11-02 23:17:45,pm2.5,999.9
2019-11-02 23:17:45,pm10,1999.9
2019-11-02 23:18:45,pm2.5,999.9
2019-11-02 23:18:45,pm10,1999.9
2019-11-02 23:19:45,pm2.5,999.9
2019-11-02 23:19:45,pm10,1999.9
2019-11-02 23:20:44,pm2.5,999.9
2019-11-02 23:20:44,pm10,1999.9
2019-11-02 23:21:44,pm2.5,999.9
2019-11-02 23:21:44,pm10,1999.9
2019-11-02 23:22:44,pm2.5,999.9
2019-11-02 23:22:44,pm10,1999.9
2019-11-02 23:23:44,pm2.5,999.9
2019-11-02 23:23:44,pm10,1999.9
2019-11-02 23:24:44,pm2.5,999.9
2019-11-02 23:24:44,pm10,1999.9
2019-11-02 23:25:44,pm2.5,999.9
2019-11-02 23:25:44,pm10,1999.9
2019-11-02 23:26:44,pm2.5,999.9
2019-11-02 23:26:44,pm10,1999.9
2019-11-02 23:27:44,pm2.5,999.9
2019-11-02 23:27:44,pm10,1999.9
2019-11-02 23:28:44,pm2.5,999.9
2019-11-02 23:28:44,pm10,1999.9
2019-11-02 23:29:44,pm2.5,999.9
2019-11-02 23:29:44,pm10,1999.9
2019-11-02 23:30:44,pm2.5,999.9
2019-11-02 23:30:44,pm10,1957.4
2019-11-02 23:31:44,pm2.5,999.9
2019-11-02 23:31:44,pm10,1874.4
2019-11-02 23:32:44,pm2.5,999.9
2019-11-02 23:32:44,pm10,1786.8
2019-11-02 23:33:44,pm2.5,999.9
2019-11-02 23:33:44,pm10,1712.0
2019-11-02 23:34:44,pm2.5,999.9
2019-11-02 23:34:44,pm10,1628.8
2019-11-02 23:35:43,pm2.5,996.9
2019-11-02 23:35:43,pm10,1551.6
2019-11-02 23:36:43,pm2.5,984.5
2019-11-02 23:36:43,pm10,1490.1
2019-11-02 23:37:44,pm2.5,967.0
2019-11-02 23:37:44,pm10,1420.4
2019-11-02 23:38:44,pm2.5,958.4
2019-11-02 23:38:44,pm10,1386.5
2019-11-02 23:39:44,pm2.5,956.1
2019-11-02 23:39:44,pm10,1372.9
2019-11-02 23:40:44,pm2.5,948.3
2019-11-02 23:40:44,pm10,1344.6
2019-11-02 23:41:42,pm2.5,949.0
2019-11-02 23:41:42,pm10,1334.0
2019-11-02 23:42:42,pm2.5,942.8
2019-11-02 23:42:42,pm10,1300.0
2019-11-02 23:43:42,pm2.5,939.8
2019-11-02 23:43:42,pm10,1295.4
2019-11-02 23:44:42,pm2.5,936.5
2019-11-02 23:44:42,pm10,1273.1
2019-11-02 23:45:42,pm2.5,932.6
2019-11-02 23:45:42,pm10,1267.2
2019-11-02 23:46:42,pm2.5,927.7
2019-11-02 23:46:42,pm10,1237.7
2019-11-02 23:47:42,pm2.5,928.8
2019-11-02 23:47:42,pm10,1225.3
2019-11-02 23:48:42,pm2.5,920.9
2019-11-02 23:48:42,pm10,1206.8
2019-11-02 23:49:42,pm2.5,918.9
2019-11-02 23:49:43,pm10,1193.8
2019-11-02 23:50:42,pm2.5,913.6
2019-11-02 23:50:42,pm10,1173.8
2019-11-02 23:51:42,pm2.5,912.1
2019-11-02 23:51:43,pm10,1162.6
2019-11-02 23:53:41,pm2.5,905.1
2019-11-02 23:53:42,pm10,1145.0
2019-11-02 23:54:41,pm2.5,902.5
2019-11-02 23:54:42,pm10,1133.5
2019-11-02 23:55:41,pm2.5,896.4
2019-11-02 23:55:42,pm10,1108.7
2019-11-02 23:56:42,pm2.5,893.6
2019-11-02 23:56:42,pm10,1106.9
2019-11-02 23:57:42,pm2.5,892.2
2019-11-02 23:57:42,pm10,1081.8
2019-11-02 23:58:42,pm2.5,884.5
2019-11-02 23:58:42,pm10,1076.2
2019-11-02 23:59:42,pm2.5,884.3
2019-11-02 23:59:42,pm10,1060.4
2019-11-03 00:00:42,pm2.5,877.2
2019-11-03 00:00:42,pm10,1044.2
2019-11-03 00:01:42,pm2.5,875.4
2019-11-03 00:01:42,pm10,1036.1
2019-11-03 00:02:42,pm2.5,872.3
2019-11-03 00:02:42,pm10,1025.7
2019-11-03 00:03:42,pm2.5,868.8
2019-11-03 00:03:42,pm10,1013.3
2019-11-03 00:04:42,pm2.5,864.8
2019-11-03 00:04:42,pm10,1007.6
2019-11-03 00:05:42,pm2.5,858.7
2019-11-03 00:05:42,pm10,991.2
2019-11-03 00:06:42,pm2.5,855.3
2019-11-03 00:06:42,pm10,982.1
2019-11-03 00:07:42,pm2.5,849.7
2019-11-03 00:07:42,pm10,965.4
2019-11-03 00:08:42,pm2.5,848.2
2019-11-03 00:08:42,pm10,963.2
2019-11-03 00:09:42,pm2.5,842.4
2019-11-03 00:09:42,pm10,953.9
2019-11-03 00:10:42,pm2.5,841.1
2019-11-03 00:10:42,pm10,945.4
2019-11-03 00:11:42,pm2.5,838.2
2019-11-03 00:11:42,pm10,941.2
2019-11-03 00:12:42,pm2.5,831.3
2019-11-03 00:12:42,pm10,933.1
2019-11-03 00:13:42,pm2.5,828.3
2019-11-03 00:13:42,pm10,929.1
2019-11-03 00:14:42,pm2.5,825.5
2019-11-03 00:14:42,pm10,925.7
2019-11-03 00:15:42,pm2.5,821.8
2019-11-03 00:15:42,pm10,920.9
2019-11-03 00:16:42,pm2.5,816.6
2019-11-03 00:16:42,pm10,914.4
2019-11-03 00:17:42,pm2.5,814.0
2019-11-03 00:17:42,pm10,911.1
2019-11-03 00:18:42,pm2.5,809.5
2019-11-03 00:18:42,pm10,905.2
2019-11-03 00:19:42,pm2.5,805.1
2019-11-03 00:19:42,pm10,900.1
2019-11-03 00:20:42,pm2.5,800.8
2019-11-03 00:20:42,pm10,894.5
2019-11-03 00:21:42,pm2.5,795.7
2019-11-03 00:21:42,pm10,888.6
2019-11-03 00:22:42,pm2.5,795.4
2019-11-03 00:22:42,pm10,888.2
2019-11-03 00:22:42,pm2.5,795.4
2019-11-03 00:23:42,pm2.5,789.0
2019-11-03 00:22:42,pm10,888.2
2019-11-03 00:23:42,pm10,879.8
2019-11-03 00:25:42,pm2.5,784.3
2019-11-03 00:25:42,pm10,874.1
2019-11-03 00:26:42,pm2.5,775.8
2019-11-03 00:26:42,pm10,864.2
2019-11-03 00:27:42,pm2.5,773.8
2019-11-03 00:27:42,pm10,861.6
2019-11-03 00:28:42,pm2.5,768.2
2019-11-03 00:28:42,pm10,855.1
2019-11-03 00:29:42,pm2.5,766.1
2019-11-03 00:29:42,pm10,852.6
2019-11-03 00:30:42,pm2.5,763.4
2019-11-03 00:30:42,pm10,848.7
2019-11-03 00:31:42,pm2.5,756.3
2019-11-03 00:31:42,pm10,841.1
2019-11-03 00:32:42,pm2.5,753.4
2019-11-03 00:32:42,pm10,837.2
2019-11-03 00:33:42,pm2.5,747.5
2019-11-03 00:33:42,pm10,830.0
2019-11-03 00:34:42,pm2.5,742.7
2019-11-03 00:34:42,pm10,824.9
2019-11-03 00:35:42,pm2.5,736.7
2019-11-03 00:35:42,pm10,817.8
2019-11-03 00:36:42,pm2.5,734.6
2019-11-03 00:36:42,pm10,815.0
2019-11-03 00:37:42,pm2.5,730.0
2019-11-03 00:37:42,pm10,809.6
2019-11-03 00:38:42,pm2.5,725.7
2019-11-03 00:38:42,pm10,804.5
2019-11-03 00:39:42,pm2.5,723.0
2019-11-03 00:39:42,pm10,801.4
2019-11-03 00:40:42,pm2.5,719.7
2019-11-03 00:40:42,pm10,797.2
2019-11-03 00:41:42,pm2.5,715.3
2019-11-03 00:41:42,pm10,792.0
2019-11-03 00:42:42,pm2.5,710.2
2019-11-03 00:42:42,pm10,785.7
2019-11-03 00:43:42,pm2.5,702.3
2019-11-03 00:43:42,pm10,777.5
2019-11-03 00:44:42,pm2.5,698.8
2019-11-03 00:44:42,pm10,773.5
2019-11-03 00:45:42,pm2.5,694.1
2019-11-03 00:45:42,pm10,768.1
2019-11-03 00:46:42,pm2.5,686.4
2019-11-03 00:46:42,pm10,759.2
2019-11-03 00:47:42,pm2.5,682.5
2019-11-03 00:47:42,pm10,755.1
2019-11-03 00:48:42,pm2.5,679.2
2019-11-03 00:48:42,pm10,751.0
2019-11-03 00:49:42,pm2.5,676.5
2019-11-03 00:49:42,pm10,747.3
2019-11-03 00:50:42,pm2.5,670.1
2019-11-03 00:50:42,pm10,740.6
2019-11-03 00:51:42,pm2.5,666.3
2019-11-03 00:51:42,pm10,736.0
2019-11-03 00:52:42,pm2.5,662.1
2019-11-03 00:52:42,pm10,731.3
2019-11-03 00:53:42,pm2.5,658.7
2019-11-03 00:53:42,pm10,727.4
2019-11-03 00:54:42,pm2.5,652.6
2019-11-03 00:54:42,pm10,720.5
2019-11-03 00:55:42,pm2.5,649.8
2019-11-03 00:55:42,pm10,717.2
2019-11-03 00:56:42,pm2.5,646.0
2019-11-03 00:56:42,pm10,712.9
2019-11-03 00:57:42,pm2.5,642.6
2019-11-03 00:57:42,pm10,709.1
2019-11-03 00:58:42,pm2.5,637.4
2019-11-03 00:58:42,pm10,703.0
2019-11-03 00:59:42,pm2.5,631.1
2019-11-03 00:59:42,pm10,696.0
2019-11-03 01:00:42,pm2.5,629.5
2019-11-03 01:00:42,pm10,694.2
2019-11-03 01:01:42,pm2.5,622.5
2019-11-03 01:01:42,pm10,686.5
2019-11-03 01:02:42,pm2.5,615.6
2019-11-03 01:02:42,pm10,678.7
2019-11-03 01:03:42,pm2.5,609.5
2019-11-03 01:03:43,pm10,672.2
2019-11-03 01:04:42,pm2.5,609.8
2019-11-03 01:04:42,pm10,672.3
2019-11-03 01:05:42,pm2.5,602.5
2019-11-03 01:05:43,pm10,664.4
2019-11-03 01:06:42,pm2.5,599.1
2019-11-03 01:06:42,pm10,660.4
2019-11-03 01:07:42,pm2.5,597.3
2019-11-03 01:07:42,pm10,658.3
2019-11-03 01:08:42,pm2.5,586.2
2019-11-03 01:08:43,pm10,646.0
2019-11-03 01:09:42,pm2.5,579.5
2019-11-03 01:09:43,pm10,638.9
2019-11-03 01:10:42,pm2.5,579.5
2019-11-03 01:10:43,pm10,638.3
2019-11-03 01:12:41,pm2.5,569.3
2019-11-03 01:12:42,pm10,627.2
2019-11-03 01:13:41,pm2.5,564.7
2019-11-03 01:13:42,pm10,622.4
2019-11-03 01:14:41,pm2.5,559.0
2019-11-03 01:14:42,pm10,615.8
2019-11-03 01:15:41,pm2.5,554.4
2019-11-03 01:15:42,pm10,610.8
2019-11-03 01:16:42,pm2.5,552.9
2019-11-03 01:16:42,pm10,609.3
2019-11-03 01:17:42,pm2.5,548.5
2019-11-03 01:17:42,pm10,604.5
2019-11-03 01:18:42,pm2.5,544.9
2019-11-03 01:18:42,pm10,600.6
2019-11-03 01:19:42,pm2.5,542.4
2019-11-03 01:19:42,pm10,597.6
2019-11-03 01:20:42,pm2.5,533.6
2019-11-03 01:20:42,pm10,588.0
2019-11-03 01:21:42,pm2.5,528.6
2019-11-03 01:21:42,pm10,582.7
2019-11-03 01:22:42,pm2.5,525.1
2019-11-03 01:22:42,pm10,578.6
2019-11-03 01:23:42,pm2.5,519.0
2019-11-03 01:23:42,pm10,571.9
2019-11-03 01:24:42,pm2.5,511.4
2019-11-03 01:24:42,pm10,563.9
2019-11-03 01:25:42,pm2.5,506.9
2019-11-03 01:25:42,pm10,559.0
2019-11-03 01:26:42,pm2.5,505.8
2019-11-03 01:26:42,pm10,557.3
2019-11-03 01:27:42,pm2.5,498.2
2019-11-03 01:27:42,pm10,549.6
2019-11-03 01:28:42,pm2.5,491.8
2019-11-03 01:28:42,pm10,542.5
2019-11-03 01:29:42,pm2.5,486.9
2019-11-03 01:29:42,pm10,537.1
2019-11-03 01:30:42,pm2.5,478.0
2019-11-03 01:30:42,pm10,527.9
2019-11-03 01:31:42,pm2.5,474.4
2019-11-03 01:31:42,pm10,523.8
2019-11-03 01:32:42,pm2.5,470.7
2019-11-03 01:32:42,pm10,519.7
2019-11-03 01:33:42,pm2.5,467.5
2019-11-03 01:33:42,pm10,516.3
2019-11-03 01:34:42,pm2.5,460.6
2019-11-03 01:34:42,pm10,508.7
2019-11-03 01:35:42,pm2.5,458.8
2019-11-03 01:35:42,pm10,506.4
2019-11-03 01:36:42,pm2.5,447.9
2019-11-03 01:36:42,pm10,495.1
2019-11-03 01:37:42,pm2.5,448.5
2019-11-03 01:37:42,pm10,495.7
2019-11-03 01:38:42,pm2.5,444.4
2019-11-03 01:38:42,pm10,491.1
2019-11-03 01:39:42,pm2.5,437.5
2019-11-03 01:39:42,pm10,483.6
2019-11-03 01:40:42,pm2.5,434.0
2019-11-03 01:40:42,pm10,479.5
2019-11-03 01:41:42,pm2.5,429.2
2019-11-03 01:41:42,pm10,474.6
2019-11-03 01:42:42,pm2.5,426.9
2019-11-03 01:42:42,pm10,472.0
2019-11-03 01:43:42,pm2.5,418.2
2019-11-03 01:43:42,pm10,462.5
2019-11-03 01:44:42,pm2.5,414.6
2019-11-03 01:44:42,pm10,458.8
2019-11-03 01:45:42,pm2.5,410.8
2019-11-03 01:45:42,pm10,453.9
2019-11-03 01:46:42,pm2.5,403.5
2019-11-03 01:46:42,pm10,446.3
2019-11-03 01:47:42,pm2.5,401.2
2019-11-03 01:47:42,pm10,443.7
2019-11-03 01:48:42,pm2.5,397.9
2019-11-03 01:48:42,pm10,439.6
2019-11-03 01:49:42,pm2.5,394.2
2019-11-03 01:49:42,pm10,435.7
2019-11-03 01:50:42,pm2.5,387.3
2019-11-03 01:50:42,pm10,428.0
2019-11-03 01:51:42,pm2.5,390.0
2019-11-03 01:51:42,pm10,430.9
2019-11-03 01:52:42,pm2.5,383.5
2019-11-03 01:52:42,pm10,423.6
2019-11-03 01:53:42,pm2.5,378.9
2019-11-03 01:53:42,pm10,418.4
2019-11-03 01:54:42,pm2.5,372.8
2019-11-03 01:54:42,pm10,411.4
2019-11-03 01:55:42,pm2.5,372.2
2019-11-03 01:55:42,pm10,410.7
2019-11-03 01:56:42,pm2.5,366.9
2019-11-03 01:56:42,pm10,404.9
2019-11-03 01:57:42,pm2.5,359.8
2019-11-03 01:57:42,pm10,396.9
2019-11-03 01:58:42,pm2.5,357.8
2019-11-03 01:58:42,pm10,394.7
2019-11-03 01:59:42,pm2.5,353.8
2019-11-03 01:59:42,pm10,390.2
2019-11-03 02:00:42,pm2.5,345.5
2019-11-03 02:00:42,pm10,381.0
2019-11-03 02:01:42,pm2.5,348.7
2019-11-03 02:01:42,pm10,384.3
2019-11-03 02:02:42,pm2.5,343.5
2019-11-03 02:02:42,pm10,378.8
2019-11-03 02:03:42,pm2.5,338.0
2019-11-03 02:03:42,pm10,372.3
2019-11-03 02:04:42,pm2.5,338.5
2019-11-03 02:04:42,pm10,372.8
2019-11-03 02:05:42,pm2.5,328.9
2019-11-03 02:05:42,pm10,362.3
2019-11-03 02:06:42,pm2.5,329.6
2019-11-03 02:06:42,pm10,363.1
2019-11-03 02:07:42,pm2.5,324.7
2019-11-03 02:07:42,pm10,357.5
2019-11-03 02:08:42,pm2.5,320.6
2019-11-03 02:08:42,pm10,352.7
2019-11-03 02:09:42,pm2.5,317.1
2019-11-03 02:09:42,pm10,349.3
2019-11-03 02:10:42,pm2.5,310.7
2019-11-03 02:10:42,pm10,341.9
2019-11-03 02:11:42,pm2.5,311.3
2019-11-03 02:11:42,pm10,342.5
2019-11-03 02:12:42,pm2.5,303.4
2019-11-03 02:12:42,pm10,333.8
2019-11-03 02:13:42,pm2.5,302.8
2019-11-03 02:13:42,pm10,333.1
2019-11-03 02:14:42,pm2.5,293.8
2019-11-03 02:14:42,pm10,323.1
2019-11-03 02:15:42,pm2.5,292.9
2019-11-03 02:15:42,pm10,322.0
2019-11-03 02:16:42,pm2.5,293.8
2019-11-03 02:16:42,pm10,322.8
2019-11-03 02:17:42,pm2.5,286.4
2019-11-03 02:17:42,pm10,315.0
2019-11-03 02:18:42,pm2.5,281.4
2019-11-03 02:18:42,pm10,309.2
2019-11-03 02:19:42,pm2.5,278.5
2019-11-03 02:19:42,pm10,306.1
2019-11-03 02:20:42,pm2.5,275.9
2019-11-03 02:20:42,pm10,303.1
2019-11-03 02:21:42,pm2.5,270.4
2019-11-03 02:21:43,pm10,297.2
2019-11-03 02:22:42,pm2.5,267.4
2019-11-03 02:22:42,pm10,293.9
2019-11-03 02:23:42,pm2.5,263.4
2019-11-03 02:23:42,pm10,289.3
2019-11-03 02:24:42,pm2.5,256.7
2019-11-03 02:24:42,pm10,281.9
2019-11-03 02:25:42,pm2.5,257.6
2019-11-03 02:25:42,pm10,282.8
2019-11-03 02:26:42,pm2.5,253.3
2019-11-03 02:26:43,pm10,278.4
2019-11-03 02:27:42,pm2.5,250.3
2019-11-03 02:27:43,pm10,274.9
2019-11-03 02:28:42,pm2.5,245.3
2019-11-03 02:28:43,pm10,269.5
2019-11-03 02:29:41,pm2.5,246.2
2019-11-03 02:29:42,pm10,270.2
2019-11-03 02:30:41,pm2.5,238.9
2019-11-03 02:30:42,pm10,262.3
2019-11-03 02:31:41,pm2.5,236.8
2019-11-03 02:31:42,pm10,260.3
2019-11-03 02:32:41,pm2.5,233.9
2019-11-03 02:32:42,pm10,256.9
2019-11-03 02:33:42,pm2.5,229.6
2019-11-03 02:33:42,pm10,252.3
2019-11-03 02:34:42,pm2.5,228.9
2019-11-03 02:34:42,pm10,251.2
2019-11-03 02:35:42,pm2.5,225.8
2019-11-03 02:35:42,pm10,247.8
2019-11-03 02:36:42,pm2.5,225.0
2019-11-03 02:36:42,pm10,247.0
2019-11-03 02:37:42,pm2.5,219.3
2019-11-03 02:37:42,pm10,240.8
2019-11-03 02:38:42,pm2.5,217.2
2019-11-03 02:38:42,pm10,238.6
2019-11-03 02:39:42,pm2.5,211.2
2019-11-03 02:39:42,pm10,231.9
2019-11-03 02:40:42,pm2.5,208.3
2019-11-03 02:40:42,pm10,228.8
2019-11-03 02:41:42,pm2.5,209.7
2019-11-03 02:41:42,pm10,230.3
2019-11-03 02:42:42,pm2.5,202.9
2019-11-03 02:42:42,pm10,222.8
2019-11-03 02:43:42,pm2.5,200.6
2019-11-03 02:43:42,pm10,220.2
2019-11-03 02:44:42,pm2.5,197.7
2019-11-03 02:44:42,pm10,217.2
2019-11-03 02:45:42,pm2.5,194.7
2019-11-03 02:45:42,pm10,213.8
2019-11-03 02:46:42,pm2.5,190.8
2019-11-03 02:46:42,pm10,209.6
2019-11-03 02:47:42,pm2.5,189.9
2019-11-03 02:47:42,pm10,208.4
2019-11-03 02:48:42,pm2.5,184.7
2019-11-03 02:48:42,pm10,203.1
2019-11-03 02:49:42,pm2.5,183.1
2019-11-03 02:49:42,pm10,201.3
2019-11-03 02:50:42,pm2.5,180.1
2019-11-03 02:50:42,pm10,197.9
2019-11-03 02:51:42,pm2.5,176.6
2019-11-03 02:51:42,pm10,194.2
2019-11-03 02:52:42,pm2.5,175.0
2019-11-03 02:52:42,pm10,192.5
2019-11-03 02:53:42,pm2.5,172.8
2019-11-03 02:53:42,pm10,190.0
2019-11-03 02:54:42,pm2.5,169.3
2019-11-03 02:54:42,pm10,186.1
2019-11-03 02:55:42,pm2.5,166.9
2019-11-03 02:55:42,pm10,183.5
2019-11-03 02:56:42,pm2.5,165.0
2019-11-03 02:56:42,pm10,181.4
2019-11-03 02:57:42,pm2.5,163.3
2019-11-03 02:57:42,pm10,179.5
2019-11-03 02:58:42,pm2.5,159.9
2019-11-03 02:58:42,pm10,176.1
2019-11-03 02:59:42,pm2.5,159.3
2019-11-03 02:59:42,pm10,175.4
2019-11-03 03:00:42,pm2.5,155.6
2019-11-03 03:00:42,pm10,171.0
2019-11-03 03:01:42,pm2.5,156.6
2019-11-03 03:01:42,pm10,172.2
2019-11-03 03:02:42,pm2.5,152.9
2019-11-03 03:02:42,pm10,168.1
2019-11-03 03:03:42,pm2.5,151.9
2019-11-03 03:03:42,pm10,166.8
2019-11-03 03:04:42,pm2.5,147.3
2019-11-03 03:04:42,pm10,161.9
2019-11-03 03:05:42,pm2.5,149.9
2019-11-03 03:05:42,pm10,164.8
2019-11-03 03:06:42,pm2.5,144.9
2019-11-03 03:06:42,pm10,159.2
2019-11-03 03:07:42,pm2.5,141.6
2019-11-03 03:07:42,pm10,155.6
2019-11-03 03:08:42,pm2.5,142.2
2019-11-03 03:08:42,pm10,156.2
2019-11-03 03:09:42,pm2.5,138.5
2019-11-03 03:09:42,pm10,152.1
2019-11-03 03:10:42,pm2.5,138.7
2019-11-03 03:10:42,pm10,152.4
2019-11-03 03:11:42,pm2.5,137.7
2019-11-03 03:11:42,pm10,151.2
2019-11-03 03:12:42,pm2.5,135.8
2019-11-03 03:12:42,pm10,149.1
2019-11-03 03:13:42,pm2.5,133.3
2019-11-03 03:13:42,pm10,146.4
2019-11-03 03:14:42,pm2.5,131.1
2019-11-03 03:14:42,pm10,143.9
2019-11-03 03:15:42,pm2.5,131.0
2019-11-03 03:15:42,pm10,143.7
2019-11-03 03:16:42,pm2.5,129.5
2019-11-03 03:16:42,pm10,141.9
2019-11-03 03:17:42,pm2.5,128.7
2019-11-03 03:17:42,pm10,141.2
2019-11-03 03:18:42,pm2.5,124.0
2019-11-03 03:18:42,pm10,136.1
2019-11-03 03:19:42,pm2.5,123.0
2019-11-03 03:19:43,pm10,134.9
2019-11-03 03:20:42,pm2.5,121.8
2019-11-03 03:20:42,pm10,133.6
2019-11-03 03:21:42,pm2.5,119.6
2019-11-03 03:21:42,pm10,131.2
2019-11-03 03:22:42,pm2.5,118.3
2019-11-03 03:22:42,pm10,129.8
2019-11-03 03:23:42,pm2.5,118.1
2019-11-03 03:23:42,pm10,129.5
2019-11-03 03:24:42,pm2.5,114.7
2019-11-03 03:24:43,pm10,125.7
2019-11-03 03:25:42,pm2.5,113.6
2019-11-03 03:25:43,pm10,124.5
2019-11-03 03:26:41,pm2.5,113.8
2019-11-03 03:26:42,pm10,124.7
2019-11-03 03:27:41,pm2.5,109.8
2019-11-03 03:27:42,pm10,120.3
2019-11-03 03:28:41,pm2.5,109.0
2019-11-03 03:28:42,pm10,119.5
2019-11-03 03:29:42,pm2.5,108.7
2019-11-03 03:29:42,pm10,119.1
2019-11-03 03:30:42,pm2.5,108.2
2019-11-03 03:30:42,pm10,118.4
2019-11-03 03:31:42,pm2.5,104.3
2019-11-03 03:31:42,pm10,114.3
2019-11-03 03:32:42,pm2.5,102.3
2019-11-03 03:32:42,pm10,112.2
2019-11-03 03:33:42,pm2.5,102.8
2019-11-03 03:33:42,pm10,112.6
2019-11-03 03:34:42,pm2.5,102.0
2019-11-03 03:34:42,pm10,111.8
2019-11-03 03:35:42,pm2.5,101.1
2019-11-03 03:35:42,pm10,110.7
2019-11-03 03:36:42,pm2.5,98.6
2019-11-03 03:36:42,pm10,108.0
2019-11-03 03:37:42,pm2.5,97.1
2019-11-03 03:37:42,pm10,106.4
2019-11-03 03:38:42,pm2.5,94.9
2019-11-03 03:38:42,pm10,103.9
2019-11-03 03:39:42,pm2.5,92.4
2019-11-03 03:39:42,pm10,101.2
2019-11-03 03:40:42,pm2.5,93.7
2019-11-03 03:40:42,pm10,102.6
2019-11-03 03:41:42,pm2.5,92.5
2019-11-03 03:41:42,pm10,101.3
2019-11-03 03:42:42,pm2.5,90.8
2019-11-03 03:42:42,pm10,99.5
2019-11-03 03:43:42,pm2.5,87.9
2019-11-03 03:43:42,pm10,96.3
2019-11-03 03:44:42,pm2.5,88.2
2019-11-03 03:44:42,pm10,96.6
2019-11-03 03:45:42,pm2.5,86.2
2019-11-03 03:45:42,pm10,94.4
2019-11-03 03:46:42,pm2.5,87.4
2019-11-03 03:46:42,pm10,95.8
2019-11-03 03:47:42,pm2.5,83.2
2019-11-03 03:47:42,pm10,91.2
2019-11-03 03:48:42,pm2.5,83.7
2019-11-03 03:48:42,pm10,91.5
2019-11-03 03:49:42,pm2.5,82.2
2019-11-03 03:49:42,pm10,90.0
2019-11-03 03:50:42,pm2.5,81.7
2019-11-03 03:50:42,pm10,89.4
2019-11-03 03:51:42,pm2.5,80.6
2019-11-03 03:51:42,pm10,88.1
2019-11-03 03:52:42,pm2.5,80.3
2019-11-03 03:52:42,pm10,88.0
2019-11-03 03:53:42,pm2.5,76.2
2019-11-03 03:53:42,pm10,83.3
2019-11-03 03:54:42,pm2.5,76.6
2019-11-03 03:54:42,pm10,83.9
2019-11-03 03:55:42,pm2.5,75.9
2019-11-03 03:55:42,pm10,83.0
2019-11-03 03:56:42,pm2.5,73.4
2019-11-03 03:56:42,pm10,80.3
2019-11-03 03:57:42,pm2.5,74.3
2019-11-03 03:57:42,pm10,81.3
2019-11-03 03:58:42,pm2.5,72.5
2019-11-03 03:58:42,pm10,79.3
2019-11-03 03:59:42,pm2.5,71.6
2019-11-03 03:59:42,pm10,78.4
2019-11-03 04:00:42,pm2.5,70.4
2019-11-03 04:00:42,pm10,77.1
2019-11-03 04:01:42,pm2.5,70.5
2019-11-03 04:01:42,pm10,77.2
2019-11-03 04:02:42,pm2.5,67.8
2019-11-03 04:02:42,pm10,74.2
2019-11-03 04:03:42,pm2.5,68.0
2019-11-03 04:03:42,pm10,74.4
2019-11-03 04:04:42,pm2.5,67.0
2019-11-03 04:04:42,pm10,73.3
2019-11-03 04:05:42,pm2.5,65.8
2019-11-03 04:05:42,pm10,72.0
2019-11-03 04:06:42,pm2.5,65.8
2019-11-03 04:06:42,pm10,72.0
2019-11-03 04:07:42,pm2.5,63.8
2019-11-03 04:07:42,pm10,69.8
2019-11-03 04:08:42,pm2.5,62.3
2019-11-03 04:08:42,pm10,68.2
2019-11-03 04:09:42,pm2.5,63.2
2019-11-03 04:09:42,pm10,69.1
2019-11-03 04:10:42,pm2.5,61.5
2019-11-03 04:10:43,pm10,67.3
2019-11-03 04:11:42,pm2.5,61.0
2019-11-03 04:11:43,pm10,66.9
2019-11-03 04:12:41,pm2.5,60.2
2019-11-03 04:12:42,pm10,66.0
2019-11-03 04:13:41,pm2.5,58.2
2019-11-03 04:13:42,pm10,63.6
2019-11-03 04:14:41,pm2.5,58.5
2019-11-03 04:14:42,pm10,64.0
2019-11-03 04:15:42,pm2.5,56.6
2019-11-03 04:15:42,pm10,62.0
2019-11-03 04:16:42,pm2.5,56.6
2019-11-03 04:16:42,pm10,61.9
2019-11-03 04:17:42,pm2.5,55.1
2019-11-03 04:17:42,pm10,60.3
2019-11-03 04:18:42,pm2.5,56.4
2019-11-03 04:18:42,pm10,61.8
2019-11-03 04:19:42,pm2.5,55.1
2019-11-03 04:19:42,pm10,60.3
2019-11-03 04:20:42,pm2.5,54.9
2019-11-03 04:20:42,pm10,60.1
2019-11-03 04:21:42,pm2.5,53.0
2019-11-03 04:21:42,pm10,58.0
2019-11-03 04:22:42,pm2.5,52.7
2019-11-03 04:22:42,pm10,57.6
2019-11-03 04:23:42,pm2.5,51.5
2019-11-03 04:23:42,pm10,56.3
2019-11-03 04:24:42,pm2.5,51.3
2019-11-03 04:24:42,pm10,56.1
2019-11-03 04:25:42,pm2.5,50.0
2019-11-03 04:25:42,pm10,54.7
2019-11-03 04:26:42,pm2.5,49.3
2019-11-03 04:26:42,pm10,53.8
2019-11-03 04:27:42,pm2.5,49.0
2019-11-03 04:27:42,pm10,53.6
2019-11-03 04:28:42,pm2.5,48.1
2019-11-03 04:28:42,pm10,52.6
2019-11-03 04:29:42,pm2.5,47.4
2019-11-03 04:29:42,pm10,51.9
2019-11-03 04:30:42,pm2.5,47.6
2019-11-03 04:30:42,pm10,52.0
2019-11-03 04:31:42,pm2.5,46.0
2019-11-03 04:31:42,pm10,50.3
2019-11-03 04:32:42,pm2.5,45.1
2019-11-03 04:32:42,pm10,49.3
2019-11-03 04:33:42,pm2.5,44.6
2019-11-03 04:33:42,pm10,48.8
2019-11-03 04:34:42,pm2.5,45.4
2019-11-03 04:34:42,pm10,49.6
2019-11-03 04:35:42,pm2.5,44.1
2019-11-03 04:35:42,pm10,48.2
2019-11-03 04:36:42,pm2.5,43.2
2019-11-03 04:36:42,pm10,47.2
2019-11-03 04:37:42,pm2.5,42.9
2019-11-03 04:37:42,pm10,47.0
2019-11-03 04:38:42,pm2.5,41.6
2019-11-03 04:38:42,pm10,45.4
2019-11-03 04:39:42,pm2.5,42.1
2019-11-03 04:39:42,pm10,46.0
2019-11-03 04:40:42,pm2.5,41.5
2019-11-03 04:40:42,pm10,45.4
2019-11-03 04:41:42,pm2.5,40.2
2019-11-03 04:41:42,pm10,44.0
2019-11-03 04:42:42,pm2.5,39.9
2019-11-03 04:42:42,pm10,43.6
2019-11-03 04:43:42,pm2.5,38.8
2019-11-03 04:43:42,pm10,42.4
2019-11-03 04:44:42,pm2.5,39.2
2019-11-03 04:44:42,pm10,42.9
2019-11-03 04:45:42,pm2.5,38.7
2019-11-03 04:45:42,pm10,42.3
2019-11-03 04:46:42,pm2.5,37.7
2019-11-03 04:46:42,pm10,41.2
2019-11-03 04:47:42,pm2.5,37.0
2019-11-03 04:47:42,pm10,40.4
2019-11-03 04:48:42,pm2.5,37.2
2019-11-03 04:48:42,pm10,40.6
2019-11-03 04:49:42,pm2.5,37.1
2019-11-03 04:49:42,pm10,40.6
2019-11-03 04:50:42,pm2.5,36.5
2019-11-03 04:50:42,pm10,39.9
2019-11-03 04:51:42,pm2.5,34.8
2019-11-03 04:51:42,pm10,38.0
2019-11-03 04:52:42,pm2.5,34.7
2019-11-03 04:52:42,pm10,37.9
2019-11-03 04:53:42,pm2.5,34.3
2019-11-03 04:53:42,pm10,37.5
2019-11-03 04:54:42,pm2.5,34.2
2019-11-03 04:54:42,pm10,37.4
2019-11-03 04:55:42,pm2.5,33.5
2019-11-03 04:55:42,pm10,36.6
2019-11-03 04:56:42,pm2.5,33.4
2019-11-03 04:56:43,pm10,36.6
2019-11-03 04:57:42,pm2.5,32.6
2019-11-03 04:57:42,pm10,35.7
2019-11-03 04:58:42,pm2.5,32.3
2019-11-03 04:58:43,pm10,35.3
2019-11-03 04:59:42,pm2.5,31.9
2019-11-03 04:59:43,pm10,34.8
2019-11-03 05:00:42,pm2.5,32.2
2019-11-03 05:00:43,pm10,35.2
2019-11-03 05:01:41,pm2.5,30.3
2019-11-03 05:01:42,pm10,33.1
2019-11-03 05:02:41,pm2.5,30.5
2019-11-03 05:02:42,pm10,33.4
2019-11-03 05:03:42,pm2.5,29.9
2019-11-03 05:03:42,pm10,32.7
2019-11-03 05:04:42,pm2.5,30.2
2019-11-03 05:04:42,pm10,33.0
2019-11-03 05:05:42,pm2.5,28.9
2019-11-03 05:05:42,pm10,31.6
2019-11-03 05:06:42,pm2.5,28.7
2019-11-03 05:06:42,pm10,31.4
2019-11-03 05:07:42,pm2.5,28.4
2019-11-03 05:07:42,pm10,31.1
2019-11-03 05:08:42,pm2.5,27.7
2019-11-03 05:08:42,pm10,30.3
2019-11-03 05:09:42,pm2.5,28.7
2019-11-03 05:09:42,pm10,31.4
2019-11-03 05:10:42,pm2.5,27.5
2019-11-03 05:10:42,pm10,30.1
2019-11-03 05:11:42,pm2.5,26.8
2019-11-03 05:11:42,pm10,29.3
2019-11-03 05:12:42,pm2.5,27.0
2019-11-03 05:12:42,pm10,29.5
2019-11-03 05:13:42,pm2.5,26.6
2019-11-03 05:13:42,pm10,29.0
2019-11-03 05:14:42,pm2.5,26.0
2019-11-03 05:14:42,pm10,28.4
2019-11-03 05:15:42,pm2.5,26.0
2019-11-03 05:15:42,pm10,28.4
2019-11-03 05:16:42,pm2.5,25.2
2019-11-03 05:16:42,pm10,27.6
2019-11-03 05:17:42,pm2.5,25.1
2019-11-03 05:17:42,pm10,27.4
2019-11-03 05:18:42,pm2.5,24.4
2019-11-03 05:18:42,pm10,26.7
2019-11-03 05:19:42,pm2.5,24.6
2019-11-03 05:19:42,pm10,26.9
2019-11-03 05:20:42,pm2.5,24.2
2019-11-03 05:20:42,pm10,26.4
2019-11-03 05:21:42,pm2.5,23.0
2019-11-03 05:21:42,pm10,25.1
2019-11-03 05:22:42,pm2.5,23.2
2019-11-03 05:22:42,pm10,25.4
2019-11-03 05:23:42,pm2.5,23.6
2019-11-03 05:23:42,pm10,25.8
2019-11-03 05:24:42,pm2.5,22.0
2019-11-03 05:24:42,pm10,24.0
2019-11-03 05:25:42,pm2.5,22.5
2019-11-03 05:25:42,pm10,24.6
2019-11-03 05:26:42,pm2.5,22.6
2019-11-03 05:26:42,pm10,24.7
2019-11-03 05:27:42,pm2.5,21.4
2019-11-03 05:27:42,pm10,23.4
2019-11-03 05:28:42,pm2.5,21.9
2019-11-03 05:28:42,pm10,23.9
2019-11-03 05:29:42,pm2.5,21.9
2019-11-03 05:29:42,pm10,23.9
2019-11-03 05:30:42,pm2.5,20.8
2019-11-03 05:30:42,pm10,22.7
2019-11-03 05:31:42,pm2.5,21.0
2019-11-03 05:31:42,pm10,23.0
2019-11-03 05:32:42,pm2.5,20.2
2019-11-03 05:32:42,pm10,22.1
2019-11-03 05:33:42,pm2.5,19.6
2019-11-03 05:33:42,pm10,21.4
2019-11-03 05:34:42,pm2.5,20.4
2019-11-03 05:34:42,pm10,22.3
2019-11-03 05:35:42,pm2.5,19.3
2019-11-03 05:35:42,pm10,21.1
2019-11-03 05:36:42,pm2.5,19.6
2019-11-03 05:36:42,pm10,21.4
2019-11-03 05:37:42,pm2.5,19.3
2019-11-03 05:37:42,pm10,21.0
2019-11-03 05:38:42,pm2.5,18.9
2019-11-03 05:38:42,pm10,20.7
2019-11-03 05:39:42,pm2.5,19.1
2019-11-03 05:39:42,pm10,20.9
2019-11-03 05:40:42,pm2.5,17.6
2019-11-03 05:40:42,pm10,19.2
2019-11-03 05:41:42,pm2.5,18.0
2019-11-03 05:41:42,pm10,19.7
2019-11-03 05:42:42,pm2.5,17.5
2019-11-03 05:42:42,pm10,19.1
2019-11-03 05:43:42,pm2.5,17.3
2019-11-03 05:43:42,pm10,18.9
2019-11-03 05:44:42,pm2.5,17.4
2019-11-03 05:44:42,pm10,19.0
2019-11-03 05:45:42,pm2.5,17.5
2019-11-03 05:45:42,pm10,19.1
2019-11-03 05:46:42,pm2.5,16.2
2019-11-03 05:46:43,pm10,17.7
2019-11-03 05:48:41,pm2.5,16.1
2019-11-03 05:48:42,pm10,17.6
2019-11-03 05:49:41,pm2.5,16.1
2019-11-03 05:49:42,pm10,17.6
2019-11-03 05:50:41,pm2.5,16.2
2019-11-03 05:50:42,pm10,17.7
2019-11-03 05:51:42,pm2.5,15.8
2019-11-03 05:51:42,pm10,17.3
2019-11-03 05:52:42,pm2.5,15.8
2019-11-03 05:52:42,pm10,17.3
2019-11-03 05:53:42,pm2.5,14.9
2019-11-03 05:53:42,pm10,16.3
2019-11-03 05:54:42,pm2.5,15.7
2019-11-03 05:54:42,pm10,17.2
2019-11-03 05:55:42,pm2.5,15.1
2019-11-03 05:55:42,pm10,16.5
2019-11-03 05:56:42,pm2.5,15.0
2019-11-03 05:56:42,pm10,16.4
2019-11-03 05:57:42,pm2.5,13.6
2019-11-03 05:57:42,pm10,14.9
2019-11-03 05:58:42,pm2.5,14.5
2019-11-03 05:58:42,pm10,15.9
2019-11-03 05:59:42,pm2.5,14.1
2019-11-03 05:59:42,pm10,15.4
2019-11-03 06:00:42,pm2.5,14.4
2019-11-03 06:00:42,pm10,15.8
2019-11-03 06:01:42,pm2.5,13.9
2019-11-03 06:01:42,pm10,15.2
2019-11-03 06:02:42,pm2.5,13.4
2019-11-03 06:02:42,pm10,14.7
2019-11-03 06:03:42,pm2.5,13.2
2019-11-03 06:03:42,pm10,14.4
2019-11-03 06:04:42,pm2.5,13.1
2019-11-03 06:04:42,pm10,14.3
2019-11-03 06:05:42,pm2.5,13.0
2019-11-03 06:05:42,pm10,14.2
2019-11-03 06:06:42,pm2.5,12.6
2019-11-03 06:06:42,pm10,13.8
2019-11-03 06:07:42,pm2.5,12.7
2019-11-03 06:07:42,pm10,13.9
2019-11-03 06:08:42,pm2.5,12.3
2019-11-03 06:08:42,pm10,13.5
2019-11-03 06:09:42,pm2.5,12.2
2019-11-03 06:09:42,pm10,13.3
2019-11-03 06:10:42,pm2.5,12.0
2019-11-03 06:10:42,pm10,13.2
2019-11-03 06:11:42,pm2.5,12.1
2019-11-03 06:11:42,pm10,13.3
2019-11-03 06:12:42,pm2.5,11.6
2019-11-03 06:12:42,pm10,12.7
2019-11-03 06:13:42,pm2.5,11.4
2019-11-03 06:13:42,pm10,12.5
2019-11-03 06:14:42,pm2.5,11.3
2019-11-03 06:14:42,pm10,12.4
2019-11-03 06:15:42,pm2.5,11.2
2019-11-03 06:15:42,pm10,12.3
2019-11-03 06:16:42,pm2.5,10.9
2019-11-03 06:16:42,pm10,12.0
2019-11-03 06:17:42,pm2.5,10.6
2019-11-03 06:17:42,pm10,11.6
2019-11-03 06:18:42,pm2.5,10.9
2019-11-03 06:18:42,pm10,12.0
2019-11-03 06:19:41,pm2.5,11.0
2019-11-03 06:19:42,pm10,12.1
2019-11-03 06:20:42,pm2.5,10.7
2019-11-03 06:20:42,pm10,11.7
2019-11-03 06:21:42,pm2.5,10.3
2019-11-03 06:21:42,pm10,11.3
2019-11-03 06:22:42,pm2.5,9.9
2019-11-03 06:22:42,pm10,10.8
2019-11-03 06:23:42,pm2.5,10.4
2019-11-03 06:23:42,pm10,11.4
2019-11-03 06:24:42,pm2.5,10.0
2019-11-03 06:24:42,pm10,11.0
2019-11-03 06:25:42,pm2.5,10.0
2019-11-03 06:25:42,pm10,11.0
2019-11-03 06:26:42,pm2.5,9.6
2019-11-03 06:26:42,pm10,10.5
2019-11-03 06:27:42,pm2.5,9.8
2019-11-03 06:27:42,pm10,10.7
2019-11-03 06:28:42,pm2.5,9.3
2019-11-03 06:28:42,pm10,10.2
2019-11-03 06:29:42,pm2.5,9.6
2019-11-03 06:29:42,pm10,10.5
2019-11-03 06:30:42,pm2.5,9.1
2019-11-03 06:30:42,pm10,10.0
2019-11-03 06:31:42,pm2.5,9.3
2019-11-03 06:31:42,pm10,10.2
2019-11-03 06:32:42,pm2.5,9.0
2019-11-03 06:32:42,pm10,9.9
2019-11-03 06:33:42,pm2.5,8.7
2019-11-03 06:33:42,pm10,9.6
2019-11-03 06:34:42,pm2.5,8.7
2019-11-03 06:34:43,pm10,9.5
2019-11-03 06:36:41,pm2.5,8.5
2019-11-03 06:36:42,pm10,9.3
2019-11-03 06:37:41,pm2.5,8.7
2019-11-03 06:37:42,pm10,9.5
2019-11-03 06:38:42,pm2.5,8.5
2019-11-03 06:38:42,pm10,9.4
2019-11-03 06:39:42,pm2.5,8.0
2019-11-03 06:39:42,pm10,8.8
2019-11-03 06:40:42,pm2.5,8.0
2019-11-03 06:40:42,pm10,8.8
2019-11-03 06:41:42,pm2.5,8.5
2019-11-03 06:41:42,pm10,9.3
2019-11-03 06:42:42,pm2.5,8.2
2019-11-03 06:42:42,pm10,9.0
2019-11-03 06:43:42,pm2.5,7.7
2019-11-03 06:43:42,pm10,8.5
2019-11-03 06:44:42,pm2.5,8.0
2019-11-03 06:44:42,pm10,8.8
2019-11-03 06:45:42,pm2.5,7.9
2019-11-03 06:45:42,pm10,8.7
2019-11-03 06:46:42,pm2.5,7.2
2019-11-03 06:46:42,pm10,7.9
2019-11-03 06:47:42,pm2.5,7.4
2019-11-03 06:47:42,pm10,8.1
2019-11-03 06:48:42,pm2.5,7.4
2019-11-03 06:48:42,pm10,8.1
2019-11-03 06:49:42,pm2.5,7.4
2019-11-03 06:49:42,pm10,8.1
2019-11-03 06:50:42,pm2.5,7.1
2019-11-03 06:50:42,pm10,7.8
2019-11-03 06:51:42,pm2.5,7.3
2019-11-03 06:51:42,pm10,8.0
2019-11-03 06:52:42,pm2.5,6.6
2019-11-03 06:52:42,pm10,7.3
2019-11-03 06:53:42,pm2.5,6.6
2019-11-03 06:53:42,pm10,7.2
2019-11-03 06:54:42,pm2.5,6.4
2019-11-03 06:54:42,pm10,7.0
2019-11-03 06:55:42,pm2.5,6.6
2019-11-03 06:55:42,pm10,7.3
2019-11-03 06:56:42,pm2.5,6.6
2019-11-03 06:56:42,pm10,7.2
2019-11-03 06:57:42,pm2.5,6.3
2019-11-03 06:57:42,pm10,6.9
2019-11-03 06:58:42,pm2.5,6.2
2019-11-03 06:58:42,pm10,6.8
2019-11-03 06:59:42,pm2.5,6.3
2019-11-03 06:59:42,pm10,6.9
2019-11-03 07:00:42,pm2.5,6.3
2019-11-03 07:00:42,pm10,6.9
2019-11-03 07:01:42,pm2.5,6.1
2019-11-03 07:01:42,pm10,6.7
2019-11-03 07:02:42,pm2.5,6.2
2019-11-03 07:02:42,pm10,6.8
2019-11-03 07:03:42,pm2.5,5.7
2019-11-03 07:03:42,pm10,6.3
2019-11-03 07:04:42,pm2.5,6.1
2019-11-03 07:04:42,pm10,6.7
2019-11-03 07:05:42,pm2.5,6.1
2019-11-03 07:05:42,pm10,6.7
2019-11-03 07:06:42,pm2.5,5.7
2019-11-03 07:06:42,pm10,6.3
2019-11-03 07:07:42,pm2.5,5.3
2019-11-03 07:07:42,pm10,5.8
2019-11-03 07:08:42,pm2.5,5.4
2019-11-03 07:08:42,pm10,5.9
2019-11-03 07:09:42,pm2.5,5.6
2019-11-03 07:09:42,pm10,6.1
2019-11-03 07:10:42,pm2.5,5.7
2019-11-03 07:10:43,pm10,6.3
2019-11-03 07:11:42,pm2.5,5.3
2019-11-03 07:11:43,pm10,5.8
2019-11-03 07:12:41,pm2.5,5.5
2019-11-03 07:12:42,pm10,6.0
2019-11-03 07:13:41,pm2.5,5.5
2019-11-03 07:13:42,pm10,6.0
2019-11-03 07:14:42,pm2.5,5.3
2019-11-03 07:14:42,pm10,5.8
2019-11-03 07:15:42,pm2.5,5.3
2019-11-03 07:15:42,pm10,5.8
2019-11-03 07:16:42,pm2.5,4.9
2019-11-03 07:16:42,pm10,5.4
2019-11-03 07:17:42,pm2.5,5.0
2019-11-03 07:17:42,pm10,5.5
2019-11-03 07:18:42,pm2.5,5.0
2019-11-03 07:18:42,pm10,5.5
2019-11-03 07:19:42,pm2.5,5.2
2019-11-03 07:19:42,pm10,5.7
2019-11-03 07:20:42,pm2.5,4.6
2019-11-03 07:20:42,pm10,5.0
2019-11-03 07:21:42,pm2.5,4.4
2019-11-03 07:21:42,pm10,4.8
2019-11-03 07:22:42,pm2.5,4.6
2019-11-03 07:22:42,pm10,5.1
2019-11-03 07:23:42,pm2.5,4.4
2019-11-03 07:23:42,pm10,4.8
2019-11-03 07:24:42,pm2.5,4.4
2019-11-03 07:24:42,pm10,4.8
2019-11-03 07:25:42,pm2.5,4.7
2019-11-03 07:25:42,pm10,5.2
2019-11-03 07:26:42,pm2.5,4.5
2019-11-03 07:26:42,pm10,4.9
2019-11-03 07:27:42,pm2.5,4.5
2019-11-03 07:27:42,pm10,4.9
2019-11-03 07:28:42,pm2.5,4.4
2019-11-03 07:28:42,pm10,4.8
2019-11-03 07:29:42,pm2.5,4.3
2019-11-03 07:29:42,pm10,4.7
2019-11-03 07:30:42,pm2.5,4.4
2019-11-03 07:30:42,pm10,4.8
2019-11-03 07:31:42,pm2.5,4.3
2019-11-03 07:31:42,pm10,4.8
2019-11-03 07:32:42,pm2.5,4.3
2019-11-03 07:32:42,pm10,4.7
2019-11-03 07:33:42,pm2.5,4.5
2019-11-03 07:33:42,pm10,4.9
2019-11-03 07:34:42,pm2.5,4.2
2019-11-03 07:34:42,pm10,4.6
2019-11-03 07:35:42,pm2.5,4.3
2019-11-03 07:35:42,pm10,4.7
2019-11-03 07:36:42,pm2.5,4.5
2019-11-03 07:36:42,pm10,4.9
2019-11-03 07:37:42,pm2.5,4.3
2019-11-03 07:37:42,pm10,4.7
2019-11-03 07:38:42,pm2.5,4.2
2019-11-03 07:38:42,pm10,4.6
2019-11-03 07:39:42,pm2.5,4.2
2019-11-03 07:39:42,pm10,4.6
2019-11-03 07:40:42,pm2.5,4.1
2019-11-03 07:40:42,pm10,4.5
2019-11-03 07:41:42,pm2.5,4.0
2019-11-03 07:41:42,pm10,4.4
2019-11-03 07:42:42,pm2.5,4.1
2019-11-03 07:42:42,pm10,4.5
2019-11-03 07:43:42,pm2.5,4.0
2019-11-03 07:43:42,pm10,4.4
2019-11-03 07:44:42,pm2.5,4.1
2019-11-03 07:44:42,pm10,4.5
2019-11-03 07:45:42,pm2.5,3.7
2019-11-03 07:45:42,pm10,4.0
2019-11-03 07:46:42,pm2.5,3.6
2019-11-03 07:46:42,pm10,3.9
2019-11-03 07:47:42,pm2.5,3.6
2019-11-03 07:47:42,pm10,3.9
2019-11-03 07:48:42,pm2.5,4.0
2019-11-03 07:48:42,pm10,4.4
2019-11-03 07:49:42,pm2.5,3.7
2019-11-03 07:49:42,pm10,4.0
2019-11-03 07:50:42,pm2.5,3.7
2019-11-03 07:50:42,pm10,4.1
2019-11-03 07:51:42,pm2.5,3.4
2019-11-03 07:51:42,pm10,3.7
2019-11-03 07:52:42,pm2.5,3.6
2019-11-03 07:52:42,pm10,3.9
2019-11-03 07:53:42,pm2.5,3.4
2019-11-03 07:53:43,pm10,3.7
2019-11-03 07:54:42,pm2.5,3.4
2019-11-03 07:54:42,pm10,3.7
2019-11-03 07:55:42,pm2.5,3.3
2019-11-03 07:55:42,pm10,3.6
2019-11-03 07:56:42,pm2.5,3.4
2019-11-03 07:56:42,pm10,3.7
2019-11-03 07:57:42,pm2.5,3.4
2019-11-03 07:57:43,pm10,3.7
2019-11-03 07:58:42,pm2.5,3.3
2019-11-03 07:58:43,pm10,3.6
2019-11-03 08:00:41,pm2.5,3.2
2019-11-03 08:00:42,pm10,3.5
2019-11-03 08:01:41,pm2.5,3.1
2019-11-03 08:01:42,pm10,3.4
2019-11-03 08:02:41,pm2.5,3.0
2019-11-03 08:02:42,pm10,3.3
2019-11-03 08:03:41,pm2.5,2.9
2019-11-03 08:03:42,pm10,3.2
2019-11-03 08:04:42,pm2.5,2.9
2019-11-03 08:04:42,pm10,3.1
2019-11-03 08:05:42,pm2.5,2.8
2019-11-03 08:05:42,pm10,3.0
2019-11-03 08:06:42,pm2.5,2.7
2019-11-03 08:06:42,pm10,2.9
2019-11-03 08:07:42,pm2.5,2.6
2019-11-03 08:07:42,pm10,2.8
2019-11-03 08:08:42,pm2.5,2.6
2019-11-03 08:08:42,pm10,2.8
2019-11-03 08:09:42,pm2.5,2.7
2019-11-03 08:09:42,pm10,3.0
2019-11-03 08:10:42,pm2.5,2.6
2019-11-03 08:10:42,pm10,2.8
2019-11-03 08:11:42,pm2.5,2.7
2019-11-03 08:11:42,pm10,2.9
2019-11-03 08:12:42,pm2.5,2.3
2019-11-03 08:12:42,pm10,2.5
2019-11-03 08:13:42,pm2.5,2.5
2019-11-03 08:13:42,pm10,2.7
2019-11-03 08:14:42,pm2.5,2.4
2019-11-03 08:14:42,pm10,2.6
2019-11-03 08:15:42,pm2.5,2.3
2019-11-03 08:15:42,pm10,2.5
2019-11-03 08:16:42,pm2.5,2.4
2019-11-03 08:16:42,pm10,2.6
2019-11-03 08:17:42,pm2.5,2.2
2019-11-03 08:17:42,pm10,2.4
2019-11-03 08:18:42,pm2.5,2.3
2019-11-03 08:18:42,pm10,2.5
2019-11-03 08:19:42,pm2.5,2.3
2019-11-03 08:19:42,pm10,2.5
2019-11-03 08:20:42,pm2.5,1.9
2019-11-03 08:20:42,pm10,2.1
2019-11-03 08:21:42,pm2.5,2.3
2019-11-03 08:21:42,pm10,2.5
2019-11-03 08:22:42,pm2.5,2.1
2019-11-03 08:22:42,pm10,2.3
2019-11-03 08:23:42,pm2.5,2.2
2019-11-03 08:23:42,pm10,2.4
2019-11-03 08:24:42,pm2.5,2.1
2019-11-03 08:24:42,pm10,2.3
2019-11-03 08:25:42,pm2.5,2.0
2019-11-03 08:25:42,pm10,2.2
2019-11-03 08:26:42,pm2.5,2.3
2019-11-03 08:26:42,pm10,2.5
2019-11-03 08:27:42,pm2.5,2.0
2019-11-03 08:27:42,pm10,2.2
2019-11-03 08:28:42,pm2.5,2.3
2019-11-03 08:28:42,pm10,2.5
2019-11-03 08:29:42,pm2.5,1.9
2019-11-03 08:29:42,pm10,2.0
2019-11-03 08:30:42,pm2.5,1.8
2019-11-03 08:30:42,pm10,1.9
2019-11-03 08:31:42,pm2.5,1.9
2019-11-03 08:31:42,pm10,2.1
2019-11-03 08:32:42,pm2.5,2.0
2019-11-03 08:32:42,pm10,2.2
2019-11-03 08:33:42,pm2.5,1.8
2019-11-03 08:33:42,pm10,1.9
2019-11-03 08:34:42,pm2.5,1.9
2019-11-03 08:34:42,pm10,2.0
2019-11-03 08:35:42,pm2.5,1.6
2019-11-03 08:35:42,pm10,1.7
2019-11-03 08:36:42,pm2.5,1.9
2019-11-03 08:36:42,pm10,2.1
2019-11-03 08:37:42,pm2.5,1.6
2019-11-03 08:37:42,pm10,1.7
2019-11-03 08:38:42,pm2.5,1.5
2019-11-03 08:38:42,pm10,1.6
2019-11-03 08:39:42,pm2.5,1.8
2019-11-03 08:39:42,pm10,1.9
2019-11-03 08:40:42,pm2.5,1.7
2019-11-03 08:40:42,pm10,1.8
2019-11-03 08:41:42,pm2.5,1.8
2019-11-03 08:41:42,pm10,1.9
2019-11-03 08:42:42,pm2.5,1.7
2019-11-03 08:42:42,pm10,1.8
2019-11-03 08:43:42,pm2.5,1.6
2019-11-03 08:43:42,pm10,1.7
2019-11-03 08:44:42,pm2.5,1.6
2019-11-03 08:44:42,pm10,1.7
2019-11-03 08:45:42,pm2.5,1.6
2019-11-03 08:45:43,pm10,1.7
2019-11-03 08:46:42,pm2.5,1.6
2019-11-03 08:46:42,pm10,1.7
2019-11-03 08:47:42,pm2.5,1.5
2019-11-03 08:47:42,pm10,1.6
2019-11-03 08:48:42,pm2.5,1.6
2019-11-03 08:48:42,pm10,1.7
2019-11-03 08:49:42,pm2.5,1.5
2019-11-03 08:49:42,pm10,1.6
2019-11-03 08:50:42,pm2.5,1.5
2019-11-03 08:50:43,pm10,1.6
2019-11-03 08:51:42,pm2.5,1.5
2019-11-03 08:51:43,pm10,1.6
2019-11-03 08:52:42,pm2.5,1.5
2019-11-03 08:52:43,pm10,1.6
2019-11-03 08:53:41,pm2.5,1.4
2019-11-03 08:53:42,pm10,1.5
2019-11-03 08:54:41,pm2.5,1.3
2019-11-03 08:54:42,pm10,1.4
2019-11-03 08:55:41,pm2.5,1.3
2019-11-03 08:55:42,pm10,1.4
2019-11-03 08:56:41,pm2.5,1.5
2019-11-03 08:56:42,pm10,1.6
2019-11-03 08:57:41,pm2.5,1.3
2019-11-03 08:57:42,pm10,1.4
2019-11-03 08:58:42,pm2.5,1.4
2019-11-03 08:58:42,pm10,1.5
2019-11-03 08:59:42,pm2.5,1.3
2019-11-03 08:59:42,pm10,1.4
2019-11-03 09:00:42,pm2.5,1.2
2019-11-03 09:00:42,pm10,1.3
2019-11-03 09:01:42,pm2.5,1.4
2019-11-03 09:01:42,pm10,1.5
2019-11-03 09:02:42,pm2.5,1.3
2019-11-03 09:02:42,pm10,1.4
2019-11-03 09:03:42,pm2.5,1.3
2019-11-03 09:03:42,pm10,1.4
2019-11-03 09:04:42,pm2.5,1.3
2019-11-03 09:04:42,pm10,1.4
2019-11-03 09:05:42,pm2.5,1.3
2019-11-03 09:05:42,pm10,1.4
2019-11-03 09:06:42,pm2.5,1.3
2019-11-03 09:06:42,pm10,1.4
2019-11-03 09:07:42,pm2.5,1.3
2019-11-03 09:07:42,pm10,1.4
2019-11-03 09:08:42,pm2.5,1.2
2019-11-03 09:08:42,pm10,1.3
2019-11-03 09:09:42,pm2.5,1.2
2019-11-03 09:09:42,pm10,1.3
2019-11-03 09:10:42,pm2.5,1.2
2019-11-03 09:10:42,pm10,1.3
2019-11-03 09:11:42,pm2.5,1.1
2019-11-03 09:11:42,pm10,1.2
2019-11-03 09:12:42,pm2.5,1.2
2019-11-03 09:12:42,pm10,1.3
2019-11-03 09:13:42,pm2.5,1.3
2019-11-03 09:13:42,pm10,1.4
2019-11-03 09:14:42,pm2.5,1.1
2019-11-03 09:14:42,pm10,1.2
2019-11-03 09:15:42,pm2.5,1.0
2019-11-03 09:15:42,pm10,1.0
2019-11-03 09:16:42,pm2.5,1.2
2019-11-03 09:16:42,pm10,1.3
2019-11-03 09:17:42,pm2.5,1.1
2019-11-03 09:17:42,pm10,1.2
2019-11-03 09:18:42,pm2.5,1.0
2019-11-03 09:18:42,pm10,1.1
2019-11-03 09:19:42,pm2.5,1.1
2019-11-03 09:19:42,pm10,1.2
2019-11-03 09:20:42,pm2.5,1.0
2019-11-03 09:20:42,pm10,1.0
2019-11-03 09:21:42,pm2.5,0.9
2019-11-03 09:21:42,pm10,0.9
2019-11-03 09:22:42,pm2.5,1.0
2019-11-03 09:22:42,pm10,1.1
2019-11-03 09:23:42,pm2.5,1.1
2019-11-03 09:23:42,pm10,1.2
2019-11-03 09:24:42,pm2.5,0.9
2019-11-03 09:24:42,pm10,0.9
2019-11-03 09:25:42,pm2.5,1.0
2019-11-03 09:25:42,pm10,1.1
2019-11-03 09:26:42,pm2.5,0.9
2019-11-03 09:26:42,pm10,0.9
2019-11-03 09:27:42,pm2.5,0.9
2019-11-03 09:27:42,pm10,0.9
2019-11-03 09:28:42,pm2.5,0.9
2019-11-03 09:28:42,pm10,0.9
2019-11-03 09:29:42,pm2.5,0.9
2019-11-03 09:29:42,pm10,0.9
2019-11-03 09:30:42,pm2.5,1.1
2019-11-03 09:30:42,pm10,1.2
2019-11-03 09:31:42,pm2.5,0.8
2019-11-03 09:31:42,pm10,0.8
2019-11-03 09:32:42,pm2.5,0.9
2019-11-03 09:32:42,pm10,1.0
2019-11-03 09:33:42,pm2.5,0.8
2019-11-03 09:33:42,pm10,0.8
2019-11-03 09:34:42,pm2.5,0.8
2019-11-03 09:34:42,pm10,0.8
2019-11-03 09:35:42,pm2.5,0.7
2019-11-03 09:35:42,pm10,0.7
2019-11-03 09:36:42,pm2.5,0.8
2019-11-03 09:36:42,pm10,0.8
2019-11-03 09:37:42,pm2.5,0.8
2019-11-03 09:37:42,pm10,0.8
2019-11-03 09:38:42,pm2.5,0.8
2019-11-03 09:38:42,pm10,0.8
2019-11-03 09:39:42,pm2.5,0.8
2019-11-03 09:39:42,pm10,0.8
2019-11-03 09:40:42,pm2.5,0.8
2019-11-03 09:40:42,pm10,0.8
2019-11-03 09:41:42,pm2.5,0.8
2019-11-03 09:41:42,pm10,0.8
2019-11-03 09:42:42,pm2.5,0.7
2019-11-03 09:42:43,pm10,0.7
2019-11-03 09:43:42,pm2.5,0.6
2019-11-03 09:43:42,pm10,0.6
2019-11-03 09:44:42,pm2.5,0.8
2019-11-03 09:44:42,pm10,0.8
2019-11-03 09:45:42,pm2.5,0.7
2019-11-03 09:45:43,pm10,0.7
2019-11-03 09:46:42,pm2.5,0.8
2019-11-03 09:46:43,pm10,0.8
2019-11-03 09:47:42,pm2.5,0.7
2019-11-03 09:47:43,pm10,0.7
2019-11-03 09:48:42,pm2.5,0.7
2019-11-03 09:48:43,pm10,0.7
2019-11-03 09:50:41,pm2.5,0.7
2019-11-03 09:50:42,pm10,0.7
2019-11-03 09:51:41,pm2.5,0.6
2019-11-03 09:51:42,pm10,0.6
2019-11-03 09:52:41,pm2.5,0.6
2019-11-03 09:52:42,pm10,0.6
2019-11-03 09:53:41,pm2.5,0.7
2019-11-03 09:53:42,pm10,0.7
2019-11-03 09:54:42,pm2.5,0.6
2019-11-03 09:54:42,pm10,0.6
2019-11-03 09:55:42,pm2.5,0.7
2019-11-03 09:55:42,pm10,0.7
2019-11-03 09:56:42,pm2.5,0.5
2019-11-03 09:56:42,pm10,0.5
2019-11-03 09:57:42,pm2.5,0.6
2019-11-03 09:57:42,pm10,0.8
2019-11-03 09:58:42,pm2.5,0.6
2019-11-03 09:58:42,pm10,0.6
2019-11-03 09:59:42,pm2.5,0.5
2019-11-03 09:59:42,pm10,0.5
2019-11-03 10:00:42,pm2.5,0.7
2019-11-03 10:00:42,pm10,0.7
2019-11-03 10:01:42,pm2.5,0.5
2019-11-03 10:01:42,pm10,0.5
2019-11-03 10:02:42,pm2.5,0.5
2019-11-03 10:02:42,pm10,0.5
2019-11-03 10:03:42,pm2.5,0.5
2019-11-03 10:03:42,pm10,0.5
2019-11-03 10:04:42,pm2.5,0.5
2019-11-03 10:04:42,pm10,0.5
2019-11-03 10:05:42,pm2.5,0.7
2019-11-03 10:05:42,pm10,0.7
2019-11-03 10:06:42,pm2.5,0.5
2019-11-03 10:06:42,pm10,0.5
2019-11-03 10:07:42,pm2.5,0.5
2019-11-03 10:07:42,pm10,0.5
2019-11-03 10:08:42,pm2.5,0.4
2019-11-03 10:08:42,pm10,0.4
2019-11-03 10:09:42,pm2.5,0.6
2019-11-03 10:09:42,pm10,0.6
2019-11-03 10:10:42,pm2.5,0.5
2019-11-03 10:10:42,pm10,0.5
2019-11-03 10:11:42,pm2.5,0.5
2019-11-03 10:11:42,pm10,0.5
2019-11-03 10:12:42,pm2.5,0.6
2019-11-03 10:12:42,pm10,0.6
2019-11-03 10:13:42,pm2.5,0.6
2019-11-03 10:13:42,pm10,0.6
2019-11-03 10:14:42,pm2.5,0.5
2019-11-03 10:14:42,pm10,0.5
2019-11-03 10:15:42,pm2.5,0.5
2019-11-03 10:15:42,pm10,0.5
2019-11-03 10:16:42,pm2.5,0.5
2019-11-03 10:16:42,pm10,0.5
2019-11-03 10:17:42,pm2.5,0.5
2019-11-03 10:17:42,pm10,0.5
2019-11-03 10:18:42,pm2.5,0.5
2019-11-03 10:18:42,pm10,0.5
2019-11-03 10:19:42,pm2.5,0.5
2019-11-03 10:19:42,pm10,0.5
2019-11-03 10:20:42,pm2.5,0.4
2019-11-03 10:20:42,pm10,0.4
2019-11-03 10:21:42,pm2.5,0.5
2019-11-03 10:21:42,pm10,0.5
2019-11-03 10:22:42,pm2.5,0.4
2019-11-03 10:22:42,pm10,0.4
2019-11-03 10:23:42,pm2.5,0.5
2019-11-03 10:23:42,pm10,0.5
2019-11-03 10:24:42,pm2.5,0.5
2019-11-03 10:24:42,pm10,0.5
2019-11-03 10:25:42,pm2.5,0.5
2019-11-03 10:25:42,pm10,0.5
2019-11-03 10:26:42,pm2.5,0.5
2019-11-03 10:26:43,pm10,0.5
2019-11-03 10:27:42,pm2.5,0.4
2019-11-03 10:27:42,pm10,0.4
2019-11-03 10:28:42,pm2.5,0.4
2019-11-03 10:28:42,pm10,0.4
2019-11-03 10:29:42,pm2.5,0.4
2019-11-03 10:29:42,pm10,0.4
2019-11-03 10:30:42,pm2.5,0.5
2019-11-03 10:30:42,pm10,0.5
2019-11-03 10:31:42,pm2.5,0.4
2019-11-03 10:31:42,pm10,0.4
2019-11-03 10:32:42,pm2.5,0.4
2019-11-03 10:32:42,pm10,0.4
2019-11-03 10:33:42,pm2.5,0.5
2019-11-03 10:33:42,pm10,0.5
2019-11-03 10:34:42,pm2.5,0.4
2019-11-03 10:34:42,pm10,0.5
2019-11-03 10:35:42,pm2.5,0.4
2019-11-03 10:35:42,pm10,0.4
2019-11-03 10:36:42,pm2.5,0.3
2019-11-03 10:36:42,pm10,0.3
2019-11-03 10:37:41,pm2.5,0.3
2019-11-03 10:37:42,pm10,0.3
2019-11-03 10:38:42,pm2.5,0.4
2019-11-03 10:38:42,pm10,0.4
2019-11-03 10:39:42,pm2.5,0.4
2019-11-03 10:39:42,pm10,0.4
2019-11-03 10:40:42,pm2.5,0.4
2019-11-03 10:40:42,pm10,0.4
2019-11-03 10:41:42,pm2.5,0.4
2019-11-03 10:41:42,pm10,0.4
2019-11-03 10:42:42,pm2.5,0.4
2019-11-03 10:42:43,pm10,0.4
2019-11-03 10:43:42,pm2.5,0.4
2019-11-03 10:43:43,pm10,0.4
2019-11-03 10:44:42,pm2.5,0.4
2019-11-03 10:44:43,pm10,0.4
2019-11-03 10:46:41,pm2.5,0.3
2019-11-03 10:46:42,pm10,0.3
2019-11-03 10:47:41,pm2.5,0.4
2019-11-03 10:47:42,pm10,0.4
2019-11-03 10:48:41,pm2.5,0.3
2019-11-03 10:48:42,pm10,0.3
2019-11-03 10:49:41,pm2.5,0.3
2019-11-03 10:49:42,pm10,0.3
2019-11-03 10:50:42,pm2.5,0.4
2019-11-03 10:50:42,pm10,0.4
2019-11-03 10:51:42,pm2.5,0.3
2019-11-03 10:51:42,pm10,0.3
2019-11-03 10:52:42,pm2.5,0.3
2019-11-03 10:52:42,pm10,0.3
2019-11-03 10:53:42,pm2.5,0.3
2019-11-03 10:53:42,pm10,0.3
2019-11-03 10:54:42,pm2.5,0.3
2019-11-03 10:54:42,pm10,0.3
2019-11-03 10:55:42,pm2.5,0.3
2019-11-03 10:55:42,pm10,0.3
2019-11-03 10:56:42,pm2.5,0.3
2019-11-03 10:56:42,pm10,0.3
2019-11-03 10:57:42,pm2.5,0.3
2019-11-03 10:57:42,pm10,0.3
2019-11-03 10:58:42,pm2.5,0.2
2019-11-03 10:58:42,pm10,0.2
2019-11-03 10:59:42,pm2.5,0.3
2019-11-03 10:59:42,pm10,0.3
2019-11-03 11:00:42,pm2.5,0.3
2019-11-03 11:00:42,pm10,0.3
2019-11-03 11:01:42,pm2.5,0.4
2019-11-03 11:01:42,pm10,0.4
2019-11-03 11:02:42,pm2.5,0.2
2019-11-03 11:02:42,pm10,0.4
2019-11-03 11:03:42,pm2.5,0.3
2019-11-03 11:03:42,pm10,0.3
2019-11-03 11:04:42,pm2.5,0.3
2019-11-03 11:04:42,pm10,0.3
2019-11-03 11:05:42,pm2.5,0.2
2019-11-03 11:05:42,pm10,0.2
2019-11-03 11:06:42,pm2.5,0.2
2019-11-03 11:06:42,pm10,0.2
2019-11-03 11:07:42,pm2.5,0.3
2019-11-03 11:07:42,pm10,0.3
2019-11-03 11:08:42,pm2.5,0.3
2019-11-03 11:08:42,pm10,0.3
2019-11-03 11:09:42,pm2.5,0.3
2019-11-03 11:09:42,pm10,0.3
2019-11-03 11:10:42,pm2.5,0.3
2019-11-03 11:10:42,pm10,0.3
2019-11-03 11:11:42,pm2.5,0.2
2019-11-03 11:11:42,pm10,0.2
2019-11-03 11:12:42,pm2.5,0.2
2019-11-03 11:12:42,pm10,0.2
2019-11-03 11:13:42,pm2.5,0.3
2019-11-03 11:13:42,pm10,0.4
2019-11-03 11:14:42,pm2.5,0.2
2019-11-03 11:14:42,pm10,0.2
2019-11-03 11:15:42,pm2.5,0.2
2019-11-03 11:15:42,pm10,0.7
2019-11-03 11:16:42,pm2.5,0.2
2019-11-03 11:16:42,pm10,0.2
2019-11-03 11:17:42,pm2.5,0.2
2019-11-03 11:17:42,pm10,0.2
2019-11-03 11:18:42,pm2.5,0.2
2019-11-03 11:18:42,pm10,0.2
2019-11-03 11:19:42,pm2.5,0.2
2019-11-03 11:19:42,pm10,0.2
2019-11-03 11:20:42,pm2.5,0.2
2019-11-03 11:20:42,pm10,0.2
2019-11-03 11:21:42,pm2.5,0.2
2019-11-03 11:21:42,pm10,0.2
2019-11-03 11:22:42,pm2.5,0.2
2019-11-03 11:22:42,pm10,0.2
2019-11-03 11:23:42,pm2.5,0.3
2019-11-03 11:23:42,pm10,0.3
2019-11-03 11:24:42,pm2.5,0.2
2019-11-03 11:24:42,pm10,0.2
2019-11-03 11:25:42,pm2.5,0.2
2019-11-03 11:25:42,pm10,0.2
2019-11-03 11:26:42,pm2.5,0.2
2019-11-03 11:26:43,pm10,0.2
2019-11-03 11:27:42,pm2.5,0.2
2019-11-03 11:27:42,pm10,0.2
2019-11-03 11:28:42,pm2.5,0.2
2019-11-03 11:28:42,pm10,0.2
2019-11-03 11:29:42,pm2.5,0.2
2019-11-03 11:29:42,pm10,0.2
2019-11-03 11:30:42,pm2.5,0.2
2019-11-03 11:30:42,pm10,0.2
2019-11-03 11:31:42,pm2.5,0.2
2019-11-03 11:31:42,pm10,0.2
2019-11-03 11:32:42,pm2.5,0.2
2019-11-03 11:32:42,pm10,0.2
2019-11-03 11:33:42,pm2.5,0.1
2019-11-03 11:33:42,pm10,0.1
2019-11-03 11:34:42,pm2.5,0.2
2019-11-03 11:34:42,pm10,0.2
2019-11-03 11:35:42,pm2.5,0.3
2019-11-03 11:35:42,pm10,0.3
2019-11-03 11:36:42,pm2.5,0.3
2019-11-03 11:36:42,pm10,0.3
2019-11-03 11:37:42,pm2.5,0.2
2019-11-03 11:37:42,pm10,0.2
2019-11-03 11:38:42,pm2.5,0.1
2019-11-03 11:38:42,pm10,0.1
2019-11-03 11:39:42,pm2.5,0.2
2019-11-03 11:39:42,pm10,0.2
2019-11-03 11:40:42,pm2.5,0.3
2019-11-03 11:40:42,pm10,0.3
2019-11-03 11:41:42,pm2.5,0.2
2019-11-03 11:41:42,pm10,0.2
2019-11-03 11:42:42,pm2.5,0.2
2019-11-03 11:42:43,pm10,0.2
2019-11-03 11:43:42,pm2.5,0.2
2019-11-03 11:43:43,pm10,0.2
2019-11-03 11:44:42,pm2.5,0.1
2019-11-03 11:44:43,pm10,0.1
2019-11-03 11:46:41,pm2.5,0.2
2019-11-03 11:46:42,pm10,0.2
2019-11-03 11:47:41,pm2.5,0.2
2019-11-03 11:47:42,pm10,0.2
2019-11-03 11:48:41,pm2.5,0.2
2019-11-03 11:48:42,pm10,0.2
2019-11-03 11:49:41,pm2.5,0.2
2019-11-03 11:49:42,pm10,0.2
2019-11-03 11:50:42,pm2.5,0.2
2019-11-03 11:50:42,pm10,0.2
2019-11-03 11:51:42,pm2.5,0.2
2019-11-03 11:51:42,pm10,0.2
2019-11-03 11:52:42,pm2.5,0.2
2019-11-03 11:52:42,pm10,0.2
2019-11-03 11:53:42,pm2.5,0.1
2019-11-03 11:53:42,pm10,0.1
2019-11-03 11:54:42,pm2.5,0.2
2019-11-03 11:54:42,pm10,0.2
2019-11-03 11:55:42,pm2.5,0.2
2019-11-03 11:55:42,pm10,0.2
2019-11-03 11:56:42,pm2.5,0.1
2019-11-03 11:56:42,pm10,0.1
2019-11-03 11:57:42,pm2.5,0.1
2019-11-03 11:57:42,pm10,0.1
2019-11-03 11:58:42,pm2.5,0.2
2019-11-03 11:58:42,pm10,0.2
2019-11-03 11:59:42,pm2.5,0.1
2019-11-03 11:59:42,pm10,0.1
2019-11-03 12:00:42,pm2.5,0.1
2019-11-03 12:00:42,pm10,0.1
2019-11-03 12:01:42,pm2.5,0.1
2019-11-03 12:01:42,pm10,0.1
2019-11-03 12:02:42,pm2.5,0.1
2019-11-03 12:02:42,pm10,0.1
2019-11-03 12:03:42,pm2.5,0.1
2019-11-03 12:03:42,pm10,0.1
2019-11-03 12:04:42,pm2.5,0.2
2019-11-03 12:04:42,pm10,0.2
2019-11-03 12:05:42,pm2.5,0.2
2019-11-03 12:05:42,pm10,0.2
2019-11-03 12:06:42,pm2.5,0.2
2019-11-03 12:06:42,pm10,0.2
2019-11-03 12:07:42,pm2.5,0.2
2019-11-03 12:07:42,pm10,0.2
2019-11-03 12:08:42,pm2.5,0.1
2019-11-03 12:08:42,pm10,0.1
2019-11-03 12:09:42,pm2.5,0.2
2019-11-03 12:09:42,pm10,0.2
2019-11-03 12:10:42,pm2.5,0.1
2019-11-03 12:10:42,pm10,0.1
2019-11-03 12:11:42,pm2.5,0.2
2019-11-03 12:11:42,pm10,0.2
2019-11-03 12:12:42,pm2.5,0.2
2019-11-03 12:12:42,pm10,0.2
2019-11-03 12:13:42,pm2.5,0.1
2019-11-03 12:13:42,pm10,0.1
2019-11-03 12:14:42,pm2.5,0.1
2019-11-03 12:14:42,pm10,0.1
2019-11-03 12:15:42,pm2.5,0.1
2019-11-03 12:15:42,pm10,0.1
2019-11-03 12:16:42,pm2.5,0.1
2019-11-03 12:16:42,pm10,0.1
2019-11-03 12:17:42,pm2.5,0.1
2019-11-03 12:17:42,pm10,0.1
2019-11-03 12:18:42,pm2.5,0.1
2019-11-03 12:18:42,pm10,0.1
2019-11-03 12:19:42,pm2.5,0.1
2019-11-03 12:19:42,pm10,0.1
2019-11-03 12:20:42,pm2.5,0.1
2019-11-03 12:20:42,pm10,0.1
2019-11-03 12:21:42,pm2.5,0.2
2019-11-03 12:21:42,pm10,0.2
2019-11-03 12:22:42,pm2.5,0.1
2019-11-03 12:22:42,pm10,0.1
2019-11-03 12:23:42,pm2.5,0.1
2019-11-03 12:23:42,pm10,0.1
2019-11-03 12:24:42,pm2.5,0.1
2019-11-03 12:24:42,pm10,0.1
2019-11-03 12:25:42,pm2.5,0.1
2019-11-03 12:25:42,pm10,0.2
2019-11-03 12:26:42,pm2.5,0.1
2019-11-03 12:26:42,pm10,0.1
2019-11-03 12:27:42,pm2.5,0.1
2019-11-03 12:27:42,pm10,0.1
2019-11-03 12:28:42,pm2.5,0.1
2019-11-03 12:28:43,pm10,0.1
2019-11-03 12:29:42,pm2.5,0.1
2019-11-03 12:29:42,pm10,0.1
2019-11-03 12:30:42,pm2.5,0.1
2019-11-03 12:30:42,pm10,0.1
2019-11-03 12:31:42,pm2.5,0.1
2019-11-03 12:31:42,pm10,0.1
2019-11-03 12:32:42,pm2.5,0.1
2019-11-03 12:32:42,pm10,0.1
2019-11-03 12:33:42,pm2.5,0.1
2019-11-03 12:33:42,pm10,0.1
2019-11-03 12:34:42,pm2.5,0.1
2019-11-03 12:34:42,pm10,0.4
2019-11-03 12:35:42,pm2.5,0.1
2019-11-03 12:35:42,pm10,0.1
2019-11-03 12:36:42,pm2.5,0.1
2019-11-03 12:36:42,pm10,0.1
2019-11-03 12:37:42,pm2.5,0.1
2019-11-03 12:37:42,pm10,0.2
2019-11-03 12:38:42,pm2.5,0.1
2019-11-03 12:38:42,pm10,0.1
2019-11-03 12:39:42,pm2.5,0.1
2019-11-03 12:39:42,pm10,0.1
2019-11-03 12:40:42,pm2.5,0.1
2019-11-03 12:40:42,pm10,0.1
2019-11-03 12:41:42,pm2.5,0.1
2019-11-03 12:41:42,pm10,0.1
2019-11-03 12:42:42,pm2.5,0.1
2019-11-03 12:42:43,pm10,0.1
2019-11-03 12:43:42,pm2.5,0.1
2019-11-03 12:43:43,pm10,0.1
2019-11-03 12:44:42,pm2.5,0.0
2019-11-03 12:44:43,pm10,0.0
2019-11-03 12:46:41,pm2.5,0.1
2019-11-03 12:46:42,pm10,0.2
2019-11-03 12:47:41,pm2.5,0.1
2019-11-03 12:47:42,pm10,0.1
2019-11-03 12:48:41,pm2.5,0.1
2019-11-03 12:48:42,pm10,0.1
2019-11-03 12:49:41,pm2.5,0.1
2019-11-03 12:49:42,pm10,0.1
2019-11-03 12:50:42,pm2.5,0.1
2019-11-03 12:50:42,pm10,0.1
2019-11-03 12:51:42,pm2.5,0.1
2019-11-03 12:51:42,pm10,0.1
2019-11-03 12:52:42,pm2.5,0.1
2019-11-03 12:52:42,pm10,0.1
2019-11-03 12:53:42,pm2.5,0.1
2019-11-03 12:53:42,pm10,0.1
2019-11-03 12:54:42,pm2.5,0.1
2019-11-03 12:54:42,pm10,0.1
2019-11-03 12:55:42,pm2.5,0.1
2019-11-03 12:55:42,pm10,0.1
2019-11-03 12:56:42,pm2.5,0.1
2019-11-03 12:56:42,pm10,0.1
2019-11-03 12:57:42,pm2.5,0.1
2019-11-03 12:57:42,pm10,0.1
2019-11-03 12:58:42,pm2.5,0.1
2019-11-03 12:58:42,pm10,0.1
2019-11-03 12:59:42,pm2.5,0.1
2019-11-03 12:59:42,pm10,0.1
2019-11-03 13:00:42,pm2.5,0.1
2019-11-03 13:00:42,pm10,0.1
2019-11-03 13:01:42,pm2.5,0.1
2019-11-03 13:01:42,pm10,0.1
2019-11-03 13:02:42,pm2.5,0.1
2019-11-03 13:02:42,pm10,0.1
2019-11-03 13:03:42,pm2.5,0.1
2019-11-03 13:03:42,pm10,0.1
2019-11-03 13:04:42,pm2.5,0.1
2019-11-03 13:04:42,pm10,0.1
2019-11-03 13:05:42,pm2.5,0.1
2019-11-03 13:05:42,pm10,0.1
2019-11-03 13:06:42,pm2.5,0.1
2019-11-03 13:06:42,pm10,0.1
2019-11-03 13:07:42,pm2.5,0.1
2019-11-03 13:07:42,pm10,0.1
2019-11-03 13:08:42,pm2.5,0.1
2019-11-03 13:08:42,pm10,0.1
2019-11-03 13:09:42,pm2.5,0.1
2019-11-03 13:09:42,pm10,0.1
2019-11-03 13:10:42,pm2.5,0.1
2019-11-03 13:10:42,pm10,0.1
2019-11-03 13:11:42,pm2.5,0.1
2019-11-03 13:11:42,pm10,0.1
2019-11-03 13:12:42,pm2.5,0.0
2019-11-03 13:12:42,pm10,0.0
2019-11-03 13:13:42,pm2.5,0.0
2019-11-03 13:13:42,pm10,0.0
2019-11-03 13:14:42,pm2.5,0.1
2019-11-03 13:14:42,pm10,0.1
2019-11-03 13:15:42,pm2.5,0.1
2019-11-03 13:15:42,pm10,0.1
2019-11-03 13:16:42,pm2.5,0.1
2019-11-03 13:16:42,pm10,0.1
2019-11-03 13:17:42,pm2.5,0.1
2019-11-03 13:17:42,pm10,0.1
2019-11-03 13:18:42,pm2.5,0.1
2019-11-03 13:18:42,pm10,0.1
2019-11-03 13:19:42,pm2.5,0.1
2019-11-03 13:19:42,pm10,0.1
2019-11-03 13:20:42,pm2.5,0.1
2019-11-03 13:20:42,pm10,0.1
2019-11-03 13:21:42,pm2.5,0.1
2019-11-03 13:21:42,pm10,0.1
2019-11-03 13:22:42,pm2.5,0.1
2019-11-03 13:22:42,pm10,0.1
2019-11-03 13:23:42,pm2.5,0.1
2019-11-03 13:23:42,pm10,0.1
2019-11-03 13:24:42,pm2.5,0.1
2019-11-03 13:24:42,pm10,0.1
2019-11-03 13:25:42,pm2.5,0.1
2019-11-03 13:25:42,pm10,0.1
2019-11-03 13:26:42,pm2.5,0.1
2019-11-03 13:26:42,pm10,0.1
2019-11-03 13:27:42,pm2.5,0.1
2019-11-03 13:27:42,pm10,0.1
2019-11-03 13:28:42,pm2.5,0.1
2019-11-03 13:28:42,pm10,0.1
2019-11-03 13:29:42,pm2.5,0.0
2019-11-03 13:29:42,pm10,0.0
2019-11-03 13:30:42,pm2.5,0.1
2019-11-03 13:30:42,pm10,0.1
2019-11-03 13:31:42,pm2.5,0.1
2019-11-03 13:31:42,pm10,0.1
2019-11-03 13:32:42,pm2.5,0.1
2019-11-03 13:32:42,pm10,0.1
2019-11-03 13:33:42,pm2.5,0.1
2019-11-03 13:33:42,pm10,0.1
2019-11-03 13:34:42,pm2.5,0.1
2019-11-03 13:34:42,pm10,0.1
2019-11-03 13:35:42,pm2.5,0.1
2019-11-03 13:35:42,pm10,0.1
2019-11-03 13:36:42,pm2.5,0.0
2019-11-03 13:36:42,pm10,0.0
2019-11-03 13:37:42,pm2.5,0.1
2019-11-03 13:37:42,pm10,0.1
2019-11-03 13:38:42,pm2.5,0.1
2019-11-03 13:38:42,pm10,0.1
2019-11-03 13:39:42,pm2.5,0.0
2019-11-03 13:39:43,pm10,0.0
2019-11-03 13:40:42,pm2.5,0.1
2019-11-03 13:40:43,pm10,0.1
2019-11-03 13:41:42,pm2.5,0.1
2019-11-03 13:41:43,pm10,0.1
2019-11-03 13:43:42,pm2.5,0.1
2019-11-03 13:43:42,pm10,0.1
2019-11-03 13:44:41,pm2.5,0.1
2019-11-03 13:44:42,pm10,0.1
2019-11-03 13:45:41,pm2.5,0.1
2019-11-03 13:45:42,pm10,0.1
2019-11-03 13:46:42,pm2.5,0.1
2019-11-03 13:46:42,pm10,0.1
2019-11-03 13:47:42,pm2.5,0.1
2019-11-03 13:47:42,pm10,0.1
2019-11-03 13:48:42,pm2.5,0.1
2019-11-03 13:48:42,pm10,0.1
2019-11-03 13:49:42,pm2.5,0.0
2019-11-03 13:49:42,pm10,0.0
2019-11-03 13:50:42,pm2.5,0.1
2019-11-03 13:50:42,pm10,0.1
2019-11-03 13:51:42,pm2.5,0.1
2019-11-03 13:51:42,pm10,0.1
2019-11-03 13:52:42,pm2.5,0.1
2019-11-03 13:52:42,pm10,0.1
2019-11-03 13:53:42,pm2.5,0.1
2019-11-03 13:53:42,pm10,0.1
2019-11-03 13:54:42,pm2.5,0.0
2019-11-03 13:54:42,pm10,0.0
2019-11-03 13:55:42,pm2.5,0.0
2019-11-03 13:55:42,pm10,0.0
2019-11-03 13:56:42,pm2.5,0.0
2019-11-03 13:56:42,pm10,0.0
2019-11-03 13:57:42,pm2.5,0.1
2019-11-03 13:57:42,pm10,0.1
2019-11-03 13:58:42,pm2.5,0.1
2019-11-03 13:58:42,pm10,0.1
2019-11-03 13:59:42,pm2.5,0.1
2019-11-03 13:59:42,pm10,0.1
2019-11-03 14:00:42,pm2.5,0.1
2019-11-03 14:00:42,pm10,0.1
2019-11-03 14:01:42,pm2.5,0.1
2019-11-03 14:01:42,pm10,0.1
2019-11-03 14:02:42,pm2.5,0.1
2019-11-03 14:02:42,pm10,0.1
2019-11-03 14:03:42,pm2.5,0.1
2019-11-03 14:03:42,pm10,0.2
2019-11-03 14:04:42,pm2.5,0.1
2019-11-03 14:04:42,pm10,0.1
2019-11-03 14:05:42,pm2.5,0.0
2019-11-03 14:05:42,pm10,0.0
2019-11-03 14:06:42,pm2.5,0.1
2019-11-03 14:06:42,pm10,0.1
2019-11-03 14:07:42,pm2.5,0.0
2019-11-03 14:07:42,pm10,0.0
2019-11-03 14:08:42,pm2.5,0.1
2019-11-03 14:08:42,pm10,0.1
2019-11-03 14:09:42,pm2.5,0.1
2019-11-03 14:09:42,pm10,0.2
2019-11-03 14:10:42,pm2.5,0.0
2019-11-03 14:10:42,pm10,0.0
2019-11-03 14:11:42,pm2.5,0.1
2019-11-03 14:11:42,pm10,0.1
2019-11-03 14:12:42,pm2.5,0.0
2019-11-03 14:12:42,pm10,0.0
2019-11-03 14:13:42,pm2.5,0.1
2019-11-03 14:13:42,pm10,0.1
2019-11-03 14:14:42,pm2.5,0.1
2019-11-03 14:14:42,pm10,0.1
2019-11-03 14:15:42,pm2.5,0.1
2019-11-03 14:15:42,pm10,0.1
2019-11-03 14:16:42,pm2.5,0.1
2019-11-03 14:16:42,pm10,0.1
2019-11-03 14:17:42,pm2.5,0.1
2019-11-03 14:17:42,pm10,0.1
2019-11-03 14:18:42,pm2.5,0.0
2019-11-03 14:18:42,pm10,0.0
2019-11-03 14:19:42,pm2.5,0.1
2019-11-03 14:19:42,pm10,0.1
2019-11-03 14:20:42,pm2.5,0.0
2019-11-03 14:20:42,pm10,0.0
2019-11-03 14:21:42,pm2.5,0.1
2019-11-03 14:21:42,pm10,0.1
2019-11-03 14:22:42,pm2.5,0.0
2019-11-03 14:22:42,pm10,0.0
2019-11-03 14:23:42,pm2.5,0.1
2019-11-03 14:23:42,pm10,0.1
2019-11-03 14:24:42,pm2.5,0.1
2019-11-03 14:24:42,pm10,0.1
2019-11-03 14:25:42,pm2.5,0.0
2019-11-03 14:25:42,pm10,0.0
2019-11-03 14:26:42,pm2.5,0.1
2019-11-03 14:26:42,pm10,0.1
2019-11-03 14:27:42,pm2.5,0.0
2019-11-03 14:27:42,pm10,0.0
2019-11-03 14:28:42,pm2.5,0.1
2019-11-03 14:28:42,pm10,0.1
2019-11-03 14:29:42,pm2.5,0.0
2019-11-03 14:29:42,pm10,0.0
2019-11-03 14:30:42,pm2.5,0.1
2019-11-03 14:30:42,pm10,0.4
2019-11-03 14:31:42,pm2.5,0.1
2019-11-03 14:31:42,pm10,0.1
2019-11-03 14:32:42,pm2.5,0.0
2019-11-03 14:32:42,pm10,0.0
2019-11-03 14:33:42,pm2.5,0.1
2019-11-03 14:33:42,pm10,0.1
2019-11-03 14:34:42,pm2.5,0.1
2019-11-03 14:34:43,pm10,0.2
2019-11-03 14:35:42,pm2.5,0.0
2019-11-03 14:35:43,pm10,0.0
2019-11-03 14:37:41,pm2.5,0.0
2019-11-03 14:37:42,pm10,0.0
2019-11-03 14:38:41,pm2.5,0.1
2019-11-03 14:38:42,pm10,0.1
2019-11-03 14:39:42,pm2.5,0.1
2019-11-03 14:39:42,pm10,0.1
2019-11-03 14:40:42,pm2.5,0.0
2019-11-03 14:40:42,pm10,0.0
2019-11-03 14:41:42,pm2.5,0.1
2019-11-03 14:41:42,pm10,0.1
2019-11-03 14:42:42,pm2.5,0.1
2019-11-03 14:42:42,pm10,0.1
2019-11-03 14:43:42,pm2.5,0.0
2019-11-03 14:43:42,pm10,0.0
2019-11-03 14:44:42,pm2.5,0.1
2019-11-03 14:44:42,pm10,0.1
2019-11-03 14:45:42,pm2.5,0.1
2019-11-03 14:45:42,pm10,0.4
2019-11-03 14:46:42,pm2.5,0.0
2019-11-03 14:46:42,pm10,0.0
2019-11-03 14:47:42,pm2.5,0.0
2019-11-03 14:47:42,pm10,0.0
2019-11-03 14:48:42,pm2.5,0.0
2019-11-03 14:48:42,pm10,0.0
2019-11-03 14:49:42,pm2.5,0.1
2019-11-03 14:49:42,pm10,0.1
2019-11-03 14:50:42,pm2.5,0.0
2019-11-03 14:50:42,pm10,0.0
2019-11-03 14:51:42,pm2.5,0.1
2019-11-03 14:51:42,pm10,0.1
2019-11-03 14:52:42,pm2.5,0.1
2019-11-03 14:52:42,pm10,0.1
2019-11-03 14:53:42,pm2.5,0.0
2019-11-03 14:53:42,pm10,0.0
2019-11-03 14:54:42,pm2.5,0.0
2019-11-03 14:54:42,pm10,0.1
2019-11-03 14:55:42,pm2.5,0.1
2019-11-03 14:55:42,pm10,0.1
2019-11-03 14:56:42,pm2.5,0.0
2019-11-03 14:56:42,pm10,0.0
2019-11-03 14:57:42,pm2.5,0.0
2019-11-03 14:57:42,pm10,0.1
2019-11-03 14:58:42,pm2.5,0.2
2019-11-03 14:58:42,pm10,0.2
2019-11-03 14:59:42,pm2.5,0.0
2019-11-03 14:59:42,pm10,0.0
2019-11-03 15:00:42,pm2.5,0.0
2019-11-03 15:00:42,pm10,0.0
2019-11-03 15:01:42,pm2.5,0.0
2019-11-03 15:01:42,pm10,0.0
2019-11-03 15:02:42,pm2.5,0.1
2019-11-03 15:02:42,pm10,0.2
2019-11-03 15:03:42,pm2.5,0.1
2019-11-03 15:03:42,pm10,0.1
2019-11-03 15:04:42,pm2.5,0.0
2019-11-03 15:04:42,pm10,0.0
2019-11-03 15:05:42,pm2.5,0.0
2019-11-03 15:05:42,pm10,0.0
2019-11-03 15:06:42,pm2.5,0.1
2019-11-03 15:06:42,pm10,0.1
2019-11-03 15:07:42,pm2.5,0.0
2019-11-03 15:07:42,pm10,0.0
2019-11-03 15:08:42,pm2.5,0.0
2019-11-03 15:08:42,pm10,0.1
2019-11-03 15:09:42,pm2.5,0.0
2019-11-03 15:09:42,pm10,0.0
2019-11-03 15:10:42,pm2.5,0.0
2019-11-03 15:10:42,pm10,0.0
2019-11-03 15:11:42,pm2.5,0.0
2019-11-03 15:11:42,pm10,0.0
2019-11-03 15:12:42,pm2.5,0.0
2019-11-03 15:12:42,pm10,0.0
2019-11-03 15:13:42,pm2.5,0.1
2019-11-03 15:13:42,pm10,0.3
2019-11-03 15:14:42,pm2.5,0.0
2019-11-03 15:14:42,pm10,0.0
2019-11-03 15:15:42,pm2.5,0.1
2019-11-03 15:15:43,pm10,0.1
2019-11-03 15:16:42,pm2.5,0.1
2019-11-03 15:16:42,pm10,0.1
2019-11-03 15:17:42,pm2.5,0.1
2019-11-03 15:17:42,pm10,0.1
2019-11-03 15:18:42,pm2.5,0.0
2019-11-03 15:18:42,pm10,0.0
2019-11-03 15:19:42,pm2.5,0.0
2019-11-03 15:19:42,pm10,0.0
2019-11-03 15:20:42,pm2.5,0.0
2019-11-03 15:20:42,pm10,0.0
2019-11-03 15:21:42,pm2.5,0.0
2019-11-03 15:21:42,pm10,0.0
2019-11-03 15:22:42,pm2.5,0.0
2019-11-03 15:22:43,pm10,0.0
2019-11-03 15:23:42,pm2.5,0.0
2019-11-03 15:23:42,pm10,0.0
2019-11-03 15:24:42,pm2.5,0.1
2019-11-03 15:24:43,pm10,0.1
2019-11-03 15:25:42,pm2.5,0.1
2019-11-03 15:25:43,pm10,0.3
2019-11-03 15:26:42,pm2.5,0.0
2019-11-03 15:26:43,pm10,0.0
2019-11-03 15:28:41,pm2.5,0.0
2019-11-03 15:28:42,pm10,0.0
2019-11-03 15:29:41,pm2.5,0.0
2019-11-03 15:29:42,pm10,0.0
2019-11-03 15:30:42,pm2.5,0.1
2019-11-03 15:30:42,pm10,0.1
2019-11-03 15:31:42,pm2.5,0.0
2019-11-03 15:31:42,pm10,0.0
2019-11-03 15:32:42,pm2.5,0.1
2019-11-03 15:32:42,pm10,0.1
2019-11-03 15:33:42,pm2.5,0.0
2019-11-03 15:33:42,pm10,0.0
2019-11-03 15:34:42,pm2.5,0.0
2019-11-03 15:34:42,pm10,0.0
2019-11-03 15:35:42,pm2.5,0.1
2019-11-03 15:35:42,pm10,0.1
2019-11-03 15:36:42,pm2.5,0.0
2019-11-03 15:36:42,pm10,0.0
2019-11-03 15:37:42,pm2.5,0.0
2019-11-03 15:37:42,pm10,0.0
2019-11-03 15:38:42,pm2.5,0.0
2019-11-03 15:38:42,pm10,0.0
2019-11-03 15:39:42,pm2.5,0.1
2019-11-03 15:39:42,pm10,0.1
2019-11-03 15:40:42,pm2.5,0.1
2019-11-03 15:40:42,pm10,0.1
2019-11-03 15:41:42,pm2.5,0.1
2019-11-03 15:41:42,pm10,0.1
2019-11-03 15:42:42,pm2.5,0.1
2019-11-03 15:42:42,pm10,0.1
2019-11-03 15:43:42,pm2.5,0.1
2019-11-03 15:43:42,pm10,0.1
2019-11-03 15:44:42,pm2.5,0.1
2019-11-03 15:44:42,pm10,0.1
2019-11-03 15:45:42,pm2.5,0.1
2019-11-03 15:45:42,pm10,0.1
2019-11-03 15:46:42,pm2.5,0.0
2019-11-03 15:46:42,pm10,0.0
2019-11-03 15:47:42,pm2.5,0.0
2019-11-03 15:47:42,pm10,0.0
2019-11-03 15:48:42,pm2.5,0.1
2019-11-03 15:48:42,pm10,0.1
2019-11-03 15:49:42,pm2.5,0.0
2019-11-03 15:49:42,pm10,0.0
2019-11-03 15:50:42,pm2.5,0.0
2019-11-03 15:50:42,pm10,0.0
2019-11-03 15:51:42,pm2.5,0.0
2019-11-03 15:51:42,pm10,0.0
2019-11-03 15:52:42,pm2.5,0.0
2019-11-03 15:52:42,pm10,0.0
2019-11-03 15:53:42,pm2.5,0.0
2019-11-03 15:53:42,pm10,0.0
2019-11-03 15:54:42,pm2.5,0.0
2019-11-03 15:54:42,pm10,0.1
2019-11-03 15:55:42,pm2.5,0.0
2019-11-03 15:55:42,pm10,0.0
2019-11-03 15:56:42,pm2.5,0.0
2019-11-03 15:56:43,pm10,0.0
2019-11-03 15:57:42,pm2.5,0.0
2019-11-03 15:57:42,pm10,0.0
2019-11-03 15:58:42,pm2.5,0.1
2019-11-03 15:58:42,pm10,0.1
2019-11-03 15:59:42,pm2.5,0.1
2019-11-03 15:59:42,pm10,0.1
2019-11-03 16:00:42,pm2.5,0.1
2019-11-03 16:00:42,pm10,0.1
2019-11-03 16:01:42,pm2.5,0.1
2019-11-03 16:01:42,pm10,0.1
2019-11-03 16:02:42,pm2.5,0.0
2019-11-03 16:02:42,pm10,0.0
2019-11-03 16:03:42,pm2.5,0.0
2019-11-03 16:03:42,pm10,0.0
2019-11-03 16:04:42,pm2.5,0.0
2019-11-03 16:04:43,pm10,0.0
2019-11-03 16:05:42,pm2.5,0.0
2019-11-03 16:05:42,pm10,0.0
2019-11-03 16:06:42,pm2.5,0.1
2019-11-03 16:06:42,pm10,0.1
2019-11-03 16:07:42,pm2.5,0.0
2019-11-03 16:07:42,pm10,0.0
2019-11-03 16:08:42,pm2.5,0.0
2019-11-03 16:08:42,pm10,0.0
2019-11-03 16:09:42,pm2.5,0.1
2019-11-03 16:09:42,pm10,0.1
2019-11-03 16:10:42,pm2.5,0.0
2019-11-03 16:10:42,pm10,0.0
2019-11-03 16:11:42,pm2.5,0.0
2019-11-03 16:11:42,pm10,0.0
2019-11-03 16:12:42,pm2.5,0.0
2019-11-03 16:12:42,pm10,0.0
2019-11-03 16:13:42,pm2.5,0.0
2019-11-03 16:13:42,pm10,0.0
2019-11-03 16:14:42,pm2.5,0.0
2019-11-03 16:14:42,pm10,0.0
2019-11-03 16:15:42,pm2.5,0.0
2019-11-03 16:15:42,pm10,0.3
2019-11-03 16:16:42,pm2.5,0.0
2019-11-03 16:16:42,pm10,0.0
2019-11-03 16:17:42,pm2.5,0.1
2019-11-03 16:17:42,pm10,0.1
2019-11-03 16:18:42,pm2.5,0.0
2019-11-03 16:18:42,pm10,0.0
2019-11-03 16:19:42,pm2.5,0.0
2019-11-03 16:19:43,pm10,0.0
2019-11-03 16:20:42,pm2.5,0.1
2019-11-03 16:20:43,pm10,0.1
2019-11-03 16:21:42,pm2.5,0.0
2019-11-03 16:21:43,pm10,0.0
2019-11-03 16:23:41,pm2.5,0.0
2019-11-03 16:23:42,pm10,0.0
2019-11-03 16:24:41,pm2.5,0.1
2019-11-03 16:24:42,pm10,0.1
2019-11-03 16:25:41,pm2.5,0.0
2019-11-03 16:25:42,pm10,0.0
2019-11-03 16:26:41,pm2.5,0.0
2019-11-03 16:26:42,pm10,0.0
2019-11-03 16:27:42,pm2.5,0.0
2019-11-03 16:27:42,pm10,0.0
2019-11-03 16:28:42,pm2.5,0.0
2019-11-03 16:28:42,pm10,0.0
2019-11-03 16:29:42,pm2.5,0.1
2019-11-03 16:29:42,pm10,0.1
2019-11-03 16:30:42,pm2.5,0.0
2019-11-03 16:30:42,pm10,0.0
2019-11-03 16:31:42,pm2.5,0.0
2019-11-03 16:31:42,pm10,0.0
2019-11-03 16:32:42,pm2.5,0.0
2019-11-03 16:32:42,pm10,0.0
2019-11-03 16:33:42,pm2.5,0.0
2019-11-03 16:33:42,pm10,0.0
2019-11-03 16:34:42,pm2.5,0.0
2019-11-03 16:34:42,pm10,0.0
2019-11-03 16:35:42,pm2.5,0.0
2019-11-03 16:35:42,pm10,0.0
2019-11-03 16:36:42,pm2.5,0.0
2019-11-03 16:36:42,pm10,0.0
2019-11-03 16:37:42,pm2.5,0.1
2019-11-03 16:37:42,pm10,0.1
2019-11-03 16:38:42,pm2.5,0.0
2019-11-03 16:38:42,pm10,0.0
2019-11-03 16:39:42,pm2.5,0.0
2019-11-03 16:39:42,pm10,0.0
2019-11-03 16:40:42,pm2.5,0.0
2019-11-03 16:40:42,pm10,0.0
2019-11-03 16:41:42,pm2.5,0.0
2019-11-03 16:41:42,pm10,0.0
2019-11-03 16:42:42,pm2.5,0.0
2019-11-03 16:42:42,pm10,0.0
2019-11-03 16:43:42,pm2.5,0.1
2019-11-03 16:43:42,pm10,0.1
2019-11-03 16:44:42,pm2.5,0.0
2019-11-03 16:44:42,pm10,0.0
2019-11-03 16:45:42,pm2.5,0.1
2019-11-03 16:45:42,pm10,0.1
2019-11-03 16:46:42,pm2.5,0.0
2019-11-03 16:46:42,pm10,0.0
2019-11-03 16:47:42,pm2.5,0.0
2019-11-03 16:47:42,pm10,0.0
2019-11-03 16:48:42,pm2.5,0.0
2019-11-03 16:48:42,pm10,0.0
2019-11-03 16:49:42,pm2.5,0.0
2019-11-03 16:49:42,pm10,0.0
2019-11-03 16:50:42,pm2.5,0.1
2019-11-03 16:50:42,pm10,0.1
2019-11-03 16:51:42,pm2.5,0.0
2019-11-03 16:51:42,pm10,0.0
2019-11-03 16:52:42,pm2.5,0.0
2019-11-03 16:52:42,pm10,0.0
2019-11-03 16:53:42,pm2.5,0.1
2019-11-03 16:53:42,pm10,0.1
2019-11-03 16:54:42,pm2.5,0.0
2019-11-03 16:54:42,pm10,0.0
2019-11-03 16:55:42,pm2.5,0.1
2019-11-03 16:55:42,pm10,0.1
2019-11-03 16:56:42,pm2.5,0.1
2019-11-03 16:56:42,pm10,0.1
2019-11-03 16:57:42,pm2.5,0.0
2019-11-03 16:57:42,pm10,0.0
2019-11-03 16:58:42,pm2.5,0.0
2019-11-03 16:58:42,pm10,0.0
2019-11-03 16:59:42,pm2.5,0.0
2019-11-03 16:59:42,pm10,0.0
2019-11-03 17:00:42,pm2.5,0.0
2019-11-03 17:00:42,pm10,0.0
2019-11-03 17:01:42,pm2.5,0.1
2019-11-03 17:01:42,pm10,0.1
2019-11-03 17:02:42,pm2.5,0.0
2019-11-03 17:02:42,pm10,0.0
2019-11-03 17:03:42,pm2.5,0.1
2019-11-03 17:03:42,pm10,2.3
2019-11-03 17:04:42,pm2.5,0.0
2019-11-03 17:04:42,pm10,0.0
2019-11-03 17:05:42,pm2.5,0.0
2019-11-03 17:05:42,pm10,0.0
2019-11-03 17:06:42,pm2.5,0.0
2019-11-03 17:06:42,pm10,0.0
2019-11-03 17:07:42,pm2.5,0.0
2019-11-03 17:07:43,pm10,0.0
2019-11-03 17:08:42,pm2.5,0.0
2019-11-03 17:08:42,pm10,0.0
2019-11-03 17:09:42,pm2.5,0.0
2019-11-03 17:09:42,pm10,0.0
2019-11-03 17:10:42,pm2.5,0.0
2019-11-03 17:10:42,pm10,0.0
2019-11-03 17:11:42,pm2.5,0.0
2019-11-03 17:11:42,pm10,0.0
2019-11-03 17:12:42,pm2.5,0.0
2019-11-03 17:12:42,pm10,0.2
2019-11-03 17:13:42,pm2.5,0.0
2019-11-03 17:13:42,pm10,0.4
2019-11-03 17:14:42,pm2.5,0.1
2019-11-03 17:14:42,pm10,0.1
2019-11-03 17:15:42,pm2.5,0.0
2019-11-03 17:15:42,pm10,0.4
2019-11-03 17:16:42,pm2.5,0.0
2019-11-03 17:16:42,pm10,0.0
2019-11-03 17:17:42,pm2.5,0.0
2019-11-03 17:17:42,pm10,0.0
2019-11-03 17:18:42,pm2.5,0.0
2019-11-03 17:18:42,pm10,0.0
2019-11-03 17:19:42,pm2.5,0.0
2019-11-03 17:19:42,pm10,0.0
2019-11-03 17:20:42,pm2.5,0.0
2019-11-03 17:20:42,pm10,0.0
2019-11-03 17:21:42,pm2.5,0.0
2019-11-03 17:21:42,pm10,0.0
2019-11-03 17:22:42,pm2.5,0.1
2019-11-03 17:22:43,pm10,0.1
2019-11-03 17:23:42,pm2.5,0.0
2019-11-03 17:23:43,pm10,0.0
2019-11-03 17:24:42,pm2.5,0.1
2019-11-03 17:24:43,pm10,0.1
2019-11-03 17:26:41,pm2.5,0.0
2019-11-03 17:26:42,pm10,0.3
2019-11-03 17:27:41,pm2.5,0.0
2019-11-03 17:27:42,pm10,0.0
2019-11-03 17:28:41,pm2.5,0.1
2019-11-03 17:28:42,pm10,0.1
2019-11-03 17:29:41,pm2.5,0.0
2019-11-03 17:29:42,pm10,0.0
2019-11-03 17:30:41,pm2.5,0.0
2019-11-03 17:30:42,pm10,0.0
2019-11-03 17:31:42,pm2.5,0.1
2019-11-03 17:31:42,pm10,0.1
2019-11-03 17:32:42,pm2.5,0.0
2019-11-03 17:32:42,pm10,0.0
2019-11-03 17:33:42,pm2.5,0.0
2019-11-03 17:33:42,pm10,0.0
2019-11-03 17:34:42,pm2.5,0.0
2019-11-03 17:34:42,pm10,0.0
2019-11-03 17:35:42,pm2.5,0.0
2019-11-03 17:35:42,pm10,0.0
2019-11-03 17:36:42,pm2.5,0.1
2019-11-03 17:36:42,pm10,0.1
2019-11-03 17:37:42,pm2.5,0.0
2019-11-03 17:37:42,pm10,0.0
2019-11-03 17:38:42,pm2.5,0.0
2019-11-03 17:38:42,pm10,0.0
2019-11-03 17:39:42,pm2.5,0.1
2019-11-03 17:39:42,pm10,0.1
2019-11-03 17:40:42,pm2.5,0.1
2019-11-03 17:40:42,pm10,0.1
2019-11-03 17:41:42,pm2.5,0.0
2019-11-03 17:41:42,pm10,0.0
2019-11-03 17:42:42,pm2.5,0.1
2019-11-03 17:42:42,pm10,0.2
2019-11-03 17:43:42,pm2.5,0.0
2019-11-03 17:43:42,pm10,0.0
2019-11-03 17:44:42,pm2.5,0.0
2019-11-03 17:44:42,pm10,0.0
2019-11-03 17:45:42,pm2.5,0.1
2019-11-03 17:45:42,pm10,0.1
2019-11-03 17:46:42,pm2.5,0.0
2019-11-03 17:46:42,pm10,0.0
2019-11-03 17:47:42,pm2.5,0.0
2019-11-03 17:47:42,pm10,0.0
2019-11-03 17:48:42,pm2.5,0.0
2019-11-03 17:48:42,pm10,0.0
2019-11-03 17:49:42,pm2.5,0.0
2019-11-03 17:49:42,pm10,0.0
2019-11-03 17:50:42,pm2.5,0.0
2019-11-03 17:50:42,pm10,0.0
2019-11-03 17:51:42,pm2.5,0.0
2019-11-03 17:51:42,pm10,0.0
2019-11-03 17:52:42,pm2.5,0.1
2019-11-03 17:52:42,pm10,0.1
2019-11-03 17:53:42,pm2.5,0.0
2019-11-03 17:53:42,pm10,0.1
2019-11-03 17:54:42,pm2.5,0.0
2019-11-03 17:54:42,pm10,0.2
2019-11-03 17:55:42,pm2.5,0.0
2019-11-03 17:55:42,pm10,0.0
2019-11-03 17:56:42,pm2.5,0.1
2019-11-03 17:56:42,pm10,0.1
2019-11-03 17:57:42,pm2.5,0.0
2019-11-03 17:57:42,pm10,0.0
2019-11-03 17:58:42,pm2.5,0.0
2019-11-03 17:58:42,pm10,0.0
2019-11-03 17:59:42,pm2.5,0.0
2019-11-03 17:59:42,pm10,0.0
2019-11-03 18:00:42,pm2.5,0.0
2019-11-03 18:00:42,pm10,0.0
2019-11-03 18:01:42,pm2.5,0.0
2019-11-03 18:01:42,pm10,0.0
2019-11-03 18:02:42,pm2.5,0.0
2019-11-03 18:02:42,pm10,0.0
2019-11-03 18:03:42,pm2.5,0.0
2019-11-03 18:03:42,pm10,0.0
2019-11-03 18:04:42,pm2.5,0.1
2019-11-03 18:04:42,pm10,0.1
2019-11-03 18:05:42,pm2.5,0.0
2019-11-03 18:05:42,pm10,0.0
2019-11-03 18:06:42,pm2.5,0.0
2019-11-03 18:06:42,pm10,0.0
2019-11-03 18:07:42,pm2.5,0.1
2019-11-03 18:07:42,pm10,0.1
2019-11-03 18:08:42,pm2.5,0.0
2019-11-03 18:08:42,pm10,0.0
2019-11-03 18:09:42,pm2.5,0.0
2019-11-03 18:09:42,pm10,0.0
2019-11-03 18:10:42,pm2.5,0.0
2019-11-03 18:10:42,pm10,0.0
2019-11-03 18:11:42,pm2.5,0.0
2019-11-03 18:11:42,pm10,0.0
2019-11-03 18:12:42,pm2.5,0.1
2019-11-03 18:12:42,pm10,0.1
2019-11-03 18:13:42,pm2.5,0.0
2019-11-03 18:13:42,pm10,0.4
2019-11-03 18:14:42,pm2.5,0.0
2019-11-03 18:14:42,pm10,0.0
2019-11-03 18:15:42,pm2.5,0.0
2019-11-03 18:15:42,pm10,0.0
2019-11-03 18:16:42,pm2.5,0.0
2019-11-03 18:16:42,pm10,0.0
2019-11-03 18:17:42,pm2.5,0.1
2019-11-03 18:17:42,pm10,0.4
2019-11-03 18:18:42,pm2.5,0.0
2019-11-03 18:18:42,pm10,0.0
2019-11-03 18:19:42,pm2.5,0.1
2019-11-03 18:19:42,pm10,0.1
2019-11-03 18:20:42,pm2.5,0.1
2019-11-03 18:20:42,pm10,0.1
2019-11-03 18:21:42,pm2.5,0.0
2019-11-03 18:21:42,pm10,0.0
2019-11-03 18:22:42,pm2.5,0.0
2019-11-03 18:22:42,pm10,0.2
2019-11-03 18:23:42,pm2.5,0.0
2019-11-03 18:23:42,pm10,0.0
2019-11-03 18:24:42,pm2.5,0.1
2019-11-03 18:24:42,pm10,0.1
2019-11-03 18:25:42,pm2.5,0.0
2019-11-03 18:25:42,pm10,0.0
2019-11-03 18:26:42,pm2.5,0.0
2019-11-03 18:26:42,pm10,0.0
2019-11-03 18:27:42,pm2.5,0.0
2019-11-03 18:27:42,pm10,0.0
2019-11-03 18:28:42,pm2.5,0.1
2019-11-03 18:28:42,pm10,0.1
2019-11-03 18:29:42,pm2.5,0.0
2019-11-03 18:29:42,pm10,0.2
2019-11-03 18:30:42,pm2.5,0.1
2019-11-03 18:30:42,pm10,0.1
2019-11-03 18:31:42,pm2.5,0.0
2019-11-03 18:31:42,pm10,0.0
2019-11-03 18:32:41,pm2.5,0.0
2019-11-03 18:32:42,pm10,0.0
2019-11-03 18:33:42,pm2.5,0.0
2019-11-03 18:33:42,pm10,0.0
2019-11-03 18:34:42,pm2.5,0.0
2019-11-03 18:34:42,pm10,0.0
2019-11-03 18:35:42,pm2.5,0.0
2019-11-03 18:35:42,pm10,0.0
2019-11-03 18:36:42,pm2.5,0.0
2019-11-03 18:36:42,pm10,0.0
2019-11-03 18:37:42,pm2.5,0.0
2019-11-03 18:37:42,pm10,0.0
2019-11-03 18:38:42,pm2.5,0.0
2019-11-03 18:38:42,pm10,0.0
2019-11-03 18:39:42,pm2.5,0.0
2019-11-03 18:39:42,pm10,0.0
2019-11-03 18:40:42,pm2.5,0.0
2019-11-03 18:40:42,pm10,0.0
2019-11-03 18:41:42,pm2.5,0.1
2019-11-03 18:41:42,pm10,0.1
2019-11-03 18:42:42,pm2.5,0.0
2019-11-03 18:42:42,pm10,0.0
2019-11-03 18:43:42,pm2.5,0.1
2019-11-03 18:43:42,pm10,0.1
2019-11-03 18:44:42,pm2.5,0.0
2019-11-03 18:44:42,pm10,0.0
2019-11-03 18:45:42,pm2.5,0.0
2019-11-03 18:45:42,pm10,0.0
2019-11-03 18:46:42,pm2.5,0.0
2019-11-03 18:46:43,pm10,0.0
2019-11-03 18:47:42,pm2.5,0.0
2019-11-03 18:47:43,pm10,0.0
2019-11-03 18:48:41,pm2.5,0.0
2019-11-03 18:48:42,pm10,0.0
2019-11-03 18:49:42,pm2.5,0.0
2019-11-03 18:49:43,pm10,0.0
2019-11-03 18:50:42,pm2.5,0.0
2019-11-03 18:50:43,pm10,0.0
2019-11-03 18:52:41,pm2.5,0.0
2019-11-03 18:52:42,pm10,0.0
2019-11-03 18:53:41,pm2.5,0.0
2019-11-03 18:53:42,pm10,0.0
2019-11-03 18:54:41,pm2.5,0.1
2019-11-03 18:54:42,pm10,0.1
2019-11-03 18:55:41,pm2.5,0.0
2019-11-03 18:55:42,pm10,0.0
2019-11-03 18:56:41,pm2.5,0.0
2019-11-03 18:56:42,pm10,0.0
2019-11-03 18:57:41,pm2.5,0.0
2019-11-03 18:57:42,pm10,0.0
2019-11-03 18:58:41,pm2.5,0.0
2019-11-03 18:58:42,pm10,0.2
2019-11-03 18:59:42,pm2.5,0.0
2019-11-03 18:59:42,pm10,0.0
2019-11-03 19:00:42,pm2.5,0.1
2019-11-03 19:00:42,pm10,0.1
2019-11-03 19:01:42,pm2.5,0.0
2019-11-03 19:01:42,pm10,0.0
2019-11-03 19:02:42,pm2.5,0.1
2019-11-03 19:02:42,pm10,0.2
2019-11-03 19:03:42,pm2.5,0.1
2019-11-03 19:03:42,pm10,0.1
2019-11-03 19:04:42,pm2.5,0.0
2019-11-03 19:04:42,pm10,0.0
2019-11-03 19:05:42,pm2.5,0.1
2019-11-03 19:05:42,pm10,0.1
2019-11-03 19:06:42,pm2.5,0.0
2019-11-03 19:06:42,pm10,0.0
2019-11-03 19:07:42,pm2.5,0.1
2019-11-03 19:07:42,pm10,0.1
2019-11-03 19:08:42,pm2.5,0.0
2019-11-03 19:08:42,pm10,0.0
2019-11-03 19:09:42,pm2.5,0.0
2019-11-03 19:09:42,pm10,0.0
2019-11-03 19:10:42,pm2.5,0.0
2019-11-03 19:10:42,pm10,0.0
2019-11-03 19:11:42,pm2.5,0.1
2019-11-03 19:11:42,pm10,0.1
2019-11-03 19:12:42,pm2.5,0.0
2019-11-03 19:12:42,pm10,0.0
2019-11-03 19:13:42,pm2.5,0.0
2019-11-03 19:13:42,pm10,0.0
2019-11-03 19:14:42,pm2.5,0.1
2019-11-03 19:14:42,pm10,0.1
2019-11-03 19:15:42,pm2.5,0.0
2019-11-03 19:15:42,pm10,0.0
2019-11-03 19:16:42,pm2.5,0.0
2019-11-03 19:16:42,pm10,0.0
2019-11-03 19:17:42,pm2.5,0.0
2019-11-03 19:17:42,pm10,0.0
2019-11-03 19:18:42,pm2.5,0.0
2019-11-03 19:18:42,pm10,0.0
2019-11-03 19:19:42,pm2.5,0.0
2019-11-03 19:19:42,pm10,0.0
2019-11-03 19:20:42,pm2.5,0.1
2019-11-03 19:20:42,pm10,0.1
2019-11-03 19:21:42,pm2.5,0.1
2019-11-03 19:21:42,pm10,0.2
2019-11-03 19:22:42,pm2.5,0.0
2019-11-03 19:22:42,pm10,0.0
2019-11-03 19:23:42,pm2.5,0.1
2019-11-03 19:23:42,pm10,0.1
2019-11-03 19:24:42,pm2.5,0.0
2019-11-03 19:24:42,pm10,0.0
2019-11-03 19:25:42,pm2.5,0.0
2019-11-03 19:25:42,pm10,0.1
2019-11-03 19:26:42,pm2.5,0.1
2019-11-03 19:26:42,pm10,0.1
2019-11-03 19:27:42,pm2.5,0.0
2019-11-03 19:27:42,pm10,0.0
2019-11-03 19:28:42,pm2.5,0.0
2019-11-03 19:28:42,pm10,0.0
2019-11-03 19:29:42,pm2.5,0.0
2019-11-03 19:29:42,pm10,0.0
2019-11-03 19:30:42,pm2.5,0.1
2019-11-03 19:30:42,pm10,0.1
2019-11-03 19:31:42,pm2.5,0.0
2019-11-03 19:31:42,pm10,0.0
2019-11-03 19:32:42,pm2.5,0.1
2019-11-03 19:32:42,pm10,0.1
2019-11-03 19:33:42,pm2.5,0.0
2019-11-03 19:33:42,pm10,0.0
2019-11-03 19:34:42,pm2.5,0.0
2019-11-03 19:34:42,pm10,0.0
2019-11-03 19:35:42,pm2.5,0.0
2019-11-03 19:35:42,pm10,0.0
2019-11-03 19:36:42,pm2.5,0.1
2019-11-03 19:36:42,pm10,0.1
2019-11-03 19:37:42,pm2.5,0.0
2019-11-03 19:37:42,pm10,0.0
2019-11-03 19:38:42,pm2.5,0.0
2019-11-03 19:38:42,pm10,0.0
2019-11-03 19:39:42,pm2.5,0.0
2019-11-03 19:39:42,pm10,0.1
2019-11-03 19:40:42,pm2.5,0.0
2019-11-03 19:40:42,pm10,0.0
2019-11-03 19:41:42,pm2.5,0.0
2019-11-03 19:41:42,pm10,0.0
2019-11-03 19:42:42,pm2.5,0.0
2019-11-03 19:42:42,pm10,0.1
2019-11-03 19:43:42,pm2.5,0.1
2019-11-03 19:43:42,pm10,0.1
2019-11-03 19:44:42,pm2.5,0.0
2019-11-03 19:44:42,pm10,0.0
2019-11-03 19:45:42,pm2.5,0.0
2019-11-03 19:45:42,pm10,0.0
2019-11-03 19:46:42,pm2.5,0.0
2019-11-03 19:46:42,pm10,0.0
2019-11-03 19:47:42,pm2.5,0.0
2019-11-03 19:47:42,pm10,0.0
2019-11-03 19:48:42,pm2.5,0.0
2019-11-03 19:48:42,pm10,0.0
2019-11-03 19:49:42,pm2.5,0.1
2019-11-03 19:49:42,pm10,0.1
2019-11-03 19:50:42,pm2.5,0.1
2019-11-03 19:50:42,pm10,0.1
2019-11-03 19:51:42,pm2.5,0.1
2019-11-03 19:51:42,pm10,0.1
2019-11-03 19:52:42,pm2.5,0.1
2019-11-03 19:52:42,pm10,0.1
2019-11-03 19:53:42,pm2.5,0.0
2019-11-03 19:53:42,pm10,0.0
2019-11-03 19:54:42,pm2.5,0.0
2019-11-03 19:54:42,pm10,0.0
2019-11-03 19:55:42,pm2.5,0.0
2019-11-03 19:55:42,pm10,0.0
2019-11-03 19:56:42,pm2.5,0.1
2019-11-03 19:56:42,pm10,0.1
2019-11-03 19:57:42,pm2.5,0.0
2019-11-03 19:57:42,pm10,0.0