2019-10-30 01:05:28,pm2.5,2.2
2019-10-30 01:05:28,pm10,5.3
2019-10-30 01:06:28,pm2.5,2.1
2019-10-30 01:06:28,pm10,5.5
2019-10-30 01:07:28,pm2.5,2.2
2019-10-30 01:07:28,pm10,5.4
2019-10-30 01:08:28,pm2.5,21.6
2019-10-30 01:08:28,pm10,32.2
2019-10-30 01:09:28,pm2.5,999.9
2019-10-30 01:09:28,pm10,1999.9
2019-10-30 01:10:28,pm2.5,999.9
2019-10-30 01:10:28,pm10,1999.9
2019-10-30 01:11:28,pm2.5,999.9
2019-10-30 01:11:28,pm10,1999.9
2019-10-30 01:12:28,pm2.5,999.9
2019-10-30 01:12:29,pm10,1999.9
2019-10-30 01:13:28,pm2.5,999.9
2019-10-30 01:13:28,pm10,1999.9
2019-10-30 01:14:29,pm2.5,999.9
2019-10-30 01:14:29,pm10,1999.9
2019-10-30 01:15:28,pm2.5,999.9
2019-10-30 01:15:28,pm10,1999.9
2019-10-30 01:16:28,pm2.5,999.9
2019-10-30 01:16:28,pm10,1728.8
2019-10-30 01:17:28,pm2.5,942.1
2019-10-30 01:17:28,pm10,1456.9
2019-10-30 01:18:25,comment,sealed
2019-10-30 01:18:27,pm2.5,885.9
2019-10-30 01:18:27,pm10,1271.8
2019-10-30 01:19:27,pm2.5,872.8
2019-10-30 01:19:27,pm10,1221.7
2019-10-30 01:20:27,pm2.5,858.9
2019-10-30 01:20:27,pm10,1167.0
2019-10-30 01:21:27,pm2.5,846.2
2019-10-30 01:21:27,pm10,1133.6
2019-10-30 01:22:27,pm2.5,834.7
2019-10-30 01:22:27,pm10,1094.9
2019-10-30 01:23:27,pm2.5,823.4
2019-10-30 01:23:27,pm10,1052.4
2019-10-30 01:24:27,pm2.5,813.0
2019-10-30 01:24:27,pm10,1025.7
2019-10-30 01:25:27,pm2.5,799.5
2019-10-30 01:25:27,pm10,994.0
2019-10-30 01:26:27,pm2.5,782.5
2019-10-30 01:26:27,pm10,958.2
2019-10-30 01:27:27,pm2.5,774.0
2019-10-30 01:27:27,pm10,933.1
2019-10-30 01:28:27,pm2.5,761.8
2019-10-30 01:28:27,pm10,909.2
2019-10-30 01:29:27,pm2.5,753.7
2019-10-30 01:29:27,pm10,881.1
2019-10-30 01:30:27,pm2.5,741.0
2019-10-30 01:30:27,pm10,851.2
2019-10-30 01:31:27,pm2.5,731.2
2019-10-30 01:31:27,pm10,832.2
2019-10-30 01:32:27,pm2.5,721.9
2019-10-30 01:32:27,pm10,811.7
2019-10-30 01:33:27,pm2.5,709.6
2019-10-30 01:33:27,pm10,797.6
2019-10-30 01:34:27,pm2.5,698.7
2019-10-30 01:34:27,pm10,784.5
2019-10-30 01:35:27,pm2.5,685.3
2019-10-30 01:35:27,pm10,768.7
2019-10-30 01:36:27,pm2.5,675.3
2019-10-30 01:36:27,pm10,756.3
2019-10-30 01:37:27,pm2.5,662.9
2019-10-30 01:37:28,pm10,742.8
2019-10-30 01:38:27,pm2.5,655.3
2019-10-30 01:38:28,pm10,732.9
2019-10-30 01:39:27,pm2.5,644.2
2019-10-30 01:39:28,pm10,720.4
2019-10-30 01:40:27,pm2.5,632.5
2019-10-30 01:40:28,pm10,706.2
2019-10-30 01:41:27,pm2.5,622.6
2019-10-30 01:41:28,pm10,694.8
2019-10-30 01:42:27,pm2.5,610.9
2019-10-30 01:42:28,pm10,681.6
2019-10-30 01:43:27,pm2.5,601.2
2019-10-30 01:43:28,pm10,670.6
2019-10-30 01:44:27,pm2.5,595.1
2019-10-30 01:44:28,pm10,662.8
2019-10-30 01:45:28,pm2.5,581.6
2019-10-30 01:45:28,pm10,647.6
2019-10-30 01:46:28,pm2.5,572.5
2019-10-30 01:46:28,pm10,637.4
2019-10-30 01:47:28,pm2.5,556.8
2019-10-30 01:47:28,pm10,619.8
2019-10-30 01:48:28,pm2.5,550.0
2019-10-30 01:48:28,pm10,611.7
2019-10-30 01:49:28,pm2.5,539.9
2019-10-30 01:49:28,pm10,600.2
2019-10-30 01:50:28,pm2.5,536.1
2019-10-30 01:50:28,pm10,596.2
2019-10-30 01:51:28,pm2.5,519.6
2019-10-30 01:51:28,pm10,578.0
2019-10-30 01:52:28,pm2.5,511.5
2019-10-30 01:52:28,pm10,568.5
2019-10-30 01:53:28,pm2.5,503.0
2019-10-30 01:53:28,pm10,559.0
2019-10-30 01:54:28,pm2.5,490.8
2019-10-30 01:54:28,pm10,545.4
2019-10-30 01:55:28,pm2.5,482.9
2019-10-30 01:55:28,pm10,536.7
2019-10-30 01:56:29,pm2.5,477.7
2019-10-30 01:56:29,pm10,530.8
2019-10-30 01:57:28,pm2.5,458.9
2019-10-30 01:57:28,pm10,510.4
2019-10-30 01:58:28,pm2.5,455.0
2019-10-30 01:58:28,pm10,506.0
2019-10-30 01:59:28,pm2.5,452.0
2019-10-30 01:59:28,pm10,502.0
2019-10-30 02:00:29,pm2.5,440.0
2019-10-30 02:00:29,pm10,489.5
2019-10-30 02:01:28,pm2.5,427.2
2019-10-30 02:01:28,pm10,475.1
2019-10-30 02:02:28,pm2.5,425.4
2019-10-30 02:02:28,pm10,473.2
2019-10-30 02:03:28,pm2.5,410.8
2019-10-30 02:03:28,pm10,457.1
2019-10-30 02:04:28,pm2.5,407.0
2019-10-30 02:04:29,pm10,453.1
2019-10-30 02:05:28,pm2.5,392.7
2019-10-30 02:05:28,pm10,437.1
2019-10-30 02:06:28,pm2.5,390.1
2019-10-30 02:06:28,pm10,434.4
2019-10-30 02:07:28,pm2.5,385.1
2019-10-30 02:07:28,pm10,428.0
2019-10-30 02:08:28,pm2.5,372.3
2019-10-30 02:08:28,pm10,414.3
2019-10-30 02:09:28,pm2.5,368.2
2019-10-30 02:09:28,pm10,409.1
2019-10-30 02:10:28,pm2.5,354.1
2019-10-30 02:10:28,pm10,393.4
2019-10-30 02:11:28,pm2.5,346.1
2019-10-30 02:11:28,pm10,384.3
2019-10-30 02:12:29,pm2.5,337.3
2019-10-30 02:12:29,pm10,374.4
2019-10-30 02:13:28,pm2.5,330.1
2019-10-30 02:13:28,pm10,366.2
2019-10-30 02:14:28,pm2.5,320.1
2019-10-30 02:14:28,pm10,355.1
2019-10-30 02:15:28,pm2.5,314.2
2019-10-30 02:15:28,pm10,348.1
2019-10-30 02:16:29,pm2.5,307.9
2019-10-30 02:16:29,pm10,341.3
2019-10-30 02:17:28,pm2.5,302.1
2019-10-30 02:17:28,pm10,334.6
2019-10-30 02:18:28,pm2.5,296.2
2019-10-30 02:18:28,pm10,328.1
2019-10-30 02:19:28,pm2.5,287.4
2019-10-30 02:19:28,pm10,318.1
2019-10-30 02:20:29,pm2.5,281.5
2019-10-30 02:20:29,pm10,311.4
2019-10-30 02:21:28,pm2.5,270.4
2019-10-30 02:21:28,pm10,299.3
2019-10-30 02:22:28,pm2.5,270.4
2019-10-30 02:22:28,pm10,299.1
2019-10-30 02:23:28,pm2.5,260.3
2019-10-30 02:23:28,pm10,287.8
2019-10-30 02:24:27,pm2.5,258.1
2019-10-30 02:24:27,pm10,285.3
2019-10-30 02:25:27,pm2.5,250.7
2019-10-30 02:25:27,pm10,276.9
2019-10-30 02:26:27,pm2.5,241.1
2019-10-30 02:26:27,pm10,266.4
2019-10-30 02:27:27,pm2.5,236.8
2019-10-30 02:27:27,pm10,261.6
2019-10-30 02:28:27,pm2.5,229.9
2019-10-30 02:28:27,pm10,253.8
2019-10-30 02:29:27,pm2.5,224.7
2019-10-30 02:29:27,pm10,248.4
2019-10-30 02:30:27,pm2.5,217.3
2019-10-30 02:30:27,pm10,240.2
2019-10-30 02:31:27,pm2.5,211.2
2019-10-30 02:31:28,pm10,233.3
2019-10-30 02:32:27,pm2.5,213.5
2019-10-30 02:32:27,pm10,235.8
2019-10-30 02:33:27,pm2.5,202.9
2019-10-30 02:33:27,pm10,224.1
2019-10-30 02:34:27,pm2.5,194.5
2019-10-30 02:34:27,pm10,214.9
2019-10-30 02:35:27,pm2.5,189.9
2019-10-30 02:35:27,pm10,209.7
2019-10-30 02:36:27,pm2.5,185.3
2019-10-30 02:36:27,pm10,204.6
2019-10-30 02:37:27,pm2.5,182.0
2019-10-30 02:37:27,pm10,201.1
2019-10-30 02:38:27,pm2.5,171.9
2019-10-30 02:38:27,pm10,190.2
2019-10-30 02:39:27,pm2.5,172.9
2019-10-30 02:39:27,pm10,191.1
2019-10-30 02:40:27,pm2.5,164.1
2019-10-30 02:40:27,pm10,181.2
2019-10-30 02:41:27,pm2.5,162.5
2019-10-30 02:41:27,pm10,179.4
2019-10-30 02:42:27,pm2.5,155.6
2019-10-30 02:42:27,pm10,172.1
2019-10-30 02:43:27,pm2.5,151.2
2019-10-30 02:43:27,pm10,167.0
2019-10-30 02:44:27,pm2.5,149.4
2019-10-30 02:44:27,pm10,165.0
2019-10-30 02:45:27,pm2.5,147.1
2019-10-30 02:45:28,pm10,162.4
2019-10-30 02:46:27,pm2.5,142.4
2019-10-30 02:46:27,pm10,157.2
2019-10-30 02:47:27,pm2.5,138.8
2019-10-30 02:47:28,pm10,153.2
2019-10-30 02:48:27,pm2.5,133.8
2019-10-30 02:48:28,pm10,147.6
2019-10-30 02:49:27,pm2.5,131.1
2019-10-30 02:49:28,pm10,144.6
2019-10-30 02:50:27,pm2.5,128.3
2019-10-30 02:50:28,pm10,141.6
2019-10-30 02:51:27,pm2.5,123.8
2019-10-30 02:51:28,pm10,136.6
2019-10-30 02:52:27,pm2.5,123.2
2019-10-30 02:52:28,pm10,135.7
2019-10-30 02:53:28,pm2.5,118.1
2019-10-30 02:53:28,pm10,130.0
2019-10-30 02:54:28,pm2.5,114.4
2019-10-30 02:54:28,pm10,126.0
2019-10-30 02:55:28,pm2.5,113.2
2019-10-30 02:55:28,pm10,124.6
2019-10-30 02:56:28,pm2.5,108.3
2019-10-30 02:56:28,pm10,119.2
2019-10-30 02:57:28,pm2.5,106.4
2019-10-30 02:57:28,pm10,117.1
2019-10-30 02:58:28,pm2.5,102.6
2019-10-30 02:58:28,pm10,112.8
2019-10-30 02:59:28,pm2.5,100.5
2019-10-30 02:59:28,pm10,110.6
2019-10-30 03:00:28,pm2.5,98.7
2019-10-30 03:00:28,pm10,108.6
2019-10-30 03:01:29,pm2.5,94.3
2019-10-30 03:01:29,pm10,103.9
2019-10-30 03:02:28,pm2.5,93.1
2019-10-30 03:02:28,pm10,102.4
2019-10-30 03:03:28,pm2.5,89.9
2019-10-30 03:03:28,pm10,99.0
2019-10-30 03:04:28,pm2.5,89.4
2019-10-30 03:04:28,pm10,98.2
2019-10-30 03:05:28,pm2.5,85.4
2019-10-30 03:05:28,pm10,94.0
2019-10-30 03:06:28,pm2.5,83.1
2019-10-30 03:06:28,pm10,91.4
2019-10-30 03:07:28,pm2.5,79.5
2019-10-30 03:07:28,pm10,87.4
2019-10-30 03:08:28,pm2.5,80.1
2019-10-30 03:08:28,pm10,88.1
2019-10-30 03:09:28,pm2.5,76.5
2019-10-30 03:09:28,pm10,84.2
2019-10-30 03:10:28,pm2.5,77.1
2019-10-30 03:10:28,pm10,84.8
2019-10-30 03:11:28,pm2.5,73.9
2019-10-30 03:11:28,pm10,81.3
2019-10-30 03:12:28,pm2.5,72.4
2019-10-30 03:12:28,pm10,79.7
2019-10-30 03:13:28,pm2.5,69.9
2019-10-30 03:13:28,pm10,76.9
2019-10-30 03:14:28,pm2.5,66.4
2019-10-30 03:14:28,pm10,73.1
2019-10-30 03:15:29,pm2.5,66.2
2019-10-30 03:15:29,pm10,72.8
2019-10-30 03:16:28,pm2.5,62.9
2019-10-30 03:16:28,pm10,69.2
2019-10-30 03:17:28,pm2.5,62.5
2019-10-30 03:17:28,pm10,68.9
2019-10-30 03:18:28,pm2.5,59.4
2019-10-30 03:18:28,pm10,65.3
2019-10-30 03:20:27,pm2.5,56.3
2019-10-30 03:20:27,pm10,62.0
2019-10-30 03:21:27,pm2.5,54.4
2019-10-30 03:21:27,pm10,59.9
2019-10-30 03:22:27,pm2.5,53.5
2019-10-30 03:22:28,pm10,59.0
2019-10-30 03:23:27,pm2.5,53.7
2019-10-30 03:23:27,pm10,59.1
2019-10-30 03:24:27,pm2.5,50.6
2019-10-30 03:24:27,pm10,55.7
2019-10-30 03:25:27,pm2.5,52.1
2019-10-30 03:25:27,pm10,57.4
2019-10-30 03:26:27,pm2.5,49.5
2019-10-30 03:26:27,pm10,54.4
2019-10-30 03:27:27,pm2.5,47.3
2019-10-30 03:27:27,pm10,52.1
2019-10-30 03:28:27,pm2.5,45.7
2019-10-30 03:28:27,pm10,50.4
2019-10-30 03:29:27,pm2.5,44.0
2019-10-30 03:29:27,pm10,48.5
2019-10-30 03:30:27,pm2.5,42.7
2019-10-30 03:30:27,pm10,47.2
2019-10-30 03:31:27,pm2.5,42.2
2019-10-30 03:31:27,pm10,46.5
2019-10-30 03:32:27,pm2.5,40.1
2019-10-30 03:32:28,pm10,44.1
2019-10-30 03:33:27,pm2.5,41.2
2019-10-30 03:33:28,pm10,45.4
2019-10-30 03:34:27,pm2.5,39.0
2019-10-30 03:34:28,pm10,43.0
2019-10-30 03:35:27,pm2.5,39.2
2019-10-30 03:35:28,pm10,43.2
2019-10-30 03:36:27,pm2.5,37.1
2019-10-30 03:36:28,pm10,40.9
2019-10-30 03:37:27,pm2.5,36.1
2019-10-30 03:37:28,pm10,39.7
2019-10-30 03:38:28,pm2.5,34.7
2019-10-30 03:38:28,pm10,38.3
2019-10-30 03:39:28,pm2.5,33.4
2019-10-30 03:39:28,pm10,36.9
2019-10-30 03:40:28,pm2.5,33.3
2019-10-30 03:40:28,pm10,36.7
2019-10-30 03:41:28,pm2.5,32.6
2019-10-30 03:41:28,pm10,35.9
2019-10-30 03:42:28,pm2.5,31.2
2019-10-30 03:42:28,pm10,34.4
2019-10-30 03:43:29,pm2.5,31.3
2019-10-30 03:43:29,pm10,34.6
2019-10-30 03:44:28,pm2.5,31.4
2019-10-30 03:44:28,pm10,34.7
2019-10-30 03:45:28,pm2.5,29.5
2019-10-30 03:45:28,pm10,32.6
2019-10-30 03:46:28,pm2.5,28.4
2019-10-30 03:46:28,pm10,31.4
2019-10-30 03:47:28,pm2.5,27.7
2019-10-30 03:47:28,pm10,30.6
2019-10-30 03:48:28,pm2.5,27.3
2019-10-30 03:48:28,pm10,30.2
2019-10-30 03:49:28,pm2.5,25.8
2019-10-30 03:49:28,pm10,28.6
2019-10-30 03:50:28,pm2.5,25.1
2019-10-30 03:50:28,pm10,27.8
2019-10-30 03:51:28,pm2.5,25.8
2019-10-30 03:51:28,pm10,28.6
2019-10-30 03:52:28,pm2.5,23.7
2019-10-30 03:52:28,pm10,26.2
2019-10-30 03:53:28,pm2.5,23.7
2019-10-30 03:53:28,pm10,26.3
2019-10-30 03:54:28,pm2.5,23.1
2019-10-30 03:54:28,pm10,25.6
2019-10-30 03:55:28,pm2.5,22.3
2019-10-30 03:55:28,pm10,24.8
2019-10-30 03:56:28,pm2.5,21.8
2019-10-30 03:56:28,pm10,24.1
2019-10-30 03:57:28,pm2.5,21.3
2019-10-30 03:57:28,pm10,23.6
2019-10-30 03:58:29,pm2.5,21.0
2019-10-30 03:58:29,pm10,23.3
2019-10-30 03:59:29,pm2.5,20.0
2019-10-30 03:59:29,pm10,22.2
2019-10-30 04:00:28,pm2.5,19.9
2019-10-30 04:00:28,pm10,22.1
2019-10-30 04:01:28,pm2.5,19.6
2019-10-30 04:01:28,pm10,21.8
2019-10-30 04:02:29,pm2.5,19.1
2019-10-30 04:02:29,pm10,21.2
2019-10-30 04:03:28,pm2.5,17.8
2019-10-30 04:03:28,pm10,19.8
2019-10-30 04:04:28,pm2.5,17.8
2019-10-30 04:04:28,pm10,19.8
2019-10-30 04:05:28,pm2.5,16.8
2019-10-30 04:05:28,pm10,18.8
2019-10-30 04:06:29,pm2.5,16.6
2019-10-30 04:06:29,pm10,18.5
2019-10-30 04:07:28,pm2.5,16.9
2019-10-30 04:07:28,pm10,18.8
2019-10-30 04:08:28,pm2.5,16.5
2019-10-30 04:08:28,pm10,18.4
2019-10-30 04:10:27,pm2.5,14.9
2019-10-30 04:10:27,pm10,16.7
2019-10-30 04:11:27,pm2.5,14.6
2019-10-30 04:11:27,pm10,16.3
2019-10-30 04:12:27,pm2.5,14.0
2019-10-30 04:12:27,pm10,15.7
2019-10-30 04:13:27,pm2.5,13.7
2019-10-30 04:13:27,pm10,15.3
2019-10-30 04:14:27,pm2.5,13.2
2019-10-30 04:14:27,pm10,14.8
2019-10-30 04:15:27,pm2.5,13.0
2019-10-30 04:15:27,pm10,14.6
2019-10-30 04:16:27,pm2.5,12.6
2019-10-30 04:16:27,pm10,14.3
2019-10-30 04:17:27,pm2.5,12.4
2019-10-30 04:17:27,pm10,14.1
2019-10-30 04:18:27,pm2.5,12.0
2019-10-30 04:18:27,pm10,14.0
2019-10-30 04:19:27,pm2.5,11.7
2019-10-30 04:19:27,pm10,13.6
2019-10-30 04:20:27,pm2.5,11.4
2019-10-30 04:20:27,pm10,13.5
2019-10-30 04:21:27,pm2.5,11.1
2019-10-30 04:21:27,pm10,12.9
2019-10-30 04:22:27,pm2.5,10.5
2019-10-30 04:22:28,pm10,12.8
2019-10-30 04:23:27,pm2.5,10.4
2019-10-30 04:23:28,pm10,12.7
2019-10-30 04:24:27,pm2.5,10.1
2019-10-30 04:24:28,pm10,12.2
2019-10-30 04:25:27,pm2.5,10.0
2019-10-30 04:25:28,pm10,12.1
2019-10-30 04:26:27,pm2.5,10.3
2019-10-30 04:26:28,pm10,12.7
2019-10-30 04:27:27,pm2.5,9.8
2019-10-30 04:27:28,pm10,12.2
2019-10-30 04:28:27,pm2.5,9.9
2019-10-30 04:28:28,pm10,12.3
2019-10-30 04:29:28,pm2.5,9.4
2019-10-30 04:29:28,pm10,11.7
2019-10-30 04:30:28,pm2.5,8.8
2019-10-30 04:30:28,pm10,11.2
2019-10-30 04:31:28,pm2.5,8.2
2019-10-30 04:31:28,pm10,11.1
2019-10-30 04:32:28,pm2.5,8.5
2019-10-30 04:32:28,pm10,11.2
2019-10-30 04:33:28,pm2.5,8.2
2019-10-30 04:33:28,pm10,11.0
2019-10-30 04:34:28,pm2.5,7.9
2019-10-30 04:34:28,pm10,10.6
2019-10-30 04:35:28,pm2.5,7.8
2019-10-30 04:35:28,pm10,10.6
2019-10-30 04:36:28,pm2.5,7.6
2019-10-30 04:36:28,pm10,10.5
2019-10-30 04:37:28,pm2.5,7.6
2019-10-30 04:37:28,pm10,10.5
2019-10-30 04:38:28,pm2.5,7.2
2019-10-30 04:38:28,pm10,10.0
2019-10-30 04:39:28,pm2.5,6.6
2019-10-30 04:39:28,pm10,9.4
2019-10-30 04:40:28,pm2.5,6.7
2019-10-30 04:40:28,pm10,9.7
2019-10-30 04:41:28,pm2.5,6.8
2019-10-30 04:41:28,pm10,9.7
2019-10-30 04:42:28,pm2.5,6.3
2019-10-30 04:42:28,pm10,9.4
2019-10-30 04:43:28,pm2.5,6.5
2019-10-30 04:43:28,pm10,9.6
2019-10-30 04:44:29,pm2.5,6.0
2019-10-30 04:44:29,pm10,9.0
2019-10-30 04:45:28,pm2.5,6.2
2019-10-30 04:45:28,pm10,9.3
2019-10-30 04:46:28,pm2.5,5.7
2019-10-30 04:46:28,pm10,8.8
2019-10-30 04:47:28,pm2.5,5.5
2019-10-30 04:47:28,pm10,8.8
2019-10-30 04:48:28,pm2.5,5.4
2019-10-30 04:48:28,pm10,8.7
2019-10-30 04:49:28,pm2.5,5.5
2019-10-30 04:49:28,pm10,8.8
2019-10-30 04:50:28,pm2.5,5.5
2019-10-30 04:50:28,pm10,8.9
2019-10-30 04:51:28,pm2.5,4.8
2019-10-30 04:51:28,pm10,8.2
2019-10-30 04:52:27,pm2.5,5.0
2019-10-30 04:52:27,pm10,8.4
2019-10-30 04:53:29,pm2.5,4.8
2019-10-30 04:53:29,pm10,8.2
2019-10-30 04:54:28,pm2.5,4.5
2019-10-30 04:54:28,pm10,7.9
2019-10-30 04:55:28,pm2.5,4.4
2019-10-30 04:55:28,pm10,7.8
2019-10-30 04:57:27,pm2.5,4.5
2019-10-30 04:57:27,pm10,8.0
2019-10-30 04:58:27,pm2.5,4.0
2019-10-30 04:58:27,pm10,7.7
2019-10-30 04:59:27,pm2.5,4.2
2019-10-30 04:59:27,pm10,7.7
2019-10-30 05:00:27,pm2.5,4.1
2019-10-30 05:00:27,pm10,7.6
2019-10-30 05:01:27,pm2.5,3.8
2019-10-30 05:01:27,pm10,7.4
2019-10-30 05:02:27,pm2.5,3.8
2019-10-30 05:02:27,pm10,7.4
2019-10-30 05:03:27,pm2.5,3.8
2019-10-30 05:03:27,pm10,7.5
2019-10-30 05:04:27,pm2.5,3.5
2019-10-30 05:04:27,pm10,6.9
2019-10-30 05:05:27,pm2.5,3.8
2019-10-30 05:05:27,pm10,7.5
2019-10-30 05:06:27,pm2.5,3.4
2019-10-30 05:06:27,pm10,6.9
2019-10-30 05:07:27,pm2.5,3.4
2019-10-30 05:07:27,pm10,7.2
2019-10-30 05:08:27,pm2.5,3.2
2019-10-30 05:08:28,pm10,6.6
2019-10-30 05:09:27,pm2.5,3.3
2019-10-30 05:09:28,pm10,6.8
2019-10-30 05:10:27,pm2.5,2.9
2019-10-30 05:10:28,pm10,6.1
2019-10-30 05:11:27,pm2.5,3.2
2019-10-30 05:11:28,pm10,7.0
2019-10-30 05:12:27,pm2.5,3.0
2019-10-30 05:12:28,pm10,6.6
2019-10-30 05:13:28,pm2.5,3.1
2019-10-30 05:13:28,pm10,6.7
2019-10-30 05:14:28,pm2.5,2.7
2019-10-30 05:14:28,pm10,5.9
2019-10-30 05:15:28,pm2.5,2.7
2019-10-30 05:15:28,pm10,6.0
2019-10-30 05:16:28,pm2.5,2.7
2019-10-30 05:16:28,pm10,5.9
2019-10-30 05:17:28,pm2.5,2.7
2019-10-30 05:17:28,pm10,6.0
2019-10-30 05:18:28,pm2.5,2.6
2019-10-30 05:18:28,pm10,5.7
2019-10-30 05:19:28,pm2.5,2.4
2019-10-30 05:19:28,pm10,5.0
2019-10-30 05:20:28,pm2.5,2.3
2019-10-30 05:20:28,pm10,5.1
2019-10-30 05:21:29,pm2.5,2.3
2019-10-30 05:21:29,pm10,5.1
2019-10-30 05:22:28,pm2.5,2.2
2019-10-30 05:22:28,pm10,4.9
2019-10-30 05:23:28,pm2.5,2.3
2019-10-30 05:23:28,pm10,5.3
2019-10-30 05:24:28,pm2.5,2.2
2019-10-30 05:24:28,pm10,4.9
2019-10-30 05:25:28,pm2.5,2.3
2019-10-30 05:25:28,pm10,5.5
2019-10-30 05:26:28,pm2.5,2.3
2019-10-30 05:26:28,pm10,5.0
2019-10-30 05:27:29,pm2.5,1.8
2019-10-30 05:27:29,pm10,4.0
2019-10-30 05:28:28,pm2.5,2.0
2019-10-30 05:28:28,pm10,4.7
2019-10-30 05:29:28,pm2.5,1.9
2019-10-30 05:29:28,pm10,4.4
2019-10-30 05:30:28,pm2.5,1.9
2019-10-30 05:30:28,pm10,4.3
2019-10-30 05:31:28,pm2.5,1.9
2019-10-30 05:31:28,pm10,3.9
2019-10-30 05:32:28,pm2.5,1.8
2019-10-30 05:32:28,pm10,4.0
2019-10-30 05:33:28,pm2.5,1.8
2019-10-30 05:33:28,pm10,4.2
2019-10-30 05:34:28,pm2.5,1.7
2019-10-30 05:34:28,pm10,3.8
2019-10-30 05:35:28,pm2.5,1.7
2019-10-30 05:35:28,pm10,3.9
2019-10-30 05:36:29,pm2.5,1.5
2019-10-30 05:36:29,pm10,3.3
2019-10-30 05:37:29,pm2.5,1.7
2019-10-30 05:37:29,pm10,3.9
2019-10-30 05:38:28,pm2.5,1.7
2019-10-30 05:38:28,pm10,3.9
2019-10-30 05:39:28,pm2.5,1.6
2019-10-30 05:39:28,pm10,3.4
2019-10-30 05:40:28,pm2.5,1.5
2019-10-30 05:40:28,pm10,3.2
2019-10-30 05:41:27,pm2.5,1.5
2019-10-30 05:41:27,pm10,3.4
2019-10-30 05:42:27,pm2.5,1.3
2019-10-30 05:42:27,pm10,2.6
2019-10-30 05:43:27,pm2.5,1.5
2019-10-30 05:43:27,pm10,3.0
2019-10-30 05:44:27,pm2.5,1.5
2019-10-30 05:44:27,pm10,3.2
2019-10-30 05:45:27,pm2.5,1.3
2019-10-30 05:45:27,pm10,2.6
2019-10-30 05:46:27,pm2.5,1.4
2019-10-30 05:46:27,pm10,3.0
2019-10-30 05:47:27,pm2.5,1.3
2019-10-30 05:47:27,pm10,2.8
2019-10-30 05:48:27,pm2.5,1.1
2019-10-30 05:48:27,pm10,2.3
2019-10-30 05:49:27,pm2.5,1.1
2019-10-30 05:49:27,pm10,2.2
2019-10-30 05:50:27,pm2.5,1.1
2019-10-30 05:50:27,pm10,2.1
2019-10-30 05:51:27,pm2.5,1.2
2019-10-30 05:51:27,pm10,2.3
2019-10-30 05:52:27,pm2.5,1.1
2019-10-30 05:52:27,pm10,2.2
2019-10-30 05:53:27,pm2.5,1.2
2019-10-30 05:53:28,pm10,2.5
2019-10-30 05:54:27,pm2.5,1.1
2019-10-30 05:54:28,pm10,2.1
2019-10-30 05:55:27,pm2.5,1.2
2019-10-30 05:55:28,pm10,2.9
2019-10-30 05:56:27,pm2.5,1.2
2019-10-30 05:56:28,pm10,2.4
2019-10-30 05:57:28,pm2.5,1.0
2019-10-30 05:57:28,pm10,1.7
2019-10-30 05:58:28,pm2.5,1.0
2019-10-30 05:58:28,pm10,2.1
2019-10-30 05:59:28,pm2.5,1.0
2019-10-30 05:59:28,pm10,1.8
2019-10-30 06:00:28,pm2.5,0.9
2019-10-30 06:00:28,pm10,1.7
2019-10-30 06:01:28,pm2.5,1.0
2019-10-30 06:01:28,pm10,2.0
2019-10-30 06:02:29,pm2.5,0.9
2019-10-30 06:02:29,pm10,1.4
2019-10-30 06:03:28,pm2.5,0.8
2019-10-30 06:03:28,pm10,1.4
2019-10-30 06:04:28,pm2.5,0.9
2019-10-30 06:04:28,pm10,1.6
2019-10-30 06:05:28,pm2.5,0.9
2019-10-30 06:05:28,pm10,1.7
2019-10-30 06:06:28,pm2.5,0.8
2019-10-30 06:06:28,pm10,1.5
2019-10-30 06:07:28,pm2.5,0.9
2019-10-30 06:07:28,pm10,1.5
2019-10-30 06:08:28,pm2.5,0.7
2019-10-30 06:08:28,pm10,1.0
2019-10-30 06:09:28,pm2.5,0.8
2019-10-30 06:09:28,pm10,1.3
2019-10-30 06:10:28,pm2.5,0.8
2019-10-30 06:10:28,pm10,1.4
2019-10-30 06:11:28,pm2.5,0.9
2019-10-30 06:11:28,pm10,1.7
2019-10-30 06:12:28,pm2.5,0.7
2019-10-30 06:12:28,pm10,1.2
2019-10-30 06:13:28,pm2.5,0.7
2019-10-30 06:13:28,pm10,1.0
2019-10-30 06:14:28,pm2.5,0.7
2019-10-30 06:14:28,pm10,1.0
2019-10-30 06:15:28,pm2.5,0.6
2019-10-30 06:15:28,pm10,0.9
2019-10-30 06:16:28,pm2.5,0.7
2019-10-30 06:16:28,pm10,1.0
2019-10-30 06:17:29,pm2.5,0.8
2019-10-30 06:17:29,pm10,1.4
2019-10-30 06:18:28,pm2.5,0.7
2019-10-30 06:18:28,pm10,0.8
2019-10-30 06:19:28,pm2.5,0.7
2019-10-30 06:19:28,pm10,1.0
2019-10-30 06:20:28,pm2.5,0.6
2019-10-30 06:20:28,pm10,0.8
2019-10-30 06:21:28,pm2.5,0.6
2019-10-30 06:21:28,pm10,1.0
2019-10-30 06:22:27,pm2.5,0.7
2019-10-30 06:22:28,pm10,1.0
2019-10-30 06:23:27,pm2.5,0.6
2019-10-30 06:23:27,pm10,0.8
2019-10-30 06:24:27,pm2.5,0.6
2019-10-30 06:24:27,pm10,0.9
2019-10-30 06:25:27,pm2.5,0.6
2019-10-30 06:25:27,pm10,0.8
2019-10-30 06:26:27,pm2.5,0.6
2019-10-30 06:26:27,pm10,0.8
2019-10-30 06:27:27,pm2.5,0.6
2019-10-30 06:27:27,pm10,1.0
2019-10-30 06:28:27,pm2.5,0.5
2019-10-30 06:28:27,pm10,0.6
2019-10-30 06:29:27,pm2.5,0.6
2019-10-30 06:29:27,pm10,0.7
2019-10-30 06:30:27,pm2.5,0.5
2019-10-30 06:30:28,pm10,0.5
2019-10-30 06:31:27,pm2.5,0.5
2019-10-30 06:31:27,pm10,0.6
2019-10-30 06:32:27,pm2.5,0.6
2019-10-30 06:32:27,pm10,0.7
2019-10-30 06:33:27,pm2.5,0.6
2019-10-30 06:33:28,pm10,0.9
2019-10-30 06:34:27,pm2.5,0.5
2019-10-30 06:34:28,pm10,0.5
2019-10-30 06:35:27,pm2.5,0.5
2019-10-30 06:35:28,pm10,0.6
2019-10-30 06:36:27,pm2.5,0.5
2019-10-30 06:36:28,pm10,0.8
2019-10-30 06:37:28,pm2.5,0.5
2019-10-30 06:37:28,pm10,0.8
2019-10-30 06:38:28,pm2.5,0.5
2019-10-30 06:38:28,pm10,0.5
2019-10-30 06:39:28,pm2.5,0.5
2019-10-30 06:39:28,pm10,0.6
2019-10-30 06:40:28,pm2.5,0.4
2019-10-30 06:40:28,pm10,0.4
2019-10-30 06:41:28,pm2.5,0.4
2019-10-30 06:41:28,pm10,0.4
2019-10-30 06:42:28,pm2.5,0.4
2019-10-30 06:42:28,pm10,0.6
2019-10-30 06:43:28,pm2.5,0.3
2019-10-30 06:43:28,pm10,0.3
2019-10-30 06:44:28,pm2.5,0.5
2019-10-30 06:44:28,pm10,0.7
2019-10-30 06:45:29,pm2.5,0.4
2019-10-30 06:45:29,pm10,0.4
2019-10-30 06:46:28,pm2.5,0.4
2019-10-30 06:46:28,pm10,0.4
2019-10-30 06:47:28,pm2.5,0.3
2019-10-30 06:47:28,pm10,0.4
2019-10-30 06:48:28,pm2.5,0.4
2019-10-30 06:48:28,pm10,0.4
2019-10-30 06:49:28,pm2.5,0.3
2019-10-30 06:49:28,pm10,0.3
2019-10-30 06:50:28,pm2.5,0.4
2019-10-30 06:50:28,pm10,0.4
2019-10-30 06:51:28,pm2.5,0.3
2019-10-30 06:51:28,pm10,0.3
2019-10-30 06:52:28,pm2.5,0.4
2019-10-30 06:52:28,pm10,0.4
2019-10-30 06:53:28,pm2.5,0.4
2019-10-30 06:53:28,pm10,0.5
2019-10-30 06:54:28,pm2.5,0.3
2019-10-30 06:54:28,pm10,0.3
2019-10-30 06:55:28,pm2.5,0.4
2019-10-30 06:55:28,pm10,0.4
2019-10-30 06:56:29,pm2.5,0.3
2019-10-30 06:56:29,pm10,0.3
2019-10-30 06:57:28,pm2.5,0.4
2019-10-30 06:57:28,pm10,0.4
2019-10-30 06:58:28,pm2.5,0.4
2019-10-30 06:58:28,pm10,0.4
2019-10-30 06:59:28,pm2.5,0.4
2019-10-30 06:59:28,pm10,0.4
2019-10-30 07:00:29,pm2.5,0.3
2019-10-30 07:00:29,pm10,0.3
2019-10-30 07:01:28,pm2.5,0.3
2019-10-30 07:01:29,pm10,0.3
2019-10-30 07:02:28,pm2.5,0.3
2019-10-30 07:02:28,pm10,0.3
2019-10-30 07:03:28,pm2.5,0.2
2019-10-30 07:03:28,pm10,0.2
2019-10-30 07:04:28,pm2.5,0.3
2019-10-30 07:04:28,pm10,0.3
2019-10-30 07:05:27,pm2.5,0.3
2019-10-30 07:05:27,pm10,0.3
2019-10-30 07:06:27,pm2.5,0.3
2019-10-30 07:06:27,pm10,0.3
2019-10-30 07:07:27,pm2.5,0.3
2019-10-30 07:07:27,pm10,0.3
2019-10-30 07:08:27,pm2.5,0.3
2019-10-30 07:08:27,pm10,0.3
2019-10-30 07:09:27,pm2.5,0.2
2019-10-30 07:09:27,pm10,0.2
2019-10-30 07:10:27,pm2.5,0.3
2019-10-30 07:10:28,pm10,0.3
2019-10-30 07:11:27,pm2.5,0.2
2019-10-30 07:11:27,pm10,0.2
2019-10-30 07:12:27,pm2.5,0.2
2019-10-30 07:12:27,pm10,0.2
2019-10-30 07:13:27,pm2.5,0.3
2019-10-30 07:13:27,pm10,0.3
2019-10-30 07:14:27,pm2.5,0.1
2019-10-30 07:14:27,pm10,0.1
2019-10-30 07:15:27,pm2.5,0.2
2019-10-30 07:15:28,pm10,0.2
2019-10-30 07:16:27,pm2.5,0.1
2019-10-30 07:16:27,pm10,0.1
2019-10-30 07:17:27,pm2.5,0.2
2019-10-30 07:17:27,pm10,0.2
2019-10-30 07:18:27,pm2.5,0.2
2019-10-30 07:18:27,pm10,0.2
2019-10-30 07:19:27,pm2.5,0.2
2019-10-30 07:19:27,pm10,0.2
2019-10-30 07:20:27,pm2.5,0.2
2019-10-30 07:20:28,pm10,0.2
2019-10-30 07:21:27,pm2.5,0.2
2019-10-30 07:21:28,pm10,0.2
2019-10-30 07:22:27,pm2.5,0.2
2019-10-30 07:22:28,pm10,0.3
2019-10-30 07:23:27,pm2.5,0.2
2019-10-30 07:23:28,pm10,0.2
2019-10-30 07:24:27,pm2.5,0.3
2019-10-30 07:24:28,pm10,0.3
2019-10-30 07:25:27,pm2.5,0.1
2019-10-30 07:25:28,pm10,0.1
2019-10-30 07:26:28,pm2.5,0.2
2019-10-30 07:26:28,pm10,0.2
2019-10-30 07:27:28,pm2.5,0.2
2019-10-30 07:27:28,pm10,0.2
2019-10-30 07:28:28,pm2.5,0.2
2019-10-30 07:28:28,pm10,0.2
2019-10-30 07:29:28,pm2.5,0.2
2019-10-30 07:29:28,pm10,0.2
2019-10-30 07:30:28,pm2.5,0.1
2019-10-30 07:30:28,pm10,0.1
2019-10-30 07:31:28,pm2.5,0.1
2019-10-30 07:31:28,pm10,0.1
2019-10-30 07:32:28,pm2.5,0.1
2019-10-30 07:32:28,pm10,0.1
2019-10-30 07:33:28,pm2.5,0.2
2019-10-30 07:33:28,pm10,0.5
2019-10-30 07:34:28,pm2.5,0.2
2019-10-30 07:34:28,pm10,0.2
2019-10-30 07:35:28,pm2.5,0.3
2019-10-30 07:35:28,pm10,0.3
2019-10-30 07:36:28,pm2.5,0.2
2019-10-30 07:36:28,pm10,0.2
2019-10-30 07:37:28,pm2.5,0.1
2019-10-30 07:37:28,pm10,0.1
2019-10-30 07:38:28,pm2.5,0.1
2019-10-30 07:38:28,pm10,0.1
2019-10-30 07:39:28,pm2.5,0.2
2019-10-30 07:39:28,pm10,0.2
2019-10-30 07:40:29,pm2.5,0.1
2019-10-30 07:40:29,pm10,0.1
2019-10-30 07:41:28,pm2.5,0.1
2019-10-30 07:41:28,pm10,0.1
2019-10-30 07:42:28,pm2.5,0.2
2019-10-30 07:42:28,pm10,0.2
2019-10-30 07:43:28,pm2.5,0.1
2019-10-30 07:43:28,pm10,0.1
2019-10-30 07:44:29,pm2.5,0.1
2019-10-30 07:44:29,pm10,0.1
2019-10-30 07:45:28,pm2.5,0.1
2019-10-30 07:45:28,pm10,0.1
2019-10-30 07:46:28,pm2.5,0.1
2019-10-30 07:46:28,pm10,0.1
2019-10-30 07:47:28,pm2.5,0.2
2019-10-30 07:47:28,pm10,0.2
2019-10-30 07:48:28,pm2.5,0.1
2019-10-30 07:48:28,pm10,0.1
2019-10-30 07:49:28,pm2.5,0.1
2019-10-30 07:49:28,pm10,0.1
2019-10-30 07:50:29,pm2.5,0.2
2019-10-30 07:50:29,pm10,0.2
2019-10-30 07:51:28,pm2.5,0.1
2019-10-30 07:51:28,pm10,0.1
2019-10-30 07:52:28,pm2.5,0.1
2019-10-30 07:52:28,pm10,0.1
2019-10-30 07:53:28,pm2.5,0.1
2019-10-30 07:53:28,pm10,0.1
2019-10-30 07:54:29,pm2.5,0.1
2019-10-30 07:54:29,pm10,0.1
2019-10-30 07:55:28,pm2.5,0.2
2019-10-30 07:55:28,pm10,0.2
2019-10-30 07:56:28,pm2.5,0.1
2019-10-30 07:56:28,pm10,0.1
2019-10-30 07:57:28,pm2.5,0.1
2019-10-30 07:57:28,pm10,0.1
2019-10-30 07:58:28,pm2.5,0.1
2019-10-30 07:58:28,pm10,0.1
2019-10-30 07:59:28,pm2.5,0.2
2019-10-30 07:59:28,pm10,0.2
2019-10-30 08:01:27,pm2.5,0.1
2019-10-30 08:01:27,pm10,0.1
2019-10-30 08:02:27,pm2.5,0.1
2019-10-30 08:02:27,pm10,0.1
2019-10-30 08:03:27,pm2.5,0.1
2019-10-30 08:03:27,pm10,0.1
2019-10-30 08:04:27,pm2.5,0.1
2019-10-30 08:04:27,pm10,0.1
2019-10-30 08:05:27,pm2.5,0.0
2019-10-30 08:05:27,pm10,0.0
2019-10-30 08:06:27,pm2.5,0.1
2019-10-30 08:06:27,pm10,0.1
2019-10-30 08:07:27,pm2.5,0.0
2019-10-30 08:07:27,pm10,0.0
2019-10-30 08:08:27,pm2.5,0.1
2019-10-30 08:08:27,pm10,0.1
2019-10-30 08:09:27,pm2.5,0.1
2019-10-30 08:09:27,pm10,0.1
2019-10-30 08:10:27,pm2.5,0.1
2019-10-30 08:10:27,pm10,0.1
2019-10-30 08:11:27,pm2.5,0.1
2019-10-30 08:11:28,pm10,0.1
2019-10-30 08:12:27,pm2.5,0.1
2019-10-30 08:12:27,pm10,0.1
2019-10-30 08:13:27,pm2.5,0.1
2019-10-30 08:13:27,pm10,0.1
2019-10-30 08:14:27,pm2.5,0.0
2019-10-30 08:14:27,pm10,0.0
2019-10-30 08:15:27,pm2.5,0.0
2019-10-30 08:15:27,pm10,0.0
2019-10-30 08:16:27,pm2.5,0.0
2019-10-30 08:16:27,pm10,0.0
2019-10-30 08:17:27,pm2.5,0.1
2019-10-30 08:17:27,pm10,0.1
2019-10-30 08:18:27,pm2.5,0.1
2019-10-30 08:18:28,pm10,0.1
2019-10-30 08:19:27,pm2.5,0.2
2019-10-30 08:19:28,pm10,0.2
2019-10-30 08:20:27,pm2.5,0.1
2019-10-30 08:20:28,pm10,0.1
2019-10-30 08:21:27,pm2.5,0.0
2019-10-30 08:21:28,pm10,0.0
2019-10-30 08:22:27,pm2.5,0.1
2019-10-30 08:22:28,pm10,0.1
2019-10-30 08:23:27,pm2.5,0.0
2019-10-30 08:23:28,pm10,0.0
2019-10-30 08:24:27,pm2.5,0.1
2019-10-30 08:24:28,pm10,0.1
2019-10-30 08:25:28,pm2.5,0.1
2019-10-30 08:25:28,pm10,0.1
2019-10-30 08:26:28,pm2.5,0.0
2019-10-30 08:26:28,pm10,0.0
2019-10-30 08:27:28,pm2.5,0.1
2019-10-30 08:27:28,pm10,0.1
2019-10-30 08:28:28,pm2.5,0.1
2019-10-30 08:28:28,pm10,0.1
2019-10-30 08:29:28,pm2.5,0.0
2019-10-30 08:29:28,pm10,0.0
2019-10-30 08:30:28,pm2.5,0.1
2019-10-30 08:30:28,pm10,0.1
2019-10-30 08:31:28,pm2.5,0.0
2019-10-30 08:31:28,pm10,0.0
2019-10-30 08:32:28,pm2.5,0.0
2019-10-30 08:32:28,pm10,0.0
2019-10-30 08:33:28,pm2.5,0.0
2019-10-30 08:33:28,pm10,0.0
2019-10-30 08:34:28,pm2.5,0.1
2019-10-30 08:34:28,pm10,0.1
2019-10-30 08:35:28,pm2.5,0.1
2019-10-30 08:35:28,pm10,0.1
2019-10-30 08:36:28,pm2.5,0.1
2019-10-30 08:36:28,pm10,0.1
2019-10-30 08:37:28,pm2.5,0.1
2019-10-30 08:37:28,pm10,0.1
2019-10-30 08:38:28,pm2.5,0.0
2019-10-30 08:38:28,pm10,0.0
2019-10-30 08:39:28,pm2.5,0.0
2019-10-30 08:39:28,pm10,0.0
2019-10-30 08:40:28,pm2.5,0.0
2019-10-30 08:40:28,pm10,0.0
2019-10-30 08:41:28,pm2.5,0.1
2019-10-30 08:41:28,pm10,0.1
2019-10-30 08:42:28,pm2.5,0.1
2019-10-30 08:42:28,pm10,0.1
2019-10-30 08:43:28,pm2.5,0.0
2019-10-30 08:43:28,pm10,0.0
2019-10-30 08:44:28,pm2.5,0.1
2019-10-30 08:44:28,pm10,0.1
2019-10-30 08:45:28,pm2.5,0.1
2019-10-30 08:45:28,pm10,0.1
2019-10-30 08:46:28,pm2.5,0.0
2019-10-30 08:46:28,pm10,0.0
2019-10-30 08:47:28,pm2.5,0.0
2019-10-30 08:47:28,pm10,0.0
2019-10-30 08:48:28,pm2.5,0.0
2019-10-30 08:48:28,pm10,0.0
2019-10-30 08:49:28,pm2.5,0.0
2019-10-30 08:49:28,pm10,0.0
2019-10-30 08:50:28,pm2.5,0.0
2019-10-30 08:50:28,pm10,0.0
2019-10-30 08:51:28,pm2.5,0.1
2019-10-30 08:51:28,pm10,0.1
2019-10-30 08:52:28,pm2.5,0.1
2019-10-30 08:52:28,pm10,0.1
2019-10-30 08:53:28,pm2.5,0.0
2019-10-30 08:53:28,pm10,0.0
2019-10-30 08:54:28,pm2.5,0.0
2019-10-30 08:54:28,pm10,0.0
2019-10-30 08:55:28,pm2.5,0.0
2019-10-30 08:55:28,pm10,0.0
2019-10-30 08:56:28,pm2.5,0.0
2019-10-30 08:56:28,pm10,0.0
2019-10-30 08:57:28,pm2.5,0.0
2019-10-30 08:57:28,pm10,0.0
2019-10-30 08:58:28,pm2.5,0.0
2019-10-30 08:58:28,pm10,0.0
2019-10-30 08:59:28,pm2.5,0.1
2019-10-30 08:59:28,pm10,0.1
2019-10-30 09:00:28,pm2.5,0.1
2019-10-30 09:00:28,pm10,0.1
2019-10-30 09:01:28,pm2.5,0.1
2019-10-30 09:01:28,pm10,0.1
2019-10-30 09:02:28,pm2.5,0.1
2019-10-30 09:02:28,pm10,0.1
2019-10-30 09:03:28,pm2.5,0.0
2019-10-30 09:03:28,pm10,0.0
2019-10-30 09:04:28,pm2.5,0.0
2019-10-30 09:04:28,pm10,0.0
2019-10-30 09:06:27,pm2.5,0.0
2019-10-30 09:06:27,pm10,0.0
2019-10-30 09:07:27,pm2.5,0.1
2019-10-30 09:07:27,pm10,0.1
2019-10-30 09:08:27,pm2.5,0.0
2019-10-30 09:08:27,pm10,0.0
2019-10-30 09:09:27,pm2.5,0.1
2019-10-30 09:09:27,pm10,0.2
2019-10-30 09:10:27,pm2.5,0.0
2019-10-30 09:10:27,pm10,0.0
2019-10-30 09:11:27,pm2.5,0.0
2019-10-30 09:11:27,pm10,0.0
2019-10-30 09:12:27,pm2.5,0.0
2019-10-30 09:12:27,pm10,0.0
2019-10-30 09:13:27,pm2.5,0.1
2019-10-30 09:13:27,pm10,0.1
2019-10-30 09:14:27,pm2.5,0.0
2019-10-30 09:14:27,pm10,0.0
2019-10-30 09:15:27,pm2.5,0.0
2019-10-30 09:15:27,pm10,0.0
2019-10-30 09:16:27,pm2.5,0.0
2019-10-30 09:16:27,pm10,0.0
2019-10-30 09:17:27,pm2.5,0.0
2019-10-30 09:17:27,pm10,0.0
2019-10-30 09:18:27,pm2.5,0.1
2019-10-30 09:18:28,pm10,0.1
2019-10-30 09:19:27,pm2.5,0.0
2019-10-30 09:19:27,pm10,0.0
2019-10-30 09:20:27,pm2.5,0.1
2019-10-30 09:20:27,pm10,0.1
2019-10-30 09:21:27,pm2.5,0.1
2019-10-30 09:21:27,pm10,0.2
2019-10-30 09:22:27,pm2.5,0.0
2019-10-30 09:22:28,pm10,0.0
2019-10-30 09:23:27,pm2.5,0.0
2019-10-30 09:23:28,pm10,0.0
2019-10-30 09:24:27,pm2.5,0.0
2019-10-30 09:24:28,pm10,0.0
2019-10-30 09:25:27,pm2.5,0.0
2019-10-30 09:25:28,pm10,0.0
2019-10-30 09:26:27,pm2.5,0.0
2019-10-30 09:26:28,pm10,0.0
2019-10-30 09:27:27,pm2.5,0.0
2019-10-30 09:27:28,pm10,0.0
2019-10-30 09:28:27,pm2.5,0.0
2019-10-30 09:28:28,pm10,0.0
2019-10-30 09:29:27,pm2.5,0.0
2019-10-30 09:29:28,pm10,0.0
2019-10-30 09:30:28,pm2.5,0.0
2019-10-30 09:30:28,pm10,0.0
2019-10-30 09:31:28,pm2.5,0.1
2019-10-30 09:31:28,pm10,0.1
2019-10-30 09:32:28,pm2.5,0.0
2019-10-30 09:32:28,pm10,0.0
2019-10-30 09:33:28,pm2.5,0.0
2019-10-30 09:33:28,pm10,0.0
2019-10-30 09:34:28,pm2.5,0.0
2019-10-30 09:34:28,pm10,0.0
2019-10-30 09:35:28,pm2.5,0.0
2019-10-30 09:35:28,pm10,0.0
2019-10-30 09:36:28,pm2.5,0.0
2019-10-30 09:36:28,pm10,0.0
2019-10-30 09:37:28,pm2.5,0.1
2019-10-30 09:37:28,pm10,0.1
2019-10-30 09:38:28,pm2.5,0.0
2019-10-30 09:38:28,pm10,0.0
2019-10-30 09:39:28,pm2.5,0.0
2019-10-30 09:39:28,pm10,0.0
2019-10-30 09:40:28,pm2.5,0.0
2019-10-30 09:40:28,pm10,0.0
2019-10-30 09:41:28,pm2.5,0.0
2019-10-30 09:41:28,pm10,0.0
2019-10-30 09:42:28,pm2.5,0.0
2019-10-30 09:42:28,pm10,0.0
2019-10-30 09:43:28,pm2.5,0.1
2019-10-30 09:43:28,pm10,0.1
2019-10-30 09:44:28,pm2.5,0.1
2019-10-30 09:44:28,pm10,0.1
2019-10-30 09:45:28,pm2.5,0.0
2019-10-30 09:45:28,pm10,0.0
2019-10-30 09:46:28,pm2.5,0.0
2019-10-30 09:46:28,pm10,0.0
2019-10-30 09:47:28,pm2.5,0.1
2019-10-30 09:47:28,pm10,0.1
2019-10-30 09:48:28,pm2.5,0.0
2019-10-30 09:48:28,pm10,0.0
2019-10-30 09:49:28,pm2.5,0.1
2019-10-30 09:49:28,pm10,0.1
2019-10-30 09:50:28,pm2.5,0.0
2019-10-30 09:50:28,pm10,0.0
2019-10-30 09:51:28,pm2.5,0.1
2019-10-30 09:51:28,pm10,0.1
2019-10-30 09:52:28,pm2.5,0.1
2019-10-30 09:52:28,pm10,0.1
2019-10-30 09:53:28,pm2.5,0.1
2019-10-30 09:53:28,pm10,0.1
2019-10-30 09:54:28,pm2.5,0.0
2019-10-30 09:54:28,pm10,0.0
2019-10-30 09:55:28,pm2.5,0.0
2019-10-30 09:55:28,pm10,0.0
2019-10-30 09:56:28,pm2.5,0.0
2019-10-30 09:56:28,pm10,0.0
2019-10-30 09:57:28,pm2.5,0.0
2019-10-30 09:57:28,pm10,0.0
2019-10-30 09:58:28,pm2.5,0.0
2019-10-30 09:58:28,pm10,0.0
2019-10-30 09:59:28,pm2.5,0.1
2019-10-30 09:59:28,pm10,0.1
2019-10-30 10:00:28,pm2.5,0.0
2019-10-30 10:00:28,pm10,0.0
2019-10-30 10:01:28,pm2.5,0.1
2019-10-30 10:01:28,pm10,0.1
2019-10-30 10:02:28,pm2.5,0.1
2019-10-30 10:02:28,pm10,0.1
2019-10-30 10:03:28,pm2.5,0.0
2019-10-30 10:03:28,pm10,0.0
2019-10-30 10:04:28,pm2.5,0.1
2019-10-30 10:04:28,pm10,0.1
2019-10-30 10:05:28,pm2.5,0.0
2019-10-30 10:05:28,pm10,0.0
2019-10-30 10:06:28,pm2.5,0.0
2019-10-30 10:06:28,pm10,0.0
2019-10-30 10:07:28,pm2.5,0.0
2019-10-30 10:07:28,pm10,0.0
2019-10-30 10:08:28,pm2.5,0.0
2019-10-30 10:08:28,pm10,0.0
2019-10-30 10:09:28,pm2.5,0.0
2019-10-30 10:09:28,pm10,0.0
2019-10-30 10:11:28,pm2.5,0.0
2019-10-30 10:11:28,pm10,0.0
2019-10-30 10:12:27,pm2.5,0.1
2019-10-30 10:12:27,pm10,0.1
2019-10-30 10:13:27,pm2.5,0.1
2019-10-30 10:13:27,pm10,0.1
2019-10-30 10:14:27,pm2.5,0.0
2019-10-30 10:14:27,pm10,0.0
2019-10-30 10:15:27,pm2.5,0.0
2019-10-30 10:15:27,pm10,0.0
2019-10-30 10:16:27,pm2.5,0.0
2019-10-30 10:16:27,pm10,0.2
2019-10-30 10:17:27,pm2.5,0.0
2019-10-30 10:17:27,pm10,0.2
2019-10-30 10:18:27,pm2.5,0.0
2019-10-30 10:18:27,pm10,0.0
2019-10-30 10:19:27,pm2.5,0.0
2019-10-30 10:19:27,pm10,0.0
2019-10-30 10:20:27,pm2.5,0.0
2019-10-30 10:20:27,pm10,0.0
2019-10-30 10:21:27,pm2.5,0.0
2019-10-30 10:21:27,pm10,0.0
2019-10-30 10:22:27,pm2.5,0.0
2019-10-30 10:22:27,pm10,0.0
2019-10-30 10:23:27,pm2.5,0.1
2019-10-30 10:23:27,pm10,0.1
2019-10-30 10:24:27,pm2.5,0.0
2019-10-30 10:24:27,pm10,0.0
2019-10-30 10:25:27,pm2.5,0.0
2019-10-30 10:25:27,pm10,0.0
2019-10-30 10:26:27,pm2.5,0.0
2019-10-30 10:26:27,pm10,0.0
2019-10-30 10:27:27,pm2.5,0.0
2019-10-30 10:27:27,pm10,0.0
2019-10-30 10:28:27,pm2.5,0.0
2019-10-30 10:28:27,pm10,0.0
2019-10-30 10:29:27,pm2.5,0.1
2019-10-30 10:29:27,pm10,0.1
2019-10-30 10:30:27,pm2.5,0.0
2019-10-30 10:30:27,pm10,0.0
2019-10-30 10:31:27,pm2.5,0.0
2019-10-30 10:31:28,pm10,0.0
2019-10-30 10:32:27,pm2.5,0.1
2019-10-30 10:32:28,pm10,0.1
2019-10-30 10:33:27,pm2.5,0.0
2019-10-30 10:33:28,pm10,0.0
2019-10-30 10:34:27,pm2.5,0.0
2019-10-30 10:34:28,pm10,0.0
2019-10-30 10:35:27,pm2.5,0.0
2019-10-30 10:35:28,pm10,0.0
2019-10-30 10:36:27,pm2.5,0.0
2019-10-30 10:36:28,pm10,0.0
2019-10-30 10:37:28,pm2.5,0.0
2019-10-30 10:37:28,pm10,0.0
2019-10-30 10:38:28,pm2.5,0.0
2019-10-30 10:38:28,pm10,0.0
2019-10-30 10:39:28,pm2.5,0.0
2019-10-30 10:39:28,pm10,0.0
2019-10-30 10:40:28,pm2.5,0.0
2019-10-30 10:40:28,pm10,0.0
2019-10-30 10:41:28,pm2.5,0.0
2019-10-30 10:41:28,pm10,0.0
2019-10-30 10:42:28,pm2.5,0.0
2019-10-30 10:42:28,pm10,0.0
2019-10-30 10:43:28,pm2.5,0.0
2019-10-30 10:43:28,pm10,0.0
2019-10-30 10:44:28,pm2.5,0.0
2019-10-30 10:44:28,pm10,0.5
2019-10-30 10:45:28,pm2.5,0.1
2019-10-30 10:45:28,pm10,0.1
2019-10-30 10:46:28,pm2.5,0.0
2019-10-30 10:46:28,pm10,0.0
2019-10-30 10:47:28,pm2.5,0.0
2019-10-30 10:47:28,pm10,0.0
2019-10-30 10:48:28,pm2.5,0.0
2019-10-30 10:48:28,pm10,0.0
2019-10-30 10:49:28,pm2.5,0.0
2019-10-30 10:49:28,pm10,0.0
2019-10-30 10:50:28,pm2.5,0.0
2019-10-30 10:50:28,pm10,0.0
2019-10-30 10:51:28,pm2.5,0.0
2019-10-30 10:51:28,pm10,0.0
2019-10-30 10:52:28,pm2.5,0.0
2019-10-30 10:52:28,pm10,0.0
2019-10-30 10:51:28,pm2.5,0.0
2019-10-30 10:55:39,pm2.5,0.0
2019-10-30 10:51:28,pm10,0.0
2019-10-30 10:55:39,pm10,0.0
2019-10-30 10:52:28,pm2.5,0.0
2019-10-30 10:55:51,pm2.5,0.0
2019-10-30 10:52:28,pm10,0.0
2019-10-30 10:55:52,pm10,0.0
2019-10-30 10:55:39,pm2.5,0.0
2019-10-30 10:55:39,pm10,0.0
2019-10-30 10:55:51,pm2.5,0.0
2019-10-30 10:55:52,pm10,0.0
2019-10-30 10:56:35,pm2.5,0.0
2019-10-30 10:56:35,pm10,0.0
2019-10-30 11:00:28,pm2.5,0.1
2019-10-30 11:00:28,pm10,0.1
2019-10-30 11:01:28,pm2.5,0.0
2019-10-30 11:01:28,pm10,0.0
2019-10-30 11:02:28,pm2.5,0.0
2019-10-30 11:02:28,pm10,0.0
2019-10-30 11:03:28,pm2.5,0.0
2019-10-30 11:03:28,pm10,0.0
2019-10-30 11:04:28,pm2.5,0.1
2019-10-30 11:04:28,pm10,0.1
2019-10-30 11:05:28,pm2.5,0.0
2019-10-30 11:05:28,pm10,0.0
2019-10-30 11:06:28,pm2.5,0.1
2019-10-30 11:06:28,pm10,0.1
2019-10-30 11:07:28,pm2.5,0.0
2019-10-30 11:07:28,pm10,0.0
2019-10-30 11:08:28,pm2.5,0.1
2019-10-30 11:08:28,pm10,0.1
2019-10-30 11:09:28,pm2.5,0.0
2019-10-30 11:09:28,pm10,0.0
2019-10-30 11:10:28,pm2.5,0.0
2019-10-30 11:10:28,pm10,0.0
2019-10-30 11:11:28,pm2.5,0.0
2019-10-30 11:11:28,pm10,0.0
2019-10-30 11:12:27,pm2.5,0.0
2019-10-30 11:12:27,pm10,0.0
2019-10-30 11:13:27,pm2.5,0.1
2019-10-30 11:13:27,pm10,0.1
2019-10-30 11:14:27,pm2.5,0.1
2019-10-30 11:14:28,pm10,0.1
2019-10-30 11:15:27,pm2.5,0.1
2019-10-30 11:15:27,pm10,0.1
2019-10-30 11:16:27,pm2.5,0.0
2019-10-30 11:16:27,pm10,0.0
2019-10-30 11:17:27,pm2.5,0.0
2019-10-30 11:17:27,pm10,0.0
2019-10-30 11:18:27,pm2.5,0.0
2019-10-30 11:18:27,pm10,0.0
2019-10-30 11:19:27,pm2.5,0.1
2019-10-30 11:19:27,pm10,0.1
2019-10-30 11:20:27,pm2.5,0.0
2019-10-30 11:20:27,pm10,0.0
2019-10-30 11:21:27,pm2.5,0.0
2019-10-30 11:21:27,pm10,0.0
2019-10-30 11:22:27,pm2.5,0.0
2019-10-30 11:22:27,pm10,0.0
2019-10-30 11:23:27,pm2.5,0.0
2019-10-30 11:23:28,pm10,0.0
2019-10-30 11:24:27,pm2.5,0.1
2019-10-30 11:24:27,pm10,0.1
2019-10-30 11:25:27,pm2.5,0.1
2019-10-30 11:25:27,pm10,0.1
2019-10-30 11:26:27,pm2.5,0.1
2019-10-30 11:26:27,pm10,0.1
2019-10-30 11:27:27,pm2.5,0.1
2019-10-30 11:27:27,pm10,0.1
2019-10-30 11:28:27,pm2.5,0.0
2019-10-30 11:28:27,pm10,0.0
2019-10-30 11:29:27,pm2.5,0.1
2019-10-30 11:29:27,pm10,0.1
2019-10-30 11:30:27,pm2.5,0.1
2019-10-30 11:30:27,pm10,0.1
2019-10-30 11:31:27,pm2.5,0.0
2019-10-30 11:31:27,pm10,0.0
2019-10-30 11:32:27,pm2.5,0.0
2019-10-30 11:32:27,pm10,0.0
2019-10-30 11:33:27,pm2.5,0.0
2019-10-30 11:33:27,pm10,0.0
2019-10-30 11:34:27,pm2.5,0.0
2019-10-30 11:34:27,pm10,0.0
2019-10-30 11:35:27,pm2.5,0.0
2019-10-30 11:35:27,pm10,0.0
2019-10-30 11:36:27,pm2.5,0.0
2019-10-30 11:36:28,pm10,0.0
2019-10-30 11:37:27,pm2.5,0.1
2019-10-30 11:37:28,pm10,0.1
2019-10-30 11:38:27,pm2.5,0.0
2019-10-30 11:38:28,pm10,0.0
2019-10-30 11:39:27,pm2.5,0.0
2019-10-30 11:39:28,pm10,0.0
2019-10-30 11:40:27,pm2.5,0.1
2019-10-30 11:40:28,pm10,0.1
2019-10-30 11:41:27,pm2.5,0.1
2019-10-30 11:41:28,pm10,0.1
2019-10-30 11:42:27,pm2.5,0.0
2019-10-30 11:42:28,pm10,0.0
2019-10-30 11:43:27,pm2.5,0.0
2019-10-30 11:43:28,pm10,0.0
2019-10-30 11:44:28,pm2.5,0.0
2019-10-30 11:44:28,pm10,0.0
2019-10-30 11:45:28,pm2.5,0.0
2019-10-30 11:45:28,pm10,0.0
2019-10-30 11:46:28,pm2.5,0.0
2019-10-30 11:46:28,pm10,0.0
2019-10-30 11:47:28,pm2.5,0.0
2019-10-30 11:47:28,pm10,0.0
2019-10-30 11:48:28,pm2.5,0.1
2019-10-30 11:48:28,pm10,0.1
2019-10-30 11:49:28,pm2.5,0.0
2019-10-30 11:49:28,pm10,0.0
2019-10-30 11:50:28,pm2.5,0.0
2019-10-30 11:50:28,pm10,0.0
2019-10-30 11:51:28,pm2.5,0.0
2019-10-30 11:51:28,pm10,0.0
2019-10-30 11:52:28,pm2.5,0.0
2019-10-30 11:52:28,pm10,0.0
2019-10-30 11:53:28,pm2.5,0.0
2019-10-30 11:53:28,pm10,0.0
2019-10-30 11:54:28,pm2.5,0.0
2019-10-30 11:54:28,pm10,0.0
2019-10-30 11:55:28,pm2.5,0.0
2019-10-30 11:55:28,pm10,0.0
2019-10-30 11:56:28,pm2.5,0.0
2019-10-30 11:56:28,pm10,0.0
2019-10-30 11:57:28,pm2.5,0.0
2019-10-30 11:57:28,pm10,0.0
2019-10-30 11:58:28,pm2.5,0.0
2019-10-30 11:58:28,pm10,0.0
2019-10-30 11:59:28,pm2.5,0.1
2019-10-30 11:59:28,pm10,0.1
2019-10-30 12:00:28,pm2.5,0.0
2019-10-30 12:00:28,pm10,0.0
2019-10-30 12:01:28,pm2.5,0.0
2019-10-30 12:01:28,pm10,0.0
2019-10-30 12:02:27,pm2.5,0.0
2019-10-30 12:02:27,pm10,0.0
2019-10-30 12:03:28,pm2.5,0.0
2019-10-30 12:03:28,pm10,0.0
2019-10-30 12:04:28,pm2.5,0.0
2019-10-30 12:04:28,pm10,0.0
2019-10-30 12:05:28,pm2.5,0.0
2019-10-30 12:05:28,pm10,0.0
2019-10-30 12:06:28,pm2.5,0.0
2019-10-30 12:06:28,pm10,0.0
2019-10-30 12:07:28,pm2.5,0.0
2019-10-30 12:07:28,pm10,0.0
2019-10-30 12:08:28,pm2.5,0.1
2019-10-30 12:08:28,pm10,0.1
2019-10-30 12:09:28,pm2.5,0.0
2019-10-30 12:09:28,pm10,0.0
2019-10-30 12:10:28,pm2.5,0.1
2019-10-30 12:10:28,pm10,0.1
2019-10-30 12:11:28,pm2.5,0.0
2019-10-30 12:11:28,pm10,0.0
2019-10-30 12:12:28,pm2.5,0.0
2019-10-30 12:12:28,pm10,0.0
2019-10-30 12:13:28,pm2.5,0.0
2019-10-30 12:13:28,pm10,0.0
2019-10-30 12:14:28,pm2.5,0.0
2019-10-30 12:14:28,pm10,0.0
2019-10-30 12:15:28,pm2.5,0.0
2019-10-30 12:15:28,pm10,0.0
2019-10-30 12:16:28,pm2.5,0.0
2019-10-30 12:16:28,pm10,0.0
2019-10-30 12:17:28,pm2.5,0.0
2019-10-30 12:17:28,pm10,0.0
2019-10-30 12:18:28,pm2.5,0.0
2019-10-30 12:18:28,pm10,0.0
2019-10-30 12:19:28,pm2.5,0.0
2019-10-30 12:19:28,pm10,0.0
2019-10-30 12:20:28,pm2.5,0.0
2019-10-30 12:20:28,pm10,0.0
2019-10-30 12:21:28,pm2.5,0.0
2019-10-30 12:21:28,pm10,0.0
2019-10-30 12:22:28,pm2.5,0.0
2019-10-30 12:22:28,pm10,0.0
2019-10-30 12:24:27,pm2.5,0.0
2019-10-30 12:24:27,pm10,0.0
2019-10-30 12:25:27,pm2.5,0.0
2019-10-30 12:25:27,pm10,0.0
2019-10-30 12:26:27,pm2.5,0.0
2019-10-30 12:26:27,pm10,0.0
2019-10-30 12:27:27,pm2.5,0.1
2019-10-30 12:27:27,pm10,0.1
2019-10-30 12:28:27,pm2.5,0.1
2019-10-30 12:28:27,pm10,0.1
2019-10-30 12:29:27,pm2.5,0.0
2019-10-30 12:29:27,pm10,0.0
2019-10-30 12:30:27,pm2.5,0.1
2019-10-30 12:30:27,pm10,0.1
2019-10-30 12:31:27,pm2.5,0.0
2019-10-30 12:31:27,pm10,0.0
2019-10-30 12:32:27,pm2.5,0.1
2019-10-30 12:32:27,pm10,0.1
2019-10-30 12:33:27,pm2.5,0.0
2019-10-30 12:33:27,pm10,0.0
2019-10-30 12:34:27,pm2.5,0.0
2019-10-30 12:34:27,pm10,0.0
2019-10-30 12:35:27,pm2.5,0.0
2019-10-30 12:35:27,pm10,0.0
2019-10-30 12:36:27,pm2.5,0.0
2019-10-30 12:36:27,pm10,0.0
2019-10-30 12:37:27,pm2.5,0.0
2019-10-30 12:37:27,pm10,0.0
2019-10-30 12:38:27,pm2.5,0.0
2019-10-30 12:38:27,pm10,0.0
2019-10-30 12:39:27,pm2.5,0.1
2019-10-30 12:39:27,pm10,0.1
2019-10-30 12:40:27,pm2.5,0.0
2019-10-30 12:40:27,pm10,0.0
2019-10-30 12:41:27,pm2.5,0.0
2019-10-30 12:41:27,pm10,0.0
2019-10-30 12:42:27,pm2.5,0.1
2019-10-30 12:42:27,pm10,0.1
2019-10-30 12:43:27,pm2.5,0.0
2019-10-30 12:43:28,pm10,0.0
2019-10-30 12:44:27,pm2.5,0.1
2019-10-30 12:44:28,pm10,0.1
2019-10-30 12:45:27,pm2.5,0.1
2019-10-30 12:45:28,pm10,0.1
2019-10-30 12:46:27,pm2.5,0.1
2019-10-30 12:46:28,pm10,0.1
2019-10-30 12:47:27,pm2.5,0.0
2019-10-30 12:47:28,pm10,0.0
2019-10-30 12:48:28,pm2.5,0.0
2019-10-30 12:48:28,pm10,0.0
2019-10-30 12:49:28,pm2.5,0.0
2019-10-30 12:49:28,pm10,0.0
2019-10-30 12:50:28,pm2.5,0.0
2019-10-30 12:50:28,pm10,0.0
2019-10-30 12:51:28,pm2.5,0.0
2019-10-30 12:51:28,pm10,0.0
2019-10-30 12:52:28,pm2.5,0.1
2019-10-30 12:52:28,pm10,0.1
2019-10-30 12:53:28,pm2.5,0.1
2019-10-30 12:53:28,pm10,0.1
2019-10-30 12:54:28,pm2.5,0.0
2019-10-30 12:54:28,pm10,0.0
2019-10-30 12:55:28,pm2.5,0.0
2019-10-30 12:55:28,pm10,0.0
2019-10-30 12:56:28,pm2.5,0.0
2019-10-30 12:56:28,pm10,0.0
2019-10-30 12:57:28,pm2.5,0.0
2019-10-30 12:57:28,pm10,0.0
2019-10-30 12:58:28,pm2.5,0.0
2019-10-30 12:58:28,pm10,0.0
2019-10-30 12:59:28,pm2.5,0.0
2019-10-30 12:59:28,pm10,0.0
2019-10-30 13:00:28,pm2.5,0.0
2019-10-30 13:00:28,pm10,0.0
2019-10-30 13:01:28,pm2.5,0.1
2019-10-30 13:01:28,pm10,0.1
2019-10-30 13:02:28,pm2.5,0.0
2019-10-30 13:02:28,pm10,0.0
2019-10-30 13:03:28,pm2.5,0.0
2019-10-30 13:03:28,pm10,0.0
2019-10-30 13:04:28,pm2.5,0.0
2019-10-30 13:04:28,pm10,0.0
2019-10-30 13:05:28,pm2.5,0.0
2019-10-30 13:05:28,pm10,0.0
2019-10-30 13:06:28,pm2.5,0.0
2019-10-30 13:06:28,pm10,0.0
2019-10-30 13:07:28,pm2.5,0.0
2019-10-30 13:07:28,pm10,0.5
2019-10-30 13:08:28,pm2.5,0.0
2019-10-30 13:08:28,pm10,0.0
2019-10-30 13:09:28,pm2.5,0.0
2019-10-30 13:09:28,pm10,0.0
2019-10-30 13:10:28,pm2.5,0.0
2019-10-30 13:10:28,pm10,0.0
2019-10-30 13:11:28,pm2.5,0.0
2019-10-30 13:11:28,pm10,0.0
2019-10-30 13:12:28,pm2.5,0.0
2019-10-30 13:12:28,pm10,0.0
2019-10-30 13:13:28,pm2.5,0.1
2019-10-30 13:13:28,pm10,0.1
2019-10-30 13:14:28,pm2.5,0.0
2019-10-30 13:14:28,pm10,0.0
2019-10-30 13:15:28,pm2.5,0.0
2019-10-30 13:15:28,pm10,0.0
2019-10-30 13:16:28,pm2.5,0.0
2019-10-30 13:16:28,pm10,0.0
2019-10-30 13:17:28,pm2.5,0.0
2019-10-30 13:17:28,pm10,0.0
2019-10-30 13:18:28,pm2.5,0.0
2019-10-30 13:18:28,pm10,0.0
2019-10-30 13:19:28,pm2.5,0.0
2019-10-30 13:19:28,pm10,0.0
2019-10-30 13:20:28,pm2.5,0.0
2019-10-30 13:20:28,pm10,0.0
2019-10-30 13:21:28,pm2.5,0.0
2019-10-30 13:21:28,pm10,0.2
2019-10-30 13:22:28,pm2.5,0.0
2019-10-30 13:22:28,pm10,0.0
2019-10-30 13:23:28,pm2.5,0.0
2019-10-30 13:23:28,pm10,0.0
2019-10-30 13:24:28,pm2.5,0.1
2019-10-30 13:24:28,pm10,0.1
2019-10-30 13:25:28,pm2.5,0.1
2019-10-30 13:25:28,pm10,0.1
2019-10-30 13:26:28,pm2.5,0.0
2019-10-30 13:26:28,pm10,0.0
2019-10-30 13:28:27,pm2.5,0.1
2019-10-30 13:28:27,pm10,0.1
2019-10-30 13:29:27,pm2.5,0.0
2019-10-30 13:29:27,pm10,0.0
2019-10-30 13:30:27,pm2.5,0.0
2019-10-30 13:30:27,pm10,0.0
2019-10-30 13:31:27,pm2.5,0.0
2019-10-30 13:31:27,pm10,0.0
2019-10-30 13:32:27,pm2.5,0.0
2019-10-30 13:32:27,pm10,0.0
2019-10-30 13:33:27,pm2.5,0.0
2019-10-30 13:33:27,pm10,0.0
2019-10-30 13:34:27,pm2.5,0.0
2019-10-30 13:34:27,pm10,0.0
2019-10-30 13:35:27,pm2.5,0.0
2019-10-30 13:35:27,pm10,0.0
2019-10-30 13:36:27,pm2.5,0.0
2019-10-30 13:36:27,pm10,0.0
2019-10-30 13:37:27,pm2.5,0.0
2019-10-30 13:37:27,pm10,0.0
2019-10-30 13:38:27,pm2.5,0.0
2019-10-30 13:38:27,pm10,0.0
2019-10-30 13:39:27,pm2.5,0.0
2019-10-30 13:39:27,pm10,0.0
2019-10-30 13:40:27,pm2.5,0.1
2019-10-30 13:40:27,pm10,0.1
2019-10-30 13:41:27,pm2.5,0.1
2019-10-30 13:41:27,pm10,0.1
2019-10-30 13:42:27,pm2.5,0.0
2019-10-30 13:42:28,pm10,0.0
2019-10-30 13:43:27,pm2.5,0.1
2019-10-30 13:43:27,pm10,0.1
2019-10-30 13:44:27,pm2.5,0.1
2019-10-30 13:44:28,pm10,0.1
2019-10-30 13:45:27,pm2.5,0.0
2019-10-30 13:45:27,pm10,0.0
2019-10-30 13:46:27,pm2.5,0.0
2019-10-30 13:46:28,pm10,0.0
2019-10-30 13:47:27,pm2.5,0.0
2019-10-30 13:47:28,pm10,0.0
2019-10-30 13:48:27,pm2.5,0.0
2019-10-30 13:48:28,pm10,0.0
2019-10-30 13:49:27,pm2.5,0.1
2019-10-30 13:49:28,pm10,0.1
2019-10-30 13:50:27,pm2.5,0.1
2019-10-30 13:50:28,pm10,0.1
2019-10-30 13:51:27,pm2.5,0.1
2019-10-30 13:51:28,pm10,0.1
2019-10-30 13:52:27,pm2.5,0.1
2019-10-30 13:52:28,pm10,0.2
2019-10-30 13:53:28,pm2.5,0.0
2019-10-30 13:53:28,pm10,0.0
2019-10-30 13:54:28,pm2.5,0.0
2019-10-30 13:54:28,pm10,0.0
2019-10-30 13:55:28,pm2.5,0.1
2019-10-30 13:55:28,pm10,0.1
2019-10-30 13:56:28,pm2.5,0.0
2019-10-30 13:56:28,pm10,0.0
2019-10-30 13:57:28,pm2.5,0.1
2019-10-30 13:57:28,pm10,0.1
2019-10-30 13:58:28,pm2.5,0.0
2019-10-30 13:58:28,pm10,0.0
2019-10-30 13:59:28,pm2.5,0.0
2019-10-30 13:59:28,pm10,0.0
2019-10-30 14:00:28,pm2.5,0.0
2019-10-30 14:00:28,pm10,0.0
2019-10-30 14:01:28,pm2.5,0.1
2019-10-30 14:01:28,pm10,0.1
2019-10-30 14:02:28,pm2.5,0.0
2019-10-30 14:02:28,pm10,0.0
2019-10-30 14:03:28,pm2.5,0.0
2019-10-30 14:03:28,pm10,0.0
2019-10-30 14:04:28,pm2.5,0.0
2019-10-30 14:04:28,pm10,0.0
2019-10-30 14:05:28,pm2.5,0.0
2019-10-30 14:05:28,pm10,0.0
2019-10-30 14:06:28,pm2.5,0.0
2019-10-30 14:06:28,pm10,0.0
2019-10-30 14:07:28,pm2.5,0.0
2019-10-30 14:07:28,pm10,0.0
2019-10-30 14:08:28,pm2.5,0.0
2019-10-30 14:08:28,pm10,0.0
2019-10-30 14:09:28,pm2.5,0.1
2019-10-30 14:09:28,pm10,0.1
2019-10-30 14:10:28,pm2.5,0.1
2019-10-30 14:10:28,pm10,0.1
2019-10-30 14:11:28,pm2.5,0.1
2019-10-30 14:11:28,pm10,0.1
2019-10-30 14:12:28,pm2.5,0.0
2019-10-30 14:12:28,pm10,0.0
2019-10-30 14:13:28,pm2.5,0.0
2019-10-30 14:13:28,pm10,0.3
2019-10-30 14:14:28,pm2.5,0.0
2019-10-30 14:14:28,pm10,0.0
2019-10-30 14:15:28,pm2.5,0.0
2019-10-30 14:15:28,pm10,0.0
2019-10-30 14:16:28,pm2.5,0.0
2019-10-30 14:16:28,pm10,0.0
2019-10-30 14:17:28,pm2.5,0.0
2019-10-30 14:17:28,pm10,0.0
2019-10-30 14:18:28,pm2.5,0.1
2019-10-30 14:18:28,pm10,0.1
2019-10-30 14:19:28,pm2.5,0.1
2019-10-30 14:19:28,pm10,0.1
2019-10-30 14:20:28,pm2.5,0.0
2019-10-30 14:20:28,pm10,0.0
2019-10-30 14:21:28,pm2.5,0.0
2019-10-30 14:21:28,pm10,0.0
2019-10-30 14:22:28,pm2.5,0.0
2019-10-30 14:22:28,pm10,0.0
2019-10-30 14:23:28,pm2.5,0.0
2019-10-30 14:23:28,pm10,0.0
2019-10-30 14:24:28,pm2.5,0.0
2019-10-30 14:24:28,pm10,0.0
2019-10-30 14:25:28,pm2.5,0.0
2019-10-30 14:25:28,pm10,0.0
2019-10-30 14:26:28,pm2.5,0.0
2019-10-30 14:26:28,pm10,0.0
2019-10-30 14:27:28,pm2.5,0.0
2019-10-30 14:27:28,pm10,0.0
2019-10-30 14:28:28,pm2.5,0.0
2019-10-30 14:28:28,pm10,0.0
2019-10-30 14:29:28,pm2.5,0.0
2019-10-30 14:29:28,pm10,0.0
2019-10-30 14:30:28,pm2.5,0.1
2019-10-30 14:30:28,pm10,0.1
2019-10-30 14:31:28,pm2.5,0.0
2019-10-30 14:31:28,pm10,0.0
2019-10-30 14:32:28,pm2.5,0.0
2019-10-30 14:32:28,pm10,0.0
2019-10-30 14:33:28,pm2.5,0.0
2019-10-30 14:33:28,pm10,0.0
2019-10-30 14:34:28,pm2.5,0.1
2019-10-30 14:34:28,pm10,0.1
2019-10-30 14:35:28,pm2.5,0.1
2019-10-30 14:35:28,pm10,0.2
2019-10-30 14:37:27,pm2.5,0.0
2019-10-30 14:37:28,pm10,0.0
2019-10-30 14:38:27,pm2.5,0.0
2019-10-30 14:38:27,pm10,0.0
2019-10-30 14:39:27,pm2.5,0.0
2019-10-30 14:39:27,pm10,0.0
2019-10-30 14:40:27,pm2.5,0.0
2019-10-30 14:40:27,pm10,0.0
2019-10-30 14:41:27,pm2.5,0.1
2019-10-30 14:41:27,pm10,0.1
2019-10-30 14:42:27,pm2.5,0.0
2019-10-30 14:42:27,pm10,0.0
2019-10-30 14:43:27,pm2.5,0.1
2019-10-30 14:43:27,pm10,0.1
2019-10-30 14:44:27,pm2.5,0.0
2019-10-30 14:44:27,pm10,0.0
2019-10-30 14:45:27,pm2.5,0.0
2019-10-30 14:45:27,pm10,0.0
2019-10-30 14:46:27,pm2.5,0.0
2019-10-30 14:46:27,pm10,0.0
2019-10-30 14:47:27,pm2.5,0.1
2019-10-30 14:47:27,pm10,0.1
2019-10-30 14:48:27,pm2.5,0.0
2019-10-30 14:48:27,pm10,0.0
2019-10-30 14:49:27,pm2.5,0.0
2019-10-30 14:49:27,pm10,0.0
2019-10-30 14:50:27,pm2.5,0.0
2019-10-30 14:50:27,pm10,0.0
2019-10-30 14:51:27,pm2.5,0.0
2019-10-30 14:51:27,pm10,0.0
2019-10-30 14:52:27,pm2.5,0.0
2019-10-30 14:52:27,pm10,0.0
2019-10-30 14:53:27,pm2.5,0.1
2019-10-30 14:53:27,pm10,0.1
2019-10-30 14:54:27,pm2.5,0.1
2019-10-30 14:54:27,pm10,0.2
2019-10-30 14:55:27,pm2.5,0.1
2019-10-30 14:55:27,pm10,0.1
2019-10-30 14:56:27,pm2.5,0.1
2019-10-30 14:56:27,pm10,0.1
2019-10-30 14:57:27,pm2.5,0.0
2019-10-30 14:57:27,pm10,0.0
2019-10-30 14:58:27,pm2.5,0.0
2019-10-30 14:58:28,pm10,0.0
2019-10-30 14:59:27,pm2.5,0.0
2019-10-30 14:59:28,pm10,0.0
2019-10-30 15:00:27,pm2.5,0.0
2019-10-30 15:00:28,pm10,0.0
2019-10-30 15:01:27,pm2.5,0.0
2019-10-30 15:01:28,pm10,0.0
2019-10-30 15:02:27,pm2.5,0.0
2019-10-30 15:02:28,pm10,0.0
2019-10-30 15:03:28,pm2.5,0.0
2019-10-30 15:03:28,pm10,0.0
2019-10-30 15:04:28,pm2.5,0.1
2019-10-30 15:04:28,pm10,0.1
2019-10-30 15:05:28,pm2.5,0.0
2019-10-30 15:05:28,pm10,0.0
2019-10-30 15:06:28,pm2.5,0.1
2019-10-30 15:06:28,pm10,0.2
2019-10-30 15:07:28,pm2.5,0.1
2019-10-30 15:07:28,pm10,0.3
2019-10-30 15:08:28,pm2.5,0.0
2019-10-30 15:08:28,pm10,0.0
2019-10-30 15:09:28,pm2.5,0.0
2019-10-30 15:09:28,pm10,0.0
2019-10-30 15:10:28,pm2.5,0.0
2019-10-30 15:10:28,pm10,0.0
2019-10-30 15:11:28,pm2.5,0.0
2019-10-30 15:11:28,pm10,0.0
2019-10-30 15:12:28,pm2.5,0.0
2019-10-30 15:12:28,pm10,0.0
2019-10-30 15:13:28,pm2.5,0.0
2019-10-30 15:13:28,pm10,0.0
2019-10-30 15:14:28,pm2.5,0.0
2019-10-30 15:14:28,pm10,0.0
2019-10-30 15:15:28,pm2.5,0.0
2019-10-30 15:15:28,pm10,0.0
2019-10-30 15:16:28,pm2.5,0.1
2019-10-30 15:16:28,pm10,0.1
2019-10-30 15:17:28,pm2.5,0.0
2019-10-30 15:17:28,pm10,0.0
2019-10-30 15:18:28,pm2.5,0.0
2019-10-30 15:18:28,pm10,0.0
2019-10-30 15:19:28,pm2.5,0.0
2019-10-30 15:19:28,pm10,0.0
2019-10-30 15:20:28,pm2.5,0.0
2019-10-30 15:20:28,pm10,0.0
2019-10-30 15:21:28,pm2.5,0.0
2019-10-30 15:21:28,pm10,0.0
2019-10-30 15:22:28,pm2.5,0.0
2019-10-30 15:22:28,pm10,0.0
2019-10-30 15:23:28,pm2.5,0.0
2019-10-30 15:23:28,pm10,0.0
2019-10-30 15:24:28,pm2.5,0.0
2019-10-30 15:24:28,pm10,0.0
2019-10-30 15:25:28,pm2.5,0.0
2019-10-30 15:25:28,pm10,0.0
2019-10-30 15:26:28,pm2.5,0.0
2019-10-30 15:26:28,pm10,0.0
2019-10-30 15:27:28,pm2.5,0.1
2019-10-30 15:27:28,pm10,0.1
2019-10-30 15:28:28,pm2.5,0.1
2019-10-30 15:28:28,pm10,0.1
2019-10-30 15:29:28,pm2.5,0.0
2019-10-30 15:29:28,pm10,0.0
2019-10-30 15:30:28,pm2.5,0.0
2019-10-30 15:30:28,pm10,0.0
2019-10-30 15:31:28,pm2.5,0.0
2019-10-30 15:31:28,pm10,0.0
2019-10-30 15:32:28,pm2.5,0.0
2019-10-30 15:32:28,pm10,0.0
2019-10-30 15:33:28,pm2.5,0.0
2019-10-30 15:33:28,pm10,0.0
2019-10-30 15:34:28,pm2.5,0.0
2019-10-30 15:34:28,pm10,0.0
2019-10-30 15:35:28,pm2.5,0.0
2019-10-30 15:35:28,pm10,0.0
2019-10-30 15:36:28,pm2.5,0.0
2019-10-30 15:36:28,pm10,0.0
2019-10-30 15:37:28,pm2.5,0.1
2019-10-30 15:37:28,pm10,0.1
2019-10-30 15:38:28,pm2.5,0.0
2019-10-30 15:38:28,pm10,0.0
2019-10-30 15:39:28,pm2.5,0.0
2019-10-30 15:39:28,pm10,0.0
2019-10-30 15:40:28,pm2.5,0.0
2019-10-30 15:40:28,pm10,0.0
2019-10-30 15:42:27,pm2.5,0.0
2019-10-30 15:42:27,pm10,0.0
2019-10-30 15:43:27,pm2.5,0.0
2019-10-30 15:43:27,pm10,0.0
2019-10-30 15:44:27,pm2.5,0.1
2019-10-30 15:44:27,pm10,0.1
2019-10-30 15:45:27,pm2.5,0.0
2019-10-30 15:45:27,pm10,0.0
2019-10-30 15:46:27,pm2.5,0.0
2019-10-30 15:46:27,pm10,0.0
2019-10-30 15:47:27,pm2.5,0.0
2019-10-30 15:47:27,pm10,0.0
2019-10-30 15:48:27,pm2.5,0.0
2019-10-30 15:48:27,pm10,0.0
2019-10-30 15:49:27,pm2.5,0.0
2019-10-30 15:49:27,pm10,0.0
2019-10-30 15:50:27,pm2.5,0.0
2019-10-30 15:50:27,pm10,0.0
2019-10-30 15:51:27,pm2.5,0.0
2019-10-30 15:51:27,pm10,0.0
2019-10-30 15:52:27,pm2.5,0.0
2019-10-30 15:52:27,pm10,0.0
2019-10-30 15:53:27,pm2.5,0.0
2019-10-30 15:53:27,pm10,0.0
2019-10-30 15:54:27,pm2.5,0.1
2019-10-30 15:54:27,pm10,0.1
2019-10-30 15:55:27,pm2.5,0.1
2019-10-30 15:55:27,pm10,0.1
2019-10-30 15:56:27,pm2.5,0.1
2019-10-30 15:56:27,pm10,0.1
2019-10-30 15:57:27,pm2.5,0.0
2019-10-30 15:57:27,pm10,0.0
2019-10-30 15:58:27,pm2.5,0.0
2019-10-30 15:58:27,pm10,0.0
2019-10-30 15:59:27,pm2.5,0.1
2019-10-30 15:59:27,pm10,0.1
2019-10-30 16:00:27,pm2.5,0.0
2019-10-30 16:00:27,pm10,0.0
2019-10-30 16:01:27,pm2.5,0.0
2019-10-30 16:01:28,pm10,0.0
2019-10-30 16:02:27,pm2.5,0.0
2019-10-30 16:02:28,pm10,0.0
2019-10-30 16:03:27,pm2.5,0.1
2019-10-30 16:03:27,pm10,0.1
2019-10-30 16:04:27,pm2.5,0.0
2019-10-30 16:04:28,pm10,0.0
2019-10-30 16:05:27,pm2.5,0.1
2019-10-30 16:05:28,pm10,0.1
2019-10-30 16:06:27,pm2.5,0.1
2019-10-30 16:06:28,pm10,0.1
2019-10-30 16:07:27,pm2.5,0.0
2019-10-30 16:07:28,pm10,0.0
2019-10-30 16:08:28,pm2.5,0.0
2019-10-30 16:08:28,pm10,0.0
2019-10-30 16:09:28,pm2.5,0.0
2019-10-30 16:09:28,pm10,0.0
2019-10-30 16:10:28,pm2.5,0.0
2019-10-30 16:10:28,pm10,0.0
2019-10-30 16:11:28,pm2.5,0.0
2019-10-30 16:11:28,pm10,0.0
2019-10-30 16:12:28,pm2.5,0.0
2019-10-30 16:12:28,pm10,0.0
2019-10-30 16:13:28,pm2.5,0.0
2019-10-30 16:13:28,pm10,0.0
2019-10-30 16:14:27,pm2.5,0.0
2019-10-30 16:14:27,pm10,0.0
2019-10-30 16:15:28,pm2.5,0.1
2019-10-30 16:15:28,pm10,0.1
2019-10-30 16:16:28,pm2.5,0.1
2019-10-30 16:16:28,pm10,0.1
2019-10-30 16:17:28,pm2.5,0.1
2019-10-30 16:17:28,pm10,0.1
2019-10-30 16:18:28,pm2.5,0.1
2019-10-30 16:18:28,pm10,0.1
2019-10-30 16:19:28,pm2.5,0.0
2019-10-30 16:19:28,pm10,0.0
2019-10-30 16:20:28,pm2.5,0.0
2019-10-30 16:20:28,pm10,0.0
2019-10-30 16:21:28,pm2.5,0.0
2019-10-30 16:21:28,pm10,0.0
2019-10-30 16:22:28,pm2.5,0.0
2019-10-30 16:22:28,pm10,0.0
2019-10-30 16:23:28,pm2.5,0.0
2019-10-30 16:23:28,pm10,0.0
2019-10-30 16:24:27,pm2.5,0.1
2019-10-30 16:24:27,pm10,0.1
2019-10-30 16:25:28,pm2.5,0.0
2019-10-30 16:25:28,pm10,0.0
2019-10-30 16:26:28,pm2.5,0.1
2019-10-30 16:26:28,pm10,0.1
2019-10-30 16:27:28,pm2.5,0.1
2019-10-30 16:27:28,pm10,0.1
2019-10-30 16:28:28,pm2.5,0.0
2019-10-30 16:28:28,pm10,0.0
2019-10-30 16:29:28,pm2.5,0.0
2019-10-30 16:29:28,pm10,0.0
2019-10-30 16:30:28,pm2.5,0.0
2019-10-30 16:30:28,pm10,0.0
2019-10-30 16:31:28,pm2.5,0.0
2019-10-30 16:31:28,pm10,0.0
2019-10-30 16:32:28,pm2.5,0.0
2019-10-30 16:32:28,pm10,0.0
2019-10-30 16:33:28,pm2.5,0.0
2019-10-30 16:33:28,pm10,0.0
2019-10-30 16:34:28,pm2.5,0.0
2019-10-30 16:34:28,pm10,0.0
2019-10-30 16:35:28,pm2.5,0.0
2019-10-30 16:35:28,pm10,0.0
2019-10-30 16:36:28,pm2.5,0.1
2019-10-30 16:36:28,pm10,0.1
2019-10-30 16:37:28,pm2.5,0.0
2019-10-30 16:37:28,pm10,0.0
2019-10-30 16:38:28,pm2.5,0.0
2019-10-30 16:38:28,pm10,0.0
2019-10-30 16:39:28,pm2.5,0.0
2019-10-30 16:39:28,pm10,0.0
2019-10-30 16:40:28,pm2.5,0.0
2019-10-30 16:40:28,pm10,0.0
2019-10-30 16:41:28,pm2.5,0.0
2019-10-30 16:41:28,pm10,0.0
2019-10-30 16:42:28,pm2.5,0.0
2019-10-30 16:42:28,pm10,0.0
2019-10-30 16:43:28,pm2.5,0.0
2019-10-30 16:43:28,pm10,0.0
2019-10-30 16:44:28,pm2.5,0.0
2019-10-30 16:44:28,pm10,0.0
2019-10-30 16:45:28,pm2.5,0.0
2019-10-30 16:45:28,pm10,0.0
2019-10-30 16:46:28,pm2.5,0.1
2019-10-30 16:46:28,pm10,0.1
2019-10-30 16:47:28,pm2.5,0.0
2019-10-30 16:47:28,pm10,0.0
2019-10-30 16:48:27,pm2.5,0.0
2019-10-30 16:48:27,pm10,0.0
2019-10-30 16:49:27,pm2.5,0.0
2019-10-30 16:49:27,pm10,0.0
2019-10-30 16:50:27,pm2.5,0.0
2019-10-30 16:50:27,pm10,0.0
2019-10-30 16:51:27,pm2.5,0.0
2019-10-30 16:51:27,pm10,0.0
2019-10-30 16:52:27,pm2.5,0.0
2019-10-30 16:52:27,pm10,0.0
2019-10-30 16:53:27,pm2.5,0.1
2019-10-30 16:53:27,pm10,0.1
2019-10-30 16:54:27,pm2.5,0.1
2019-10-30 16:54:27,pm10,0.1
2019-10-30 16:55:27,pm2.5,0.1
2019-10-30 16:55:27,pm10,0.1
2019-10-30 16:56:27,pm2.5,0.0
2019-10-30 16:56:27,pm10,0.0
2019-10-30 16:57:27,pm2.5,0.0
2019-10-30 16:57:27,pm10,0.0
2019-10-30 16:58:27,pm2.5,0.1
2019-10-30 16:58:27,pm10,0.4
2019-10-30 16:59:27,pm2.5,0.0
2019-10-30 16:59:28,pm10,0.0
2019-10-30 17:00:27,pm2.5,0.0
2019-10-30 17:00:27,pm10,0.0
2019-10-30 17:01:27,pm2.5,0.0
2019-10-30 17:01:27,pm10,0.0
2019-10-30 17:02:27,pm2.5,0.0
2019-10-30 17:02:27,pm10,0.0
2019-10-30 17:03:27,pm2.5,0.0
2019-10-30 17:03:27,pm10,0.0
2019-10-30 17:04:27,pm2.5,0.1
2019-10-30 17:04:27,pm10,0.1
2019-10-30 17:05:27,pm2.5,0.0
2019-10-30 17:05:28,pm10,0.0
2019-10-30 17:06:27,pm2.5,0.0
2019-10-30 17:06:28,pm10,0.0
2019-10-30 17:07:27,pm2.5,0.0
2019-10-30 17:07:28,pm10,0.0
2019-10-30 17:08:27,pm2.5,0.0
2019-10-30 17:08:28,pm10,0.0
2019-10-30 17:09:27,pm2.5,0.0
2019-10-30 17:09:28,pm10,0.0
2019-10-30 17:10:27,pm2.5,0.0
2019-10-30 17:10:28,pm10,0.3
2019-10-30 17:11:27,pm2.5,0.0
2019-10-30 17:11:28,pm10,0.0
2019-10-30 17:12:27,pm2.5,0.0
2019-10-30 17:12:28,pm10,0.0
2019-10-30 17:13:28,pm2.5,0.0
2019-10-30 17:13:28,pm10,0.0
2019-10-30 17:14:28,pm2.5,0.0
2019-10-30 17:14:28,pm10,0.0
2019-10-30 17:15:28,pm2.5,0.0
2019-10-30 17:15:28,pm10,0.0
2019-10-30 17:16:28,pm2.5,0.0
2019-10-30 17:16:28,pm10,0.0
2019-10-30 17:17:28,pm2.5,0.0
2019-10-30 17:17:28,pm10,0.0
2019-10-30 17:18:28,pm2.5,0.0
2019-10-30 17:18:28,pm10,0.0
2019-10-30 17:19:28,pm2.5,0.0
2019-10-30 17:19:28,pm10,0.0
2019-10-30 17:20:28,pm2.5,0.0
2019-10-30 17:20:28,pm10,0.0
2019-10-30 17:21:28,pm2.5,0.1
2019-10-30 17:21:28,pm10,0.1
2019-10-30 17:22:28,pm2.5,0.0
2019-10-30 17:22:28,pm10,0.0
2019-10-30 17:23:28,pm2.5,0.1
2019-10-30 17:23:28,pm10,0.1
2019-10-30 17:24:28,pm2.5,0.1
2019-10-30 17:24:28,pm10,0.2
2019-10-30 17:25:28,pm2.5,0.0
2019-10-30 17:25:28,pm10,0.0
2019-10-30 17:26:28,pm2.5,0.1
2019-10-30 17:26:28,pm10,0.1
2019-10-30 17:27:28,pm2.5,0.0
2019-10-30 17:27:28,pm10,0.0
2019-10-30 17:28:28,pm2.5,0.0
2019-10-30 17:28:28,pm10,0.0
2019-10-30 17:29:28,pm2.5,0.0
2019-10-30 17:29:28,pm10,0.0
2019-10-30 17:30:28,pm2.5,0.1
2019-10-30 17:30:28,pm10,0.1
2019-10-30 17:31:28,pm2.5,0.0
2019-10-30 17:31:28,pm10,0.0
2019-10-30 17:32:28,pm2.5,0.0
2019-10-30 17:32:28,pm10,0.0
2019-10-30 17:33:28,pm2.5,0.0
2019-10-30 17:33:28,pm10,0.0
2019-10-30 17:34:28,pm2.5,0.0
2019-10-30 17:34:28,pm10,0.0
2019-10-30 17:35:28,pm2.5,0.0
2019-10-30 17:35:28,pm10,0.0
2019-10-30 17:36:28,pm2.5,0.0
2019-10-30 17:36:28,pm10,0.0
2019-10-30 17:37:28,pm2.5,0.0
2019-10-30 17:37:28,pm10,0.0
2019-10-30 17:38:28,pm2.5,0.0
2019-10-30 17:38:28,pm10,0.0
2019-10-30 17:39:28,pm2.5,0.0
2019-10-30 17:39:28,pm10,0.0
2019-10-30 17:40:28,pm2.5,0.0
2019-10-30 17:40:28,pm10,0.0
2019-10-30 17:41:28,pm2.5,0.0
2019-10-30 17:41:28,pm10,0.0
2019-10-30 17:42:28,pm2.5,0.1
2019-10-30 17:42:28,pm10,0.1
2019-10-30 17:43:28,pm2.5,0.0
2019-10-30 17:43:28,pm10,0.0
2019-10-30 17:44:28,pm2.5,0.0
2019-10-30 17:44:28,pm10,0.0
2019-10-30 17:45:28,pm2.5,0.0
2019-10-30 17:45:28,pm10,0.0
2019-10-30 17:46:28,pm2.5,0.0
2019-10-30 17:46:28,pm10,0.0
2019-10-30 17:47:28,pm2.5,0.0
2019-10-30 17:47:28,pm10,0.0
2019-10-30 17:48:28,pm2.5,0.0
2019-10-30 17:48:28,pm10,0.0
2019-10-30 17:49:28,pm2.5,0.1
2019-10-30 17:49:28,pm10,0.1
2019-10-30 17:50:28,pm2.5,0.1
2019-10-30 17:50:28,pm10,0.1
2019-10-30 17:51:28,pm2.5,0.0
2019-10-30 17:51:28,pm10,0.0
2019-10-30 17:52:28,pm2.5,0.0
2019-10-30 17:52:28,pm10,0.0
2019-10-30 17:53:28,pm2.5,0.0
2019-10-30 17:53:28,pm10,0.0
2019-10-30 17:55:27,pm2.5,0.0
2019-10-30 17:55:27,pm10,0.0
2019-10-30 17:56:27,pm2.5,0.0
2019-10-30 17:56:27,pm10,0.0
2019-10-30 17:57:27,pm2.5,0.0
2019-10-30 17:57:27,pm10,0.0
2019-10-30 17:58:27,pm2.5,0.0
2019-10-30 17:58:27,pm10,0.0
2019-10-30 17:59:27,pm2.5,0.1
2019-10-30 17:59:27,pm10,0.1
2019-10-30 18:00:27,pm2.5,0.0
2019-10-30 18:00:27,pm10,0.0
2019-10-30 18:01:27,pm2.5,0.0
2019-10-30 18:01:27,pm10,0.0
2019-10-30 18:02:27,pm2.5,0.0
2019-10-30 18:02:27,pm10,0.0
2019-10-30 18:03:27,pm2.5,0.0
2019-10-30 18:03:27,pm10,0.0
2019-10-30 18:04:27,pm2.5,0.0
2019-10-30 18:04:27,pm10,0.0
2019-10-30 18:05:27,pm2.5,0.0
2019-10-30 18:05:27,pm10,0.0
2019-10-30 18:06:27,pm2.5,0.0
2019-10-30 18:06:27,pm10,0.0
2019-10-30 18:07:27,pm2.5,0.0
2019-10-30 18:07:27,pm10,0.0
2019-10-30 18:08:27,pm2.5,0.1
2019-10-30 18:08:27,pm10,0.2
2019-10-30 18:09:27,pm2.5,0.0
2019-10-30 18:09:27,pm10,0.0
2019-10-30 18:10:27,pm2.5,0.0
2019-10-30 18:10:27,pm10,0.0
2019-10-30 18:11:27,pm2.5,0.1
2019-10-30 18:11:27,pm10,0.1
2019-10-30 18:12:27,pm2.5,0.0
2019-10-30 18:12:27,pm10,0.0
2019-10-30 18:13:27,pm2.5,0.0
2019-10-30 18:13:28,pm10,0.0
2019-10-30 18:14:27,pm2.5,0.0
2019-10-30 18:14:28,pm10,0.0
2019-10-30 18:15:27,pm2.5,0.1
2019-10-30 18:15:28,pm10,0.1
2019-10-30 18:16:27,pm2.5,0.0
2019-10-30 18:16:28,pm10,0.0
2019-10-30 18:17:27,pm2.5,0.1
2019-10-30 18:17:28,pm10,0.1
2019-10-30 18:18:27,pm2.5,0.0
2019-10-30 18:18:28,pm10,0.0
2019-10-30 18:19:27,pm2.5,0.0
2019-10-30 18:19:28,pm10,0.0
2019-10-30 18:20:27,pm2.5,0.0
2019-10-30 18:20:28,pm10,0.0
2019-10-30 18:21:28,pm2.5,0.0
2019-10-30 18:21:28,pm10,0.0
2019-10-30 18:22:28,pm2.5,0.0
2019-10-30 18:22:28,pm10,0.0
2019-10-30 18:23:28,pm2.5,0.0
2019-10-30 18:23:28,pm10,0.0
2019-10-30 18:24:28,pm2.5,0.1
2019-10-30 18:24:28,pm10,0.1
2019-10-30 18:25:28,pm2.5,0.1
2019-10-30 18:25:28,pm10,0.1
2019-10-30 18:26:28,pm2.5,0.0
2019-10-30 18:26:28,pm10,0.0
2019-10-30 18:27:28,pm2.5,0.1
2019-10-30 18:27:28,pm10,0.1
2019-10-30 18:28:28,pm2.5,0.0
2019-10-30 18:28:28,pm10,0.0
2019-10-30 18:29:28,pm2.5,0.0
2019-10-30 18:29:28,pm10,0.0
2019-10-30 18:30:28,pm2.5,0.0
2019-10-30 18:30:28,pm10,0.0
2019-10-30 18:31:28,pm2.5,0.0
2019-10-30 18:31:28,pm10,0.0
2019-10-30 18:32:28,pm2.5,0.0
2019-10-30 18:32:28,pm10,0.1
2019-10-30 18:33:28,pm2.5,0.0
2019-10-30 18:33:28,pm10,0.0
2019-10-30 18:34:28,pm2.5,0.1
2019-10-30 18:34:28,pm10,0.1
2019-10-30 18:35:28,pm2.5,0.1
2019-10-30 18:35:28,pm10,0.1
2019-10-30 18:36:28,pm2.5,0.0
2019-10-30 18:36:28,pm10,0.0
2019-10-30 18:37:28,pm2.5,0.0
2019-10-30 18:37:28,pm10,0.0
2019-10-30 18:38:28,pm2.5,0.1
2019-10-30 18:38:28,pm10,0.1
2019-10-30 18:39:28,pm2.5,0.0
2019-10-30 18:39:28,pm10,0.0
2019-10-30 18:40:28,pm2.5,0.0
2019-10-30 18:40:28,pm10,0.0
2019-10-30 18:41:28,pm2.5,0.0
2019-10-30 18:41:28,pm10,0.0
2019-10-30 18:42:28,pm2.5,0.0
2019-10-30 18:42:28,pm10,0.0
2019-10-30 18:43:28,pm2.5,0.0
2019-10-30 18:43:28,pm10,0.0
2019-10-30 18:44:28,pm2.5,0.0
2019-10-30 18:44:28,pm10,0.0
2019-10-30 18:45:28,pm2.5,0.0
2019-10-30 18:45:28,pm10,0.0
2019-10-30 18:46:28,pm2.5,0.0
2019-10-30 18:46:28,pm10,0.0
2019-10-30 18:47:28,pm2.5,0.0
2019-10-30 18:47:28,pm10,0.0
2019-10-30 18:48:28,pm2.5,0.0
2019-10-30 18:48:28,pm10,0.0
2019-10-30 18:49:28,pm2.5,0.0
2019-10-30 18:49:28,pm10,0.0
2019-10-30 18:50:28,pm2.5,0.0
2019-10-30 18:50:28,pm10,0.0
2019-10-30 18:51:28,pm2.5,0.0
2019-10-30 18:51:28,pm10,0.0
2019-10-30 18:52:28,pm2.5,0.0
2019-10-30 18:52:28,pm10,0.0
2019-10-30 18:53:28,pm2.5,0.0
2019-10-30 18:53:28,pm10,0.0
2019-10-30 18:54:28,pm2.5,0.0
2019-10-30 18:54:28,pm10,0.0
2019-10-30 18:55:28,pm2.5,0.0
2019-10-30 18:55:28,pm10,0.0
2019-10-30 18:56:28,pm2.5,0.1
2019-10-30 18:56:28,pm10,0.1
2019-10-30 18:57:28,pm2.5,0.0
2019-10-30 18:57:28,pm10,0.0
2019-10-30 18:58:28,pm2.5,0.0
2019-10-30 18:58:28,pm10,0.0
2019-10-30 18:59:28,pm2.5,0.0
2019-10-30 18:59:28,pm10,0.0
2019-10-30 19:00:28,pm2.5,0.0
2019-10-30 19:00:28,pm10,0.0
2019-10-30 19:01:28,pm2.5,0.1
2019-10-30 19:01:28,pm10,0.1
2019-10-30 19:02:28,pm2.5,0.0
2019-10-30 19:02:28,pm10,0.0
2019-10-30 19:03:28,pm2.5,0.0
2019-10-30 19:03:28,pm10,0.0
2019-10-30 19:04:28,pm2.5,0.0
2019-10-30 19:04:28,pm10,0.0
2019-10-30 19:05:28,pm2.5,0.0
2019-10-30 19:05:28,pm10,0.0
2019-10-30 19:06:28,pm2.5,0.0
2019-10-30 19:06:28,pm10,0.0
2019-10-30 19:07:27,pm2.5,0.0
2019-10-30 19:07:27,pm10,0.0
2019-10-30 19:08:27,pm2.5,0.0
2019-10-30 19:08:27,pm10,0.0
2019-10-30 19:09:27,pm2.5,0.0
2019-10-30 19:09:27,pm10,0.0
2019-10-30 19:10:27,pm2.5,0.0
2019-10-30 19:10:27,pm10,0.0
2019-10-30 19:11:27,pm2.5,0.0
2019-10-30 19:11:27,pm10,0.0
2019-10-30 19:12:27,pm2.5,0.0
2019-10-30 19:12:27,pm10,0.0
2019-10-30 19:13:27,pm2.5,0.0
2019-10-30 19:13:27,pm10,0.0
2019-10-30 19:14:27,pm2.5,0.0
2019-10-30 19:14:27,pm10,0.0
2019-10-30 19:15:27,pm2.5,0.1
2019-10-30 19:15:27,pm10,0.1
2019-10-30 19:16:27,pm2.5,0.0
2019-10-30 19:16:27,pm10,0.0
2019-10-30 19:17:27,pm2.5,0.0
2019-10-30 19:17:27,pm10,0.0
2019-10-30 19:18:27,pm2.5,0.1
2019-10-30 19:18:27,pm10,0.1
2019-10-30 19:19:27,pm2.5,0.1
2019-10-30 19:19:27,pm10,0.1
2019-10-30 19:20:27,pm2.5,0.0
2019-10-30 19:20:27,pm10,0.0
2019-10-30 19:21:27,pm2.5,0.1
2019-10-30 19:21:27,pm10,0.1
2019-10-30 19:22:27,pm2.5,0.0
2019-10-30 19:22:27,pm10,0.0
2019-10-30 19:23:27,pm2.5,0.0
2019-10-30 19:23:28,pm10,0.0
2019-10-30 19:24:27,pm2.5,0.0
2019-10-30 19:24:28,pm10,0.0
2019-10-30 19:25:27,pm2.5,0.0
2019-10-30 19:25:28,pm10,0.0
2019-10-30 19:26:27,pm2.5,0.0
2019-10-30 19:26:28,pm10,0.0
2019-10-30 19:27:27,pm2.5,0.0
2019-10-30 19:27:28,pm10,0.0
2019-10-30 19:28:27,pm2.5,0.0
2019-10-30 19:28:28,pm10,0.0
2019-10-30 19:29:27,pm2.5,0.1
2019-10-30 19:29:28,pm10,0.1
2019-10-30 19:30:28,pm2.5,0.0
2019-10-30 19:30:28,pm10,0.0
2019-10-30 19:31:28,pm2.5,0.0
2019-10-30 19:31:28,pm10,0.0
2019-10-30 19:32:28,pm2.5,0.1
2019-10-30 19:32:28,pm10,0.1
2019-10-30 19:33:28,pm2.5,0.0
2019-10-30 19:33:28,pm10,0.0
2019-10-30 19:34:28,pm2.5,0.0
2019-10-30 19:34:28,pm10,0.0
2019-10-30 19:35:28,pm2.5,0.1
2019-10-30 19:35:28,pm10,0.1
2019-10-30 19:36:28,pm2.5,0.0
2019-10-30 19:36:28,pm10,0.0
2019-10-30 19:37:28,pm2.5,0.0
2019-10-30 19:37:28,pm10,0.0
2019-10-30 19:38:28,pm2.5,0.0
2019-10-30 19:38:28,pm10,0.0
2019-10-30 19:39:28,pm2.5,0.0
2019-10-30 19:39:28,pm10,0.0
2019-10-30 19:40:28,pm2.5,0.0
2019-10-30 19:40:28,pm10,0.0
2019-10-30 19:41:28,pm2.5,0.0
2019-10-30 19:41:28,pm10,0.0
2019-10-30 19:42:28,pm2.5,0.0
2019-10-30 19:42:28,pm10,0.0
2019-10-30 19:43:28,pm2.5,0.1
2019-10-30 19:43:28,pm10,0.1
2019-10-30 19:44:28,pm2.5,0.0
2019-10-30 19:44:28,pm10,0.0
2019-10-30 19:45:28,pm2.5,0.0
2019-10-30 19:45:28,pm10,0.0
2019-10-30 19:46:28,pm2.5,0.0
2019-10-30 19:46:28,pm10,0.0
2019-10-30 19:47:28,pm2.5,0.0
2019-10-30 19:47:28,pm10,0.0
2019-10-30 19:48:28,pm2.5,0.0
2019-10-30 19:48:28,pm10,0.0
2019-10-30 19:49:28,pm2.5,0.0
2019-10-30 19:49:28,pm10,0.0
2019-10-30 19:50:28,pm2.5,0.1
2019-10-30 19:50:28,pm10,0.1
2019-10-30 19:51:28,pm2.5,0.0
2019-10-30 19:51:28,pm10,0.0
2019-10-30 19:52:28,pm2.5,0.0
2019-10-30 19:52:28,pm10,0.0
2019-10-30 19:53:28,pm2.5,0.0
2019-10-30 19:53:28,pm10,0.0
2019-10-30 19:54:28,pm2.5,0.0
2019-10-30 19:54:28,pm10,0.0
2019-10-30 19:55:28,pm2.5,0.0
2019-10-30 19:55:28,pm10,0.0
2019-10-30 19:56:28,pm2.5,0.0
2019-10-30 19:56:28,pm10,0.0
2019-10-30 19:57:28,pm2.5,0.0
2019-10-30 19:57:28,pm10,0.0
2019-10-30 19:58:28,pm2.5,0.1
2019-10-30 19:58:28,pm10,0.1
2019-10-30 19:59:28,pm2.5,0.0
2019-10-30 19:59:28,pm10,0.0
2019-10-30 20:00:28,pm2.5,0.0
2019-10-30 20:00:28,pm10,0.0
2019-10-30 20:01:28,pm2.5,0.0
2019-10-30 20:01:28,pm10,0.0
2019-10-30 20:02:27,pm2.5,0.0
2019-10-30 20:02:27,pm10,0.0
2019-10-30 20:03:28,pm2.5,0.0
2019-10-30 20:03:28,pm10,0.0
2019-10-30 20:04:28,pm2.5,0.0
2019-10-30 20:04:28,pm10,0.0
2019-10-30 20:05:28,pm2.5,0.0
2019-10-30 20:05:28,pm10,0.0
2019-10-30 20:06:28,pm2.5,0.0
2019-10-30 20:06:28,pm10,0.0
2019-10-30 20:07:28,pm2.5,0.1
2019-10-30 20:07:28,pm10,0.1
2019-10-30 20:08:28,pm2.5,0.0
2019-10-30 20:08:28,pm10,0.0
2019-10-30 20:09:28,pm2.5,0.0
2019-10-30 20:09:28,pm10,0.0
2019-10-30 20:10:28,pm2.5,0.1
2019-10-30 20:10:28,pm10,0.3
2019-10-30 20:11:28,pm2.5,0.0
2019-10-30 20:11:28,pm10,0.0
2019-10-30 20:13:27,pm2.5,0.0
2019-10-30 20:13:27,pm10,0.0
2019-10-30 20:14:27,pm2.5,0.0
2019-10-30 20:14:27,pm10,0.0
2019-10-30 20:15:27,pm2.5,0.0
2019-10-30 20:15:28,pm10,0.0
2019-10-30 20:16:27,pm2.5,0.1
2019-10-30 20:16:27,pm10,0.1
2019-10-30 20:17:27,pm2.5,0.1
2019-10-30 20:17:27,pm10,0.1
2019-10-30 20:18:27,pm2.5,0.1
2019-10-30 20:18:27,pm10,0.1
2019-10-30 20:19:27,pm2.5,0.0
2019-10-30 20:19:27,pm10,0.0
2019-10-30 20:20:27,pm2.5,0.1
2019-10-30 20:20:27,pm10,0.1
2019-10-30 20:21:27,pm2.5,0.0
2019-10-30 20:21:27,pm10,0.0
2019-10-30 20:22:27,pm2.5,0.0
2019-10-30 20:22:27,pm10,0.0
2019-10-30 20:23:27,pm2.5,0.0
2019-10-30 20:23:27,pm10,0.0
2019-10-30 20:24:27,pm2.5,0.0
2019-10-30 20:24:28,pm10,0.0
2019-10-30 20:25:27,pm2.5,0.0
2019-10-30 20:25:27,pm10,0.0
2019-10-30 20:26:27,pm2.5,0.0
2019-10-30 20:26:27,pm10,0.0
2019-10-30 20:27:27,pm2.5,0.0
2019-10-30 20:27:27,pm10,0.0
2019-10-30 20:28:27,pm2.5,0.0
2019-10-30 20:28:27,pm10,0.2
2019-10-30 20:29:27,pm2.5,0.0
2019-10-30 20:29:27,pm10,0.0
2019-10-30 20:30:27,pm2.5,0.1
2019-10-30 20:30:27,pm10,0.1
2019-10-30 20:31:27,pm2.5,0.1
2019-10-30 20:31:27,pm10,0.1
2019-10-30 20:32:27,pm2.5,0.0
2019-10-30 20:32:27,pm10,0.0
2019-10-30 20:33:27,pm2.5,0.0
2019-10-30 20:33:27,pm10,0.0
2019-10-30 20:34:27,pm2.5,0.1
2019-10-30 20:34:27,pm10,0.1
2019-10-30 20:35:27,pm2.5,0.0
2019-10-30 20:35:27,pm10,0.0
2019-10-30 20:36:27,pm2.5,0.0
2019-10-30 20:36:27,pm10,0.0
2019-10-30 20:37:27,pm2.5,0.0
2019-10-30 20:37:28,pm10,0.0
2019-10-30 20:38:27,pm2.5,0.1
2019-10-30 20:38:28,pm10,0.1
2019-10-30 20:39:27,pm2.5,0.0
2019-10-30 20:39:28,pm10,0.0
2019-10-30 20:40:27,pm2.5,0.0
2019-10-30 20:40:28,pm10,0.0
2019-10-30 20:41:27,pm2.5,0.0
2019-10-30 20:41:28,pm10,0.0
2019-10-30 20:42:28,pm2.5,0.0
2019-10-30 20:42:28,pm10,0.0
2019-10-30 20:43:27,pm2.5,0.1
2019-10-30 20:43:28,pm10,0.1
2019-10-30 20:44:27,pm2.5,0.1
2019-10-30 20:44:28,pm10,0.1
2019-10-30 20:45:28,pm2.5,0.1
2019-10-30 20:45:28,pm10,0.2
2019-10-30 20:46:28,pm2.5,0.1
2019-10-30 20:46:28,pm10,0.1
2019-10-30 20:47:28,pm2.5,0.1
2019-10-30 20:47:28,pm10,0.1
2019-10-30 20:48:28,pm2.5,0.0
2019-10-30 20:48:28,pm10,0.0
2019-10-30 20:49:28,pm2.5,0.0
2019-10-30 20:49:28,pm10,0.0
2019-10-30 20:50:28,pm2.5,0.0
2019-10-30 20:50:28,pm10,0.3
2019-10-30 20:51:28,pm2.5,0.0
2019-10-30 20:51:28,pm10,0.0
2019-10-30 20:52:28,pm2.5,0.0
2019-10-30 20:52:28,pm10,0.0
2019-10-30 20:53:28,pm2.5,0.0
2019-10-30 20:53:28,pm10,0.0
2019-10-30 20:54:28,pm2.5,0.0
2019-10-30 20:54:28,pm10,0.0
2019-10-30 20:55:28,pm2.5,0.0
2019-10-30 20:55:28,pm10,0.0
2019-10-30 20:56:28,pm2.5,0.1
2019-10-30 20:56:28,pm10,0.2
2019-10-30 20:57:28,pm2.5,0.0
2019-10-30 20:57:28,pm10,0.0
2019-10-30 20:58:28,pm2.5,0.0
2019-10-30 20:58:28,pm10,0.0
2019-10-30 20:59:28,pm2.5,0.0
2019-10-30 20:59:28,pm10,0.0
2019-10-30 21:00:28,pm2.5,0.0
2019-10-30 21:00:28,pm10,0.0
2019-10-30 21:01:28,pm2.5,0.0
2019-10-30 21:01:28,pm10,0.0
2019-10-30 21:02:28,pm2.5,0.0
2019-10-30 21:02:28,pm10,0.0
2019-10-30 21:03:28,pm2.5,0.0
2019-10-30 21:03:28,pm10,0.0
2019-10-30 21:04:28,pm2.5,0.0
2019-10-30 21:04:28,pm10,0.0
2019-10-30 21:05:28,pm2.5,0.0
2019-10-30 21:05:28,pm10,0.0
2019-10-30 21:06:28,pm2.5,0.0
2019-10-30 21:06:28,pm10,0.0
2019-10-30 21:07:28,pm2.5,0.0
2019-10-30 21:07:28,pm10,0.0
2019-10-30 21:08:28,pm2.5,0.0
2019-10-30 21:08:28,pm10,0.0
2019-10-30 21:09:28,pm2.5,0.2
2019-10-30 21:09:28,pm10,0.5
2019-10-30 21:10:28,pm2.5,0.0
2019-10-30 21:10:28,pm10,0.7
2019-10-30 21:11:28,pm2.5,0.0
2019-10-30 21:11:28,pm10,0.0
2019-10-30 21:12:28,pm2.5,0.0
2019-10-30 21:12:28,pm10,0.0
2019-10-30 21:13:28,pm2.5,0.0
2019-10-30 21:13:28,pm10,0.0
2019-10-30 21:14:28,pm2.5,0.0
2019-10-30 21:14:28,pm10,0.0
2019-10-30 21:15:28,pm2.5,0.0
2019-10-30 21:15:28,pm10,0.0
2019-10-30 21:16:28,pm2.5,0.0
2019-10-30 21:16:28,pm10,0.0
2019-10-30 21:17:28,pm2.5,0.0
2019-10-30 21:17:28,pm10,0.0
2019-10-30 21:18:28,pm2.5,0.0
2019-10-30 21:18:28,pm10,0.0
2019-10-30 21:19:28,pm2.5,0.0
2019-10-30 21:19:28,pm10,0.0
2019-10-30 21:20:28,pm2.5,0.1
2019-10-30 21:20:28,pm10,0.1
2019-10-30 21:21:28,pm2.5,0.0
2019-10-30 21:21:28,pm10,0.0
2019-10-30 21:22:28,pm2.5,0.0
2019-10-30 21:22:28,pm10,0.0
2019-10-30 21:23:28,pm2.5,0.0
2019-10-30 21:23:28,pm10,0.0
2019-10-30 21:24:28,pm2.5,0.0
2019-10-30 21:24:28,pm10,0.0
2019-10-30 21:25:28,pm2.5,0.0
2019-10-30 21:25:28,pm10,0.0
2019-10-30 21:26:28,pm2.5,0.0
2019-10-30 21:26:28,pm10,0.0
2019-10-30 21:27:28,pm2.5,0.0
2019-10-30 21:27:28,pm10,0.0
2019-10-30 21:28:28,pm2.5,0.0
2019-10-30 21:28:28,pm10,0.0
2019-10-30 21:29:28,pm2.5,0.0
2019-10-30 21:29:28,pm10,0.0
2019-10-30 21:30:28,pm2.5,0.0
2019-10-30 21:30:29,pm10,0.0
2019-10-30 21:31:28,pm2.5,0.0
2019-10-30 21:31:28,pm10,0.0
2019-10-30 21:32:28,pm2.5,0.0
2019-10-30 21:32:28,pm10,0.0
2019-10-30 21:33:28,pm2.5,0.1
2019-10-30 21:33:28,pm10,0.2
2019-10-30 21:35:27,pm2.5,0.0
2019-10-30 21:35:27,pm10,0.0
2019-10-30 21:36:27,pm2.5,0.1
2019-10-30 21:36:27,pm10,0.1
2019-10-30 21:37:27,pm2.5,0.0
2019-10-30 21:37:27,pm10,0.0
2019-10-30 21:38:27,pm2.5,0.1
2019-10-30 21:38:27,pm10,0.1
2019-10-30 21:39:27,pm2.5,0.1
2019-10-30 21:39:27,pm10,0.1
2019-10-30 21:40:27,pm2.5,0.0
2019-10-30 21:40:27,pm10,0.0
2019-10-30 21:41:27,pm2.5,0.0
2019-10-30 21:41:27,pm10,0.0
2019-10-30 21:42:27,pm2.5,0.0
2019-10-30 21:42:27,pm10,0.0
2019-10-30 21:43:27,pm2.5,0.0
2019-10-30 21:43:27,pm10,0.0
2019-10-30 21:44:27,pm2.5,0.0
2019-10-30 21:44:27,pm10,0.0
2019-10-30 21:45:27,pm2.5,0.0
2019-10-30 21:45:27,pm10,0.0
2019-10-30 21:46:27,pm2.5,0.0
2019-10-30 21:46:27,pm10,0.0
2019-10-30 21:47:27,pm2.5,0.0
2019-10-30 21:47:27,pm10,0.0
2019-10-30 21:48:27,pm2.5,0.0
2019-10-30 21:48:27,pm10,0.0
2019-10-30 21:49:27,pm2.5,0.0
2019-10-30 21:49:27,pm10,0.0
2019-10-30 21:50:27,pm2.5,0.1
2019-10-30 21:50:27,pm10,0.1
2019-10-30 21:51:27,pm2.5,0.1
2019-10-30 21:51:27,pm10,0.1
2019-10-30 21:52:27,pm2.5,0.0
2019-10-30 21:52:27,pm10,0.0
2019-10-30 21:53:27,pm2.5,0.0
2019-10-30 21:53:27,pm10,0.0
2019-10-30 21:54:27,pm2.5,0.0
2019-10-30 21:54:27,pm10,0.0
2019-10-30 21:55:27,pm2.5,0.1
2019-10-30 21:55:27,pm10,0.1
2019-10-30 21:56:27,pm2.5,0.0
2019-10-30 21:56:27,pm10,0.0
2019-10-30 21:57:27,pm2.5,0.0
2019-10-30 21:57:27,pm10,0.0
2019-10-30 21:58:27,pm2.5,0.0
2019-10-30 21:58:27,pm10,0.0
2019-10-30 21:59:27,pm2.5,0.0
2019-10-30 21:59:28,pm10,0.0
2019-10-30 22:00:27,pm2.5,0.0
2019-10-30 22:00:27,pm10,0.0
2019-10-30 22:01:27,pm2.5,0.0
2019-10-30 22:01:28,pm10,0.0
2019-10-30 22:02:27,pm2.5,0.1
2019-10-30 22:02:28,pm10,0.1
2019-10-30 22:03:27,pm2.5,0.1
2019-10-30 22:03:28,pm10,0.1
2019-10-30 22:04:27,pm2.5,0.1
2019-10-30 22:04:28,pm10,0.1
2019-10-30 22:05:27,pm2.5,0.1
2019-10-30 22:05:28,pm10,0.1
2019-10-30 22:06:27,pm2.5,0.0
2019-10-30 22:06:28,pm10,0.0
2019-10-30 22:07:27,pm2.5,0.0
2019-10-30 22:07:28,pm10,0.0
2019-10-30 22:08:27,pm2.5,0.0
2019-10-30 22:08:28,pm10,0.0
2019-10-30 22:09:27,pm2.5,0.0
2019-10-30 22:09:28,pm10,0.0
2019-10-30 22:10:27,pm2.5,0.0
2019-10-30 22:10:28,pm10,0.0
2019-10-30 22:11:28,pm2.5,0.0
2019-10-30 22:11:28,pm10,0.0
2019-10-30 22:12:28,pm2.5,0.0
2019-10-30 22:12:28,pm10,0.0
2019-10-30 22:13:28,pm2.5,0.0
2019-10-30 22:13:28,pm10,0.0
2019-10-30 22:14:28,pm2.5,0.0
2019-10-30 22:14:28,pm10,0.0
2019-10-30 22:15:28,pm2.5,0.0
2019-10-30 22:15:28,pm10,0.0
2019-10-30 22:16:28,pm2.5,0.0
2019-10-30 22:16:28,pm10,0.0
2019-10-30 22:17:28,pm2.5,0.0
2019-10-30 22:17:28,pm10,0.0
2019-10-30 22:18:28,pm2.5,0.0
2019-10-30 22:18:28,pm10,0.0
2019-10-30 22:19:28,pm2.5,0.1
2019-10-30 22:19:28,pm10,0.1
2019-10-30 22:20:28,pm2.5,0.1
2019-10-30 22:20:28,pm10,0.1
2019-10-30 22:21:28,pm2.5,0.0
2019-10-30 22:21:28,pm10,0.0
2019-10-30 22:22:28,pm2.5,0.0
2019-10-30 22:22:28,pm10,0.0
2019-10-30 22:23:28,pm2.5,0.0
2019-10-30 22:23:28,pm10,0.2
2019-10-30 22:24:28,pm2.5,0.0
2019-10-30 22:24:28,pm10,0.0
2019-10-30 22:25:28,pm2.5,0.0
2019-10-30 22:25:28,pm10,0.0
2019-10-30 22:26:28,pm2.5,0.0
2019-10-30 22:26:28,pm10,0.0
2019-10-30 22:27:28,pm2.5,0.0
2019-10-30 22:27:28,pm10,0.0
2019-10-30 22:28:28,pm2.5,0.0
2019-10-30 22:28:28,pm10,0.0
2019-10-30 22:29:28,pm2.5,0.1
2019-10-30 22:29:28,pm10,0.1
2019-10-30 22:30:28,pm2.5,0.1
2019-10-30 22:30:28,pm10,0.1
2019-10-30 22:31:28,pm2.5,0.0
2019-10-30 22:31:28,pm10,0.0
2019-10-30 22:32:28,pm2.5,0.0
2019-10-30 22:32:28,pm10,0.0
2019-10-30 22:33:28,pm2.5,0.0
2019-10-30 22:33:28,pm10,0.0
2019-10-30 22:34:28,pm2.5,0.0
2019-10-30 22:34:28,pm10,0.0
2019-10-30 22:35:28,pm2.5,0.0
2019-10-30 22:35:28,pm10,0.0
2019-10-30 22:36:28,pm2.5,0.0
2019-10-30 22:36:28,pm10,0.0
2019-10-30 22:37:28,pm2.5,0.0
2019-10-30 22:37:28,pm10,0.0
2019-10-30 22:38:28,pm2.5,0.0
2019-10-30 22:38:28,pm10,0.0
2019-10-30 22:39:28,pm2.5,0.0
2019-10-30 22:39:28,pm10,0.0
2019-10-30 22:40:28,pm2.5,0.1
2019-10-30 22:40:28,pm10,0.1
2019-10-30 22:41:28,pm2.5,0.0
2019-10-30 22:41:28,pm10,0.0
2019-10-30 22:42:28,pm2.5,0.0
2019-10-30 22:42:28,pm10,0.0
2019-10-30 22:43:28,pm2.5,0.0
2019-10-30 22:43:28,pm10,0.0
2019-10-30 22:44:28,pm2.5,0.0
2019-10-30 22:44:28,pm10,0.0
2019-10-30 22:45:28,pm2.5,0.0
2019-10-30 22:45:28,pm10,0.0
2019-10-30 22:46:28,pm2.5,0.1
2019-10-30 22:46:28,pm10,0.1
2019-10-30 22:47:28,pm2.5,0.0
2019-10-30 22:47:28,pm10,0.0
2019-10-30 22:48:28,pm2.5,0.0
2019-10-30 22:48:28,pm10,0.0
2019-10-30 22:49:28,pm2.5,0.0
2019-10-30 22:49:28,pm10,0.0
2019-10-30 22:50:28,pm2.5,0.0
2019-10-30 22:50:28,pm10,0.0
2019-10-30 22:51:28,pm2.5,0.0
2019-10-30 22:51:28,pm10,0.0
2019-10-30 22:52:28,pm2.5,0.0
2019-10-30 22:52:28,pm10,0.0
2019-10-30 22:53:28,pm2.5,0.0
2019-10-30 22:53:28,pm10,0.0
2019-10-30 22:55:27,pm2.5,0.0
2019-10-30 22:55:27,pm10,0.0
2019-10-30 22:56:27,pm2.5,0.1
2019-10-30 22:56:27,pm10,0.1
2019-10-30 22:57:27,pm2.5,0.1
2019-10-30 22:57:27,pm10,0.1
2019-10-30 22:58:27,pm2.5,0.0
2019-10-30 22:58:27,pm10,0.0
2019-10-30 22:59:27,pm2.5,0.0
2019-10-30 22:59:27,pm10,0.0
2019-10-30 23:00:27,pm2.5,0.0
2019-10-30 23:00:27,pm10,0.0
2019-10-30 23:01:27,pm2.5,0.0
2019-10-30 23:01:27,pm10,0.0
2019-10-30 23:02:27,pm2.5,0.0
2019-10-30 23:02:27,pm10,0.0
2019-10-30 23:03:27,pm2.5,0.0
2019-10-30 23:03:27,pm10,0.2
2019-10-30 23:04:27,pm2.5,0.0
2019-10-30 23:04:27,pm10,0.0
2019-10-30 23:05:27,pm2.5,0.0
2019-10-30 23:05:27,pm10,0.0
2019-10-30 23:06:27,pm2.5,0.0
2019-10-30 23:06:27,pm10,0.0
2019-10-30 23:07:27,pm2.5,0.0
2019-10-30 23:07:27,pm10,0.0
2019-10-30 23:08:27,pm2.5,0.0
2019-10-30 23:08:27,pm10,0.0
2019-10-30 23:09:27,pm2.5,0.0
2019-10-30 23:09:27,pm10,0.0
2019-10-30 23:10:27,pm2.5,0.0
2019-10-30 23:10:27,pm10,0.0
2019-10-30 23:11:27,pm2.5,0.0
2019-10-30 23:11:27,pm10,0.0
2019-10-30 23:12:27,pm2.5,0.0
2019-10-30 23:12:27,pm10,0.0
2019-10-30 23:13:27,pm2.5,0.0
2019-10-30 23:13:27,pm10,0.0
2019-10-30 23:14:27,pm2.5,0.0
2019-10-30 23:14:27,pm10,0.0
2019-10-30 23:15:27,pm2.5,0.0
2019-10-30 23:15:27,pm10,0.0
2019-10-30 23:16:27,pm2.5,0.0
2019-10-30 23:16:27,pm10,0.0
2019-10-30 23:17:27,pm2.5,0.0
2019-10-30 23:17:27,pm10,0.0
2019-10-30 23:18:27,pm2.5,0.0
2019-10-30 23:18:27,pm10,0.0
2019-10-30 23:19:27,pm2.5,0.0
2019-10-30 23:19:28,pm10,0.0
2019-10-30 23:20:27,pm2.5,0.0
2019-10-30 23:20:28,pm10,0.0
2019-10-30 23:21:27,pm2.5,0.0
2019-10-30 23:21:28,pm10,0.0
2019-10-30 23:22:27,pm2.5,0.0
2019-10-30 23:22:28,pm10,0.0
2019-10-30 23:23:27,pm2.5,0.1
2019-10-30 23:23:28,pm10,0.2
2019-10-30 23:24:27,pm2.5,0.1
2019-10-30 23:24:28,pm10,0.1
2019-10-30 23:25:27,pm2.5,0.0
2019-10-30 23:25:28,pm10,0.0
2019-10-30 23:26:27,pm2.5,0.1
2019-10-30 23:26:28,pm10,0.1
2019-10-30 23:27:27,pm2.5,0.0
2019-10-30 23:27:28,pm10,0.0
2019-10-30 23:28:27,pm2.5,0.0
2019-10-30 23:28:28,pm10,0.0
2019-10-30 23:29:27,pm2.5,0.0
2019-10-30 23:29:28,pm10,0.0
2019-10-30 23:30:27,pm2.5,0.0
2019-10-30 23:30:28,pm10,0.0
2019-10-30 23:31:28,pm2.5,0.0
2019-10-30 23:31:28,pm10,0.0
2019-10-30 23:32:28,pm2.5,0.0
2019-10-30 23:32:28,pm10,1.1
2019-10-30 23:33:28,pm2.5,0.0
2019-10-30 23:33:28,pm10,0.3
2019-10-30 23:34:28,pm2.5,0.0
2019-10-30 23:34:28,pm10,0.0
2019-10-30 23:35:28,pm2.5,0.0
2019-10-30 23:35:28,pm10,0.0
2019-10-30 23:36:28,pm2.5,0.1
2019-10-30 23:36:28,pm10,0.1