2019-10-31 22:20:33,pm2.5,999.9
2019-10-31 22:20:33,pm10,1999.9
2019-10-31 22:21:55,comment,"rescue 31octa because s3 went offline, void 31octa"
2019-10-31 22:20:33,pm2.5,999.9
2019-10-31 22:20:33,pm10,1999.9
2019-10-31 22:20:33,pm10,1999.9
2019-10-31 22:21:55,comment,"rescue 31octa because s3 went offline, void 31octa"
2019-10-31 22:21:57,pm2.5,999.9
2019-10-31 22:21:58,pm10,1999.9
2019-10-31 22:24:34,pm2.5,999.9
2019-10-31 22:24:35,pm10,1698.2
2019-10-31 22:25:35,pm2.5,991.8
2019-10-31 22:25:35,pm10,1465.3
2019-10-31 22:26:36,pm2.5,930.2
2019-10-31 22:26:36,pm10,1259.4
2019-10-31 22:27:21,comment,sealed
2019-10-31 22:27:36,pm2.5,876.8
2019-10-31 22:27:36,pm10,1111.0
2019-10-31 22:28:35,pm2.5,864.3
2019-10-31 22:28:35,pm10,1072.4
2019-10-31 22:29:35,pm2.5,856.9
2019-10-31 22:29:35,pm10,1046.0
2019-10-31 22:30:35,pm2.5,842.8
2019-10-31 22:30:35,pm10,1018.2
2019-10-31 22:31:35,pm2.5,832.3
2019-10-31 22:31:35,pm10,985.3
2019-10-31 22:32:35,pm2.5,820.0
2019-10-31 22:32:35,pm10,958.6
2019-10-31 22:33:35,pm2.5,815.7
2019-10-31 22:33:35,pm10,941.1
2019-10-31 22:34:35,pm2.5,801.1
2019-10-31 22:34:35,pm10,909.2
2019-10-31 22:35:35,pm2.5,791.7
2019-10-31 22:35:35,pm10,889.9
2019-10-31 22:36:33,pm2.5,781.6
2019-10-31 22:36:33,pm10,877.7
2019-10-31 22:37:35,pm2.5,771.4
2019-10-31 22:37:35,pm10,865.6
2019-10-31 22:38:35,pm2.5,761.1
2019-10-31 22:38:35,pm10,852.8
2019-10-31 22:39:35,pm2.5,750.1
2019-10-31 22:39:35,pm10,839.3
2019-10-31 22:40:35,pm2.5,737.4
2019-10-31 22:40:35,pm10,824.5
2019-10-31 22:41:35,pm2.5,720.8
2019-10-31 22:41:35,pm10,805.2
2019-10-31 22:42:35,pm2.5,715.8
2019-10-31 22:42:35,pm10,799.2
2019-10-31 22:43:35,pm2.5,710.8
2019-10-31 22:43:35,pm10,792.7
2019-10-31 22:44:35,pm2.5,697.6
2019-10-31 22:44:35,pm10,777.0
2019-10-31 22:45:34,pm2.5,690.6
2019-10-31 22:45:34,pm10,769.1
2019-10-31 22:46:34,pm2.5,679.2
2019-10-31 22:46:34,pm10,755.5
2019-10-31 22:47:34,pm2.5,670.9
2019-10-31 22:47:34,pm10,746.5
2019-10-31 22:48:34,pm2.5,654.7
2019-10-31 22:48:34,pm10,728.3
2019-10-31 22:49:34,pm2.5,646.6
2019-10-31 22:49:34,pm10,718.6
2019-10-31 22:50:35,pm2.5,641.5
2019-10-31 22:50:35,pm10,712.1
2019-10-31 22:51:35,pm2.5,626.9
2019-10-31 22:51:35,pm10,695.5
2019-10-31 22:52:35,pm2.5,620.2
2019-10-31 22:52:35,pm10,687.9
2019-10-31 22:53:35,pm2.5,607.2
2019-10-31 22:53:35,pm10,673.0
2019-10-31 22:54:35,pm2.5,598.1
2019-10-31 22:54:35,pm10,662.8
2019-10-31 22:55:35,pm2.5,585.3
2019-10-31 22:55:35,pm10,648.5
2019-10-31 22:56:35,pm2.5,582.6
2019-10-31 22:56:35,pm10,645.2
2019-10-31 22:57:35,pm2.5,567.4
2019-10-31 22:57:35,pm10,628.3
2019-10-31 22:58:35,pm2.5,558.5
2019-10-31 22:58:35,pm10,618.5
2019-10-31 22:59:35,pm2.5,554.6
2019-10-31 22:59:35,pm10,613.9
2019-10-31 23:00:35,pm2.5,540.4
2019-10-31 23:00:35,pm10,598.2
2019-10-31 23:01:34,pm2.5,533.2
2019-10-31 23:01:34,pm10,590.1
2019-10-31 23:02:34,pm2.5,515.9
2019-10-31 23:02:34,pm10,571.1
2019-10-31 23:03:34,pm2.5,511.3
2019-10-31 23:03:34,pm10,565.8
2019-10-31 23:04:34,pm2.5,501.6
2019-10-31 23:04:34,pm10,555.2
2019-10-31 23:05:34,pm2.5,492.2
2019-10-31 23:05:34,pm10,544.8
2019-10-31 23:06:34,pm2.5,484.5
2019-10-31 23:06:34,pm10,536.4
2019-10-31 23:07:34,pm2.5,475.8
2019-10-31 23:07:34,pm10,527.0
2019-10-31 23:08:34,pm2.5,463.5
2019-10-31 23:08:34,pm10,513.5
2019-10-31 23:09:34,pm2.5,452.7
2019-10-31 23:09:34,pm10,501.6
2019-10-31 23:10:34,pm2.5,446.4
2019-10-31 23:10:34,pm10,494.4
2019-10-31 23:11:34,pm2.5,434.6
2019-10-31 23:11:34,pm10,481.8
2019-10-31 23:12:34,pm2.5,432.4
2019-10-31 23:12:35,pm10,479.2
2019-10-31 23:13:34,pm2.5,420.5
2019-10-31 23:13:35,pm10,466.3
2019-10-31 23:14:35,pm2.5,411.1
2019-10-31 23:14:36,pm10,455.7
2019-10-31 23:15:32,pm2.5,405.3
2019-10-31 23:15:33,pm10,449.0
2019-10-31 23:16:32,pm2.5,395.1
2019-10-31 23:16:33,pm10,437.9
2019-10-31 23:17:32,pm2.5,382.4
2019-10-31 23:17:33,pm10,423.8
2019-10-31 23:18:33,pm2.5,376.7
2019-10-31 23:18:33,pm10,417.2
2019-10-31 23:19:33,pm2.5,370.4
2019-10-31 23:19:33,pm10,410.1
2019-10-31 23:20:33,pm2.5,360.2
2019-10-31 23:20:33,pm10,398.5
2019-10-31 23:21:33,pm2.5,352.4
2019-10-31 23:21:33,pm10,389.5
2019-10-31 23:22:33,pm2.5,344.7
2019-10-31 23:22:33,pm10,380.7
2019-10-31 23:23:33,pm2.5,343.3
2019-10-31 23:23:33,pm10,379.6
2019-10-31 23:24:33,pm2.5,331.8
2019-10-31 23:24:33,pm10,366.7
2019-10-31 23:25:33,pm2.5,325.9
2019-10-31 23:25:33,pm10,360.0
2019-10-31 23:26:33,pm2.5,321.8
2019-10-31 23:26:33,pm10,355.0
2019-10-31 23:27:33,pm2.5,308.7
2019-10-31 23:27:33,pm10,340.8
2019-10-31 23:28:33,pm2.5,301.5
2019-10-31 23:28:33,pm10,332.7
2019-10-31 23:29:33,pm2.5,296.3
2019-10-31 23:29:33,pm10,326.9
2019-10-31 23:30:33,pm2.5,287.2
2019-10-31 23:30:33,pm10,317.2
2019-10-31 23:31:33,pm2.5,277.9
2019-10-31 23:31:33,pm10,306.4
2019-10-31 23:32:33,pm2.5,274.0
2019-10-31 23:32:33,pm10,302.1
2019-10-31 23:33:33,pm2.5,266.6
2019-10-31 23:33:33,pm10,293.7
2019-10-31 23:34:33,pm2.5,257.1
2019-10-31 23:34:33,pm10,283.6
2019-10-31 23:35:33,pm2.5,253.1
2019-10-31 23:35:33,pm10,278.7
2019-10-31 23:36:33,pm2.5,244.9
2019-10-31 23:36:33,pm10,269.8
2019-10-31 23:37:33,pm2.5,239.0
2019-10-31 23:37:33,pm10,263.5
2019-10-31 23:38:33,pm2.5,233.1
2019-10-31 23:38:33,pm10,256.8
2019-10-31 23:39:33,pm2.5,227.8
2019-10-31 23:39:33,pm10,250.9
2019-10-31 23:40:33,pm2.5,220.2
2019-10-31 23:40:33,pm10,242.7
2019-10-31 23:41:33,pm2.5,218.4
2019-10-31 23:41:33,pm10,240.7
2019-10-31 23:42:33,pm2.5,210.7
2019-10-31 23:42:33,pm10,232.0
2019-10-31 23:43:33,pm2.5,202.7
2019-10-31 23:43:33,pm10,223.3
2019-10-31 23:44:33,pm2.5,201.8
2019-10-31 23:44:33,pm10,222.3
2019-10-31 23:45:33,pm2.5,197.6
2019-10-31 23:45:33,pm10,217.7
2019-10-31 23:46:33,pm2.5,186.6
2019-10-31 23:46:33,pm10,205.5
2019-10-31 23:47:33,pm2.5,187.3
2019-10-31 23:47:33,pm10,206.3
2019-10-31 23:48:33,pm2.5,176.5
2019-10-31 23:48:33,pm10,194.6
2019-10-31 23:49:33,pm2.5,174.0
2019-10-31 23:49:33,pm10,191.7
2019-10-31 23:50:33,pm2.5,170.1
2019-10-31 23:50:33,pm10,187.5
2019-10-31 23:51:33,pm2.5,162.7
2019-10-31 23:51:33,pm10,179.3
2019-10-31 23:52:33,pm2.5,160.4
2019-10-31 23:52:33,pm10,176.7
2019-10-31 23:53:33,pm2.5,157.5
2019-10-31 23:53:33,pm10,173.6
2019-10-31 23:54:33,pm2.5,148.7
2019-10-31 23:54:33,pm10,163.7
2019-10-31 23:55:33,pm2.5,149.0
2019-10-31 23:55:33,pm10,164.2
2019-10-31 23:56:33,pm2.5,141.0
2019-10-31 23:56:33,pm10,155.3
2019-10-31 23:57:33,pm2.5,138.7
2019-10-31 23:57:33,pm10,152.8
2019-10-31 23:58:33,pm2.5,135.4
2019-10-31 23:58:33,pm10,149.2
2019-10-31 23:59:33,pm2.5,132.6
2019-10-31 23:59:33,pm10,146.0
2019-11-01 00:00:33,pm2.5,128.5
2019-11-01 00:00:33,pm10,141.6
2019-11-01 00:01:33,pm2.5,126.9
2019-11-01 00:01:33,pm10,139.7
2019-11-01 00:02:33,pm2.5,123.7
2019-11-01 00:02:33,pm10,136.1
2019-11-01 00:03:33,pm2.5,118.9
2019-11-01 00:03:33,pm10,130.7
2019-11-01 00:04:33,pm2.5,115.3
2019-11-01 00:04:33,pm10,126.9
2019-11-01 00:05:33,pm2.5,115.5
2019-11-01 00:05:34,pm10,127.0
2019-11-01 00:06:33,pm2.5,109.0
2019-11-01 00:06:33,pm10,119.8
2019-11-01 00:07:33,pm2.5,109.8
2019-11-01 00:07:33,pm10,120.8
2019-11-01 00:08:49,pm2.5,105.0
2019-11-01 00:08:49,pm10,115.4
2019-11-01 00:08:49,pm10,115.4
2019-11-01 00:09:43,pm2.5,100.6
2019-11-01 00:09:44,pm10,110.4
2019-11-01 00:09:43,pm2.5,100.6
2019-11-01 00:09:44,pm10,110.4
2019-11-01 00:13:19,pm2.5,92.0
2019-11-01 00:13:20,pm10,101.0
2019-11-01 00:14:30,pm10,100.6
2019-11-01 00:14:41,pm2.5,89.8
2019-11-01 00:14:42,pm10,98.5
2019-11-01 00:14:57,pm2.5,88.2
2019-11-01 00:14:58,pm10,96.9
2019-11-01 00:16:02,pm2.5,86.5
2019-11-01 00:16:03,pm10,95.1
2019-11-01 00:17:08,pm2.5,82.2
2019-11-01 00:17:08,pm10,90.3
2019-11-01 00:17:33,pm2.5,81.9
2019-11-01 00:17:33,pm10,90.0
2019-11-01 00:18:33,pm2.5,78.2
2019-11-01 00:18:33,pm10,86.0
2019-11-01 00:19:33,pm2.5,76.1
2019-11-01 00:19:33,pm10,83.7
2019-11-01 00:20:33,pm2.5,75.6
2019-11-01 00:20:33,pm10,82.9
2019-11-01 00:21:33,pm2.5,73.4
2019-11-01 00:21:33,pm10,80.6
2019-11-01 00:22:33,pm2.5,70.7
2019-11-01 00:22:33,pm10,77.7
2019-11-01 00:23:33,pm2.5,68.8
2019-11-01 00:23:33,pm10,75.7
2019-11-01 00:24:33,pm2.5,66.5
2019-11-01 00:24:33,pm10,73.1
2019-11-01 00:25:33,pm2.5,65.6
2019-11-01 00:25:33,pm10,72.1
2019-11-01 00:26:33,pm2.5,65.6
2019-11-01 00:26:33,pm10,72.1
2019-11-01 00:27:33,pm2.5,62.4
2019-11-01 00:27:33,pm10,68.7
2019-11-01 00:28:33,pm2.5,61.3
2019-11-01 00:28:33,pm10,67.4
2019-11-01 00:29:32,pm2.5,61.0
2019-11-01 00:29:32,pm10,67.1
2019-11-01 00:30:33,pm2.5,58.6
2019-11-01 00:30:34,pm10,64.5
2019-11-01 00:31:33,pm2.5,55.3
2019-11-01 00:31:33,pm10,60.8
2019-11-01 00:32:33,pm2.5,55.1
2019-11-01 00:32:33,pm10,60.6
2019-11-01 00:33:33,pm2.5,52.2
2019-11-01 00:33:33,pm10,57.4
2019-11-01 00:34:33,pm2.5,50.8
2019-11-01 00:34:33,pm10,55.9
2019-11-01 00:35:33,pm2.5,49.9
2019-11-01 00:35:33,pm10,54.9
2019-11-01 00:36:33,pm2.5,49.2
2019-11-01 00:36:33,pm10,54.1
2019-11-01 00:37:33,pm2.5,46.7
2019-11-01 00:37:33,pm10,51.4
2019-11-01 00:38:33,pm2.5,46.0
2019-11-01 00:38:33,pm10,50.6
2019-11-01 00:39:33,pm2.5,45.8
2019-11-01 00:39:33,pm10,50.4
2019-11-01 00:40:33,pm2.5,44.6
2019-11-01 00:40:33,pm10,49.0
2019-11-01 00:41:33,pm2.5,43.2
2019-11-01 00:41:33,pm10,47.6
2019-11-01 00:42:33,pm2.5,42.1
2019-11-01 00:42:33,pm10,46.4
2019-11-01 00:43:33,pm2.5,41.6
2019-11-01 00:43:33,pm10,45.7
2019-11-01 00:44:33,pm2.5,40.3
2019-11-01 00:44:33,pm10,44.4
2019-11-01 00:45:33,pm2.5,38.6
2019-11-01 00:45:33,pm10,42.5
2019-11-01 00:46:33,pm2.5,36.8
2019-11-01 00:46:33,pm10,40.6
2019-11-01 00:47:33,pm2.5,36.8
2019-11-01 00:47:33,pm10,40.5
2019-11-01 00:48:33,pm2.5,35.7
2019-11-01 00:48:33,pm10,39.4
2019-11-01 00:49:33,pm2.5,33.6
2019-11-01 00:49:33,pm10,37.0
2019-11-01 00:50:33,pm2.5,33.7
2019-11-01 00:50:33,pm10,37.2
2019-11-01 00:51:33,pm2.5,32.1
2019-11-01 00:51:33,pm10,35.4
2019-11-01 00:52:33,pm2.5,31.5
2019-11-01 00:52:33,pm10,34.7
2019-11-01 00:53:33,pm2.5,31.1
2019-11-01 00:53:33,pm10,34.3
2019-11-01 00:54:33,pm2.5,29.9
2019-11-01 00:54:33,pm10,33.0
2019-11-01 00:55:33,pm2.5,29.9
2019-11-01 00:55:33,pm10,33.0
2019-11-01 00:56:33,pm2.5,28.7
2019-11-01 00:56:33,pm10,31.7
2019-11-01 00:57:33,pm2.5,27.5
2019-11-01 00:57:33,pm10,30.4
2019-11-01 00:58:33,pm2.5,27.0
2019-11-01 00:58:34,pm10,29.8
2019-11-01 00:59:33,pm2.5,26.2
2019-11-01 00:59:33,pm10,28.9
2019-11-01 01:00:33,pm2.5,25.8
2019-11-01 01:00:33,pm10,28.5
2019-11-01 01:01:33,pm2.5,25.4
2019-11-01 01:01:33,pm10,28.1
2019-11-01 01:02:33,pm2.5,24.7
2019-11-01 01:02:33,pm10,27.3
2019-11-01 01:03:33,pm2.5,23.8
2019-11-01 01:03:33,pm10,26.3
2019-11-01 01:04:33,pm2.5,22.9
2019-11-01 01:04:33,pm10,25.3
2019-11-01 01:05:33,pm2.5,23.3
2019-11-01 01:05:33,pm10,25.8
2019-11-01 01:06:33,pm2.5,21.9
2019-11-01 01:06:34,pm10,24.3
2019-11-01 01:07:33,pm2.5,22.0
2019-11-01 01:07:33,pm10,24.4
2019-11-01 01:08:33,pm2.5,21.2
2019-11-01 01:08:33,pm10,23.5
2019-11-01 01:09:33,pm2.5,19.8
2019-11-01 01:09:33,pm10,22.0
2019-11-01 01:11:32,pm2.5,19.7
2019-11-01 01:11:33,pm10,21.9
2019-11-01 01:12:32,pm2.5,19.2
2019-11-01 01:12:33,pm10,21.3
2019-11-01 01:13:32,pm2.5,18.3
2019-11-01 01:13:33,pm10,20.3
2019-11-01 01:14:33,pm2.5,18.8
2019-11-01 01:14:33,pm10,20.9
2019-11-01 01:15:32,pm2.5,17.5
2019-11-01 01:15:33,pm10,19.5
2019-11-01 01:16:33,pm2.5,17.4
2019-11-01 01:16:33,pm10,19.3
2019-11-01 01:17:33,pm2.5,16.7
2019-11-01 01:17:33,pm10,18.6
2019-11-01 01:18:33,pm2.5,15.9
2019-11-01 01:18:33,pm10,17.7
2019-11-01 01:19:33,pm2.5,15.3
2019-11-01 01:19:33,pm10,17.1
2019-11-01 01:20:33,pm2.5,15.2
2019-11-01 01:20:33,pm10,17.0
2019-11-01 01:21:33,pm2.5,14.9
2019-11-01 01:21:33,pm10,16.7
2019-11-01 01:22:33,pm2.5,13.8
2019-11-01 01:22:33,pm10,15.5
2019-11-01 01:23:33,pm2.5,13.8
2019-11-01 01:23:33,pm10,15.4
2019-11-01 01:24:33,pm2.5,13.9
2019-11-01 01:24:33,pm10,15.5
2019-11-01 01:25:33,pm2.5,13.0
2019-11-01 01:25:33,pm10,14.6
2019-11-01 01:26:33,pm2.5,13.2
2019-11-01 01:26:33,pm10,14.8
2019-11-01 01:27:33,pm2.5,12.4
2019-11-01 01:27:33,pm10,14.0
2019-11-01 01:28:33,pm2.5,12.3
2019-11-01 01:28:33,pm10,13.9
2019-11-01 01:29:33,pm2.5,12.4
2019-11-01 01:29:33,pm10,13.9
2019-11-01 01:30:33,pm2.5,11.9
2019-11-01 01:30:33,pm10,13.9
2019-11-01 01:31:33,pm2.5,11.5
2019-11-01 01:31:33,pm10,13.2
2019-11-01 01:32:33,pm2.5,11.0
2019-11-01 01:32:33,pm10,13.0
2019-11-01 01:33:33,pm2.5,10.3
2019-11-01 01:33:33,pm10,12.6
2019-11-01 01:34:33,pm2.5,10.6
2019-11-01 01:34:33,pm10,12.4
2019-11-01 01:35:33,pm2.5,10.5
2019-11-01 01:35:33,pm10,12.8
2019-11-01 01:36:33,pm2.5,9.5
2019-11-01 01:36:33,pm10,11.8
2019-11-01 01:37:33,pm2.5,9.4
2019-11-01 01:37:33,pm10,11.6
2019-11-01 01:38:33,pm2.5,9.3
2019-11-01 01:38:33,pm10,11.5
2019-11-01 01:39:33,pm2.5,9.7
2019-11-01 01:39:33,pm10,12.0
2019-11-01 01:40:33,pm2.5,8.9
2019-11-01 01:40:33,pm10,11.7
2019-11-01 01:41:33,pm2.5,9.2
2019-11-01 01:41:33,pm10,11.6
2019-11-01 01:42:33,pm2.5,8.4
2019-11-01 01:42:33,pm10,11.1
2019-11-01 01:43:33,pm2.5,8.0
2019-11-01 01:43:33,pm10,10.8
2019-11-01 01:44:33,pm2.5,8.2
2019-11-01 01:44:33,pm10,11.0
2019-11-01 01:45:33,pm2.5,8.0
2019-11-01 01:45:33,pm10,10.6
2019-11-01 01:46:33,pm2.5,7.8
2019-11-01 01:46:33,pm10,10.6
2019-11-01 01:47:33,pm2.5,7.4
2019-11-01 01:47:33,pm10,10.2
2019-11-01 01:48:33,pm2.5,7.4
2019-11-01 01:48:33,pm10,10.2
2019-11-01 01:49:33,pm2.5,7.1
2019-11-01 01:49:33,pm10,9.9
2019-11-01 01:50:33,pm2.5,6.9
2019-11-01 01:50:33,pm10,9.7
2019-11-01 01:51:33,pm2.5,7.3
2019-11-01 01:51:33,pm10,10.0
2019-11-01 01:52:33,pm2.5,6.6
2019-11-01 01:52:33,pm10,9.6
2019-11-01 01:53:33,pm2.5,6.5
2019-11-01 01:53:33,pm10,9.4
2019-11-01 01:54:33,pm2.5,6.1
2019-11-01 01:54:33,pm10,9.1
2019-11-01 01:55:33,pm2.5,5.8
2019-11-01 01:55:34,pm10,9.2
2019-11-01 01:56:33,pm2.5,6.0
2019-11-01 01:56:33,pm10,9.1
2019-11-01 01:57:33,pm2.5,5.8
2019-11-01 01:57:33,pm10,9.2
2019-11-01 01:58:33,pm2.5,5.8
2019-11-01 01:58:33,pm10,8.7
2019-11-01 01:59:33,pm2.5,5.8
2019-11-01 01:59:33,pm10,9.0
2019-11-01 02:00:33,pm2.5,5.0
2019-11-01 02:00:33,pm10,8.2
2019-11-01 02:01:33,pm2.5,5.2
2019-11-01 02:01:33,pm10,8.4
2019-11-01 02:02:33,pm2.5,5.4
2019-11-01 02:02:33,pm10,8.8
2019-11-01 02:03:33,pm2.5,4.8
2019-11-01 02:03:33,pm10,8.1
2019-11-01 02:05:32,pm2.5,4.5
2019-11-01 02:05:33,pm10,8.1
2019-11-01 02:06:32,pm2.5,4.3
2019-11-01 02:06:33,pm10,7.7
2019-11-01 02:07:32,pm2.5,4.3
2019-11-01 02:07:33,pm10,7.8
2019-11-01 02:08:32,pm2.5,4.4
2019-11-01 02:08:33,pm10,7.9
2019-11-01 02:09:32,pm2.5,4.4
2019-11-01 02:09:33,pm10,7.9
2019-11-01 02:10:32,pm2.5,4.1
2019-11-01 02:10:33,pm10,7.7
2019-11-01 02:11:33,pm2.5,4.2
2019-11-01 02:11:33,pm10,7.6
2019-11-01 02:12:33,pm2.5,4.1
2019-11-01 02:12:33,pm10,7.6
2019-11-01 02:13:33,pm2.5,3.8
2019-11-01 02:13:33,pm10,7.5
2019-11-01 02:14:33,pm2.5,3.6
2019-11-01 02:14:33,pm10,7.1
2019-11-01 02:15:33,pm2.5,3.8
2019-11-01 02:15:33,pm10,7.4
2019-11-01 02:16:33,pm2.5,3.3
2019-11-01 02:16:33,pm10,6.8
2019-11-01 02:17:33,pm2.5,3.6
2019-11-01 02:17:33,pm10,7.3
2019-11-01 02:18:33,pm2.5,3.4
2019-11-01 02:18:33,pm10,6.8
2019-11-01 02:19:33,pm2.5,3.4
2019-11-01 02:19:33,pm10,7.0
2019-11-01 02:20:33,pm2.5,3.0
2019-11-01 02:20:33,pm10,6.3
2019-11-01 02:21:33,pm2.5,3.0
2019-11-01 02:21:33,pm10,6.4
2019-11-01 02:22:33,pm2.5,2.8
2019-11-01 02:22:33,pm10,6.2
2019-11-01 02:23:33,pm2.5,3.0
2019-11-01 02:23:33,pm10,6.4
2019-11-01 02:24:33,pm2.5,2.7
2019-11-01 02:24:33,pm10,5.9
2019-11-01 02:25:33,pm2.5,2.9
2019-11-01 02:25:33,pm10,6.1
2019-11-01 02:26:33,pm2.5,2.5
2019-11-01 02:26:33,pm10,6.0
2019-11-01 02:27:33,pm2.5,2.7
2019-11-01 02:27:33,pm10,5.7
2019-11-01 02:28:33,pm2.5,2.7
2019-11-01 02:28:33,pm10,5.9
2019-11-01 02:29:33,pm2.5,2.4
2019-11-01 02:29:33,pm10,5.4
2019-11-01 02:30:33,pm2.5,2.7
2019-11-01 02:30:33,pm10,5.7
2019-11-01 02:31:33,pm2.5,2.5
2019-11-01 02:31:33,pm10,5.6
2019-11-01 02:32:33,pm2.5,2.2
2019-11-01 02:32:33,pm10,4.9
2019-11-01 02:33:33,pm2.5,2.2
2019-11-01 02:33:33,pm10,5.5
2019-11-01 02:34:33,pm2.5,2.2
2019-11-01 02:34:33,pm10,4.9
2019-11-01 02:35:32,pm2.5,2.2
2019-11-01 02:35:33,pm10,4.9
2019-11-01 02:36:33,pm2.5,2.1
2019-11-01 02:36:33,pm10,4.7
2019-11-01 02:37:33,pm2.5,2.0
2019-11-01 02:37:33,pm10,4.4
2019-11-01 02:38:33,pm2.5,2.0
2019-11-01 02:38:33,pm10,4.3
2019-11-01 02:39:33,pm2.5,1.9
2019-11-01 02:39:33,pm10,4.2
2019-11-01 02:40:33,pm2.5,2.0
2019-11-01 02:40:33,pm10,4.5
2019-11-01 02:41:33,pm2.5,2.0
2019-11-01 02:41:33,pm10,4.8
2019-11-01 02:42:33,pm2.5,1.8
2019-11-01 02:42:33,pm10,4.0
2019-11-01 02:43:33,pm2.5,1.7
2019-11-01 02:43:33,pm10,3.9
2019-11-01 02:44:33,pm2.5,1.8
2019-11-01 02:44:33,pm10,4.0
2019-11-01 02:45:33,pm2.5,1.7
2019-11-01 02:45:33,pm10,3.7
2019-11-01 02:46:33,pm2.5,1.6
2019-11-01 02:46:33,pm10,3.1
2019-11-01 02:47:33,pm2.5,1.7
2019-11-01 02:47:33,pm10,3.7
2019-11-01 02:48:33,pm2.5,1.5
2019-11-01 02:48:33,pm10,3.4
2019-11-01 02:49:33,pm2.5,1.5
2019-11-01 02:49:33,pm10,3.3
2019-11-01 02:50:33,pm2.5,1.5
2019-11-01 02:50:33,pm10,3.5
2019-11-01 02:51:33,pm2.5,1.4
2019-11-01 02:51:33,pm10,2.9
2019-11-01 02:52:33,pm2.5,1.6
2019-11-01 02:52:33,pm10,3.5
2019-11-01 02:53:33,pm2.5,1.6
2019-11-01 02:53:33,pm10,3.5
2019-11-01 02:54:33,pm2.5,1.4
2019-11-01 02:54:33,pm10,3.0
2019-11-01 02:55:33,pm2.5,1.5
2019-11-01 02:55:33,pm10,3.3
2019-11-01 02:56:33,pm2.5,1.5
2019-11-01 02:56:33,pm10,3.5
2019-11-01 02:57:33,pm2.5,1.3
2019-11-01 02:57:33,pm10,2.6
2019-11-01 02:58:33,pm2.5,1.4
2019-11-01 02:58:33,pm10,3.4
2019-11-01 02:59:33,pm2.5,1.4
2019-11-01 02:59:33,pm10,3.1
2019-11-01 03:00:33,pm2.5,1.2
2019-11-01 03:00:34,pm10,2.5
2019-11-01 03:01:33,pm2.5,1.3
2019-11-01 03:01:33,pm10,2.7
2019-11-01 03:02:32,pm2.5,1.0
2019-11-01 03:02:33,pm10,1.9
2019-11-01 03:03:32,pm2.5,1.1
2019-11-01 03:03:33,pm10,2.2
2019-11-01 03:04:32,pm2.5,1.0
2019-11-01 03:04:33,pm10,1.6
2019-11-01 03:05:32,pm2.5,1.0
2019-11-01 03:05:33,pm10,2.0
2019-11-01 03:06:32,pm2.5,1.1
2019-11-01 03:06:33,pm10,2.1
2019-11-01 03:07:32,pm2.5,1.1
2019-11-01 03:07:33,pm10,1.8
2019-11-01 03:08:33,pm2.5,1.1
2019-11-01 03:08:33,pm10,2.2
2019-11-01 03:09:33,pm2.5,1.1
2019-11-01 03:09:33,pm10,2.0
2019-11-01 03:10:33,pm2.5,1.1
2019-11-01 03:10:33,pm10,2.0
2019-11-01 03:11:33,pm2.5,1.0
2019-11-01 03:11:33,pm10,1.8
2019-11-01 03:12:33,pm2.5,0.9
2019-11-01 03:12:33,pm10,1.6
2019-11-01 03:13:33,pm2.5,1.0
2019-11-01 03:13:33,pm10,1.7
2019-11-01 03:14:33,pm2.5,0.8
2019-11-01 03:14:33,pm10,1.4
2019-11-01 03:15:33,pm2.5,0.8
2019-11-01 03:15:33,pm10,1.5
2019-11-01 03:16:33,pm2.5,0.9
2019-11-01 03:16:33,pm10,1.6
2019-11-01 03:17:33,pm2.5,0.8
2019-11-01 03:17:33,pm10,1.2
2019-11-01 03:18:33,pm2.5,0.9
2019-11-01 03:18:33,pm10,1.6
2019-11-01 03:19:33,pm2.5,0.8
2019-11-01 03:19:33,pm10,1.4
2019-11-01 03:20:33,pm2.5,0.8
2019-11-01 03:20:33,pm10,1.4
2019-11-01 03:21:33,pm2.5,0.9
2019-11-01 03:21:33,pm10,1.7
2019-11-01 03:22:33,pm2.5,0.8
2019-11-01 03:22:33,pm10,1.4
2019-11-01 03:23:33,pm2.5,0.8
2019-11-01 03:23:33,pm10,1.4
2019-11-01 03:24:33,pm2.5,0.9
2019-11-01 03:24:33,pm10,1.7
2019-11-01 03:25:33,pm2.5,0.8
2019-11-01 03:25:33,pm10,1.3
2019-11-01 03:26:33,pm2.5,0.7
2019-11-01 03:26:33,pm10,1.0
2019-11-01 03:27:33,pm2.5,0.6
2019-11-01 03:27:33,pm10,0.8
2019-11-01 03:28:33,pm2.5,0.8
2019-11-01 03:28:33,pm10,1.3
2019-11-01 03:29:33,pm2.5,0.7
2019-11-01 03:29:33,pm10,1.1
2019-11-01 03:30:33,pm2.5,0.6
2019-11-01 03:30:33,pm10,0.8
2019-11-01 03:31:33,pm2.5,0.6
2019-11-01 03:31:33,pm10,0.9
2019-11-01 03:32:33,pm2.5,0.6
2019-11-01 03:32:33,pm10,0.8
2019-11-01 03:33:33,pm2.5,0.6
2019-11-01 03:33:33,pm10,0.8
2019-11-01 03:34:33,pm2.5,0.6
2019-11-01 03:34:33,pm10,0.9
2019-11-01 03:35:33,pm2.5,0.6
2019-11-01 03:35:33,pm10,0.6
2019-11-01 03:36:33,pm2.5,0.6
2019-11-01 03:36:33,pm10,0.8
2019-11-01 03:37:33,pm2.5,0.5
2019-11-01 03:37:33,pm10,0.6
2019-11-01 03:38:33,pm2.5,0.5
2019-11-01 03:38:33,pm10,0.5
2019-11-01 03:39:33,pm2.5,0.6
2019-11-01 03:39:33,pm10,0.7
2019-11-01 03:40:33,pm2.5,0.5
2019-11-01 03:40:33,pm10,0.5
2019-11-01 03:41:33,pm2.5,0.6
2019-11-01 03:41:33,pm10,0.9
2019-11-01 03:42:33,pm2.5,0.5
2019-11-01 03:42:33,pm10,0.7
2019-11-01 03:43:33,pm2.5,0.5
2019-11-01 03:43:33,pm10,0.5
2019-11-01 03:44:33,pm2.5,0.5
2019-11-01 03:44:33,pm10,0.7
2019-11-01 03:45:33,pm2.5,0.5
2019-11-01 03:45:33,pm10,0.7
2019-11-01 03:46:33,pm2.5,0.4
2019-11-01 03:46:33,pm10,0.4
2019-11-01 03:47:33,pm2.5,0.5
2019-11-01 03:47:33,pm10,0.6
2019-11-01 03:48:33,pm2.5,0.4
2019-11-01 03:48:33,pm10,0.5
2019-11-01 03:49:33,pm2.5,0.5
2019-11-01 03:49:33,pm10,0.6
2019-11-01 03:50:32,pm2.5,0.5
2019-11-01 03:50:33,pm10,0.5
2019-11-01 03:51:32,pm2.5,0.4
2019-11-01 03:51:33,pm10,0.5
2019-11-01 03:52:32,pm2.5,0.5
2019-11-01 03:52:33,pm10,0.6
2019-11-01 03:53:32,pm2.5,0.3
2019-11-01 03:53:33,pm10,0.3
2019-11-01 03:54:32,pm2.5,0.5
2019-11-01 03:54:33,pm10,0.6
2019-11-01 03:55:33,pm2.5,0.4
2019-11-01 03:55:33,pm10,0.4
2019-11-01 03:56:33,pm2.5,0.4
2019-11-01 03:56:33,pm10,0.4
2019-11-01 03:57:33,pm2.5,0.3
2019-11-01 03:57:33,pm10,0.3
2019-11-01 03:58:33,pm2.5,0.3
2019-11-01 03:58:33,pm10,0.3
2019-11-01 03:59:33,pm2.5,0.3
2019-11-01 03:59:33,pm10,0.3
2019-11-01 04:00:33,pm2.5,0.4
2019-11-01 04:00:33,pm10,0.4
2019-11-01 04:01:33,pm2.5,0.4
2019-11-01 04:01:33,pm10,0.4
2019-11-01 04:02:33,pm2.5,0.3
2019-11-01 04:02:33,pm10,0.3
2019-11-01 04:03:33,pm2.5,0.4
2019-11-01 04:03:33,pm10,0.4
2019-11-01 04:04:33,pm2.5,0.3
2019-11-01 04:04:33,pm10,0.3
2019-11-01 04:05:33,pm2.5,0.4
2019-11-01 04:05:33,pm10,0.4
2019-11-01 04:06:33,pm2.5,0.3
2019-11-01 04:06:33,pm10,0.3
2019-11-01 04:07:33,pm2.5,0.3
2019-11-01 04:07:33,pm10,0.3
2019-11-01 04:08:33,pm2.5,0.3
2019-11-01 04:08:33,pm10,0.3
2019-11-01 04:09:33,pm2.5,0.3
2019-11-01 04:09:33,pm10,0.3
2019-11-01 04:10:33,pm2.5,0.4
2019-11-01 04:10:33,pm10,0.4
2019-11-01 04:11:33,pm2.5,0.3
2019-11-01 04:11:33,pm10,0.3
2019-11-01 04:12:33,pm2.5,0.3
2019-11-01 04:12:33,pm10,0.3
2019-11-01 04:13:33,pm2.5,0.2
2019-11-01 04:13:33,pm10,0.2
2019-11-01 04:14:33,pm2.5,0.3
2019-11-01 04:14:33,pm10,0.3
2019-11-01 04:15:33,pm2.5,0.3
2019-11-01 04:15:34,pm10,0.3
2019-11-01 04:16:33,pm2.5,0.3
2019-11-01 04:16:33,pm10,0.3
2019-11-01 04:17:33,pm2.5,0.3
2019-11-01 04:17:33,pm10,0.4
2019-11-01 04:18:33,pm2.5,0.3
2019-11-01 04:18:33,pm10,0.4
2019-11-01 04:19:33,pm2.5,0.3
2019-11-01 04:19:33,pm10,0.3
2019-11-01 04:20:33,pm2.5,0.3
2019-11-01 04:20:33,pm10,0.3
2019-11-01 04:21:33,pm2.5,0.2
2019-11-01 04:21:33,pm10,0.2
2019-11-01 04:22:33,pm2.5,0.3
2019-11-01 04:22:33,pm10,0.3
2019-11-01 04:23:33,pm2.5,0.2
2019-11-01 04:23:33,pm10,0.2
2019-11-01 04:24:33,pm2.5,0.3
2019-11-01 04:24:33,pm10,0.3
2019-11-01 04:25:33,pm2.5,0.2
2019-11-01 04:25:33,pm10,0.2
2019-11-01 04:26:33,pm2.5,0.1
2019-11-01 04:26:33,pm10,0.1
2019-11-01 04:27:33,pm2.5,0.2
2019-11-01 04:27:33,pm10,0.2
2019-11-01 04:28:33,pm2.5,0.2
2019-11-01 04:28:33,pm10,0.2
2019-11-01 04:29:33,pm2.5,0.2
2019-11-01 04:29:33,pm10,0.2
2019-11-01 04:30:33,pm2.5,0.2
2019-11-01 04:30:33,pm10,0.2
2019-11-01 04:31:33,pm2.5,0.2
2019-11-01 04:31:33,pm10,0.2
2019-11-01 04:32:33,pm2.5,0.2
2019-11-01 04:32:34,pm10,0.2
2019-11-01 04:33:32,pm2.5,0.2
2019-11-01 04:33:33,pm10,0.2
2019-11-01 04:34:32,pm2.5,0.1
2019-11-01 04:34:33,pm10,0.1
2019-11-01 04:35:32,pm2.5,0.2
2019-11-01 04:35:33,pm10,0.2
2019-11-01 04:36:32,pm2.5,0.2
2019-11-01 04:36:33,pm10,0.2
2019-11-01 04:37:33,pm2.5,0.1
2019-11-01 04:37:33,pm10,0.1
2019-11-01 04:38:33,pm2.5,0.2
2019-11-01 04:38:33,pm10,0.2
2019-11-01 04:39:33,pm2.5,0.1
2019-11-01 04:39:33,pm10,0.1
2019-11-01 04:40:33,pm2.5,0.2
2019-11-01 04:40:33,pm10,0.2
2019-11-01 04:41:33,pm2.5,0.1
2019-11-01 04:41:33,pm10,0.1
2019-11-01 04:42:33,pm2.5,0.1
2019-11-01 04:42:33,pm10,0.1
2019-11-01 04:43:33,pm2.5,0.1
2019-11-01 04:43:33,pm10,0.1
2019-11-01 04:44:33,pm2.5,0.2
2019-11-01 04:44:33,pm10,0.2
2019-11-01 04:45:33,pm2.5,0.1
2019-11-01 04:45:33,pm10,0.1
2019-11-01 04:46:33,pm2.5,0.1
2019-11-01 04:46:33,pm10,0.1
2019-11-01 04:47:33,pm2.5,0.1
2019-11-01 04:47:33,pm10,0.1
2019-11-01 04:48:33,pm2.5,0.1
2019-11-01 04:48:33,pm10,0.1
2019-11-01 04:49:33,pm2.5,0.1
2019-11-01 04:49:33,pm10,0.1
2019-11-01 04:50:33,pm2.5,0.1
2019-11-01 04:50:33,pm10,0.1
2019-11-01 04:51:33,pm2.5,0.2
2019-11-01 04:51:33,pm10,0.2
2019-11-01 04:52:33,pm2.5,0.1
2019-11-01 04:52:33,pm10,0.1
2019-11-01 04:53:33,pm2.5,0.2
2019-11-01 04:53:33,pm10,0.2
2019-11-01 04:54:33,pm2.5,0.2
2019-11-01 04:54:33,pm10,0.2
2019-11-01 04:55:33,pm2.5,0.2
2019-11-01 04:55:33,pm10,0.2
2019-11-01 04:56:33,pm2.5,0.1
2019-11-01 04:56:33,pm10,0.1
2019-11-01 04:57:33,pm2.5,0.1
2019-11-01 04:57:33,pm10,0.1
2019-11-01 04:58:33,pm2.5,0.1
2019-11-01 04:58:33,pm10,0.1
2019-11-01 04:59:33,pm2.5,0.2
2019-11-01 04:59:33,pm10,0.2
2019-11-01 05:00:33,pm2.5,0.1
2019-11-01 05:00:33,pm10,0.1
2019-11-01 05:01:33,pm2.5,0.2
2019-11-01 05:01:33,pm10,0.2
2019-11-01 05:02:33,pm2.5,0.1
2019-11-01 05:02:34,pm10,0.1
2019-11-01 05:03:33,pm2.5,0.1
2019-11-01 05:03:33,pm10,0.1
2019-11-01 05:04:33,pm2.5,0.0
2019-11-01 05:04:33,pm10,0.0
2019-11-01 05:05:33,pm2.5,0.1
2019-11-01 05:05:33,pm10,0.1
2019-11-01 05:06:33,pm2.5,0.1
2019-11-01 05:06:33,pm10,0.1
2019-11-01 05:07:33,pm2.5,0.2
2019-11-01 05:07:33,pm10,0.2
2019-11-01 05:08:33,pm2.5,0.1
2019-11-01 05:08:33,pm10,0.2
2019-11-01 05:09:33,pm2.5,0.1
2019-11-01 05:09:33,pm10,0.1
2019-11-01 05:10:33,pm2.5,0.1
2019-11-01 05:10:33,pm10,0.1
2019-11-01 05:11:33,pm2.5,0.1
2019-11-01 05:11:33,pm10,0.1
2019-11-01 05:12:32,pm2.5,0.1
2019-11-01 05:12:33,pm10,0.1
2019-11-01 05:13:32,pm2.5,0.2
2019-11-01 05:13:33,pm10,0.2
2019-11-01 05:14:32,pm2.5,0.1
2019-11-01 05:14:33,pm10,0.1
2019-11-01 05:15:32,pm2.5,0.1
2019-11-01 05:15:33,pm10,0.1
2019-11-01 05:16:33,pm2.5,0.1
2019-11-01 05:16:33,pm10,0.1
2019-11-01 05:17:33,pm2.5,0.1
2019-11-01 05:17:33,pm10,0.1
2019-11-01 05:18:33,pm2.5,0.1
2019-11-01 05:18:33,pm10,0.1
2019-11-01 05:19:33,pm2.5,0.1
2019-11-01 05:19:33,pm10,0.1
2019-11-01 05:20:33,pm2.5,0.1
2019-11-01 05:20:33,pm10,0.1
2019-11-01 05:21:33,pm2.5,0.1
2019-11-01 05:21:33,pm10,0.1
2019-11-01 05:22:33,pm2.5,0.1
2019-11-01 05:22:33,pm10,0.1
2019-11-01 05:23:33,pm2.5,0.1
2019-11-01 05:23:33,pm10,0.1
2019-11-01 05:24:33,pm2.5,0.1
2019-11-01 05:24:33,pm10,0.1
2019-11-01 05:25:33,pm2.5,0.1
2019-11-01 05:25:33,pm10,0.1
2019-11-01 05:26:33,pm2.5,0.1
2019-11-01 05:26:33,pm10,0.1
2019-11-01 05:27:33,pm2.5,0.1
2019-11-01 05:27:33,pm10,0.1
2019-11-01 05:28:33,pm2.5,0.1
2019-11-01 05:28:33,pm10,0.1
2019-11-01 05:29:33,pm2.5,0.1
2019-11-01 05:29:33,pm10,0.1
2019-11-01 05:30:33,pm2.5,0.1
2019-11-01 05:30:33,pm10,0.1
2019-11-01 05:31:33,pm2.5,0.1
2019-11-01 05:31:33,pm10,0.1
2019-11-01 05:32:33,pm2.5,0.1
2019-11-01 05:32:33,pm10,0.1
2019-11-01 05:33:33,pm2.5,0.1
2019-11-01 05:33:33,pm10,0.1
2019-11-01 05:34:33,pm2.5,0.1
2019-11-01 05:34:33,pm10,0.1
2019-11-01 05:35:33,pm2.5,0.1
2019-11-01 05:35:33,pm10,0.1
2019-11-01 05:36:33,pm2.5,0.1
2019-11-01 05:36:33,pm10,0.1
2019-11-01 05:37:33,pm2.5,0.0
2019-11-01 05:37:33,pm10,0.0
2019-11-01 05:38:33,pm2.5,0.1
2019-11-01 05:38:33,pm10,0.1
2019-11-01 05:39:33,pm2.5,0.0
2019-11-01 05:39:33,pm10,0.0
2019-11-01 05:40:33,pm2.5,0.1
2019-11-01 05:40:33,pm10,0.1
2019-11-01 05:41:33,pm2.5,0.1
2019-11-01 05:41:33,pm10,0.1
2019-11-01 05:42:33,pm2.5,0.1
2019-11-01 05:42:33,pm10,0.1
2019-11-01 05:43:33,pm2.5,0.1
2019-11-01 05:43:33,pm10,0.1
2019-11-01 05:44:33,pm2.5,0.1
2019-11-01 05:44:33,pm10,0.1
2019-11-01 05:45:33,pm2.5,0.0
2019-11-01 05:45:33,pm10,0.3
2019-11-01 05:46:33,pm2.5,0.1
2019-11-01 05:46:33,pm10,0.1
2019-11-01 05:47:33,pm2.5,0.0
2019-11-01 05:47:33,pm10,0.0
2019-11-01 05:48:33,pm2.5,0.1
2019-11-01 05:48:33,pm10,0.1
2019-11-01 05:49:33,pm2.5,0.0
2019-11-01 05:49:33,pm10,0.0
2019-11-01 05:50:33,pm2.5,0.1
2019-11-01 05:50:33,pm10,0.1
2019-11-01 05:52:32,pm2.5,0.0
2019-11-01 05:52:33,pm10,0.0
2019-11-01 05:53:32,pm2.5,0.1
2019-11-01 05:53:33,pm10,0.1
2019-11-01 05:54:32,pm2.5,0.1
2019-11-01 05:54:33,pm10,0.1
2019-11-01 05:55:33,pm2.5,0.1
2019-11-01 05:55:33,pm10,0.1
2019-11-01 05:56:33,pm2.5,0.0
2019-11-01 05:56:33,pm10,0.0
2019-11-01 05:57:33,pm2.5,0.0
2019-11-01 05:57:33,pm10,0.0
2019-11-01 05:58:33,pm2.5,0.0
2019-11-01 05:58:33,pm10,0.0
2019-11-01 05:59:33,pm2.5,0.0
2019-11-01 05:59:33,pm10,0.0
2019-11-01 06:00:33,pm2.5,0.0
2019-11-01 06:00:33,pm10,0.0
2019-11-01 06:01:33,pm2.5,0.1
2019-11-01 06:01:33,pm10,0.1
2019-11-01 06:02:33,pm2.5,0.0
2019-11-01 06:02:33,pm10,0.0
2019-11-01 06:03:33,pm2.5,0.1
2019-11-01 06:03:33,pm10,0.1
2019-11-01 06:04:33,pm2.5,0.1
2019-11-01 06:04:33,pm10,0.6
2019-11-01 06:05:33,pm2.5,0.1
2019-11-01 06:05:33,pm10,0.1
2019-11-01 06:06:33,pm2.5,0.0
2019-11-01 06:06:33,pm10,0.0
2019-11-01 06:07:33,pm2.5,0.1
2019-11-01 06:07:33,pm10,0.1
2019-11-01 06:08:33,pm2.5,0.1
2019-11-01 06:08:33,pm10,0.1
2019-11-01 06:09:33,pm2.5,0.1
2019-11-01 06:09:33,pm10,0.1
2019-11-01 06:10:33,pm2.5,0.1
2019-11-01 06:10:33,pm10,0.1
2019-11-01 06:11:33,pm2.5,0.1
2019-11-01 06:11:33,pm10,0.1
2019-11-01 06:12:33,pm2.5,0.0
2019-11-01 06:12:33,pm10,0.0
2019-11-01 06:13:33,pm2.5,0.0
2019-11-01 06:13:33,pm10,0.0
2019-11-01 06:14:33,pm2.5,0.1
2019-11-01 06:14:33,pm10,0.1
2019-11-01 06:15:33,pm2.5,0.1
2019-11-01 06:15:33,pm10,0.1
2019-11-01 06:16:33,pm2.5,0.1
2019-11-01 06:16:33,pm10,0.1
2019-11-01 06:17:33,pm2.5,0.0
2019-11-01 06:17:33,pm10,0.0
2019-11-01 06:18:33,pm2.5,0.0
2019-11-01 06:18:33,pm10,0.0
2019-11-01 06:19:33,pm2.5,0.0
2019-11-01 06:19:33,pm10,0.0
2019-11-01 06:20:33,pm2.5,0.1
2019-11-01 06:20:33,pm10,0.1
2019-11-01 06:21:33,pm2.5,0.0
2019-11-01 06:21:34,pm10,0.0
2019-11-01 06:22:33,pm2.5,0.0
2019-11-01 06:22:33,pm10,0.0
2019-11-01 06:23:33,pm2.5,0.0
2019-11-01 06:23:33,pm10,0.0
2019-11-01 06:24:33,pm2.5,0.1
2019-11-01 06:24:33,pm10,0.1
2019-11-01 06:25:33,pm2.5,0.0
2019-11-01 06:25:33,pm10,0.0
2019-11-01 06:26:33,pm2.5,0.1
2019-11-01 06:26:33,pm10,0.1
2019-11-01 06:27:33,pm2.5,0.0
2019-11-01 06:27:33,pm10,0.0
2019-11-01 06:28:33,pm2.5,0.0
2019-11-01 06:28:34,pm10,0.0
2019-11-01 06:29:32,pm2.5,0.0
2019-11-01 06:29:33,pm10,0.0
2019-11-01 06:30:32,pm2.5,0.0
2019-11-01 06:30:33,pm10,0.0
2019-11-01 06:31:32,pm2.5,0.1
2019-11-01 06:31:33,pm10,0.1
2019-11-01 06:32:32,pm2.5,0.1
2019-11-01 06:32:33,pm10,0.1
2019-11-01 06:33:33,pm2.5,0.0
2019-11-01 06:33:33,pm10,0.0
2019-11-01 06:34:33,pm2.5,0.0
2019-11-01 06:34:33,pm10,0.0
2019-11-01 06:35:33,pm2.5,0.1
2019-11-01 06:35:33,pm10,0.1
2019-11-01 06:36:33,pm2.5,0.0
2019-11-01 06:36:33,pm10,0.0
2019-11-01 06:37:33,pm2.5,0.1
2019-11-01 06:37:33,pm10,0.1
2019-11-01 06:38:33,pm2.5,0.1
2019-11-01 06:38:33,pm10,0.1
2019-11-01 06:39:33,pm2.5,0.0
2019-11-01 06:39:33,pm10,0.0
2019-11-01 06:40:33,pm2.5,0.0
2019-11-01 06:40:33,pm10,0.0
2019-11-01 06:41:33,pm2.5,0.1
2019-11-01 06:41:33,pm10,0.1
2019-11-01 06:42:33,pm2.5,0.1
2019-11-01 06:42:33,pm10,0.1
2019-11-01 06:43:33,pm2.5,0.1
2019-11-01 06:43:33,pm10,0.1
2019-11-01 06:44:33,pm2.5,0.0
2019-11-01 06:44:33,pm10,0.0
2019-11-01 06:45:33,pm2.5,0.1
2019-11-01 06:45:33,pm10,0.1
2019-11-01 06:46:33,pm2.5,0.0
2019-11-01 06:46:33,pm10,0.0
2019-11-01 06:47:33,pm2.5,0.0
2019-11-01 06:47:33,pm10,0.0
2019-11-01 06:48:33,pm2.5,0.0
2019-11-01 06:48:33,pm10,0.0
2019-11-01 06:49:33,pm2.5,0.0
2019-11-01 06:49:33,pm10,0.0
2019-11-01 06:50:33,pm2.5,0.0
2019-11-01 06:50:33,pm10,0.0
2019-11-01 06:51:33,pm2.5,0.0
2019-11-01 06:51:33,pm10,0.0
2019-11-01 06:52:33,pm2.5,0.1
2019-11-01 06:52:33,pm10,0.1
2019-11-01 06:53:33,pm2.5,0.0
2019-11-01 06:53:33,pm10,0.0
2019-11-01 06:54:33,pm2.5,0.0
2019-11-01 06:54:33,pm10,0.0
2019-11-01 06:55:33,pm2.5,0.1
2019-11-01 06:55:33,pm10,0.1
2019-11-01 06:56:33,pm2.5,0.0
2019-11-01 06:56:33,pm10,0.0
2019-11-01 06:57:33,pm2.5,0.0
2019-11-01 06:57:33,pm10,0.1
2019-11-01 06:58:33,pm2.5,0.0
2019-11-01 06:58:33,pm10,0.0
2019-11-01 06:59:33,pm2.5,0.0
2019-11-01 06:59:33,pm10,0.0
2019-11-01 07:00:33,pm2.5,0.0
2019-11-01 07:00:33,pm10,0.0
2019-11-01 07:01:33,pm2.5,0.0
2019-11-01 07:01:33,pm10,0.0
2019-11-01 07:02:33,pm2.5,0.0
2019-11-01 07:02:33,pm10,0.0
2019-11-01 07:03:33,pm2.5,0.0
2019-11-01 07:03:33,pm10,0.0
2019-11-01 07:04:33,pm2.5,0.0
2019-11-01 07:04:34,pm10,0.0
2019-11-01 07:05:32,pm2.5,0.0
2019-11-01 07:05:33,pm10,0.0
2019-11-01 07:06:32,pm2.5,0.0
2019-11-01 07:06:33,pm10,0.0
2019-11-01 07:07:32,pm2.5,0.1
2019-11-01 07:07:33,pm10,0.1
2019-11-01 07:08:33,pm2.5,0.0
2019-11-01 07:08:33,pm10,0.0
2019-11-01 07:09:33,pm2.5,0.0
2019-11-01 07:09:33,pm10,0.0
2019-11-01 07:10:33,pm2.5,0.0
2019-11-01 07:10:33,pm10,0.0
2019-11-01 07:11:33,pm2.5,0.1
2019-11-01 07:11:33,pm10,0.1
2019-11-01 07:12:33,pm2.5,0.0
2019-11-01 07:12:33,pm10,0.0
2019-11-01 07:13:33,pm2.5,0.0
2019-11-01 07:13:33,pm10,0.0
2019-11-01 07:14:33,pm2.5,0.0
2019-11-01 07:14:33,pm10,0.1
2019-11-01 07:15:33,pm2.5,0.1
2019-11-01 07:15:33,pm10,0.1
2019-11-01 07:16:33,pm2.5,0.0
2019-11-01 07:16:33,pm10,0.0
2019-11-01 07:17:33,pm2.5,0.1
2019-11-01 07:17:33,pm10,0.1
2019-11-01 07:18:33,pm2.5,0.1
2019-11-01 07:18:33,pm10,0.1
2019-11-01 07:19:33,pm2.5,0.0
2019-11-01 07:19:33,pm10,0.0
2019-11-01 07:20:33,pm2.5,0.0
2019-11-01 07:20:33,pm10,0.0
2019-11-01 07:21:33,pm2.5,0.1
2019-11-01 07:21:33,pm10,0.1
2019-11-01 07:22:33,pm2.5,0.0
2019-11-01 07:22:33,pm10,0.0
2019-11-01 07:23:33,pm2.5,0.0
2019-11-01 07:23:33,pm10,0.0
2019-11-01 07:24:33,pm2.5,0.0
2019-11-01 07:24:33,pm10,0.0
2019-11-01 07:25:33,pm2.5,0.0
2019-11-01 07:25:33,pm10,0.0
2019-11-01 07:26:33,pm2.5,0.0
2019-11-01 07:26:33,pm10,0.0
2019-11-01 07:27:33,pm2.5,0.1
2019-11-01 07:27:33,pm10,0.1
2019-11-01 07:28:33,pm2.5,0.1
2019-11-01 07:28:33,pm10,0.1
2019-11-01 07:29:33,pm2.5,0.0
2019-11-01 07:29:33,pm10,0.0
2019-11-01 07:30:33,pm2.5,0.0
2019-11-01 07:30:33,pm10,0.0
2019-11-01 07:31:33,pm2.5,0.1
2019-11-01 07:31:33,pm10,0.1
2019-11-01 07:32:33,pm2.5,0.1
2019-11-01 07:32:33,pm10,0.1
2019-11-01 07:33:33,pm2.5,0.1
2019-11-01 07:33:33,pm10,0.1
2019-11-01 07:34:33,pm2.5,0.0
2019-11-01 07:34:33,pm10,0.0
2019-11-01 07:35:33,pm2.5,0.0
2019-11-01 07:35:33,pm10,0.0
2019-11-01 07:36:33,pm2.5,0.1
2019-11-01 07:36:33,pm10,0.1
2019-11-01 07:37:33,pm2.5,0.0
2019-11-01 07:37:33,pm10,0.0
2019-11-01 07:38:33,pm2.5,0.0
2019-11-01 07:38:33,pm10,0.0
2019-11-01 07:39:33,pm2.5,0.1
2019-11-01 07:39:33,pm10,0.1
2019-11-01 07:40:33,pm2.5,0.0
2019-11-01 07:40:34,pm10,0.0
2019-11-01 07:41:33,pm2.5,0.0
2019-11-01 07:41:33,pm10,0.0
2019-11-01 07:42:33,pm2.5,0.0
2019-11-01 07:42:33,pm10,0.0
2019-11-01 07:43:33,pm2.5,0.0
2019-11-01 07:43:34,pm10,0.0
2019-11-01 07:44:32,pm2.5,0.1
2019-11-01 07:44:33,pm10,0.1
2019-11-01 07:45:32,pm2.5,0.1
2019-11-01 07:45:33,pm10,0.1
2019-11-01 07:46:32,pm2.5,0.1
2019-11-01 07:46:33,pm10,0.1
2019-11-01 07:47:33,pm2.5,0.0
2019-11-01 07:47:33,pm10,0.0
2019-11-01 07:48:33,pm2.5,0.0
2019-11-01 07:48:33,pm10,0.0
2019-11-01 07:49:33,pm2.5,0.0
2019-11-01 07:49:33,pm10,0.0
2019-11-01 07:50:33,pm2.5,0.0
2019-11-01 07:50:33,pm10,0.0
2019-11-01 07:51:33,pm2.5,0.1
2019-11-01 07:51:33,pm10,0.1
2019-11-01 07:52:33,pm2.5,0.0
2019-11-01 07:52:33,pm10,0.0
2019-11-01 07:53:33,pm2.5,0.0
2019-11-01 07:53:33,pm10,0.0
2019-11-01 07:54:33,pm2.5,0.1
2019-11-01 07:54:33,pm10,0.1
2019-11-01 07:55:33,pm2.5,0.0
2019-11-01 07:55:33,pm10,0.0
2019-11-01 07:56:33,pm2.5,0.0
2019-11-01 07:56:33,pm10,0.0
2019-11-01 07:57:33,pm2.5,0.0
2019-11-01 07:57:33,pm10,0.0
2019-11-01 07:58:33,pm2.5,0.0
2019-11-01 07:58:33,pm10,0.0
2019-11-01 07:59:33,pm2.5,0.0
2019-11-01 07:59:33,pm10,0.0
2019-11-01 08:00:33,pm2.5,0.0
2019-11-01 08:00:33,pm10,0.0
2019-11-01 08:01:33,pm2.5,0.0
2019-11-01 08:01:33,pm10,0.0
2019-11-01 08:02:33,pm2.5,0.0
2019-11-01 08:02:33,pm10,1.3
2019-11-01 08:03:33,pm2.5,0.0
2019-11-01 08:03:33,pm10,0.0
2019-11-01 08:04:33,pm2.5,0.0
2019-11-01 08:04:33,pm10,0.0
2019-11-01 08:05:33,pm2.5,0.0
2019-11-01 08:05:33,pm10,0.0
2019-11-01 08:06:33,pm2.5,0.0
2019-11-01 08:06:33,pm10,0.0
2019-11-01 08:07:33,pm2.5,0.0
2019-11-01 08:07:33,pm10,0.0
2019-11-01 08:08:33,pm2.5,0.1
2019-11-01 08:08:33,pm10,0.1
2019-11-01 08:09:33,pm2.5,0.0
2019-11-01 08:09:33,pm10,0.0
2019-11-01 08:10:33,pm2.5,0.1
2019-11-01 08:10:33,pm10,0.1
2019-11-01 08:11:33,pm2.5,0.0
2019-11-01 08:11:33,pm10,0.0
2019-11-01 08:12:33,pm2.5,0.1
2019-11-01 08:12:33,pm10,0.1
2019-11-01 08:13:33,pm2.5,0.0
2019-11-01 08:13:33,pm10,0.0
2019-11-01 08:14:33,pm2.5,0.0
2019-11-01 08:14:33,pm10,0.0
2019-11-01 08:15:33,pm2.5,0.0
2019-11-01 08:15:33,pm10,0.1
2019-11-01 08:16:33,pm2.5,0.0
2019-11-01 08:16:33,pm10,0.0
2019-11-01 08:17:33,pm2.5,0.0
2019-11-01 08:17:33,pm10,0.0
2019-11-01 08:18:33,pm2.5,0.0
2019-11-01 08:18:33,pm10,0.0
2019-11-01 08:19:33,pm2.5,0.0
2019-11-01 08:19:33,pm10,0.0
2019-11-01 08:20:33,pm2.5,0.0
2019-11-01 08:20:33,pm10,0.0
2019-11-01 08:21:33,pm2.5,0.0
2019-11-01 08:21:33,pm10,0.0
2019-11-01 08:22:33,pm2.5,0.0
2019-11-01 08:22:33,pm10,0.0
2019-11-01 08:23:33,pm2.5,0.0
2019-11-01 08:23:33,pm10,0.0
2019-11-01 08:24:32,pm2.5,0.1
2019-11-01 08:24:32,pm10,0.1
2019-11-01 08:25:32,pm2.5,0.0
2019-11-01 08:25:33,pm10,0.0
2019-11-01 08:26:32,pm2.5,0.1
2019-11-01 08:26:33,pm10,0.1
2019-11-01 08:27:32,pm2.5,0.1
2019-11-01 08:27:33,pm10,0.1
2019-11-01 08:28:33,pm2.5,0.0
2019-11-01 08:28:33,pm10,0.0
2019-11-01 08:29:33,pm2.5,0.0
2019-11-01 08:29:33,pm10,0.0
2019-11-01 08:30:33,pm2.5,0.1
2019-11-01 08:30:33,pm10,0.1
2019-11-01 08:31:33,pm2.5,0.0
2019-11-01 08:31:33,pm10,0.0
2019-11-01 08:32:33,pm2.5,0.0
2019-11-01 08:32:33,pm10,0.0
2019-11-01 08:33:33,pm2.5,0.0
2019-11-01 08:33:33,pm10,0.0
2019-11-01 08:34:33,pm2.5,0.0
2019-11-01 08:34:33,pm10,0.0
2019-11-01 08:35:33,pm2.5,0.1
2019-11-01 08:35:33,pm10,0.1
2019-11-01 08:36:33,pm2.5,0.1
2019-11-01 08:36:33,pm10,0.2
2019-11-01 08:37:33,pm2.5,0.0
2019-11-01 08:37:33,pm10,0.0
2019-11-01 08:38:33,pm2.5,0.0
2019-11-01 08:38:33,pm10,0.0
2019-11-01 08:39:33,pm2.5,0.0
2019-11-01 08:39:33,pm10,0.0
2019-11-01 08:40:33,pm2.5,0.0
2019-11-01 08:40:33,pm10,0.0
2019-11-01 08:41:33,pm2.5,0.0
2019-11-01 08:41:33,pm10,0.0
2019-11-01 08:42:33,pm2.5,0.0
2019-11-01 08:42:33,pm10,0.0
2019-11-01 08:43:33,pm2.5,0.0
2019-11-01 08:43:33,pm10,0.0
2019-11-01 08:44:33,pm2.5,0.0
2019-11-01 08:44:33,pm10,0.0
2019-11-01 08:45:33,pm2.5,0.1
2019-11-01 08:45:33,pm10,0.1
2019-11-01 08:46:33,pm2.5,0.0
2019-11-01 08:46:33,pm10,0.0
2019-11-01 08:47:33,pm2.5,0.0
2019-11-01 08:47:33,pm10,0.0
2019-11-01 08:48:33,pm2.5,0.0
2019-11-01 08:48:33,pm10,0.0
2019-11-01 08:49:33,pm2.5,0.0
2019-11-01 08:49:33,pm10,0.0
2019-11-01 08:50:33,pm2.5,0.0
2019-11-01 08:50:33,pm10,0.0
2019-11-01 08:51:33,pm2.5,0.0
2019-11-01 08:51:33,pm10,0.0
2019-11-01 08:52:33,pm2.5,0.0
2019-11-01 08:52:33,pm10,0.0
2019-11-01 08:53:33,pm2.5,0.0
2019-11-01 08:53:33,pm10,0.0
2019-11-01 08:54:33,pm2.5,0.4
2019-11-01 08:54:33,pm10,0.5
2019-11-01 08:55:33,pm2.5,0.4
2019-11-01 08:55:33,pm10,0.6
2019-11-01 08:56:33,pm2.5,0.6
2019-11-01 08:56:33,pm10,0.9
2019-11-01 08:57:33,pm2.5,0.6
2019-11-01 08:57:33,pm10,0.9
2019-11-01 08:58:33,pm2.5,0.7
2019-11-01 08:58:33,pm10,1.6
2019-11-01 08:59:33,pm2.5,0.8
2019-11-01 08:59:33,pm10,2.2
2019-11-01 09:00:33,pm2.5,1.0
2019-11-01 09:00:33,pm10,2.5
2019-11-01 09:01:33,pm2.5,0.9
2019-11-01 09:01:33,pm10,2.5
2019-11-01 09:02:33,pm2.5,0.8
2019-11-01 09:02:33,pm10,1.6
2019-11-01 09:03:33,pm2.5,0.9
2019-11-01 09:03:33,pm10,2.1
2019-11-01 09:04:33,pm2.5,0.9
2019-11-01 09:04:33,pm10,2.0
2019-11-01 09:05:33,pm2.5,1.1
2019-11-01 09:05:34,pm10,2.6
2019-11-01 09:06:32,pm2.5,1.0
2019-11-01 09:06:33,pm10,2.5
2019-11-01 09:07:32,pm2.5,1.0
2019-11-01 09:07:33,pm10,2.5
2019-11-01 09:08:32,pm2.5,0.9
2019-11-01 09:08:33,pm10,2.3
2019-11-01 09:09:32,pm2.5,1.0
2019-11-01 09:09:33,pm10,2.4
2019-11-01 09:10:33,pm2.5,1.2
2019-11-01 09:10:33,pm10,3.3
2019-11-01 09:11:33,pm2.5,0.9
2019-11-01 09:11:33,pm10,2.1
2019-11-01 09:12:33,pm2.5,1.1
2019-11-01 09:12:33,pm10,2.6
2019-11-01 09:13:33,pm2.5,1.1
2019-11-01 09:13:33,pm10,2.6
2019-11-01 09:14:33,pm2.5,1.1
2019-11-01 09:14:33,pm10,2.5
2019-11-01 09:15:33,pm2.5,1.0
2019-11-01 09:15:33,pm10,2.5
2019-11-01 09:16:33,pm2.5,1.2
2019-11-01 09:16:33,pm10,2.8
2019-11-01 09:17:33,pm2.5,1.3
2019-11-01 09:17:33,pm10,3.4
2019-11-01 09:18:33,pm2.5,1.2
2019-11-01 09:18:33,pm10,3.0
2019-11-01 09:19:33,pm2.5,1.0
2019-11-01 09:19:33,pm10,2.4
2019-11-01 09:20:33,pm2.5,1.1
2019-11-01 09:20:33,pm10,2.6
2019-11-01 09:21:33,pm2.5,1.2
2019-11-01 09:21:33,pm10,3.1
2019-11-01 09:22:33,pm2.5,1.4
2019-11-01 09:22:33,pm10,4.0
2019-11-01 09:23:33,pm2.5,1.1
2019-11-01 09:23:33,pm10,2.8
2019-11-01 09:24:33,pm2.5,1.2
2019-11-01 09:24:33,pm10,2.9
2019-11-01 09:25:33,pm2.5,1.4
2019-11-01 09:25:33,pm10,3.5
2019-11-01 09:26:33,pm2.5,1.3
2019-11-01 09:26:33,pm10,3.3
2019-11-01 09:27:33,pm2.5,1.2
2019-11-01 09:27:33,pm10,2.9
2019-11-01 09:28:33,pm2.5,1.1
2019-11-01 09:28:33,pm10,2.8
2019-11-01 09:29:33,pm2.5,1.2
2019-11-01 09:29:33,pm10,3.1
2019-11-01 09:30:33,pm2.5,1.3
2019-11-01 09:30:33,pm10,3.1
2019-11-01 09:31:33,pm2.5,1.2
2019-11-01 09:31:33,pm10,3.0
2019-11-01 09:32:33,pm2.5,1.2
2019-11-01 09:32:33,pm10,3.0
2019-11-01 09:33:33,pm2.5,1.2
2019-11-01 09:33:33,pm10,3.1
2019-11-01 09:34:33,pm2.5,1.2
2019-11-01 09:34:33,pm10,3.0
2019-11-01 09:35:33,pm2.5,1.4
2019-11-01 09:35:33,pm10,3.3
2019-11-01 09:36:33,pm2.5,1.5
2019-11-01 09:36:33,pm10,4.1
2019-11-01 09:37:33,pm2.5,1.2
2019-11-01 09:37:33,pm10,3.1
2019-11-01 09:38:33,pm2.5,1.4
2019-11-01 09:38:33,pm10,4.4
2019-11-01 09:39:33,pm2.5,1.4
2019-11-01 09:39:33,pm10,3.7
2019-11-01 09:40:33,pm2.5,1.3
2019-11-01 09:40:33,pm10,3.3
2019-11-01 09:41:33,pm2.5,1.5
2019-11-01 09:41:33,pm10,4.2
2019-11-01 09:42:33,pm2.5,1.3
2019-11-01 09:42:33,pm10,3.4
2019-11-01 09:43:33,pm2.5,1.5
2019-11-01 09:43:33,pm10,4.1
2019-11-01 09:44:33,pm2.5,1.6
2019-11-01 09:44:33,pm10,4.6
2019-11-01 09:45:33,pm2.5,1.5
2019-11-01 09:45:33,pm10,4.0
2019-11-01 09:46:33,pm2.5,1.5
2019-11-01 09:46:33,pm10,3.8
2019-11-01 09:47:33,pm2.5,1.4
2019-11-01 09:47:33,pm10,4.2
2019-11-01 09:48:33,pm2.5,1.4
2019-11-01 09:48:33,pm10,3.8
2019-11-01 09:49:33,pm2.5,1.6
2019-11-01 09:49:33,pm10,4.5
2019-11-01 09:50:33,pm2.5,1.5
2019-11-01 09:50:33,pm10,4.0
2019-11-01 09:51:33,pm2.5,1.4
2019-11-01 09:51:33,pm10,3.8
2019-11-01 09:52:33,pm2.5,1.5
2019-11-01 09:52:33,pm10,3.9
2019-11-01 09:53:33,pm2.5,1.4
2019-11-01 09:53:33,pm10,3.8
2019-11-01 09:54:33,pm2.5,1.5
2019-11-01 09:54:33,pm10,4.4
2019-11-01 09:55:33,pm2.5,1.4
2019-11-01 09:55:33,pm10,3.6
2019-11-01 09:56:33,pm2.5,1.6
2019-11-01 09:56:33,pm10,4.1
2019-11-01 09:57:33,pm2.5,1.3
2019-11-01 09:57:33,pm10,3.3
2019-11-01 09:58:33,pm2.5,1.4
2019-11-01 09:58:33,pm10,3.6
2019-11-01 09:59:33,pm2.5,1.6
2019-11-01 09:59:33,pm10,4.1
2019-11-01 10:00:33,pm2.5,1.3
2019-11-01 10:00:33,pm10,3.1
2019-11-01 10:01:33,pm2.5,1.5
2019-11-01 10:01:33,pm10,4.0
2019-11-01 10:03:32,pm2.5,1.4
2019-11-01 10:03:33,pm10,3.4
2019-11-01 10:04:32,pm2.5,1.4
2019-11-01 10:04:33,pm10,3.9
2019-11-01 10:05:32,pm2.5,1.5
2019-11-01 10:05:33,pm10,3.9
2019-11-01 10:06:32,pm2.5,1.6
2019-11-01 10:06:33,pm10,4.5
2019-11-01 10:07:32,pm2.5,1.6
2019-11-01 10:07:33,pm10,4.6
2019-11-01 10:08:32,pm2.5,1.4
2019-11-01 10:08:33,pm10,3.6
2019-11-01 10:09:33,pm2.5,1.7
2019-11-01 10:09:33,pm10,4.2
2019-11-01 10:10:33,pm2.5,1.6
2019-11-01 10:10:33,pm10,4.0
2019-11-01 10:11:33,pm2.5,1.6
2019-11-01 10:11:33,pm10,4.3
2019-11-01 10:12:33,pm2.5,1.7
2019-11-01 10:12:33,pm10,4.5
2019-11-01 10:13:33,pm2.5,1.9
2019-11-01 10:13:33,pm10,4.9
2019-11-01 10:14:33,pm2.5,1.6
2019-11-01 10:14:33,pm10,3.6
2019-11-01 10:15:33,pm2.5,1.9
2019-11-01 10:15:33,pm10,4.9
2019-11-01 10:16:33,pm2.5,1.8
2019-11-01 10:16:33,pm10,4.9
2019-11-01 10:17:33,pm2.5,1.9
2019-11-01 10:17:33,pm10,4.7
2019-11-01 10:18:33,pm2.5,1.8
2019-11-01 10:18:33,pm10,4.5
2019-11-01 10:19:33,pm2.5,2.0
2019-11-01 10:19:33,pm10,5.5
2019-11-01 10:20:33,pm2.5,1.8
2019-11-01 10:20:33,pm10,4.7
2019-11-01 10:21:33,pm2.5,1.6
2019-11-01 10:21:33,pm10,3.8
2019-11-01 10:22:33,pm2.5,2.0
2019-11-01 10:22:33,pm10,5.7
2019-11-01 10:23:32,pm2.5,2.1
2019-11-01 10:23:33,pm10,5.8
2019-11-01 10:24:33,pm2.5,1.8
2019-11-01 10:24:33,pm10,5.3
2019-11-01 10:25:33,pm2.5,1.8
2019-11-01 10:25:33,pm10,4.8
2019-11-01 10:26:33,pm2.5,2.0
2019-11-01 10:26:33,pm10,5.3
2019-11-01 10:27:33,pm2.5,1.7
2019-11-01 10:27:33,pm10,4.3
2019-11-01 10:28:33,pm2.5,1.9
2019-11-01 10:28:33,pm10,4.9
2019-11-01 10:29:33,pm2.5,1.6
2019-11-01 10:29:33,pm10,3.9
2019-11-01 10:30:33,pm2.5,1.8
2019-11-01 10:30:33,pm10,4.4
2019-11-01 10:31:33,pm2.5,1.8
2019-11-01 10:31:33,pm10,5.1
2019-11-01 10:32:33,pm2.5,1.8
2019-11-01 10:32:33,pm10,5.2
2019-11-01 10:33:33,pm2.5,1.8
2019-11-01 10:33:33,pm10,5.0
2019-11-01 10:34:33,pm2.5,1.5
2019-11-01 10:34:33,pm10,4.1
2019-11-01 10:35:33,pm2.5,1.8
2019-11-01 10:35:33,pm10,5.0
2019-11-01 10:36:33,pm2.5,1.8
2019-11-01 10:36:33,pm10,4.8
2019-11-01 10:37:33,pm2.5,1.5
2019-11-01 10:37:33,pm10,4.2
2019-11-01 10:38:33,pm2.5,1.7
2019-11-01 10:38:33,pm10,4.7
2019-11-01 10:39:33,pm2.5,1.6
2019-11-01 10:39:33,pm10,4.3
2019-11-01 10:40:33,pm2.5,1.6
2019-11-01 10:40:33,pm10,4.4
2019-11-01 10:41:33,pm2.5,1.5
2019-11-01 10:41:33,pm10,3.6
2019-11-01 10:42:33,pm2.5,1.7
2019-11-01 10:42:33,pm10,4.4
2019-11-01 10:43:33,pm2.5,1.6
2019-11-01 10:43:33,pm10,4.3
2019-11-01 10:44:33,pm2.5,1.4
2019-11-01 10:44:33,pm10,3.5
2019-11-01 10:45:33,pm2.5,1.6
2019-11-01 10:45:33,pm10,4.5
2019-11-01 10:46:33,pm2.5,1.5
2019-11-01 10:46:33,pm10,3.4
2019-11-01 10:47:33,pm2.5,1.5
2019-11-01 10:47:33,pm10,3.9
2019-11-01 10:48:33,pm2.5,1.4
2019-11-01 10:48:33,pm10,3.6
2019-11-01 10:49:33,pm2.5,1.4
2019-11-01 10:49:33,pm10,3.7
2019-11-01 10:50:33,pm2.5,1.3
2019-11-01 10:50:33,pm10,3.4
2019-11-01 10:51:33,pm2.5,1.4
2019-11-01 10:51:33,pm10,3.5
2019-11-01 10:52:33,pm2.5,1.4
2019-11-01 10:52:33,pm10,3.4
2019-11-01 10:53:33,pm2.5,1.4
2019-11-01 10:53:33,pm10,3.3
2019-11-01 10:54:32,pm2.5,1.4
2019-11-01 10:54:32,pm10,3.3
2019-11-01 10:55:33,pm2.5,1.5
2019-11-01 10:55:34,pm10,3.7
2019-11-01 10:56:32,pm2.5,1.5
2019-11-01 10:56:33,pm10,3.8
2019-11-01 10:57:32,pm2.5,1.4
2019-11-01 10:57:33,pm10,4.4
2019-11-01 10:58:32,pm2.5,1.2
2019-11-01 10:58:33,pm10,2.8
2019-11-01 10:59:32,pm2.5,1.3
2019-11-01 10:59:33,pm10,3.0
2019-11-01 11:00:32,pm2.5,1.1
2019-11-01 11:00:33,pm10,2.9
2019-11-01 11:01:32,pm2.5,1.3
2019-11-01 11:01:33,pm10,3.3
2019-11-01 11:02:32,pm2.5,1.4
2019-11-01 11:02:33,pm10,3.5
2019-11-01 11:03:33,pm2.5,1.2
2019-11-01 11:03:33,pm10,3.2
2019-11-01 11:04:33,pm2.5,1.3
2019-11-01 11:04:33,pm10,3.1
2019-11-01 11:05:33,pm2.5,1.3
2019-11-01 11:05:33,pm10,3.0
2019-11-01 11:06:33,pm2.5,1.4
2019-11-01 11:06:33,pm10,3.8
2019-11-01 11:07:33,pm2.5,1.2
2019-11-01 11:07:33,pm10,2.9
2019-11-01 11:08:33,pm2.5,1.4
2019-11-01 11:08:33,pm10,3.6
2019-11-01 11:09:33,pm2.5,1.4
2019-11-01 11:09:33,pm10,4.3
2019-11-01 11:10:33,pm2.5,1.3
2019-11-01 11:10:33,pm10,2.9
2019-11-01 11:11:33,pm2.5,1.4
2019-11-01 11:11:33,pm10,3.6
2019-11-01 11:12:33,pm2.5,1.3
2019-11-01 11:12:33,pm10,3.2
2019-11-01 11:13:33,pm2.5,1.5
2019-11-01 11:13:33,pm10,3.9
2019-11-01 11:14:33,pm2.5,1.4
2019-11-01 11:14:33,pm10,4.0
2019-11-01 11:15:33,pm2.5,1.5
2019-11-01 11:15:33,pm10,3.7
2019-11-01 11:16:33,pm2.5,1.4
2019-11-01 11:16:33,pm10,3.6
2019-11-01 11:17:33,pm2.5,1.4
2019-11-01 11:17:33,pm10,4.2
2019-11-01 11:18:33,pm2.5,1.4
2019-11-01 11:18:33,pm10,3.7
2019-11-01 11:19:33,pm2.5,1.3
2019-11-01 11:19:33,pm10,3.2
2019-11-01 11:20:33,pm2.5,1.7
2019-11-01 11:20:33,pm10,4.3
2019-11-01 11:21:33,pm2.5,1.3
2019-11-01 11:21:33,pm10,3.3
2019-11-01 11:22:33,pm2.5,1.6
2019-11-01 11:22:33,pm10,4.5
2019-11-01 11:23:33,pm2.5,1.6
2019-11-01 11:23:33,pm10,3.8
2019-11-01 11:24:33,pm2.5,1.4
2019-11-01 11:24:33,pm10,3.9
2019-11-01 11:25:33,pm2.5,1.6
2019-11-01 11:25:33,pm10,3.8
2019-11-01 11:26:33,pm2.5,1.6
2019-11-01 11:26:33,pm10,3.7
2019-11-01 11:27:33,pm2.5,1.5
2019-11-01 11:27:33,pm10,3.4
2019-11-01 11:28:33,pm2.5,1.3
2019-11-01 11:28:33,pm10,3.7
2019-11-01 11:29:33,pm2.5,1.4
2019-11-01 11:29:33,pm10,3.6
2019-11-01 11:30:33,pm2.5,1.4
2019-11-01 11:30:33,pm10,3.8
2019-11-01 11:31:33,pm2.5,1.6
2019-11-01 11:31:33,pm10,4.5
2019-11-01 11:32:33,pm2.5,1.5
2019-11-01 11:32:33,pm10,3.9
2019-11-01 11:33:33,pm2.5,1.6
2019-11-01 11:33:33,pm10,4.5
2019-11-01 11:34:33,pm2.5,1.7
2019-11-01 11:34:33,pm10,4.6
2019-11-01 11:35:33,pm2.5,1.5
2019-11-01 11:35:33,pm10,3.7
2019-11-01 11:36:33,pm2.5,1.6
2019-11-01 11:36:33,pm10,4.3
2019-11-01 11:37:33,pm2.5,1.4
2019-11-01 11:37:33,pm10,3.6
2019-11-01 11:38:33,pm2.5,1.8
2019-11-01 11:38:33,pm10,4.9
2019-11-01 11:39:33,pm2.5,1.3
2019-11-01 11:39:34,pm10,3.2
2019-11-01 11:40:32,pm2.5,1.5
2019-11-01 11:40:33,pm10,3.9
2019-11-01 11:41:32,pm2.5,1.4
2019-11-01 11:41:33,pm10,3.5
2019-11-01 11:42:32,pm2.5,1.6
2019-11-01 11:42:33,pm10,4.0
2019-11-01 11:43:32,pm2.5,1.7
2019-11-01 11:43:33,pm10,4.5
2019-11-01 11:44:33,pm2.5,1.5
2019-11-01 11:44:33,pm10,4.4
2019-11-01 11:45:33,pm2.5,1.5
2019-11-01 11:45:33,pm10,3.7
2019-11-01 11:46:33,pm2.5,1.5
2019-11-01 11:46:33,pm10,4.0
2019-11-01 11:47:33,pm2.5,1.8
2019-11-01 11:47:33,pm10,5.3
2019-11-01 11:48:33,pm2.5,1.7
2019-11-01 11:48:33,pm10,4.2
2019-11-01 11:49:33,pm2.5,1.5
2019-11-01 11:49:33,pm10,4.3
2019-11-01 11:50:33,pm2.5,1.5
2019-11-01 11:50:33,pm10,3.8
2019-11-01 11:51:33,pm2.5,1.8
2019-11-01 11:51:33,pm10,4.8
2019-11-01 11:52:33,pm2.5,1.8
2019-11-01 11:52:33,pm10,4.7
2019-11-01 11:53:33,pm2.5,1.7
2019-11-01 11:53:33,pm10,4.6
2019-11-01 11:54:33,pm2.5,1.6
2019-11-01 11:54:33,pm10,4.4
2019-11-01 11:55:33,pm2.5,2.0
2019-11-01 11:55:33,pm10,5.0
2019-11-01 11:56:33,pm2.5,1.8
2019-11-01 11:56:33,pm10,4.8
2019-11-01 11:57:33,pm2.5,1.6
2019-11-01 11:57:33,pm10,4.7
2019-11-01 11:58:33,pm2.5,1.5
2019-11-01 11:58:33,pm10,3.6
2019-11-01 11:59:33,pm2.5,1.5
2019-11-01 11:59:33,pm10,3.9
2019-11-01 12:00:33,pm2.5,1.7
2019-11-01 12:00:33,pm10,4.3
2019-11-01 12:01:33,pm2.5,1.6
2019-11-01 12:01:33,pm10,4.3
2019-11-01 12:02:33,pm2.5,1.7
2019-11-01 12:02:33,pm10,4.1
2019-11-01 12:03:33,pm2.5,1.8
2019-11-01 12:03:33,pm10,4.9
2019-11-01 12:04:33,pm2.5,1.6
2019-11-01 12:04:33,pm10,4.4
2019-11-01 12:05:33,pm2.5,1.6
2019-11-01 12:05:33,pm10,4.3
2019-11-01 12:06:33,pm2.5,1.6
2019-11-01 12:06:33,pm10,4.0
2019-11-01 12:07:33,pm2.5,1.7
2019-11-01 12:07:33,pm10,4.4
2019-11-01 12:08:33,pm2.5,1.8
2019-11-01 12:08:33,pm10,5.0
2019-11-01 12:09:33,pm2.5,1.8
2019-11-01 12:09:33,pm10,4.7
2019-11-01 12:10:33,pm2.5,1.7
2019-11-01 12:10:33,pm10,4.5
2019-11-01 12:11:33,pm2.5,1.5
2019-11-01 12:11:33,pm10,3.9
2019-11-01 12:12:33,pm2.5,1.8
2019-11-01 12:12:33,pm10,6.0
2019-11-01 12:13:33,pm2.5,1.6
2019-11-01 12:13:33,pm10,4.4
2019-11-01 12:14:33,pm2.5,1.5
2019-11-01 12:14:33,pm10,4.0
2019-11-01 12:15:33,pm2.5,1.7
2019-11-01 12:15:33,pm10,4.8
2019-11-01 12:16:33,pm2.5,1.6
2019-11-01 12:16:33,pm10,4.0
2019-11-01 12:17:33,pm2.5,1.5
2019-11-01 12:17:34,pm10,3.8
2019-11-01 12:18:32,pm2.5,1.5
2019-11-01 12:18:33,pm10,3.8
2019-11-01 12:19:32,pm2.5,1.7
2019-11-01 12:19:33,pm10,4.2
2019-11-01 12:20:32,pm2.5,1.8
2019-11-01 12:20:33,pm10,4.9
2019-11-01 12:21:33,pm2.5,1.5
2019-11-01 12:21:33,pm10,3.7
2019-11-01 12:22:33,pm2.5,1.8
2019-11-01 12:22:33,pm10,4.5
2019-11-01 12:23:33,pm2.5,1.7
2019-11-01 12:23:33,pm10,4.3
2019-11-01 12:24:33,pm2.5,1.5
2019-11-01 12:24:33,pm10,3.7
2019-11-01 12:25:33,pm2.5,1.6
2019-11-01 12:25:33,pm10,3.6
2019-11-01 12:26:33,pm2.5,1.6
2019-11-01 12:26:33,pm10,4.1
2019-11-01 12:27:33,pm2.5,1.4
2019-11-01 12:27:33,pm10,3.7
2019-11-01 12:28:33,pm2.5,1.5
2019-11-01 12:28:33,pm10,4.0
2019-11-01 12:29:33,pm2.5,1.5
2019-11-01 12:29:33,pm10,3.6
2019-11-01 12:30:33,pm2.5,1.5
2019-11-01 12:30:33,pm10,3.5
2019-11-01 12:31:33,pm2.5,1.5
2019-11-01 12:31:33,pm10,3.6
2019-11-01 12:32:33,pm2.5,1.8
2019-11-01 12:32:33,pm10,4.6
2019-11-01 12:33:33,pm2.5,1.5
2019-11-01 12:33:33,pm10,4.2
2019-11-01 12:34:33,pm2.5,1.7
2019-11-01 12:34:33,pm10,4.7
2019-11-01 12:35:33,pm2.5,1.4
2019-11-01 12:35:33,pm10,3.5
2019-11-01 12:36:33,pm2.5,1.4
2019-11-01 12:36:33,pm10,3.6
2019-11-01 12:37:33,pm2.5,1.6
2019-11-01 12:37:33,pm10,4.3
2019-11-01 12:38:33,pm2.5,1.4
2019-11-01 12:38:33,pm10,3.4
2019-11-01 12:39:33,pm2.5,1.6
2019-11-01 12:39:33,pm10,4.6
2019-11-01 12:40:33,pm2.5,1.6
2019-11-01 12:40:33,pm10,4.5
2019-11-01 12:41:33,pm2.5,1.5
2019-11-01 12:41:33,pm10,3.9
2019-11-01 12:42:33,pm2.5,1.6
2019-11-01 12:42:33,pm10,4.5
2019-11-01 12:43:33,pm2.5,1.5
2019-11-01 12:43:33,pm10,4.2
2019-11-01 12:44:33,pm2.5,1.5
2019-11-01 12:44:33,pm10,3.7
2019-11-01 12:45:33,pm2.5,1.5
2019-11-01 12:45:33,pm10,3.7
2019-11-01 12:46:33,pm2.5,1.6
2019-11-01 12:46:33,pm10,4.0
2019-11-01 12:47:33,pm2.5,1.7
2019-11-01 12:47:33,pm10,4.4
2019-11-01 12:48:33,pm2.5,1.5
2019-11-01 12:48:33,pm10,4.0
2019-11-01 12:49:33,pm2.5,1.4
2019-11-01 12:49:33,pm10,4.0
2019-11-01 12:50:33,pm2.5,1.5
2019-11-01 12:50:33,pm10,4.0
2019-11-01 12:51:33,pm2.5,1.6
2019-11-01 12:51:33,pm10,4.1
2019-11-01 12:52:33,pm2.5,1.4
2019-11-01 12:52:33,pm10,3.5
2019-11-01 12:53:33,pm2.5,1.5
2019-11-01 12:53:33,pm10,3.9
2019-11-01 12:54:33,pm2.5,1.4
2019-11-01 12:54:33,pm10,3.7
2019-11-01 12:55:32,pm2.5,1.5
2019-11-01 12:55:33,pm10,3.6
2019-11-01 12:56:32,pm2.5,1.7
2019-11-01 12:56:33,pm10,4.4
2019-11-01 12:57:32,pm2.5,1.6
2019-11-01 12:57:33,pm10,3.6
2019-11-01 12:58:32,pm2.5,1.7
2019-11-01 12:58:33,pm10,4.6
2019-11-01 12:59:33,pm2.5,1.6
2019-11-01 12:59:33,pm10,4.4
2019-11-01 13:00:33,pm2.5,1.5
2019-11-01 13:00:33,pm10,4.0
2019-11-01 13:01:33,pm2.5,1.4
2019-11-01 13:01:33,pm10,3.4
2019-11-01 13:02:33,pm2.5,1.7
2019-11-01 13:02:33,pm10,4.5
2019-11-01 13:03:33,pm2.5,1.6
2019-11-01 13:03:33,pm10,4.1
2019-11-01 13:04:33,pm2.5,1.6
2019-11-01 13:04:33,pm10,3.9
2019-11-01 13:05:33,pm2.5,1.5
2019-11-01 13:05:33,pm10,3.4
2019-11-01 13:06:33,pm2.5,1.5
2019-11-01 13:06:33,pm10,3.7
2019-11-01 13:07:33,pm2.5,1.4
2019-11-01 13:07:33,pm10,3.6
2019-11-01 13:08:33,pm2.5,1.6
2019-11-01 13:08:33,pm10,3.9
2019-11-01 13:09:33,pm2.5,1.5
2019-11-01 13:09:33,pm10,3.9
2019-11-01 13:10:33,pm2.5,1.5
2019-11-01 13:10:33,pm10,3.7
2019-11-01 13:11:33,pm2.5,1.2
2019-11-01 13:11:33,pm10,2.7
2019-11-01 13:12:33,pm2.5,1.5
2019-11-01 13:12:33,pm10,4.0
2019-11-01 13:13:33,pm2.5,1.6
2019-11-01 13:13:33,pm10,4.5
2019-11-01 13:14:33,pm2.5,1.4
2019-11-01 13:14:33,pm10,3.4
2019-11-01 13:15:33,pm2.5,1.4
2019-11-01 13:15:33,pm10,3.7
2019-11-01 13:16:33,pm2.5,1.6
2019-11-01 13:16:33,pm10,4.4
2019-11-01 13:17:33,pm2.5,1.3
2019-11-01 13:17:33,pm10,3.3
2019-11-01 13:18:33,pm2.5,1.5
2019-11-01 13:18:33,pm10,3.7
2019-11-01 13:19:33,pm2.5,1.6
2019-11-01 13:19:33,pm10,4.3
2019-11-01 13:20:33,pm2.5,1.4
2019-11-01 13:20:33,pm10,3.7
2019-11-01 13:21:33,pm2.5,1.4
2019-11-01 13:21:33,pm10,3.6
2019-11-01 13:22:33,pm2.5,1.3
2019-11-01 13:22:33,pm10,3.4
2019-11-01 13:23:33,pm2.5,1.5
2019-11-01 13:23:33,pm10,4.0
2019-11-01 13:24:33,pm2.5,1.5
2019-11-01 13:24:33,pm10,3.6
2019-11-01 13:25:33,pm2.5,1.3
2019-11-01 13:25:33,pm10,3.1
2019-11-01 13:26:33,pm2.5,1.5
2019-11-01 13:26:33,pm10,4.4
2019-11-01 13:27:33,pm2.5,1.4
2019-11-01 13:27:33,pm10,3.4
2019-11-01 13:28:33,pm2.5,1.4
2019-11-01 13:28:33,pm10,3.7
2019-11-01 13:29:33,pm2.5,1.5
2019-11-01 13:29:33,pm10,4.1
2019-11-01 13:30:33,pm2.5,1.3
2019-11-01 13:30:33,pm10,3.2
2019-11-01 13:31:33,pm2.5,1.4
2019-11-01 13:31:33,pm10,3.7
2019-11-01 13:32:33,pm2.5,1.3
2019-11-01 13:32:33,pm10,2.8
2019-11-01 13:33:33,pm2.5,1.5
2019-11-01 13:33:33,pm10,3.7
2019-11-01 13:34:33,pm2.5,1.4
2019-11-01 13:34:33,pm10,3.2
2019-11-01 13:36:32,pm2.5,1.2
2019-11-01 13:36:33,pm10,2.7
2019-11-01 13:37:32,pm2.5,1.2
2019-11-01 13:37:33,pm10,2.9
2019-11-01 13:38:32,pm2.5,1.4
2019-11-01 13:38:33,pm10,3.3
2019-11-01 13:39:32,pm2.5,1.4
2019-11-01 13:39:33,pm10,4.0
2019-11-01 13:40:33,pm2.5,1.3
2019-11-01 13:40:33,pm10,3.4
2019-11-01 13:41:33,pm2.5,1.4
2019-11-01 13:41:33,pm10,3.6
2019-11-01 13:42:33,pm2.5,1.4
2019-11-01 13:42:33,pm10,3.1
2019-11-01 13:43:33,pm2.5,1.4
2019-11-01 13:43:33,pm10,3.7
2019-11-01 13:44:33,pm2.5,1.1
2019-11-01 13:44:33,pm10,2.7
2019-11-01 13:45:33,pm2.5,1.3
2019-11-01 13:45:33,pm10,3.1
2019-11-01 13:46:33,pm2.5,1.7
2019-11-01 13:46:33,pm10,4.9
2019-11-01 13:47:33,pm2.5,1.2
2019-11-01 13:47:33,pm10,3.1
2019-11-01 13:48:33,pm2.5,1.5
2019-11-01 13:48:33,pm10,4.1
2019-11-01 13:49:33,pm2.5,1.5
2019-11-01 13:49:33,pm10,3.7
2019-11-01 13:52:03,pm2.5,1.3
2019-11-01 13:52:03,pm10,2.9
2019-11-01 13:52:44,pm2.5,1.2
2019-11-01 13:52:44,pm10,3.1
2019-11-01 13:52:49,pm2.5,1.3
2019-11-01 13:52:49,pm10,3.3
2019-11-01 13:53:33,pm2.5,1.6
2019-11-01 13:53:33,pm10,4.4
2019-11-01 13:54:33,pm2.5,1.4
2019-11-01 13:54:33,pm10,3.9
2019-11-01 13:55:33,pm2.5,1.6
2019-11-01 13:55:33,pm10,4.2
2019-11-01 13:56:33,pm2.5,1.6
2019-11-01 13:56:33,pm10,4.1
2019-11-01 13:57:33,pm2.5,1.4
2019-11-01 13:57:33,pm10,4.0
2019-11-01 13:58:33,pm2.5,1.6
2019-11-01 13:58:33,pm10,4.1
2019-11-01 13:59:33,pm2.5,1.6
2019-11-01 13:59:33,pm10,4.2
2019-11-01 14:00:33,pm2.5,1.6
2019-11-01 14:00:33,pm10,4.0
2019-11-01 14:01:33,pm2.5,1.6
2019-11-01 14:01:33,pm10,4.2
2019-11-01 14:02:33,pm2.5,1.6
2019-11-01 14:02:33,pm10,4.6
2019-11-01 14:03:33,pm2.5,1.6
2019-11-01 14:03:33,pm10,4.0
2019-11-01 14:04:33,pm2.5,1.5
2019-11-01 14:04:33,pm10,3.7
2019-11-01 14:05:33,pm2.5,1.8
2019-11-01 14:05:33,pm10,4.6
2019-11-01 14:06:33,pm2.5,2.0
2019-11-01 14:06:33,pm10,5.5
2019-11-01 14:07:33,pm2.5,1.7
2019-11-01 14:07:33,pm10,4.3
2019-11-01 14:08:33,pm2.5,1.6
2019-11-01 14:08:33,pm10,4.3
2019-11-01 14:09:33,pm2.5,1.8
2019-11-01 14:09:33,pm10,4.2
2019-11-01 14:10:33,pm2.5,1.7
2019-11-01 14:10:33,pm10,4.2
2019-11-01 14:11:33,pm2.5,1.7
2019-11-01 14:11:33,pm10,4.2
2019-11-01 14:12:33,pm2.5,1.6
2019-11-01 14:12:33,pm10,4.0
2019-11-01 14:13:33,pm2.5,1.5
2019-11-01 14:13:33,pm10,3.7
2019-11-01 14:14:33,pm2.5,1.4
2019-11-01 14:14:33,pm10,3.0
2019-11-01 14:15:33,pm2.5,1.6
2019-11-01 14:15:33,pm10,4.1
2019-11-01 14:16:33,pm2.5,1.7
2019-11-01 14:16:33,pm10,4.6
2019-11-01 14:17:33,pm2.5,1.7
2019-11-01 14:17:33,pm10,4.5
2019-11-01 14:18:33,pm2.5,1.6
2019-11-01 14:18:33,pm10,4.4
2019-11-01 14:19:33,pm2.5,1.5
2019-11-01 14:19:33,pm10,3.6
2019-11-01 14:20:33,pm2.5,1.5
2019-11-01 14:20:33,pm10,3.6
2019-11-01 14:21:32,pm2.5,1.8
2019-11-01 14:21:33,pm10,4.7
2019-11-01 14:22:32,pm2.5,1.8
2019-11-01 14:22:33,pm10,4.6
2019-11-01 14:23:32,pm2.5,1.5
2019-11-01 14:23:33,pm10,3.7
2019-11-01 14:24:32,pm2.5,1.6
2019-11-01 14:24:33,pm10,4.1
2019-11-01 14:25:32,pm2.5,1.3
2019-11-01 14:25:33,pm10,3.4
2019-11-01 14:26:32,pm2.5,1.5
2019-11-01 14:26:33,pm10,3.8
2019-11-01 14:27:33,pm2.5,1.3
2019-11-01 14:27:33,pm10,3.0
2019-11-01 14:28:33,pm2.5,1.4
2019-11-01 14:28:33,pm10,3.8
2019-11-01 14:29:33,pm2.5,1.5
2019-11-01 14:29:33,pm10,3.5
2019-11-01 14:30:33,pm2.5,1.5
2019-11-01 14:30:33,pm10,3.9
2019-11-01 14:31:33,pm2.5,1.5
2019-11-01 14:31:33,pm10,3.5
2019-11-01 14:32:33,pm2.5,1.5
2019-11-01 14:32:33,pm10,3.9
2019-11-01 14:33:33,pm2.5,1.2
2019-11-01 14:33:33,pm10,2.7
2019-11-01 14:34:33,pm2.5,1.4
2019-11-01 14:34:33,pm10,3.4
2019-11-01 14:35:33,pm2.5,1.3
2019-11-01 14:35:33,pm10,3.3
2019-11-01 14:36:33,pm2.5,1.4
2019-11-01 14:36:33,pm10,3.6
2019-11-01 14:37:33,pm2.5,1.4
2019-11-01 14:37:33,pm10,3.4
2019-11-01 14:38:33,pm2.5,1.4
2019-11-01 14:38:33,pm10,3.7
2019-11-01 14:39:33,pm2.5,1.4
2019-11-01 14:39:33,pm10,3.9
2019-11-01 14:40:33,pm2.5,1.4
2019-11-01 14:40:33,pm10,3.8
2019-11-01 14:41:33,pm2.5,1.3
2019-11-01 14:41:33,pm10,3.4
2019-11-01 14:42:33,pm2.5,1.3
2019-11-01 14:42:33,pm10,3.1
2019-11-01 14:43:33,pm2.5,1.2
2019-11-01 14:43:33,pm10,3.1
2019-11-01 14:44:33,pm2.5,1.4
2019-11-01 14:44:33,pm10,3.8
2019-11-01 14:45:33,pm2.5,1.4
2019-11-01 14:45:33,pm10,3.1
2019-11-01 14:46:33,pm2.5,1.2
2019-11-01 14:46:33,pm10,2.9
2019-11-01 14:47:33,pm2.5,1.3
2019-11-01 14:47:33,pm10,3.6
2019-11-01 14:48:33,pm2.5,1.5
2019-11-01 14:48:33,pm10,3.7
2019-11-01 14:49:33,pm2.5,1.1
2019-11-01 14:49:33,pm10,2.9
2019-11-01 14:50:33,pm2.5,1.2
2019-11-01 14:50:33,pm10,3.0
2019-11-01 14:51:33,pm2.5,1.5
2019-11-01 14:51:33,pm10,3.8
2019-11-01 14:52:33,pm2.5,1.4
2019-11-01 14:52:33,pm10,3.5
2019-11-01 14:53:33,pm2.5,1.4
2019-11-01 14:53:33,pm10,3.6
2019-11-01 14:54:32,pm2.5,1.4
2019-11-01 14:54:33,pm10,3.6
2019-11-01 14:55:33,pm2.5,1.3
2019-11-01 14:55:33,pm10,3.2
2019-11-01 14:56:33,pm2.5,1.5
2019-11-01 14:56:33,pm10,3.9
2019-11-01 14:57:33,pm2.5,1.3
2019-11-01 14:57:33,pm10,3.3
2019-11-01 14:58:33,pm2.5,1.5
2019-11-01 14:58:33,pm10,4.2
2019-11-01 14:59:33,pm2.5,1.6
2019-11-01 14:59:33,pm10,4.3
2019-11-01 15:00:33,pm2.5,1.4
2019-11-01 15:00:33,pm10,4.1
2019-11-01 15:01:33,pm2.5,1.4
2019-11-01 15:01:33,pm10,4.0
2019-11-01 15:02:33,pm2.5,1.4
2019-11-01 15:02:33,pm10,3.6
2019-11-01 15:03:33,pm2.5,1.3
2019-11-01 15:03:33,pm10,3.2
2019-11-01 15:04:33,pm2.5,1.3
2019-11-01 15:04:33,pm10,4.0
2019-11-01 15:05:33,pm2.5,1.5
2019-11-01 15:05:33,pm10,3.8
2019-11-01 15:06:33,pm2.5,1.4
2019-11-01 15:06:33,pm10,4.0
2019-11-01 15:07:33,pm2.5,1.7
2019-11-01 15:07:33,pm10,4.5
2019-11-01 15:08:33,pm2.5,1.6
2019-11-01 15:08:33,pm10,4.3
2019-11-01 15:09:33,pm2.5,1.7
2019-11-01 15:09:33,pm10,5.1
2019-11-01 15:10:33,pm2.5,1.8
2019-11-01 15:10:33,pm10,5.0
2019-11-01 15:11:33,pm2.5,1.8
2019-11-01 15:11:33,pm10,4.8
2019-11-01 15:12:33,pm2.5,1.7
2019-11-01 15:12:33,pm10,4.7
2019-11-01 15:13:33,pm2.5,1.7
2019-11-01 15:13:33,pm10,4.5
2019-11-01 15:14:33,pm2.5,1.8
2019-11-01 15:14:33,pm10,4.5
2019-11-01 15:15:32,pm2.5,2.0
2019-11-01 15:15:33,pm10,5.1
2019-11-01 15:16:32,pm2.5,2.2
2019-11-01 15:16:33,pm10,5.7
2019-11-01 15:17:32,pm2.5,1.7
2019-11-01 15:17:33,pm10,3.9
2019-11-01 15:18:32,pm2.5,1.8
2019-11-01 15:18:33,pm10,4.6
2019-11-01 15:19:32,pm2.5,2.2
2019-11-01 15:19:33,pm10,6.0
2019-11-01 15:20:32,pm2.5,2.0
2019-11-01 15:20:33,pm10,5.4
2019-11-01 15:21:33,pm2.5,1.9
2019-11-01 15:21:33,pm10,4.9
2019-11-01 15:22:33,pm2.5,2.2
2019-11-01 15:22:33,pm10,5.3
2019-11-01 15:23:33,pm2.5,2.0
2019-11-01 15:23:33,pm10,5.4
2019-11-01 15:24:33,pm2.5,2.3
2019-11-01 15:24:33,pm10,6.3
2019-11-01 15:25:33,pm2.5,2.1
2019-11-01 15:25:33,pm10,5.7
2019-11-01 15:26:33,pm2.5,2.1
2019-11-01 15:26:33,pm10,5.3
2019-11-01 15:27:33,pm2.5,2.2
2019-11-01 15:27:33,pm10,6.1
2019-11-01 15:28:33,pm2.5,2.3
2019-11-01 15:28:33,pm10,5.7
2019-11-01 15:29:33,pm2.5,2.4
2019-11-01 15:29:33,pm10,6.2
2019-11-01 15:30:33,pm2.5,2.3
2019-11-01 15:30:33,pm10,5.2
2019-11-01 15:31:33,pm2.5,2.3
2019-11-01 15:31:33,pm10,5.7
2019-11-01 15:32:33,pm2.5,2.3
2019-11-01 15:32:33,pm10,5.6
2019-11-01 15:33:33,pm2.5,2.3
2019-11-01 15:33:33,pm10,6.0
2019-11-01 15:34:33,pm2.5,2.3
2019-11-01 15:34:33,pm10,5.6
2019-11-01 15:35:33,pm2.5,2.4
2019-11-01 15:35:33,pm10,6.0
2019-11-01 15:36:33,pm2.5,2.5
2019-11-01 15:36:33,pm10,6.6
2019-11-01 15:37:33,pm2.5,2.5
2019-11-01 15:37:33,pm10,5.9
2019-11-01 15:38:33,pm2.5,2.3
2019-11-01 15:38:33,pm10,5.9
2019-11-01 15:39:33,pm2.5,2.5
2019-11-01 15:39:33,pm10,6.4
2019-11-01 15:40:33,pm2.5,2.3
2019-11-01 15:40:33,pm10,6.0
2019-11-01 15:41:33,pm2.5,2.4
2019-11-01 15:41:33,pm10,6.2
2019-11-01 15:42:33,pm2.5,2.4
2019-11-01 15:42:33,pm10,6.4
2019-11-01 15:43:33,pm2.5,2.3
2019-11-01 15:43:33,pm10,6.1
2019-11-01 15:44:33,pm2.5,2.5
2019-11-01 15:44:33,pm10,6.1
2019-11-01 15:45:33,pm2.5,2.6
2019-11-01 15:45:33,pm10,6.0
2019-11-01 15:46:33,pm2.5,2.4
2019-11-01 15:46:33,pm10,6.1
2019-11-01 15:47:33,pm2.5,2.5
2019-11-01 15:47:33,pm10,6.4
2019-11-01 15:48:33,pm2.5,2.8
2019-11-01 15:48:33,pm10,6.7
2019-11-01 15:49:33,pm2.5,2.4
2019-11-01 15:49:33,pm10,6.0
2019-11-01 15:50:33,pm2.5,2.7
2019-11-01 15:50:33,pm10,6.7
2019-11-01 15:51:33,pm2.5,2.5
2019-11-01 15:51:33,pm10,6.3
2019-11-01 15:52:33,pm2.5,2.8
2019-11-01 15:52:33,pm10,7.2
2019-11-01 15:53:33,pm2.5,2.6
2019-11-01 15:53:33,pm10,6.6
2019-11-01 15:54:33,pm2.5,2.4
2019-11-01 15:54:33,pm10,6.1
2019-11-01 15:55:33,pm2.5,2.4
2019-11-01 15:55:33,pm10,6.2
2019-11-01 15:56:33,pm2.5,2.5
2019-11-01 15:56:33,pm10,6.5
2019-11-01 15:57:33,pm2.5,2.8
2019-11-01 15:57:33,pm10,7.0
2019-11-01 15:58:33,pm2.5,2.6
2019-11-01 15:58:33,pm10,6.5
2019-11-01 15:59:33,pm2.5,2.5
2019-11-01 15:59:33,pm10,6.0
2019-11-01 16:00:33,pm2.5,2.6
2019-11-01 16:00:33,pm10,6.4
2019-11-01 16:01:33,pm2.5,2.7
2019-11-01 16:01:33,pm10,6.8
2019-11-01 16:02:33,pm2.5,2.7
2019-11-01 16:02:33,pm10,7.0
2019-11-01 16:03:33,pm2.5,2.6
2019-11-01 16:03:33,pm10,6.9
2019-11-01 16:04:33,pm2.5,2.4
2019-11-01 16:04:33,pm10,6.0
2019-11-01 16:05:33,pm2.5,2.7
2019-11-01 16:05:33,pm10,6.6
2019-11-01 16:06:33,pm2.5,2.5
2019-11-01 16:06:33,pm10,6.3
2019-11-01 16:07:33,pm2.5,2.5
2019-11-01 16:07:33,pm10,6.0
2019-11-01 16:09:32,pm2.5,2.6
2019-11-01 16:09:33,pm10,6.8
2019-11-01 16:10:32,pm2.5,2.8
2019-11-01 16:10:33,pm10,6.8
2019-11-01 16:11:32,pm2.5,2.4
2019-11-01 16:11:33,pm10,6.1
2019-11-01 16:12:32,pm2.5,2.5
2019-11-01 16:12:33,pm10,6.4
2019-11-01 16:13:32,pm2.5,2.7
2019-11-01 16:13:33,pm10,6.8
2019-11-01 16:14:32,pm2.5,2.6
2019-11-01 16:14:33,pm10,6.4
2019-11-01 16:15:33,pm2.5,2.9
2019-11-01 16:15:33,pm10,6.9
2019-11-01 16:16:33,pm2.5,2.7
2019-11-01 16:16:33,pm10,6.8
2019-11-01 16:17:33,pm2.5,2.8
2019-11-01 16:17:33,pm10,6.8
2019-11-01 16:18:33,pm2.5,2.8
2019-11-01 16:18:33,pm10,6.5
2019-11-01 16:19:33,pm2.5,2.6
2019-11-01 16:19:33,pm10,6.8
2019-11-01 16:20:33,pm2.5,2.7
2019-11-01 16:20:33,pm10,6.7
2019-11-01 16:21:33,pm2.5,2.9
2019-11-01 16:21:33,pm10,6.9
2019-11-01 16:22:33,pm2.5,2.8
2019-11-01 16:22:33,pm10,6.4
2019-11-01 16:23:33,pm2.5,2.8
2019-11-01 16:23:33,pm10,6.7
2019-11-01 16:24:33,pm2.5,2.9
2019-11-01 16:24:33,pm10,7.0
2019-11-01 16:25:33,pm2.5,2.7
2019-11-01 16:25:33,pm10,6.8
2019-11-01 16:26:33,pm2.5,3.0
2019-11-01 16:26:33,pm10,7.4
2019-11-01 16:27:33,pm2.5,2.8
2019-11-01 16:27:33,pm10,6.8
2019-11-01 16:28:33,pm2.5,2.6
2019-11-01 16:28:33,pm10,6.2
2019-11-01 16:29:33,pm2.5,2.9
2019-11-01 16:29:33,pm10,7.2
2019-11-01 16:30:33,pm2.5,2.9
2019-11-01 16:30:33,pm10,6.8
2019-11-01 16:31:33,pm2.5,2.7
2019-11-01 16:31:33,pm10,6.8
2019-11-01 16:32:33,pm2.5,2.6
2019-11-01 16:32:33,pm10,6.9
2019-11-01 16:33:33,pm2.5,2.8
2019-11-01 16:33:33,pm10,6.9
2019-11-01 16:34:33,pm2.5,3.0
2019-11-01 16:34:33,pm10,7.2
2019-11-01 16:35:33,pm2.5,3.0
2019-11-01 16:35:33,pm10,7.0
2019-11-01 16:36:33,pm2.5,3.0
2019-11-01 16:36:33,pm10,7.3
2019-11-01 16:37:33,pm2.5,2.9
2019-11-01 16:37:33,pm10,6.9
2019-11-01 16:38:33,pm2.5,3.2
2019-11-01 16:38:33,pm10,7.1
2019-11-01 16:39:33,pm2.5,2.8
2019-11-01 16:39:33,pm10,6.7
2019-11-01 16:40:33,pm2.5,3.5
2019-11-01 16:40:33,pm10,7.8
2019-11-01 16:41:33,pm2.5,3.0
2019-11-01 16:41:33,pm10,7.2
2019-11-01 16:42:33,pm2.5,2.9
2019-11-01 16:42:33,pm10,6.6
2019-11-01 16:43:33,pm2.5,2.9
2019-11-01 16:43:33,pm10,7.2
2019-11-01 16:44:33,pm2.5,2.9
2019-11-01 16:44:33,pm10,7.0
2019-11-01 16:45:33,pm2.5,3.3
2019-11-01 16:45:33,pm10,7.4
2019-11-01 16:46:33,pm2.5,3.1
2019-11-01 16:46:33,pm10,7.4
2019-11-01 16:47:33,pm2.5,2.9
2019-11-01 16:47:33,pm10,7.7
2019-11-01 16:48:33,pm2.5,2.8
2019-11-01 16:48:33,pm10,6.9
2019-11-01 16:49:33,pm2.5,3.1
2019-11-01 16:49:33,pm10,7.3
2019-11-01 16:50:33,pm2.5,2.8
2019-11-01 16:50:33,pm10,6.7
2019-11-01 16:51:33,pm2.5,2.9
2019-11-01 16:51:33,pm10,6.6
2019-11-01 16:52:33,pm2.5,3.3
2019-11-01 16:52:33,pm10,7.7
2019-11-01 16:53:33,pm2.5,2.9
2019-11-01 16:53:33,pm10,7.0
2019-11-01 16:54:33,pm2.5,3.2
2019-11-01 16:54:33,pm10,7.4
2019-11-01 16:55:33,pm2.5,3.0
2019-11-01 16:55:33,pm10,7.0
2019-11-01 16:56:33,pm2.5,3.3
2019-11-01 16:56:33,pm10,7.8
2019-11-01 16:57:33,pm2.5,3.4
2019-11-01 16:57:33,pm10,7.5
2019-11-01 16:58:33,pm2.5,3.0
2019-11-01 16:58:33,pm10,6.9
2019-11-01 16:59:33,pm2.5,2.9
2019-11-01 16:59:33,pm10,7.5
2019-11-01 17:00:33,pm2.5,3.3
2019-11-01 17:00:33,pm10,7.3
2019-11-01 17:01:33,pm2.5,3.1
2019-11-01 17:01:33,pm10,7.5
2019-11-01 17:02:33,pm2.5,3.2
2019-11-01 17:02:33,pm10,7.2
2019-11-01 17:03:33,pm2.5,3.0
2019-11-01 17:03:33,pm10,7.7
2019-11-01 17:04:33,pm2.5,2.8
2019-11-01 17:04:33,pm10,6.9
2019-11-01 17:05:32,pm2.5,2.8
2019-11-01 17:05:33,pm10,6.9
2019-11-01 17:06:32,pm2.5,2.6
2019-11-01 17:06:33,pm10,6.5
2019-11-01 17:07:32,pm2.5,2.8
2019-11-01 17:07:33,pm10,6.6
2019-11-01 17:08:32,pm2.5,2.5
2019-11-01 17:08:33,pm10,6.0
2019-11-01 17:09:32,pm2.5,2.6
2019-11-01 17:09:33,pm10,6.5
2019-11-01 17:10:32,pm2.5,2.6
2019-11-01 17:10:33,pm10,6.4
2019-11-01 17:11:33,pm2.5,2.8
2019-11-01 17:11:33,pm10,7.1
2019-11-01 17:12:33,pm2.5,2.4
2019-11-01 17:12:33,pm10,6.4
2019-11-01 17:13:33,pm2.5,2.5
2019-11-01 17:13:33,pm10,6.4
2019-11-01 17:14:33,pm2.5,2.5
2019-11-01 17:14:33,pm10,6.7
2019-11-01 17:15:33,pm2.5,2.5
2019-11-01 17:15:33,pm10,6.2
2019-11-01 17:16:33,pm2.5,2.2
2019-11-01 17:16:33,pm10,5.9
2019-11-01 17:17:33,pm2.5,2.1
2019-11-01 17:17:33,pm10,5.2
2019-11-01 17:18:33,pm2.5,2.3
2019-11-01 17:18:33,pm10,5.9
2019-11-01 17:19:33,pm2.5,2.2
2019-11-01 17:19:33,pm10,5.5
2019-11-01 17:20:33,pm2.5,2.4
2019-11-01 17:20:33,pm10,6.2
2019-11-01 17:21:33,pm2.5,2.2
2019-11-01 17:21:33,pm10,5.0
2019-11-01 17:22:33,pm2.5,2.2
2019-11-01 17:22:33,pm10,5.4
2019-11-01 17:23:33,pm2.5,2.1
2019-11-01 17:23:33,pm10,5.4
2019-11-01 17:24:33,pm2.5,2.2
2019-11-01 17:24:33,pm10,5.7
2019-11-01 17:25:33,pm2.5,2.2
2019-11-01 17:25:33,pm10,5.8
2019-11-01 17:26:33,pm2.5,2.1
2019-11-01 17:26:33,pm10,5.4
2019-11-01 17:27:33,pm2.5,2.3
2019-11-01 17:27:33,pm10,6.1
2019-11-01 17:28:33,pm2.5,1.9
2019-11-01 17:28:33,pm10,4.9
2019-11-01 17:29:33,pm2.5,2.2
2019-11-01 17:29:33,pm10,5.7
2019-11-01 17:30:33,pm2.5,2.0
2019-11-01 17:30:33,pm10,4.9
2019-11-01 17:31:33,pm2.5,2.1
2019-11-01 17:31:33,pm10,5.4
2019-11-01 17:32:33,pm2.5,2.1
2019-11-01 17:32:33,pm10,5.7
2019-11-01 17:33:33,pm2.5,2.2
2019-11-01 17:33:33,pm10,6.0
2019-11-01 17:34:33,pm2.5,2.2
2019-11-01 17:34:33,pm10,5.8
2019-11-01 17:35:33,pm2.5,2.2
2019-11-01 17:35:33,pm10,5.9
2019-11-01 17:36:33,pm2.5,2.2
2019-11-01 17:36:33,pm10,5.7
2019-11-01 17:37:33,pm2.5,2.1
2019-11-01 17:37:33,pm10,5.8
2019-11-01 17:38:33,pm2.5,2.0
2019-11-01 17:38:33,pm10,5.2
2019-11-01 17:39:33,pm2.5,2.0
2019-11-01 17:39:33,pm10,5.4
2019-11-01 17:40:33,pm2.5,2.2
2019-11-01 17:40:33,pm10,5.6
2019-11-01 17:41:33,pm2.5,1.9
2019-11-01 17:41:33,pm10,4.8
2019-11-01 17:42:33,pm2.5,2.2
2019-11-01 17:42:33,pm10,5.3
2019-11-01 17:43:33,pm2.5,1.9
2019-11-01 17:43:33,pm10,5.2
2019-11-01 17:44:33,pm2.5,1.8
2019-11-01 17:44:33,pm10,4.8
2019-11-01 17:45:33,pm2.5,2.0
2019-11-01 17:45:33,pm10,5.0
2019-11-01 17:46:33,pm2.5,2.2
2019-11-01 17:46:33,pm10,6.1
2019-11-01 17:47:33,pm2.5,2.2
2019-11-01 17:47:33,pm10,5.9
2019-11-01 17:48:33,pm2.5,2.1
2019-11-01 17:48:33,pm10,5.2
2019-11-01 17:49:33,pm2.5,1.9
2019-11-01 17:49:33,pm10,5.0
2019-11-01 17:50:33,pm2.5,2.0
2019-11-01 17:50:33,pm10,5.1
2019-11-01 17:51:33,pm2.5,2.1
2019-11-01 17:51:33,pm10,5.9
2019-11-01 17:52:33,pm2.5,2.2
2019-11-01 17:52:33,pm10,5.6
2019-11-01 17:53:33,pm2.5,1.9
2019-11-01 17:53:33,pm10,4.9
2019-11-01 17:54:33,pm2.5,2.2
2019-11-01 17:54:33,pm10,5.8
2019-11-01 17:55:33,pm2.5,2.1
2019-11-01 17:55:33,pm10,5.2
2019-11-01 17:56:33,pm2.5,2.0
2019-11-01 17:56:33,pm10,5.3
2019-11-01 17:57:33,pm2.5,1.8
2019-11-01 17:57:33,pm10,4.4
2019-11-01 17:58:33,pm2.5,1.9
2019-11-01 17:58:33,pm10,5.1
2019-11-01 17:59:33,pm2.5,2.0
2019-11-01 17:59:34,pm10,5.4
2019-11-01 18:00:32,pm2.5,1.9
2019-11-01 18:00:33,pm10,5.4
2019-11-01 18:01:32,pm2.5,2.1
2019-11-01 18:01:33,pm10,5.3
2019-11-01 18:02:32,pm2.5,1.9
2019-11-01 18:02:33,pm10,4.9
2019-11-01 18:03:32,pm2.5,2.1
2019-11-01 18:03:33,pm10,5.2
2019-11-01 18:04:32,pm2.5,2.1
2019-11-01 18:04:33,pm10,5.3
2019-11-01 18:05:33,pm2.5,2.0
2019-11-01 18:05:33,pm10,5.3
2019-11-01 18:06:32,pm2.5,2.0
2019-11-01 18:06:33,pm10,5.4
2019-11-01 18:07:33,pm2.5,1.9
2019-11-01 18:07:33,pm10,5.4
2019-11-01 18:08:33,pm2.5,2.0
2019-11-01 18:08:33,pm10,5.2
2019-11-01 18:09:33,pm2.5,2.3
2019-11-01 18:09:33,pm10,5.7
2019-11-01 18:10:33,pm2.5,2.4
2019-11-01 18:10:33,pm10,6.0
2019-11-01 18:11:33,pm2.5,2.1
2019-11-01 18:11:33,pm10,5.5
2019-11-01 18:12:33,pm2.5,2.1
2019-11-01 18:12:33,pm10,5.6
2019-11-01 18:13:33,pm2.5,2.2
2019-11-01 18:13:33,pm10,5.9
2019-11-01 18:14:33,pm2.5,2.2
2019-11-01 18:14:33,pm10,5.8
2019-11-01 18:15:33,pm2.5,2.4
2019-11-01 18:15:33,pm10,6.3
2019-11-01 18:16:33,pm2.5,2.5
2019-11-01 18:16:33,pm10,6.3
2019-11-01 18:17:33,pm2.5,2.3
2019-11-01 18:17:33,pm10,6.2
2019-11-01 18:18:33,pm2.5,2.5
2019-11-01 18:18:33,pm10,6.5
2019-11-01 18:19:33,pm2.5,2.6
2019-11-01 18:19:33,pm10,6.5
2019-11-01 18:20:33,pm2.5,2.4
2019-11-01 18:20:33,pm10,6.4
2019-11-01 18:21:33,pm2.5,2.4
2019-11-01 18:21:33,pm10,6.1
2019-11-01 18:22:33,pm2.5,2.4
2019-11-01 18:22:33,pm10,6.5
2019-11-01 18:23:33,pm2.5,2.5
2019-11-01 18:23:33,pm10,6.2
2019-11-01 18:24:33,pm2.5,2.4
2019-11-01 18:24:33,pm10,6.2
2019-11-01 18:25:33,pm2.5,2.4
2019-11-01 18:25:33,pm10,6.0
2019-11-01 18:26:33,pm2.5,2.5
2019-11-01 18:26:33,pm10,7.2
2019-11-01 18:27:33,pm2.5,2.6
2019-11-01 18:27:33,pm10,6.7
2019-11-01 18:28:33,pm2.5,2.4
2019-11-01 18:28:33,pm10,6.2
2019-11-01 18:29:33,pm2.5,2.6
2019-11-01 18:29:33,pm10,6.9
2019-11-01 18:30:33,pm2.5,2.2
2019-11-01 18:30:33,pm10,5.6
2019-11-01 18:31:33,pm2.5,2.6
2019-11-01 18:31:33,pm10,6.4
2019-11-01 18:32:33,pm2.5,2.3
2019-11-01 18:32:33,pm10,6.0
2019-11-01 18:33:33,pm2.5,2.6
2019-11-01 18:33:33,pm10,6.9
2019-11-01 18:34:33,pm2.5,2.6
2019-11-01 18:34:33,pm10,6.4
2019-11-01 18:35:33,pm2.5,2.6
2019-11-01 18:35:33,pm10,6.5
2019-11-01 18:36:33,pm2.5,2.5
2019-11-01 18:36:33,pm10,6.5
2019-11-01 18:37:33,pm2.5,2.6
2019-11-01 18:37:33,pm10,6.4
2019-11-01 18:38:33,pm2.5,2.5
2019-11-01 18:38:33,pm10,6.7
2019-11-01 18:39:33,pm2.5,2.4
2019-11-01 18:39:33,pm10,6.5
2019-11-01 18:40:33,pm2.5,2.2
2019-11-01 18:40:33,pm10,6.4
2019-11-01 18:41:33,pm2.5,2.3
2019-11-01 18:41:33,pm10,6.3
2019-11-01 18:42:33,pm2.5,2.4
2019-11-01 18:42:33,pm10,6.2
2019-11-01 18:43:33,pm2.5,2.8
2019-11-01 18:43:33,pm10,6.5
2019-11-01 18:44:33,pm2.5,2.3
2019-11-01 18:44:33,pm10,5.8
2019-11-01 18:45:33,pm2.5,2.4
2019-11-01 18:45:33,pm10,6.3
2019-11-01 18:46:33,pm2.5,2.3
2019-11-01 18:46:33,pm10,6.2
2019-11-01 18:47:33,pm2.5,2.5
2019-11-01 18:47:33,pm10,6.2
2019-11-01 18:48:33,pm2.5,2.2
2019-11-01 18:48:33,pm10,5.8
2019-11-01 18:49:33,pm2.5,2.3
2019-11-01 18:49:33,pm10,6.1
2019-11-01 18:50:33,pm2.5,2.2
2019-11-01 18:50:33,pm10,5.5
2019-11-01 18:51:33,pm2.5,2.0
2019-11-01 18:51:34,pm10,5.4
2019-11-01 18:52:33,pm2.5,2.4
2019-11-01 18:52:33,pm10,6.1
2019-11-01 18:53:33,pm2.5,2.6
2019-11-01 18:53:33,pm10,6.2
2019-11-01 18:54:33,pm2.5,2.2
2019-11-01 18:54:33,pm10,5.5
2019-11-01 18:55:33,pm2.5,2.4
2019-11-01 18:55:33,pm10,6.7
2019-11-01 18:56:33,pm2.5,2.4
2019-11-01 18:56:33,pm10,5.9
2019-11-01 18:57:33,pm2.5,2.2
2019-11-01 18:57:33,pm10,5.5
2019-11-01 18:58:33,pm2.5,2.2
2019-11-01 18:58:33,pm10,5.6
2019-11-01 18:59:33,pm2.5,2.3
2019-11-01 18:59:33,pm10,6.0
2019-11-01 19:00:33,pm2.5,2.5
2019-11-01 19:00:33,pm10,6.4
2019-11-01 19:01:33,pm2.5,2.3
2019-11-01 19:01:33,pm10,6.0
2019-11-01 19:02:33,pm2.5,2.3
2019-11-01 19:02:33,pm10,5.9
2019-11-01 19:03:33,pm2.5,2.5
2019-11-01 19:03:33,pm10,6.4
2019-11-01 19:04:33,pm2.5,2.4
2019-11-01 19:04:33,pm10,6.2
2019-11-01 19:05:33,pm2.5,2.2
2019-11-01 19:05:33,pm10,5.6
2019-11-01 19:06:33,pm2.5,2.2
2019-11-01 19:06:33,pm10,5.7
2019-11-01 19:07:33,pm2.5,2.2
2019-11-01 19:07:33,pm10,5.9
2019-11-01 19:08:33,pm2.5,2.2
2019-11-01 19:08:34,pm10,5.9
2019-11-01 19:09:32,pm2.5,2.3
2019-11-01 19:09:32,pm10,5.8
2019-11-01 19:10:32,pm2.5,2.1
2019-11-01 19:10:33,pm10,5.0
2019-11-01 19:11:32,pm2.5,2.4
2019-11-01 19:11:33,pm10,6.0
2019-11-01 19:12:32,pm2.5,2.3
2019-11-01 19:12:33,pm10,5.8
2019-11-01 19:13:32,pm2.5,2.1
2019-11-01 19:13:33,pm10,5.6
2019-11-01 19:14:32,pm2.5,2.2
2019-11-01 19:14:33,pm10,5.2
2019-11-01 19:15:32,pm2.5,2.3
2019-11-01 19:15:33,pm10,6.0
2019-11-01 19:16:33,pm2.5,2.2
2019-11-01 19:16:33,pm10,5.7
2019-11-01 19:17:33,pm2.5,2.2
2019-11-01 19:17:33,pm10,5.6
2019-11-01 19:18:33,pm2.5,2.1
2019-11-01 19:18:33,pm10,5.5
2019-11-01 19:19:33,pm2.5,2.3
2019-11-01 19:19:33,pm10,6.3
2019-11-01 19:20:33,pm2.5,2.3
2019-11-01 19:20:33,pm10,5.8
2019-11-01 19:21:33,pm2.5,2.4
2019-11-01 19:21:33,pm10,5.8
2019-11-01 19:22:33,pm2.5,2.3
2019-11-01 19:22:33,pm10,5.7
2019-11-01 19:23:33,pm2.5,2.3
2019-11-01 19:23:33,pm10,5.6
2019-11-01 19:24:33,pm2.5,2.4
2019-11-01 19:24:33,pm10,6.3
2019-11-01 19:25:33,pm2.5,2.1
2019-11-01 19:25:33,pm10,5.7
2019-11-01 19:26:33,pm2.5,2.4
2019-11-01 19:26:33,pm10,6.1
2019-11-01 19:27:33,pm2.5,2.4
2019-11-01 19:27:33,pm10,6.2
2019-11-01 19:28:33,pm2.5,2.2
2019-11-01 19:28:33,pm10,5.4
2019-11-01 19:29:33,pm2.5,2.2
2019-11-01 19:29:33,pm10,5.5
2019-11-01 19:30:33,pm2.5,2.1
2019-11-01 19:30:33,pm10,5.9
2019-11-01 19:31:33,pm2.5,2.4
2019-11-01 19:31:33,pm10,5.7
2019-11-01 19:32:33,pm2.5,2.3
2019-11-01 19:32:33,pm10,5.9
2019-11-01 19:33:33,pm2.5,2.3
2019-11-01 19:33:33,pm10,5.9
2019-11-01 19:34:33,pm2.5,2.1
2019-11-01 19:34:33,pm10,5.3
2019-11-01 19:35:33,pm2.5,2.0
2019-11-01 19:35:33,pm10,5.3
2019-11-01 19:36:33,pm2.5,2.3
2019-11-01 19:36:33,pm10,5.4
2019-11-01 19:37:33,pm2.5,2.1
2019-11-01 19:37:33,pm10,5.9
2019-11-01 19:38:33,pm2.5,2.1
2019-11-01 19:38:33,pm10,5.5
2019-11-01 19:39:33,pm2.5,2.4
2019-11-01 19:39:33,pm10,6.3
2019-11-01 19:40:33,pm2.5,2.4
2019-11-01 19:40:33,pm10,6.2
2019-11-01 19:41:33,pm2.5,2.1
2019-11-01 19:41:33,pm10,5.4
2019-11-01 19:42:33,pm2.5,2.2
2019-11-01 19:42:33,pm10,5.6
2019-11-01 19:43:33,pm2.5,2.3
2019-11-01 19:43:33,pm10,5.9
2019-11-01 19:44:33,pm2.5,2.3
2019-11-01 19:44:33,pm10,6.6
2019-11-01 19:45:33,pm2.5,2.0
2019-11-01 19:45:33,pm10,5.3
2019-11-01 19:46:33,pm2.5,2.3
2019-11-01 19:46:33,pm10,5.5
2019-11-01 19:47:33,pm2.5,2.4
2019-11-01 19:47:33,pm10,6.2
2019-11-01 19:48:33,pm2.5,2.4
2019-11-01 19:48:33,pm10,6.1
2019-11-01 19:49:33,pm2.5,2.2
2019-11-01 19:49:33,pm10,5.9
2019-11-01 19:50:33,pm2.5,2.3
2019-11-01 19:50:33,pm10,6.9
2019-11-01 19:51:33,pm2.5,2.5
2019-11-01 19:51:33,pm10,6.2
2019-11-01 19:52:33,pm2.5,2.3
2019-11-01 19:52:33,pm10,6.1
2019-11-01 19:53:33,pm2.5,2.3
2019-11-01 19:53:33,pm10,5.8
2019-11-01 19:54:33,pm2.5,2.4
2019-11-01 19:54:33,pm10,5.9
2019-11-01 19:55:33,pm2.5,2.5
2019-11-01 19:55:33,pm10,6.0
2019-11-01 19:56:33,pm2.5,2.4
2019-11-01 19:56:33,pm10,5.9
2019-11-01 19:57:33,pm2.5,2.2
2019-11-01 19:57:33,pm10,5.9
2019-11-01 19:58:33,pm2.5,2.4
2019-11-01 19:58:33,pm10,6.1
2019-11-01 19:59:33,pm2.5,2.3
2019-11-01 19:59:33,pm10,6.0
2019-11-01 20:00:33,pm2.5,2.4
2019-11-01 20:00:33,pm10,5.9
2019-11-01 20:01:33,pm2.5,2.4
2019-11-01 20:01:33,pm10,6.1
2019-11-01 20:02:33,pm2.5,2.6
2019-11-01 20:02:33,pm10,6.5
2019-11-01 20:03:33,pm2.5,2.4
2019-11-01 20:03:33,pm10,6.1
2019-11-01 20:04:33,pm2.5,2.4
2019-11-01 20:04:33,pm10,6.2
2019-11-01 20:05:33,pm2.5,2.4
2019-11-01 20:05:33,pm10,6.4
2019-11-01 20:06:33,pm2.5,2.3
2019-11-01 20:06:33,pm10,5.8
2019-11-01 20:07:33,pm2.5,2.5
2019-11-01 20:07:33,pm10,6.2
2019-11-01 20:08:33,pm2.5,2.8
2019-11-01 20:08:33,pm10,7.1
2019-11-01 20:09:33,pm2.5,2.2
2019-11-01 20:09:33,pm10,5.6
2019-11-01 20:10:33,pm2.5,2.7
2019-11-01 20:10:33,pm10,6.3
2019-11-01 20:11:33,pm2.5,2.6
2019-11-01 20:11:33,pm10,6.4
2019-11-01 20:12:33,pm2.5,2.6
2019-11-01 20:12:33,pm10,6.5
2019-11-01 20:13:33,pm2.5,2.7
2019-11-01 20:13:34,pm10,6.8
2019-11-01 20:15:32,pm2.5,2.3
2019-11-01 20:15:33,pm10,6.1
2019-11-01 20:16:32,pm2.5,2.4
2019-11-01 20:16:33,pm10,6.3
2019-11-01 20:17:32,pm2.5,2.1
2019-11-01 20:17:33,pm10,5.1
2019-11-01 20:18:32,pm2.5,2.4
2019-11-01 20:18:33,pm10,6.1
2019-11-01 20:19:32,pm2.5,2.6
2019-11-01 20:19:33,pm10,6.6
2019-11-01 20:20:32,pm2.5,2.6
2019-11-01 20:20:33,pm10,6.6
2019-11-01 20:21:33,pm2.5,2.5
2019-11-01 20:21:33,pm10,6.2
2019-11-01 20:22:33,pm2.5,2.5
2019-11-01 20:22:33,pm10,6.5
2019-11-01 20:23:33,pm2.5,2.5
2019-11-01 20:23:33,pm10,6.2
2019-11-01 20:24:33,pm2.5,2.7
2019-11-01 20:24:33,pm10,6.5
2019-11-01 20:25:33,pm2.5,2.6
2019-11-01 20:25:33,pm10,6.8
2019-11-01 20:26:33,pm2.5,2.4
2019-11-01 20:26:33,pm10,6.1
2019-11-01 20:27:33,pm2.5,2.5
2019-11-01 20:27:33,pm10,6.4
2019-11-01 20:28:33,pm2.5,2.6
2019-11-01 20:28:33,pm10,6.2
2019-11-01 20:29:33,pm2.5,2.4
2019-11-01 20:29:33,pm10,6.5
2019-11-01 20:30:33,pm2.5,2.3
2019-11-01 20:30:33,pm10,5.8
2019-11-01 20:31:33,pm2.5,2.6
2019-11-01 20:31:33,pm10,6.5
2019-11-01 20:32:33,pm2.5,2.5
2019-11-01 20:32:33,pm10,6.6
2019-11-01 20:33:33,pm2.5,2.3
2019-11-01 20:33:33,pm10,5.8
2019-11-01 20:34:33,pm2.5,2.7
2019-11-01 20:34:33,pm10,6.5
2019-11-01 20:35:33,pm2.5,2.6
2019-11-01 20:35:33,pm10,6.4
2019-11-01 20:36:33,pm2.5,2.5
2019-11-01 20:36:33,pm10,6.3
2019-11-01 20:37:33,pm2.5,2.6
2019-11-01 20:37:33,pm10,6.5
2019-11-01 20:38:33,pm2.5,2.6
2019-11-01 20:38:33,pm10,6.5
2019-11-01 20:39:33,pm2.5,2.3
2019-11-01 20:39:33,pm10,5.8
2019-11-01 20:40:33,pm2.5,2.5
2019-11-01 20:40:33,pm10,6.3
2019-11-01 20:41:33,pm2.5,2.6
2019-11-01 20:41:33,pm10,6.6
2019-11-01 20:42:33,pm2.5,2.4
2019-11-01 20:42:33,pm10,6.2
2019-11-01 20:43:33,pm2.5,2.8
2019-11-01 20:43:33,pm10,6.9
2019-11-01 20:44:33,pm2.5,2.6
2019-11-01 20:44:33,pm10,7.1
2019-11-01 20:45:33,pm2.5,2.5
2019-11-01 20:45:33,pm10,6.2
2019-11-01 20:46:33,pm2.5,2.4
2019-11-01 20:46:33,pm10,6.4
2019-11-01 20:47:32,pm2.5,2.5
2019-11-01 20:47:32,pm10,6.7
2019-11-01 20:48:33,pm2.5,2.7
2019-11-01 20:48:33,pm10,6.8
2019-11-01 20:49:33,pm2.5,2.5
2019-11-01 20:49:33,pm10,6.4
2019-11-01 20:50:33,pm2.5,2.4
2019-11-01 20:50:33,pm10,6.1
2019-11-01 20:51:33,pm2.5,2.7
2019-11-01 20:51:33,pm10,6.7
2019-11-01 20:52:33,pm2.5,2.4
2019-11-01 20:52:33,pm10,6.2
2019-11-01 20:53:33,pm2.5,2.5
2019-11-01 20:53:33,pm10,6.3
2019-11-01 20:54:33,pm2.5,2.5
2019-11-01 20:54:33,pm10,6.3
2019-11-01 20:55:33,pm2.5,2.6
2019-11-01 20:55:33,pm10,6.4
2019-11-01 20:56:33,pm2.5,2.5
2019-11-01 20:56:33,pm10,6.1
2019-11-01 20:57:33,pm2.5,2.7
2019-11-01 20:57:33,pm10,6.8
2019-11-01 20:58:33,pm2.5,3.0
2019-11-01 20:58:33,pm10,7.1
2019-11-01 20:59:33,pm2.5,2.6
2019-11-01 20:59:33,pm10,6.5
2019-11-01 21:00:33,pm2.5,2.5
2019-11-01 21:00:33,pm10,6.1
2019-11-01 21:01:33,pm2.5,2.7
2019-11-01 21:01:33,pm10,6.7
2019-11-01 21:02:33,pm2.5,2.6
2019-11-01 21:02:33,pm10,6.8
2019-11-01 21:03:33,pm2.5,2.5
2019-11-01 21:03:33,pm10,6.5
2019-11-01 21:04:33,pm2.5,2.5
2019-11-01 21:04:33,pm10,6.6
2019-11-01 21:05:33,pm2.5,2.7
2019-11-01 21:05:33,pm10,6.6
2019-11-01 21:06:33,pm2.5,2.4
2019-11-01 21:06:33,pm10,6.0
2019-11-01 21:07:33,pm2.5,2.8
2019-11-01 21:07:33,pm10,6.9
2019-11-01 21:08:33,pm2.5,2.4
2019-11-01 21:08:33,pm10,6.1
2019-11-01 21:09:33,pm2.5,2.6
2019-11-01 21:09:33,pm10,6.4
2019-11-01 21:10:33,pm2.5,2.5
2019-11-01 21:10:33,pm10,6.0
2019-11-01 21:12:32,pm2.5,2.7
2019-11-01 21:12:33,pm10,6.6
2019-11-01 21:13:32,pm2.5,2.3
2019-11-01 21:13:33,pm10,6.1
2019-11-01 21:14:32,pm2.5,2.7
2019-11-01 21:14:33,pm10,7.0
2019-11-01 21:15:32,pm2.5,2.6
2019-11-01 21:15:33,pm10,6.6
2019-11-01 21:16:33,pm2.5,2.3
2019-11-01 21:16:33,pm10,5.9
2019-11-01 21:17:33,pm2.5,2.3
2019-11-01 21:17:33,pm10,6.0
2019-11-01 21:18:33,pm2.5,2.4
2019-11-01 21:18:33,pm10,6.3
2019-11-01 21:19:33,pm2.5,2.6
2019-11-01 21:19:33,pm10,6.2
2019-11-01 21:20:33,pm2.5,2.7
2019-11-01 21:20:33,pm10,6.5
2019-11-01 21:21:33,pm2.5,2.5
2019-11-01 21:21:33,pm10,6.1
2019-11-01 21:22:33,pm2.5,2.5
2019-11-01 21:22:33,pm10,6.3
2019-11-01 21:23:33,pm2.5,2.6
2019-11-01 21:23:33,pm10,6.6
2019-11-01 21:24:33,pm2.5,2.7
2019-11-01 21:24:33,pm10,6.6
2019-11-01 21:25:33,pm2.5,2.4
2019-11-01 21:25:33,pm10,6.0
2019-11-01 21:26:33,pm2.5,2.5
2019-11-01 21:26:33,pm10,6.5
2019-11-01 21:27:33,pm2.5,2.5
2019-11-01 21:27:33,pm10,6.0
2019-11-01 21:28:33,pm2.5,2.8
2019-11-01 21:28:33,pm10,6.9
2019-11-01 21:29:33,pm2.5,2.8
2019-11-01 21:29:33,pm10,6.8
2019-11-01 21:30:33,pm2.5,2.6
2019-11-01 21:30:33,pm10,6.7
2019-11-01 21:31:33,pm2.5,2.4
2019-11-01 21:31:33,pm10,6.1
2019-11-01 21:32:33,pm2.5,2.5
2019-11-01 21:32:33,pm10,6.2
2019-11-01 21:33:33,pm2.5,2.7
2019-11-01 21:33:33,pm10,6.5
2019-11-01 21:34:33,pm2.5,2.7
2019-11-01 21:34:33,pm10,6.7
2019-11-01 21:35:33,pm2.5,2.7
2019-11-01 21:35:33,pm10,7.1
2019-11-01 21:36:33,pm2.5,2.6
2019-11-01 21:36:33,pm10,6.4
2019-11-01 21:37:33,pm2.5,2.5
2019-11-01 21:37:33,pm10,5.7
2019-11-01 21:38:33,pm2.5,2.5
2019-11-01 21:38:33,pm10,6.1
2019-11-01 21:39:33,pm2.5,2.5
2019-11-01 21:39:33,pm10,6.6
2019-11-01 21:40:33,pm2.5,2.6
2019-11-01 21:40:33,pm10,6.1
2019-11-01 21:41:33,pm2.5,2.5
2019-11-01 21:41:33,pm10,6.7
2019-11-01 21:42:33,pm2.5,2.4
2019-11-01 21:42:33,pm10,5.8
2019-11-01 21:43:33,pm2.5,2.7
2019-11-01 21:43:33,pm10,6.6
2019-11-01 21:44:33,pm2.5,2.8
2019-11-01 21:44:33,pm10,6.7
2019-11-01 21:45:33,pm2.5,2.5
2019-11-01 21:45:33,pm10,6.6
2019-11-01 21:46:33,pm2.5,2.8
2019-11-01 21:46:33,pm10,6.8
2019-11-01 21:47:33,pm2.5,2.8
2019-11-01 21:47:33,pm10,6.7
2019-11-01 21:48:33,pm2.5,2.8
2019-11-01 21:48:33,pm10,7.0
2019-11-01 21:49:33,pm2.5,2.8
2019-11-01 21:49:33,pm10,6.7
2019-11-01 21:50:33,pm2.5,2.7
2019-11-01 21:50:33,pm10,6.6
2019-11-01 21:51:33,pm2.5,2.6
2019-11-01 21:51:33,pm10,6.6
2019-11-01 21:52:33,pm2.5,2.6
2019-11-01 21:52:33,pm10,6.7
2019-11-01 21:53:33,pm2.5,2.7
2019-11-01 21:53:34,pm10,6.3
2019-11-01 21:54:33,pm2.5,2.6
2019-11-01 21:54:33,pm10,6.5
2019-11-01 21:55:33,pm2.5,2.5
2019-11-01 21:55:33,pm10,6.3
2019-11-01 21:56:33,pm2.5,2.7
2019-11-01 21:56:33,pm10,6.5
2019-11-01 21:57:33,pm2.5,2.5
2019-11-01 21:57:33,pm10,6.5
2019-11-01 21:58:33,pm2.5,2.7
2019-11-01 21:58:33,pm10,6.9
2019-11-01 21:59:33,pm2.5,2.6
2019-11-01 21:59:33,pm10,6.1
2019-11-01 22:00:33,pm2.5,2.5
2019-11-01 22:00:33,pm10,6.9
2019-11-01 22:01:33,pm2.5,2.7
2019-11-01 22:01:34,pm10,6.5
2019-11-01 22:02:32,pm2.5,2.9
2019-11-01 22:02:33,pm10,7.0
2019-11-01 22:03:32,pm2.5,2.8
2019-11-01 22:03:33,pm10,6.9
2019-11-01 22:04:32,pm2.5,2.6
2019-11-01 22:04:33,pm10,6.7
2019-11-01 22:05:32,pm2.5,2.6
2019-11-01 22:05:33,pm10,6.2
2019-11-01 22:06:32,pm2.5,2.3
2019-11-01 22:06:33,pm10,6.0
2019-11-01 22:07:33,pm2.5,2.9
2019-11-01 22:07:33,pm10,6.9
2019-11-01 22:08:33,pm2.5,2.8
2019-11-01 22:08:33,pm10,6.5
2019-11-01 22:09:33,pm2.5,2.7
2019-11-01 22:09:33,pm10,6.3
2019-11-01 22:10:33,pm2.5,2.7
2019-11-01 22:10:33,pm10,6.9
2019-11-01 22:11:33,pm2.5,2.7
2019-11-01 22:11:33,pm10,7.0
2019-11-01 22:12:33,pm2.5,2.8
2019-11-01 22:12:33,pm10,7.3
2019-11-01 22:13:33,pm2.5,2.5
2019-11-01 22:13:33,pm10,6.4
2019-11-01 22:14:33,pm2.5,2.6
2019-11-01 22:14:33,pm10,6.8
2019-11-01 22:15:33,pm2.5,2.7
2019-11-01 22:15:33,pm10,6.5
2019-11-01 22:16:33,pm2.5,2.7
2019-11-01 22:16:33,pm10,6.3
2019-11-01 22:17:33,pm2.5,2.4
2019-11-01 22:17:33,pm10,6.0
2019-11-01 22:18:33,pm2.5,2.8
2019-11-01 22:18:33,pm10,7.1
2019-11-01 22:19:33,pm2.5,2.6
2019-11-01 22:19:33,pm10,6.5
2019-11-01 22:20:33,pm2.5,2.3
2019-11-01 22:20:33,pm10,5.7
2019-11-01 22:21:33,pm2.5,2.5
2019-11-01 22:21:33,pm10,6.1
2019-11-01 22:22:33,pm2.5,2.6
2019-11-01 22:22:33,pm10,6.2
2019-11-01 22:23:33,pm2.5,2.7
2019-11-01 22:23:33,pm10,6.6
2019-11-01 22:24:33,pm2.5,2.4
2019-11-01 22:24:33,pm10,6.1
2019-11-01 22:25:33,pm2.5,2.7
2019-11-01 22:25:33,pm10,7.0
2019-11-01 22:26:33,pm2.5,2.7
2019-11-01 22:26:33,pm10,6.6
2019-11-01 22:27:33,pm2.5,2.5
2019-11-01 22:27:33,pm10,6.0
2019-11-01 22:28:33,pm2.5,2.5
2019-11-01 22:28:33,pm10,6.0
2019-11-01 22:29:33,pm2.5,2.8
2019-11-01 22:29:33,pm10,6.9
2019-11-01 22:30:33,pm2.5,3.1
2019-11-01 22:30:33,pm10,7.8
2019-11-01 22:31:33,pm2.5,2.7
2019-11-01 22:31:33,pm10,6.7
2019-11-01 22:32:33,pm2.5,3.1
2019-11-01 22:32:33,pm10,7.2
2019-11-01 22:33:33,pm2.5,2.6
2019-11-01 22:33:33,pm10,6.5
2019-11-01 22:34:33,pm2.5,2.7
2019-11-01 22:34:33,pm10,6.4
2019-11-01 22:35:33,pm2.5,2.9
2019-11-01 22:35:33,pm10,6.8
2019-11-01 22:36:33,pm2.5,2.9
2019-11-01 22:36:33,pm10,6.9
2019-11-01 22:37:33,pm2.5,2.9
2019-11-01 22:37:33,pm10,7.0
2019-11-01 22:38:33,pm2.5,3.0
2019-11-01 22:38:33,pm10,7.1
2019-11-01 22:39:33,pm2.5,3.1
2019-11-01 22:39:33,pm10,7.8
2019-11-01 22:40:33,pm2.5,2.9
2019-11-01 22:40:33,pm10,6.9
2019-11-01 22:41:33,pm2.5,3.2
2019-11-01 22:41:34,pm10,7.4
2019-11-01 22:42:33,pm2.5,3.1
2019-11-01 22:42:33,pm10,7.0
2019-11-01 22:43:33,pm2.5,2.9
2019-11-01 22:43:33,pm10,6.8
2019-11-01 22:44:33,pm2.5,3.0
2019-11-01 22:44:33,pm10,7.2
2019-11-01 22:45:33,pm2.5,2.9
2019-11-01 22:45:33,pm10,6.5
2019-11-01 22:46:33,pm2.5,3.1
2019-11-01 22:46:33,pm10,7.5
2019-11-01 22:47:33,pm2.5,2.7
2019-11-01 22:47:33,pm10,7.3
2019-11-01 22:48:33,pm2.5,3.1
2019-11-01 22:48:33,pm10,7.4
2019-11-01 22:50:32,pm2.5,3.0
2019-11-01 22:50:33,pm10,7.9
2019-11-01 22:51:32,pm2.5,3.0
2019-11-01 22:51:33,pm10,7.1
2019-11-01 22:52:32,pm2.5,2.9
2019-11-01 22:52:33,pm10,7.7
2019-11-01 22:53:32,pm2.5,3.3
2019-11-01 22:53:33,pm10,7.4
2019-11-01 22:54:32,pm2.5,2.9
2019-11-01 22:54:33,pm10,6.9
2019-11-01 22:55:33,pm2.5,3.1
2019-11-01 22:55:33,pm10,7.4
2019-11-01 22:56:33,pm2.5,2.9
2019-11-01 22:56:33,pm10,7.0
2019-11-01 22:57:33,pm2.5,3.0
2019-11-01 22:57:33,pm10,7.3
2019-11-01 22:58:32,pm2.5,3.0
2019-11-01 22:58:32,pm10,7.5
2019-11-01 22:59:33,pm2.5,3.0
2019-11-01 22:59:33,pm10,7.3
2019-11-01 23:00:33,pm2.5,2.8
2019-11-01 23:00:33,pm10,7.2
2019-11-01 23:01:33,pm2.5,3.1
2019-11-01 23:01:33,pm10,7.1
2019-11-01 23:02:33,pm2.5,2.9
2019-11-01 23:02:33,pm10,7.0
2019-11-01 23:03:33,pm2.5,3.1
2019-11-01 23:03:33,pm10,7.4
2019-11-01 23:04:33,pm2.5,3.1
2019-11-01 23:04:33,pm10,7.2
2019-11-01 23:05:33,pm2.5,3.1
2019-11-01 23:05:33,pm10,7.5
2019-11-01 23:06:33,pm2.5,3.1
2019-11-01 23:06:33,pm10,7.4
2019-11-01 23:07:33,pm2.5,2.9
2019-11-01 23:07:33,pm10,7.4
2019-11-01 23:08:33,pm2.5,2.9
2019-11-01 23:08:33,pm10,7.5
2019-11-01 23:09:33,pm2.5,2.8
2019-11-01 23:09:33,pm10,6.5
2019-11-01 23:10:33,pm2.5,2.9
2019-11-01 23:10:33,pm10,7.2
2019-11-01 23:11:33,pm2.5,2.7
2019-11-01 23:11:33,pm10,6.8
2019-11-01 23:12:33,pm2.5,3.1
2019-11-01 23:12:33,pm10,7.2
2019-11-01 23:13:33,pm2.5,2.8
2019-11-01 23:13:33,pm10,6.9
2019-11-01 23:14:33,pm2.5,3.0
2019-11-01 23:14:33,pm10,7.0
2019-11-01 23:15:33,pm2.5,3.2
2019-11-01 23:15:33,pm10,7.5
2019-11-01 23:16:33,pm2.5,2.9
2019-11-01 23:16:33,pm10,7.1
2019-11-01 23:17:33,pm2.5,3.1
2019-11-01 23:17:33,pm10,6.9
2019-11-01 23:18:33,pm2.5,3.0
2019-11-01 23:18:33,pm10,6.9
2019-11-01 23:19:33,pm2.5,3.1
2019-11-01 23:19:33,pm10,7.0
2019-11-01 23:20:33,pm2.5,2.7
2019-11-01 23:20:33,pm10,6.7
2019-11-01 23:21:33,pm2.5,3.2
2019-11-01 23:21:33,pm10,7.2
2019-11-01 23:22:33,pm2.5,2.9
2019-11-01 23:22:33,pm10,7.0
2019-11-01 23:23:33,pm2.5,3.0
2019-11-01 23:23:33,pm10,7.3
2019-11-01 23:24:33,pm2.5,3.3
2019-11-01 23:24:33,pm10,7.9
2019-11-01 23:25:33,pm2.5,2.9
2019-11-01 23:25:33,pm10,7.0
2019-11-01 23:26:33,pm2.5,2.8
2019-11-01 23:26:33,pm10,6.9
2019-11-01 23:27:33,pm2.5,3.2
2019-11-01 23:27:33,pm10,7.9
2019-11-01 23:28:33,pm2.5,2.9
2019-11-01 23:28:33,pm10,6.6
2019-11-01 23:29:33,pm2.5,3.0
2019-11-01 23:29:33,pm10,7.1
2019-11-01 23:30:33,pm2.5,3.0
2019-11-01 23:30:33,pm10,7.3
2019-11-01 23:31:33,pm2.5,3.0
2019-11-01 23:31:33,pm10,7.3
2019-11-01 23:32:33,pm2.5,2.9
2019-11-01 23:32:33,pm10,6.9
2019-11-01 23:33:33,pm2.5,3.1
2019-11-01 23:33:33,pm10,7.2
2019-11-01 23:34:32,pm2.5,3.2
2019-11-01 23:34:33,pm10,7.7
2019-11-01 23:35:32,pm2.5,3.1
2019-11-01 23:35:33,pm10,7.5
2019-11-01 23:36:32,pm2.5,2.8
2019-11-01 23:36:33,pm10,7.2
2019-11-01 23:37:32,pm2.5,2.9
2019-11-01 23:37:33,pm10,7.3
2019-11-01 23:38:33,pm2.5,3.0
2019-11-01 23:38:33,pm10,7.3
2019-11-01 23:39:33,pm2.5,2.9
2019-11-01 23:39:33,pm10,7.0
2019-11-01 23:40:33,pm2.5,3.0
2019-11-01 23:40:33,pm10,7.1
2019-11-01 23:41:33,pm2.5,2.8
2019-11-01 23:41:33,pm10,7.0
2019-11-01 23:42:33,pm2.5,2.8
2019-11-01 23:42:33,pm10,7.4
2019-11-01 23:43:33,pm2.5,3.1
2019-11-01 23:43:33,pm10,7.1
2019-11-01 23:44:33,pm2.5,3.0
2019-11-01 23:44:33,pm10,6.7
2019-11-01 23:45:33,pm2.5,2.8
2019-11-01 23:45:33,pm10,7.2
2019-11-01 23:46:33,pm2.5,2.8
2019-11-01 23:46:33,pm10,6.8
2019-11-01 23:47:33,pm2.5,3.0
2019-11-01 23:47:33,pm10,7.1
2019-11-01 23:48:33,pm2.5,3.0
2019-11-01 23:48:33,pm10,7.2
2019-11-01 23:49:33,pm2.5,3.3
2019-11-01 23:49:33,pm10,7.5
2019-11-01 23:50:33,pm2.5,2.7
2019-11-01 23:50:33,pm10,6.2
2019-11-01 23:51:33,pm2.5,2.9
2019-11-01 23:51:33,pm10,6.9
2019-11-01 23:52:33,pm2.5,3.1
2019-11-01 23:52:33,pm10,7.3
2019-11-01 23:53:33,pm2.5,3.1
2019-11-01 23:53:33,pm10,7.2
2019-11-01 23:54:33,pm2.5,3.2
2019-11-01 23:54:33,pm10,8.1
2019-11-01 23:55:33,pm2.5,3.2
2019-11-01 23:55:33,pm10,7.6
2019-11-01 23:56:33,pm2.5,3.1
2019-11-01 23:56:33,pm10,7.1
2019-11-01 23:57:33,pm2.5,2.8
2019-11-01 23:57:33,pm10,6.7
2019-11-01 23:58:33,pm2.5,2.9
2019-11-01 23:58:33,pm10,6.7
2019-11-01 23:59:33,pm2.5,3.1
2019-11-01 23:59:33,pm10,7.0
2019-11-02 00:00:33,pm2.5,3.0
2019-11-02 00:00:33,pm10,7.0
2019-11-02 00:01:33,pm2.5,3.0
2019-11-02 00:01:33,pm10,7.1
2019-11-02 00:02:33,pm2.5,3.1
2019-11-02 00:02:33,pm10,7.6
2019-11-02 00:03:33,pm2.5,3.0
2019-11-02 00:03:33,pm10,6.7
2019-11-02 00:04:33,pm2.5,2.6
2019-11-02 00:04:33,pm10,6.1
2019-11-02 00:05:33,pm2.5,2.8
2019-11-02 00:05:33,pm10,7.1
2019-11-02 00:06:33,pm2.5,3.0
2019-11-02 00:06:33,pm10,7.2
2019-11-02 00:07:33,pm2.5,3.0
2019-11-02 00:07:33,pm10,7.1
2019-11-02 00:08:33,pm2.5,3.1
2019-11-02 00:08:33,pm10,6.9
2019-11-02 00:09:33,pm2.5,2.8
2019-11-02 00:09:33,pm10,6.8
2019-11-02 00:10:33,pm2.5,3.1
2019-11-02 00:10:33,pm10,7.0
2019-11-02 00:11:33,pm2.5,2.8
2019-11-02 00:11:33,pm10,6.6
2019-11-02 00:12:33,pm2.5,2.9
2019-11-02 00:12:33,pm10,7.0
2019-11-02 00:13:33,pm2.5,3.0
2019-11-02 00:13:34,pm10,7.2
2019-11-02 00:14:32,pm2.5,3.0
2019-11-02 00:14:33,pm10,7.1
2019-11-02 00:15:32,pm2.5,3.1
2019-11-02 00:15:33,pm10,7.2
2019-11-02 00:16:32,pm2.5,3.0
2019-11-02 00:16:33,pm10,7.6
2019-11-02 00:17:32,pm2.5,2.7
2019-11-02 00:17:33,pm10,6.9
2019-11-02 00:18:32,pm2.5,2.9
2019-11-02 00:18:33,pm10,7.1
2019-11-02 00:19:33,pm2.5,2.9
2019-11-02 00:19:33,pm10,7.5
2019-11-02 00:20:33,pm2.5,3.0
2019-11-02 00:20:33,pm10,7.2
2019-11-02 00:21:33,pm2.5,2.9
2019-11-02 00:21:33,pm10,6.9
2019-11-02 00:22:33,pm2.5,3.2
2019-11-02 00:22:33,pm10,7.6
2019-11-02 00:23:33,pm2.5,2.9
2019-11-02 00:23:33,pm10,6.8
2019-11-02 00:24:33,pm2.5,3.2
2019-11-02 00:24:33,pm10,7.3
2019-11-02 00:25:33,pm2.5,2.9
2019-11-02 00:25:33,pm10,7.0
2019-11-02 00:26:33,pm2.5,2.7
2019-11-02 00:26:33,pm10,6.3