2019-10-31 22:20:06,pm2.5,999.9
2019-10-31 22:20:06,pm10,1999.9
2019-10-31 22:21:06,pm2.5,999.9
2019-10-31 22:21:06,pm10,1999.9
2019-10-31 22:21:26,comment,"rescue 31octa because s3 went offline, void 31octa"
2019-10-31 22:22:06,pm2.5,999.9
2019-10-31 22:22:06,pm10,1999.9
2019-10-31 22:23:06,pm2.5,999.9
2019-10-31 22:23:06,pm10,1999.9
2019-10-31 22:24:06,pm2.5,999.9
2019-10-31 22:24:06,pm10,1999.9
2019-10-31 22:25:06,pm2.5,999.9
2019-10-31 22:25:07,pm10,1999.9
2019-10-31 22:26:06,pm2.5,999.9
2019-10-31 22:26:06,pm10,1999.9
2019-10-31 22:27:06,pm2.5,999.9
2019-10-31 22:27:06,pm10,1999.9
2019-10-31 22:28:06,pm2.5,999.9
2019-10-31 22:28:06,pm10,1999.9
2019-10-31 22:29:06,pm2.5,999.9
2019-10-31 22:29:06,pm10,1999.9
2019-10-31 22:30:06,pm2.5,999.9
2019-10-31 22:30:06,pm10,1999.9
2019-10-31 22:31:06,pm2.5,999.9
2019-10-31 22:31:06,pm10,1999.9
2019-10-31 22:32:06,pm2.5,999.9
2019-10-31 22:32:06,pm10,1999.9
2019-10-31 22:33:06,pm2.5,999.9
2019-10-31 22:33:06,pm10,1999.9
2019-10-31 22:34:06,pm2.5,999.9
2019-10-31 22:34:06,pm10,1999.9
2019-10-31 22:35:06,pm2.5,999.9
2019-10-31 22:35:06,pm10,1999.9
2019-10-31 22:36:06,pm2.5,999.9
2019-10-31 22:36:06,pm10,1999.9
2019-10-31 22:37:06,pm2.5,999.9
2019-10-31 22:37:06,pm10,1999.9
2019-10-31 22:38:06,pm2.5,999.9
2019-10-31 22:38:06,pm10,1999.9
2019-10-31 22:39:06,pm2.5,999.9
2019-10-31 22:39:06,pm10,1999.9
2019-10-31 22:40:06,pm2.5,999.9
2019-10-31 22:40:06,pm10,1999.9
2019-10-31 22:41:06,pm2.5,999.9
2019-10-31 22:41:06,pm10,1999.9
2019-10-31 22:42:06,pm2.5,999.9
2019-10-31 22:42:07,pm10,1999.9
2019-10-31 22:43:05,pm2.5,999.9
2019-10-31 22:43:06,pm10,1999.9
2019-10-31 22:44:06,pm2.5,999.9
2019-10-31 22:44:06,pm10,1999.9
2019-10-31 22:45:06,pm2.5,999.9
2019-10-31 22:45:06,pm10,1964.9
2019-10-31 22:46:06,pm2.5,999.9
2019-10-31 22:46:06,pm10,1863.5
2019-10-31 22:47:06,pm2.5,999.9
2019-10-31 22:47:06,pm10,1757.2
2019-10-31 22:48:06,pm2.5,999.9
2019-10-31 22:48:06,pm10,1673.5
2019-10-31 22:49:06,pm2.5,999.9
2019-10-31 22:49:06,pm10,1578.3
2019-10-31 22:50:06,pm2.5,999.9
2019-10-31 22:50:06,pm10,1496.9
2019-10-31 22:51:06,pm2.5,999.9
2019-10-31 22:51:06,pm10,1417.2
2019-10-31 22:52:06,pm2.5,983.6
2019-10-31 22:52:06,pm10,1346.5
2019-10-31 22:53:06,pm2.5,962.9
2019-10-31 22:53:06,pm10,1278.8
2019-10-31 22:54:06,pm2.5,937.5
2019-10-31 22:54:06,pm10,1194.3
2019-10-31 22:55:06,pm2.5,920.3
2019-10-31 22:55:06,pm10,1146.4
2019-10-31 22:56:06,pm2.5,901.4
2019-10-31 22:56:06,pm10,1087.2
2019-10-31 22:56:16,comment,sealed
2019-10-31 22:57:06,pm2.5,889.6
2019-10-31 22:57:06,pm10,1065.1
2019-10-31 22:58:06,pm2.5,882.3
2019-10-31 22:58:07,pm10,1039.7
2019-10-31 22:59:05,pm2.5,876.3
2019-10-31 22:59:06,pm10,1029.0
2019-10-31 23:00:06,pm2.5,871.6
2019-10-31 23:00:06,pm10,1006.4
2019-10-31 23:01:06,pm2.5,864.0
2019-10-31 23:01:06,pm10,994.1
2019-10-31 23:02:06,pm2.5,856.4
2019-10-31 23:02:06,pm10,979.3
2019-10-31 23:03:06,pm2.5,849.4
2019-10-31 23:03:06,pm10,964.8
2019-10-31 23:04:06,pm2.5,845.7
2019-10-31 23:04:06,pm10,950.7
2019-10-31 23:05:06,pm2.5,833.5
2019-10-31 23:05:06,pm10,936.5
2019-10-31 23:06:06,pm2.5,825.4
2019-10-31 23:06:06,pm10,926.3
2019-10-31 23:07:06,pm2.5,816.9
2019-10-31 23:07:06,pm10,915.7
2019-10-31 23:08:06,pm2.5,808.0
2019-10-31 23:08:06,pm10,905.6
2019-10-31 23:09:06,pm2.5,805.5
2019-10-31 23:09:06,pm10,901.0
2019-10-31 23:10:06,pm2.5,795.4
2019-10-31 23:10:06,pm10,889.6
2019-10-31 23:11:06,pm2.5,790.0
2019-10-31 23:11:06,pm10,883.2
2019-10-31 23:12:06,pm2.5,780.4
2019-10-31 23:12:06,pm10,871.1
2019-10-31 23:13:06,pm2.5,770.4
2019-10-31 23:13:06,pm10,859.9
2019-10-31 23:14:06,pm2.5,761.6
2019-10-31 23:14:07,pm10,848.9
2019-10-31 23:15:05,pm2.5,760.6
2019-10-31 23:15:06,pm10,847.8
2019-10-31 23:16:06,pm2.5,746.7
2019-10-31 23:16:06,pm10,831.4
2019-10-31 23:17:06,pm2.5,741.0
2019-10-31 23:17:06,pm10,825.1
2019-10-31 23:18:06,pm2.5,733.1
2019-10-31 23:18:06,pm10,815.7
2019-10-31 23:19:06,pm2.5,727.2
2019-10-31 23:19:06,pm10,808.9
2019-10-31 23:20:06,pm2.5,719.4
2019-10-31 23:20:06,pm10,800.0
2019-10-31 23:21:06,pm2.5,710.5
2019-10-31 23:21:06,pm10,788.7
2019-10-31 23:22:06,pm2.5,701.3
2019-10-31 23:22:06,pm10,778.6
2019-10-31 23:23:06,pm2.5,695.7
2019-10-31 23:23:06,pm10,771.5
2019-10-31 23:24:06,pm2.5,688.5
2019-10-31 23:24:06,pm10,763.5
2019-10-31 23:25:06,pm2.5,678.6
2019-10-31 23:25:06,pm10,752.5
2019-10-31 23:26:06,pm2.5,670.1
2019-10-31 23:26:06,pm10,742.8
2019-10-31 23:27:06,pm2.5,660.4
2019-10-31 23:27:06,pm10,731.9
2019-10-31 23:28:06,pm2.5,655.7
2019-10-31 23:28:06,pm10,726.0
2019-10-31 23:29:06,pm2.5,642.8
2019-10-31 23:29:06,pm10,711.5
2019-10-31 23:30:06,pm2.5,639.8
2019-10-31 23:30:06,pm10,707.9
2019-10-31 23:31:06,pm2.5,630.9
2019-10-31 23:31:07,pm10,698.3
2019-10-31 23:32:06,pm2.5,623.8
2019-10-31 23:32:07,pm10,690.1
2019-10-31 23:33:06,pm2.5,619.9
2019-10-31 23:33:07,pm10,685.7
2019-10-31 23:34:06,pm2.5,609.3
2019-10-31 23:34:06,pm10,673.6
2019-10-31 23:35:06,pm2.5,599.3
2019-10-31 23:35:06,pm10,662.3
2019-10-31 23:36:06,pm2.5,589.6
2019-10-31 23:36:06,pm10,651.9
2019-10-31 23:37:06,pm2.5,583.3
2019-10-31 23:37:06,pm10,645.0
2019-10-31 23:38:06,pm2.5,575.5
2019-10-31 23:38:06,pm10,636.1
2019-10-31 23:39:06,pm2.5,565.5
2019-10-31 23:39:06,pm10,624.9
2019-10-31 23:40:06,pm2.5,561.3
2019-10-31 23:40:06,pm10,620.5
2019-10-31 23:41:06,pm2.5,551.6
2019-10-31 23:41:06,pm10,609.6
2019-10-31 23:42:06,pm2.5,540.7
2019-10-31 23:42:06,pm10,597.5
2019-10-31 23:43:06,pm2.5,533.6
2019-10-31 23:43:06,pm10,589.6
2019-10-31 23:44:06,pm2.5,527.5
2019-10-31 23:44:06,pm10,583.0
2019-10-31 23:45:06,pm2.5,523.3
2019-10-31 23:45:06,pm10,578.3
2019-10-31 23:46:06,pm2.5,511.6
2019-10-31 23:46:06,pm10,565.3
2019-10-31 23:47:06,pm2.5,509.3
2019-10-31 23:47:06,pm10,562.9
2019-10-31 23:48:06,pm2.5,498.2
2019-10-31 23:48:06,pm10,550.9
2019-10-31 23:49:06,pm2.5,491.8
2019-10-31 23:49:06,pm10,543.7
2019-10-31 23:50:06,pm2.5,483.6
2019-10-31 23:50:06,pm10,534.6
2019-10-31 23:51:06,pm2.5,472.7
2019-10-31 23:51:07,pm10,522.9
2019-10-31 23:52:06,pm2.5,469.5
2019-10-31 23:52:06,pm10,519.4
2019-10-31 23:53:06,pm2.5,461.8
2019-10-31 23:53:06,pm10,510.9
2019-10-31 23:54:06,pm2.5,452.1
2019-10-31 23:54:06,pm10,500.5
2019-10-31 23:55:06,pm2.5,443.8
2019-10-31 23:55:06,pm10,491.3
2019-10-31 23:56:06,pm2.5,439.0
2019-10-31 23:56:06,pm10,486.1
2019-10-31 23:57:06,pm2.5,427.4
2019-10-31 23:57:06,pm10,473.4
2019-10-31 23:58:06,pm2.5,423.3
2019-10-31 23:58:06,pm10,469.1
2019-10-31 23:59:06,pm2.5,415.3
2019-10-31 23:59:06,pm10,460.1
2019-11-01 00:00:06,pm2.5,402.5
2019-11-01 00:00:06,pm10,446.0
2019-11-01 00:01:06,pm2.5,399.8
2019-11-01 00:01:06,pm10,443.0
2019-11-01 00:02:06,pm2.5,392.1
2019-11-01 00:02:06,pm10,434.7
2019-11-01 00:03:06,pm2.5,387.6
2019-11-01 00:03:06,pm10,429.2
2019-11-01 00:04:06,pm2.5,380.2
2019-11-01 00:04:06,pm10,421.1
2019-11-01 00:05:06,pm2.5,372.5
2019-11-01 00:05:06,pm10,412.3
2019-11-01 00:06:06,pm2.5,366.0
2019-11-01 00:06:06,pm10,405.0
2019-11-01 00:07:06,pm2.5,362.1
2019-11-01 00:07:07,pm10,400.4
2019-11-01 00:08:48,pm2.5,348.8
2019-11-01 00:08:48,pm10,385.8
2019-11-01 00:08:48,pm2.5,348.8
2019-11-01 00:08:48,pm10,385.8
2019-11-01 00:12:23,pm2.5,326.9
2019-11-01 00:12:23,pm10,360.9
2019-11-01 00:14:25,pm2.5,312.1
2019-11-01 00:14:25,pm10,344.3
2019-11-01 00:14:29,pm2.5,310.9
2019-11-01 00:14:29,pm10,343.0
2019-11-01 00:14:40,pm2.5,310.4
2019-11-01 00:14:40,pm10,342.5
2019-11-01 00:14:43,pm2.5,310.4
2019-11-01 00:14:43,pm2.5,310.4
2019-11-01 00:14:43,pm10,342.5
2019-11-01 00:14:43,pm10,342.5
2019-11-01 00:16:01,pm2.5,304.0
2019-11-01 00:16:01,pm2.5,304.0
2019-11-01 00:16:01,pm10,335.3
2019-11-01 00:16:01,pm10,335.3
2019-11-01 00:16:06,pm2.5,303.2
2019-11-01 00:16:06,pm10,334.4
2019-11-01 00:19:06,pm2.5,282.5
2019-11-01 00:19:06,pm10,311.6
2019-11-01 00:20:06,pm2.5,276.2
2019-11-01 00:20:06,pm10,304.7
2019-11-01 00:21:06,pm2.5,268.9
2019-11-01 00:21:06,pm10,296.8
2019-11-01 00:22:06,pm2.5,266.3
2019-11-01 00:22:06,pm10,293.5
2019-11-01 00:23:06,pm2.5,260.8
2019-11-01 00:23:06,pm10,287.6
2019-11-01 00:24:06,pm2.5,254.4
2019-11-01 00:24:07,pm10,280.5
2019-11-01 00:25:06,pm2.5,251.5
2019-11-01 00:25:07,pm10,277.2
2019-11-01 00:26:06,pm2.5,247.3
2019-11-01 00:26:06,pm10,272.7
2019-11-01 00:27:06,pm2.5,245.0
2019-11-01 00:27:06,pm10,270.0
2019-11-01 00:28:06,pm2.5,236.8
2019-11-01 00:28:06,pm10,260.9
2019-11-01 00:29:06,pm2.5,231.1
2019-11-01 00:29:06,pm10,254.9
2019-11-01 00:30:06,pm2.5,226.8
2019-11-01 00:30:06,pm10,249.9
2019-11-01 00:31:06,pm2.5,224.0
2019-11-01 00:31:06,pm10,246.8
2019-11-01 00:32:06,pm2.5,217.1
2019-11-01 00:32:06,pm10,239.1
2019-11-01 00:33:06,pm2.5,213.1
2019-11-01 00:33:06,pm10,235.0
2019-11-01 00:34:06,pm2.5,206.1
2019-11-01 00:34:06,pm10,227.1
2019-11-01 00:35:06,pm2.5,200.6
2019-11-01 00:35:06,pm10,221.2
2019-11-01 00:36:06,pm2.5,197.6
2019-11-01 00:36:06,pm10,217.9
2019-11-01 00:37:06,pm2.5,195.3
2019-11-01 00:37:06,pm10,215.3
2019-11-01 00:38:06,pm2.5,189.2
2019-11-01 00:38:06,pm10,208.7
2019-11-01 00:39:06,pm2.5,184.5
2019-11-01 00:39:06,pm10,203.4
2019-11-01 00:40:06,pm2.5,181.4
2019-11-01 00:40:07,pm10,200.1
2019-11-01 00:41:06,pm2.5,174.6
2019-11-01 00:41:07,pm10,192.6
2019-11-01 00:42:06,pm2.5,172.7
2019-11-01 00:42:06,pm10,190.7
2019-11-01 00:43:06,pm2.5,168.1
2019-11-01 00:43:06,pm10,185.4
2019-11-01 00:44:06,pm2.5,165.6
2019-11-01 00:44:06,pm10,182.6
2019-11-01 00:45:06,pm2.5,162.4
2019-11-01 00:45:06,pm10,179.0
2019-11-01 00:46:06,pm2.5,155.8
2019-11-01 00:46:06,pm10,171.9
2019-11-01 00:47:06,pm2.5,154.3
2019-11-01 00:47:06,pm10,170.3
2019-11-01 00:48:06,pm2.5,151.1
2019-11-01 00:48:06,pm10,166.7
2019-11-01 00:49:06,pm2.5,147.7
2019-11-01 00:49:06,pm10,162.8
2019-11-01 00:50:06,pm2.5,143.1
2019-11-01 00:50:06,pm10,157.8
2019-11-01 00:51:06,pm2.5,141.5
2019-11-01 00:51:06,pm10,155.8
2019-11-01 00:52:06,pm2.5,137.2
2019-11-01 00:52:06,pm10,151.1
2019-11-01 00:53:06,pm2.5,136.7
2019-11-01 00:53:06,pm10,150.6
2019-11-01 00:54:06,pm2.5,133.7
2019-11-01 00:54:06,pm10,147.2
2019-11-01 00:55:06,pm2.5,128.7
2019-11-01 00:55:06,pm10,141.8
2019-11-01 00:56:06,pm2.5,125.0
2019-11-01 00:56:07,pm10,137.7
2019-11-01 00:58:06,pm2.5,123.1
2019-11-01 00:58:06,pm10,135.6
2019-11-01 00:59:06,pm2.5,121.8
2019-11-01 00:59:06,pm10,134.0
2019-11-01 01:00:06,pm2.5,118.0
2019-11-01 01:00:06,pm10,129.9
2019-11-01 01:01:06,pm2.5,113.8
2019-11-01 01:01:06,pm10,125.1
2019-11-01 01:02:06,pm2.5,110.7
2019-11-01 01:02:06,pm10,121.9
2019-11-01 01:03:06,pm2.5,109.7
2019-11-01 01:03:06,pm10,120.7
2019-11-01 01:04:06,pm2.5,108.7
2019-11-01 01:04:06,pm10,119.8
2019-11-01 01:05:06,pm2.5,105.5
2019-11-01 01:05:06,pm10,116.1
2019-11-01 01:06:06,pm2.5,103.8
2019-11-01 01:06:06,pm10,114.2
2019-11-01 01:07:06,pm2.5,100.8
2019-11-01 01:07:06,pm10,110.8
2019-11-01 01:08:06,pm2.5,98.1
2019-11-01 01:08:06,pm10,108.0
2019-11-01 01:09:06,pm2.5,95.2
2019-11-01 01:09:06,pm10,104.7
2019-11-01 01:10:06,pm2.5,92.5
2019-11-01 01:10:06,pm10,101.8
2019-11-01 01:11:06,pm2.5,91.2
2019-11-01 01:11:06,pm10,100.3
2019-11-01 01:12:06,pm2.5,91.0
2019-11-01 01:12:07,pm10,100.1
2019-11-01 01:13:06,pm2.5,88.1
2019-11-01 01:13:07,pm10,96.8
2019-11-01 01:14:06,pm2.5,87.8
2019-11-01 01:14:06,pm10,96.6
2019-11-01 01:15:06,pm2.5,84.2
2019-11-01 01:15:06,pm10,92.5
2019-11-01 01:16:06,pm2.5,81.7
2019-11-01 01:16:06,pm10,89.8
2019-11-01 01:17:06,pm2.5,79.7
2019-11-01 01:17:06,pm10,87.6
2019-11-01 01:18:06,pm2.5,78.3
2019-11-01 01:18:06,pm10,86.1
2019-11-01 01:19:06,pm2.5,74.6
2019-11-01 01:19:06,pm10,82.0
2019-11-01 01:20:06,pm2.5,74.2
2019-11-01 01:20:06,pm10,81.6
2019-11-01 01:21:06,pm2.5,72.2
2019-11-01 01:21:06,pm10,79.4
2019-11-01 01:22:06,pm2.5,71.9
2019-11-01 01:22:06,pm10,79.1
2019-11-01 01:23:06,pm2.5,71.0
2019-11-01 01:23:06,pm10,78.1
2019-11-01 01:24:06,pm2.5,68.8
2019-11-01 01:24:06,pm10,75.7
2019-11-01 01:25:06,pm2.5,66.7
2019-11-01 01:25:06,pm10,73.4
2019-11-01 01:26:06,pm2.5,65.1
2019-11-01 01:26:06,pm10,71.6
2019-11-01 01:27:06,pm2.5,65.1
2019-11-01 01:27:06,pm10,71.6
2019-11-01 01:28:06,pm2.5,62.9
2019-11-01 01:28:06,pm10,69.1
2019-11-01 01:29:06,pm2.5,62.6
2019-11-01 01:29:06,pm10,68.8
2019-11-01 01:30:06,pm2.5,60.3
2019-11-01 01:30:07,pm10,66.4
2019-11-01 01:31:06,pm2.5,59.1
2019-11-01 01:31:07,pm10,65.0
2019-11-01 01:32:06,pm2.5,57.2
2019-11-01 01:32:06,pm10,62.9
2019-11-01 01:33:06,pm2.5,56.6
2019-11-01 01:33:06,pm10,62.4
2019-11-01 01:34:06,pm2.5,54.1
2019-11-01 01:34:06,pm10,59.5
2019-11-01 01:35:06,pm2.5,53.8
2019-11-01 01:35:06,pm10,59.2
2019-11-01 01:36:06,pm2.5,52.8
2019-11-01 01:36:06,pm10,58.1
2019-11-01 01:37:06,pm2.5,51.6
2019-11-01 01:37:06,pm10,56.7
2019-11-01 01:38:06,pm2.5,50.5
2019-11-01 01:38:06,pm10,55.6
2019-11-01 01:39:06,pm2.5,49.3
2019-11-01 01:39:06,pm10,54.3
2019-11-01 01:40:06,pm2.5,48.5
2019-11-01 01:40:06,pm10,53.4
2019-11-01 01:41:06,pm2.5,48.4
2019-11-01 01:41:06,pm10,53.2
2019-11-01 01:42:06,pm2.5,47.5
2019-11-01 01:42:06,pm10,52.3
2019-11-01 01:43:06,pm2.5,45.7
2019-11-01 01:43:06,pm10,50.4
2019-11-01 01:44:06,pm2.5,43.0
2019-11-01 01:44:06,pm10,47.3
2019-11-01 01:45:06,pm2.5,44.2
2019-11-01 01:45:06,pm10,48.8
2019-11-01 01:46:06,pm2.5,43.6
2019-11-01 01:46:07,pm10,48.0
2019-11-01 01:47:06,pm2.5,41.4
2019-11-01 01:47:07,pm10,45.5
2019-11-01 01:48:05,pm2.5,40.4
2019-11-01 01:48:06,pm10,44.6
2019-11-01 01:49:06,pm2.5,40.7
2019-11-01 01:49:06,pm10,44.9
2019-11-01 01:50:06,pm2.5,39.4
2019-11-01 01:50:06,pm10,43.5
2019-11-01 01:51:06,pm2.5,38.8
2019-11-01 01:51:06,pm10,42.8
2019-11-01 01:52:06,pm2.5,38.1
2019-11-01 01:52:06,pm10,42.0
2019-11-01 01:53:06,pm2.5,37.0
2019-11-01 01:53:06,pm10,40.8
2019-11-01 01:54:06,pm2.5,36.2
2019-11-01 01:54:06,pm10,39.9
2019-11-01 01:55:06,pm2.5,35.3
2019-11-01 01:55:06,pm10,38.9
2019-11-01 01:56:06,pm2.5,34.6
2019-11-01 01:56:06,pm10,38.2
2019-11-01 01:57:06,pm2.5,33.8
2019-11-01 01:57:06,pm10,37.3
2019-11-01 01:58:06,pm2.5,32.6
2019-11-01 01:58:06,pm10,36.0
2019-11-01 01:59:06,pm2.5,31.9
2019-11-01 01:59:06,pm10,35.3
2019-11-01 02:00:06,pm2.5,32.1
2019-11-01 02:00:06,pm10,35.4
2019-11-01 02:01:06,pm2.5,30.6
2019-11-01 02:01:06,pm10,33.8
2019-11-01 02:02:06,pm2.5,30.6
2019-11-01 02:02:06,pm10,33.8
2019-11-01 02:03:06,pm2.5,30.3
2019-11-01 02:03:07,pm10,33.4
2019-11-01 02:04:06,pm2.5,29.5
2019-11-01 02:04:07,pm10,32.6
2019-11-01 02:05:06,pm2.5,29.0
2019-11-01 02:05:06,pm10,32.1
2019-11-01 02:06:06,pm2.5,27.4
2019-11-01 02:06:06,pm10,30.3
2019-11-01 02:07:06,pm2.5,27.8
2019-11-01 02:07:06,pm10,30.8
2019-11-01 02:08:06,pm2.5,26.7
2019-11-01 02:08:06,pm10,29.5
2019-11-01 02:09:06,pm2.5,25.6
2019-11-01 02:09:06,pm10,28.4
2019-11-01 02:10:06,pm2.5,25.4
2019-11-01 02:10:06,pm10,28.1
2019-11-01 02:11:06,pm2.5,24.7
2019-11-01 02:11:06,pm10,27.4
2019-11-01 02:12:06,pm2.5,25.3
2019-11-01 02:12:07,pm10,28.0
2019-11-01 02:13:06,pm2.5,23.8
2019-11-01 02:13:06,pm10,26.3
2019-11-01 02:14:06,pm2.5,22.6
2019-11-01 02:14:06,pm10,25.0
2019-11-01 02:15:06,pm2.5,22.8
2019-11-01 02:15:06,pm10,25.3
2019-11-01 02:16:06,pm2.5,23.1
2019-11-01 02:16:06,pm10,25.6
2019-11-01 02:17:06,pm2.5,21.5
2019-11-01 02:17:06,pm10,23.8
2019-11-01 02:18:06,pm2.5,21.5
2019-11-01 02:18:07,pm10,23.9
2019-11-01 02:19:06,pm2.5,20.9
2019-11-01 02:19:07,pm10,23.2
2019-11-01 02:20:06,pm2.5,20.2
2019-11-01 02:20:06,pm10,22.4
2019-11-01 02:21:06,pm2.5,20.0
2019-11-01 02:21:06,pm10,22.2
2019-11-01 02:22:06,pm2.5,19.2
2019-11-01 02:22:06,pm10,21.3
2019-11-01 02:23:06,pm2.5,19.3
2019-11-01 02:23:06,pm10,21.4
2019-11-01 02:24:06,pm2.5,19.4
2019-11-01 02:24:06,pm10,21.5
2019-11-01 02:25:06,pm2.5,17.9
2019-11-01 02:25:06,pm10,19.9
2019-11-01 02:26:06,pm2.5,18.5
2019-11-01 02:26:06,pm10,20.6
2019-11-01 02:27:06,pm2.5,17.7
2019-11-01 02:27:06,pm10,19.7
2019-11-01 02:28:06,pm2.5,16.6
2019-11-01 02:28:06,pm10,18.5
2019-11-01 02:29:06,pm2.5,17.1
2019-11-01 02:29:06,pm10,19.1
2019-11-01 02:30:06,pm2.5,17.0
2019-11-01 02:30:06,pm10,19.0
2019-11-01 02:31:06,pm2.5,16.9
2019-11-01 02:31:06,pm10,18.8
2019-11-01 02:32:06,pm2.5,16.2
2019-11-01 02:32:06,pm10,18.0
2019-11-01 02:33:06,pm2.5,15.5
2019-11-01 02:33:06,pm10,17.3
2019-11-01 02:34:06,pm2.5,14.9
2019-11-01 02:34:07,pm10,16.6
2019-11-01 02:35:06,pm2.5,14.6
2019-11-01 02:35:07,pm10,16.3
2019-11-01 02:36:06,pm2.5,14.0
2019-11-01 02:36:06,pm10,15.7
2019-11-01 02:37:06,pm2.5,14.2
2019-11-01 02:37:06,pm10,15.9
2019-11-01 02:38:06,pm2.5,14.2
2019-11-01 02:38:06,pm10,15.9
2019-11-01 02:39:06,pm2.5,13.4
2019-11-01 02:39:06,pm10,15.0
2019-11-01 02:40:06,pm2.5,13.1
2019-11-01 02:40:06,pm10,14.7
2019-11-01 02:41:06,pm2.5,12.6
2019-11-01 02:41:06,pm10,14.6
2019-11-01 02:42:06,pm2.5,12.6
2019-11-01 02:42:06,pm10,14.3
2019-11-01 02:43:06,pm2.5,12.1
2019-11-01 02:43:06,pm10,14.1
2019-11-01 02:44:06,pm2.5,12.3
2019-11-01 02:44:06,pm10,14.0
2019-11-01 02:45:06,pm2.5,11.4
2019-11-01 02:45:06,pm10,13.5
2019-11-01 02:46:06,pm2.5,12.1
2019-11-01 02:46:06,pm10,14.2
2019-11-01 02:47:06,pm2.5,11.2
2019-11-01 02:47:06,pm10,13.3
2019-11-01 02:48:06,pm2.5,11.0
2019-11-01 02:48:06,pm10,13.0
2019-11-01 02:49:06,pm2.5,11.6
2019-11-01 02:49:06,pm10,13.7
2019-11-01 02:50:06,pm2.5,10.2
2019-11-01 02:50:07,pm10,12.5
2019-11-01 02:51:06,pm2.5,10.3
2019-11-01 02:51:06,pm10,12.7
2019-11-01 02:52:06,pm2.5,10.5
2019-11-01 02:52:06,pm10,12.8
2019-11-01 02:53:06,pm2.5,9.7
2019-11-01 02:53:06,pm10,12.3
2019-11-01 02:54:06,pm2.5,9.9
2019-11-01 02:54:06,pm10,12.1
2019-11-01 02:55:06,pm2.5,10.3
2019-11-01 02:55:06,pm10,12.5
2019-11-01 02:56:06,pm2.5,9.9
2019-11-01 02:56:06,pm10,12.5
2019-11-01 02:57:06,pm2.5,9.5
2019-11-01 02:57:06,pm10,12.0
2019-11-01 02:58:06,pm2.5,8.6
2019-11-01 02:58:06,pm10,11.2
2019-11-01 02:59:06,pm2.5,8.5
2019-11-01 02:59:06,pm10,11.1
2019-11-01 03:00:06,pm2.5,8.4
2019-11-01 03:00:06,pm10,11.0
2019-11-01 03:01:06,pm2.5,8.3
2019-11-01 03:01:06,pm10,10.9
2019-11-01 03:02:06,pm2.5,8.3
2019-11-01 03:02:06,pm10,10.8
2019-11-01 03:03:05,pm2.5,8.2
2019-11-01 03:03:06,pm10,10.8
2019-11-01 03:04:06,pm2.5,7.8
2019-11-01 03:04:07,pm10,10.7
2019-11-01 03:05:06,pm2.5,7.7
2019-11-01 03:05:06,pm10,10.5
2019-11-01 03:06:06,pm2.5,7.6
2019-11-01 03:06:06,pm10,10.5
2019-11-01 03:07:06,pm2.5,7.7
2019-11-01 03:07:06,pm10,10.4
2019-11-01 03:08:06,pm2.5,7.6
2019-11-01 03:08:06,pm10,10.6
2019-11-01 03:09:06,pm2.5,7.2
2019-11-01 03:09:06,pm10,10.1
2019-11-01 03:10:06,pm2.5,6.8
2019-11-01 03:10:06,pm10,9.7
2019-11-01 03:11:06,pm2.5,6.9
2019-11-01 03:11:06,pm10,9.8
2019-11-01 03:12:06,pm2.5,7.3
2019-11-01 03:12:06,pm10,9.9
2019-11-01 03:13:06,pm2.5,6.8
2019-11-01 03:13:06,pm10,9.8
2019-11-01 03:14:06,pm2.5,6.7
2019-11-01 03:14:06,pm10,9.8
2019-11-01 03:15:06,pm2.5,5.9
2019-11-01 03:15:06,pm10,9.0
2019-11-01 03:16:06,pm2.5,5.9
2019-11-01 03:16:06,pm10,9.0
2019-11-01 03:17:06,pm2.5,5.8
2019-11-01 03:17:06,pm10,8.9
2019-11-01 03:18:06,pm2.5,5.8
2019-11-01 03:18:07,pm10,9.0
2019-11-01 03:19:06,pm2.5,5.4
2019-11-01 03:19:06,pm10,8.8
2019-11-01 03:20:06,pm2.5,5.6
2019-11-01 03:20:06,pm10,8.8
2019-11-01 03:21:06,pm2.5,5.7
2019-11-01 03:21:06,pm10,8.9
2019-11-01 03:22:06,pm2.5,5.3
2019-11-01 03:22:06,pm10,8.6
2019-11-01 03:23:06,pm2.5,5.5
2019-11-01 03:23:06,pm10,9.0
2019-11-01 03:24:06,pm2.5,5.5
2019-11-01 03:24:06,pm10,9.0
2019-11-01 03:25:06,pm2.5,5.3
2019-11-01 03:25:06,pm10,8.8
2019-11-01 03:26:06,pm2.5,5.1
2019-11-01 03:26:06,pm10,8.4
2019-11-01 03:27:06,pm2.5,4.8
2019-11-01 03:27:06,pm10,8.2
2019-11-01 03:28:06,pm2.5,4.7
2019-11-01 03:28:06,pm10,8.2
2019-11-01 03:29:06,pm2.5,4.7
2019-11-01 03:29:06,pm10,8.3
2019-11-01 03:30:06,pm2.5,4.6
2019-11-01 03:30:06,pm10,8.3
2019-11-01 03:31:06,pm2.5,4.7
2019-11-01 03:31:07,pm10,8.2
2019-11-01 03:32:06,pm2.5,4.3
2019-11-01 03:32:07,pm10,8.0
2019-11-01 03:33:06,pm2.5,4.1
2019-11-01 03:33:06,pm10,7.5
2019-11-01 03:34:06,pm2.5,4.3
2019-11-01 03:34:06,pm10,7.7
2019-11-01 03:35:06,pm2.5,4.1
2019-11-01 03:35:06,pm10,7.5
2019-11-01 03:36:06,pm2.5,4.4
2019-11-01 03:36:06,pm10,7.8
2019-11-01 03:37:06,pm2.5,3.9
2019-11-01 03:37:06,pm10,7.5
2019-11-01 03:38:06,pm2.5,3.9
2019-11-01 03:38:06,pm10,7.5
2019-11-01 03:39:06,pm2.5,4.0
2019-11-01 03:39:06,pm10,7.7
2019-11-01 03:40:06,pm2.5,3.8
2019-11-01 03:40:06,pm10,7.3
2019-11-01 03:41:06,pm2.5,3.6
2019-11-01 03:41:06,pm10,7.1
2019-11-01 03:42:06,pm2.5,3.8
2019-11-01 03:42:06,pm10,7.5
2019-11-01 03:43:06,pm2.5,3.5
2019-11-01 03:43:06,pm10,7.0
2019-11-01 03:44:06,pm2.5,3.5
2019-11-01 03:44:06,pm10,7.1
2019-11-01 03:45:06,pm2.5,3.5
2019-11-01 03:45:06,pm10,7.0
2019-11-01 03:46:06,pm2.5,3.0
2019-11-01 03:46:07,pm10,6.5
2019-11-01 03:47:06,pm2.5,3.1
2019-11-01 03:47:06,pm10,6.5
2019-11-01 03:48:06,pm2.5,3.0
2019-11-01 03:48:06,pm10,6.7
2019-11-01 03:49:06,pm2.5,3.1
2019-11-01 03:49:06,pm10,6.5
2019-11-01 03:50:06,pm2.5,3.0
2019-11-01 03:50:06,pm10,6.3
2019-11-01 03:51:06,pm2.5,3.1
2019-11-01 03:51:06,pm10,6.3
2019-11-01 03:52:06,pm2.5,2.8
2019-11-01 03:52:06,pm10,5.8
2019-11-01 03:53:06,pm2.5,3.0
2019-11-01 03:53:06,pm10,6.9
2019-11-01 03:54:06,pm2.5,2.9
2019-11-01 03:54:06,pm10,6.6
2019-11-01 03:55:06,pm2.5,3.1
2019-11-01 03:55:06,pm10,6.5
2019-11-01 03:56:06,pm2.5,2.7
2019-11-01 03:56:06,pm10,5.7
2019-11-01 03:57:06,pm2.5,2.6
2019-11-01 03:57:06,pm10,5.8
2019-11-01 03:58:06,pm2.5,2.5
2019-11-01 03:58:06,pm10,5.4
2019-11-01 03:59:06,pm2.5,2.5
2019-11-01 03:59:07,pm10,5.6
2019-11-01 04:00:06,pm2.5,2.4
2019-11-01 04:00:07,pm10,5.5
2019-11-01 04:01:06,pm2.5,2.5
2019-11-01 04:01:07,pm10,5.5
2019-11-01 04:02:06,pm2.5,2.4
2019-11-01 04:02:06,pm10,5.3
2019-11-01 04:03:06,pm2.5,2.3
2019-11-01 04:03:06,pm10,5.3
2019-11-01 04:04:06,pm2.5,2.1
2019-11-01 04:04:06,pm10,4.8
2019-11-01 04:05:06,pm2.5,2.1
2019-11-01 04:05:06,pm10,4.7
2019-11-01 04:06:06,pm2.5,1.9
2019-11-01 04:06:06,pm10,4.3
2019-11-01 04:07:06,pm2.5,2.3
2019-11-01 04:07:06,pm10,5.3
2019-11-01 04:08:06,pm2.5,2.2
2019-11-01 04:08:06,pm10,5.1
2019-11-01 04:09:06,pm2.5,2.1
2019-11-01 04:09:06,pm10,5.0
2019-11-01 04:10:06,pm2.5,2.0
2019-11-01 04:10:06,pm10,4.8
2019-11-01 04:11:06,pm2.5,2.1
2019-11-01 04:11:06,pm10,4.7
2019-11-01 04:12:06,pm2.5,2.1
2019-11-01 04:12:06,pm10,4.8
2019-11-01 04:13:06,pm2.5,1.8
2019-11-01 04:13:06,pm10,4.0
2019-11-01 04:14:06,pm2.5,2.1
2019-11-01 04:14:06,pm10,4.7
2019-11-01 04:15:06,pm2.5,1.7
2019-11-01 04:15:07,pm10,3.8
2019-11-01 04:16:06,pm2.5,1.9
2019-11-01 04:16:07,pm10,4.5
2019-11-01 04:17:06,pm2.5,1.9
2019-11-01 04:17:06,pm10,4.6
2019-11-01 04:18:06,pm2.5,1.8
2019-11-01 04:18:06,pm10,4.0
2019-11-01 04:19:06,pm2.5,1.9
2019-11-01 04:19:06,pm10,4.4
2019-11-01 04:20:06,pm2.5,1.7
2019-11-01 04:20:06,pm10,3.7
2019-11-01 04:21:06,pm2.5,1.7
2019-11-01 04:21:06,pm10,3.9
2019-11-01 04:22:06,pm2.5,1.6
2019-11-01 04:22:06,pm10,4.0
2019-11-01 04:23:06,pm2.5,1.7
2019-11-01 04:23:06,pm10,3.8
2019-11-01 04:24:06,pm2.5,1.7
2019-11-01 04:24:06,pm10,3.7
2019-11-01 04:25:06,pm2.5,1.5
2019-11-01 04:25:06,pm10,3.6
2019-11-01 04:26:06,pm2.5,1.4
2019-11-01 04:26:06,pm10,3.1
2019-11-01 04:27:06,pm2.5,1.4
2019-11-01 04:27:06,pm10,3.4
2019-11-01 04:28:06,pm2.5,1.5
2019-11-01 04:28:06,pm10,3.5
2019-11-01 04:29:06,pm2.5,1.5
2019-11-01 04:29:06,pm10,3.6
2019-11-01 04:30:06,pm2.5,1.2
2019-11-01 04:30:06,pm10,2.6
2019-11-01 04:31:06,pm2.5,1.5
2019-11-01 04:31:06,pm10,3.4
2019-11-01 04:32:06,pm2.5,1.2
2019-11-01 04:32:07,pm10,2.8
2019-11-01 04:33:05,pm2.5,1.3
2019-11-01 04:33:06,pm10,2.9
2019-11-01 04:34:06,pm2.5,1.1
2019-11-01 04:34:06,pm10,2.6
2019-11-01 04:35:06,pm2.5,1.4
2019-11-01 04:35:06,pm10,3.0
2019-11-01 04:36:06,pm2.5,1.3
2019-11-01 04:36:06,pm10,2.9
2019-11-01 04:37:06,pm2.5,1.3
2019-11-01 04:37:06,pm10,3.0
2019-11-01 04:38:06,pm2.5,1.1
2019-11-01 04:38:06,pm10,2.1
2019-11-01 04:39:06,pm2.5,1.1
2019-11-01 04:39:06,pm10,2.3
2019-11-01 04:40:06,pm2.5,1.2
2019-11-01 04:40:06,pm10,2.5
2019-11-01 04:41:06,pm2.5,1.1
2019-11-01 04:41:06,pm10,2.2
2019-11-01 04:42:06,pm2.5,1.1
2019-11-01 04:42:06,pm10,2.7
2019-11-01 04:43:06,pm2.5,1.2
2019-11-01 04:43:06,pm10,2.6
2019-11-01 04:44:06,pm2.5,1.1
2019-11-01 04:44:06,pm10,2.3
2019-11-01 04:45:06,pm2.5,1.0
2019-11-01 04:45:06,pm10,2.2
2019-11-01 04:46:06,pm2.5,0.9
2019-11-01 04:46:06,pm10,1.9
2019-11-01 04:47:06,pm2.5,0.8
2019-11-01 04:47:07,pm10,1.5
2019-11-01 04:48:06,pm2.5,0.9
2019-11-01 04:48:06,pm10,1.7
2019-11-01 04:49:06,pm2.5,1.1
2019-11-01 04:49:06,pm10,2.4
2019-11-01 04:50:06,pm2.5,0.8
2019-11-01 04:50:06,pm10,1.8
2019-11-01 04:51:06,pm2.5,1.0
2019-11-01 04:51:06,pm10,2.2
2019-11-01 04:52:06,pm2.5,0.9
2019-11-01 04:52:06,pm10,2.2
2019-11-01 04:53:06,pm2.5,0.9
2019-11-01 04:53:06,pm10,2.1
2019-11-01 04:54:06,pm2.5,0.9
2019-11-01 04:54:06,pm10,1.9
2019-11-01 04:55:06,pm2.5,0.7
2019-11-01 04:55:06,pm10,1.4
2019-11-01 04:56:06,pm2.5,1.0
2019-11-01 04:56:06,pm10,2.4
2019-11-01 04:57:06,pm2.5,0.7
2019-11-01 04:57:06,pm10,1.3
2019-11-01 04:58:06,pm2.5,0.7
2019-11-01 04:58:06,pm10,1.2
2019-11-01 04:59:06,pm2.5,0.8
2019-11-01 04:59:06,pm10,1.7
2019-11-01 05:00:06,pm2.5,0.9
2019-11-01 05:00:06,pm10,1.7
2019-11-01 05:01:06,pm2.5,0.7
2019-11-01 05:01:07,pm10,1.5
2019-11-01 05:03:06,pm2.5,0.6
2019-11-01 05:03:06,pm10,1.2
2019-11-01 05:04:06,pm2.5,0.7
2019-11-01 05:04:06,pm10,1.4
2019-11-01 05:05:06,pm2.5,0.6
2019-11-01 05:05:06,pm10,0.9
2019-11-01 05:06:06,pm2.5,0.8
2019-11-01 05:06:06,pm10,1.5
2019-11-01 05:07:06,pm2.5,0.9
2019-11-01 05:07:06,pm10,2.0
2019-11-01 05:08:06,pm2.5,0.6
2019-11-01 05:08:06,pm10,0.9
2019-11-01 05:09:06,pm2.5,0.7
2019-11-01 05:09:06,pm10,1.5
2019-11-01 05:10:06,pm2.5,0.8
2019-11-01 05:10:06,pm10,2.3
2019-11-01 05:11:06,pm2.5,0.7
2019-11-01 05:11:06,pm10,1.4
2019-11-01 05:12:06,pm2.5,0.6
2019-11-01 05:12:06,pm10,1.1
2019-11-01 05:13:06,pm2.5,0.6
2019-11-01 05:13:06,pm10,0.9
2019-11-01 05:14:06,pm2.5,0.6
2019-11-01 05:14:06,pm10,1.2
2019-11-01 05:15:06,pm2.5,0.5
2019-11-01 05:15:06,pm10,0.9
2019-11-01 05:16:06,pm2.5,0.6
2019-11-01 05:16:07,pm10,1.3
2019-11-01 05:17:06,pm2.5,0.6
2019-11-01 05:17:07,pm10,1.0
2019-11-01 05:18:06,pm2.5,0.6
2019-11-01 05:18:06,pm10,0.9
2019-11-01 05:19:06,pm2.5,0.6
2019-11-01 05:19:06,pm10,0.9
2019-11-01 05:20:06,pm2.5,0.7
2019-11-01 05:20:06,pm10,1.3
2019-11-01 05:21:06,pm2.5,0.5
2019-11-01 05:21:06,pm10,0.7
2019-11-01 05:22:06,pm2.5,0.6
2019-11-01 05:22:06,pm10,1.1
2019-11-01 05:23:06,pm2.5,0.6
2019-11-01 05:23:06,pm10,1.1
2019-11-01 05:24:06,pm2.5,0.5
2019-11-01 05:24:06,pm10,0.8
2019-11-01 05:25:06,pm2.5,0.5
2019-11-01 05:25:06,pm10,0.9
2019-11-01 05:26:06,pm2.5,0.5
2019-11-01 05:26:06,pm10,0.8
2019-11-01 05:27:06,pm2.5,0.4
2019-11-01 05:27:07,pm10,0.8
2019-11-01 05:28:06,pm2.5,0.4
2019-11-01 05:28:06,pm10,0.8
2019-11-01 05:29:06,pm2.5,0.6
2019-11-01 05:29:06,pm10,1.3
2019-11-01 05:30:06,pm2.5,0.4
2019-11-01 05:30:06,pm10,0.7
2019-11-01 05:31:06,pm2.5,0.4
2019-11-01 05:31:07,pm10,0.5
2019-11-01 05:33:06,pm2.5,0.4
2019-11-01 05:33:06,pm10,0.7
2019-11-01 05:34:06,pm2.5,0.5
2019-11-01 05:34:06,pm10,0.9
2019-11-01 05:35:06,pm2.5,0.5
2019-11-01 05:35:06,pm10,0.9
2019-11-01 05:36:06,pm2.5,0.4
2019-11-01 05:36:06,pm10,0.9
2019-11-01 05:37:06,pm2.5,0.4
2019-11-01 05:37:06,pm10,0.8
2019-11-01 05:38:06,pm2.5,0.4
2019-11-01 05:38:06,pm10,0.4
2019-11-01 05:39:06,pm2.5,0.4
2019-11-01 05:39:06,pm10,0.6
2019-11-01 05:40:06,pm2.5,0.4
2019-11-01 05:40:06,pm10,0.6
2019-11-01 05:41:06,pm2.5,0.4
2019-11-01 05:41:06,pm10,0.7
2019-11-01 05:42:06,pm2.5,0.4
2019-11-01 05:42:06,pm10,0.7
2019-11-01 05:43:06,pm2.5,0.5
2019-11-01 05:43:06,pm10,0.7
2019-11-01 05:44:06,pm2.5,0.4
2019-11-01 05:44:06,pm10,0.5
2019-11-01 05:45:06,pm2.5,0.4
2019-11-01 05:45:06,pm10,0.6
2019-11-01 05:46:06,pm2.5,0.4
2019-11-01 05:46:07,pm10,0.6
2019-11-01 05:48:06,pm2.5,0.4
2019-11-01 05:48:06,pm10,0.7
2019-11-01 05:49:06,pm2.5,0.4
2019-11-01 05:49:06,pm10,0.6
2019-11-01 05:50:06,pm2.5,0.3
2019-11-01 05:50:06,pm10,0.5
2019-11-01 05:51:06,pm2.5,0.4
2019-11-01 05:51:06,pm10,0.6
2019-11-01 05:52:06,pm2.5,0.4
2019-11-01 05:52:06,pm10,0.6
2019-11-01 05:53:06,pm2.5,0.3
2019-11-01 05:53:06,pm10,0.3
2019-11-01 05:54:06,pm2.5,0.2
2019-11-01 05:54:06,pm10,0.3
2019-11-01 05:55:06,pm2.5,0.3
2019-11-01 05:55:06,pm10,0.4
2019-11-01 05:56:06,pm2.5,0.3
2019-11-01 05:56:06,pm10,0.4
2019-11-01 05:57:06,pm2.5,0.3
2019-11-01 05:57:06,pm10,0.4
2019-11-01 05:58:06,pm2.5,0.3
2019-11-01 05:58:06,pm10,0.3
2019-11-01 05:59:06,pm2.5,0.4
2019-11-01 05:59:06,pm10,0.7
2019-11-01 06:00:06,pm2.5,0.2
2019-11-01 06:00:07,pm10,0.4
2019-11-01 06:01:06,pm2.5,0.2
2019-11-01 06:01:07,pm10,0.2
2019-11-01 06:03:06,pm2.5,0.2
2019-11-01 06:03:06,pm10,0.2
2019-11-01 06:04:06,pm2.5,0.2
2019-11-01 06:04:06,pm10,0.3
2019-11-01 06:05:06,pm2.5,0.2
2019-11-01 06:05:06,pm10,0.2
2019-11-01 06:06:06,pm2.5,0.2
2019-11-01 06:06:06,pm10,0.2
2019-11-01 06:07:06,pm2.5,0.3
2019-11-01 06:07:06,pm10,0.4
2019-11-01 06:08:06,pm2.5,0.2
2019-11-01 06:08:06,pm10,0.3
2019-11-01 06:09:06,pm2.5,0.3
2019-11-01 06:09:06,pm10,0.6
2019-11-01 06:10:06,pm2.5,0.3
2019-11-01 06:10:06,pm10,0.3
2019-11-01 06:11:06,pm2.5,0.3
2019-11-01 06:11:06,pm10,0.3
2019-11-01 06:12:06,pm2.5,0.2
2019-11-01 06:12:06,pm10,0.2
2019-11-01 06:13:06,pm2.5,0.2
2019-11-01 06:13:06,pm10,0.2
2019-11-01 06:14:06,pm2.5,0.2
2019-11-01 06:14:06,pm10,0.2
2019-11-01 06:15:06,pm2.5,0.2
2019-11-01 06:15:06,pm10,0.2
2019-11-01 06:16:06,pm2.5,0.3
2019-11-01 06:16:07,pm10,0.4
2019-11-01 06:17:06,pm2.5,0.2
2019-11-01 06:17:07,pm10,0.2
2019-11-01 06:18:06,pm2.5,0.2
2019-11-01 06:18:06,pm10,0.3
2019-11-01 06:19:06,pm2.5,0.2
2019-11-01 06:19:06,pm10,0.2
2019-11-01 06:20:06,pm2.5,0.1
2019-11-01 06:20:06,pm10,0.1
2019-11-01 06:21:06,pm2.5,0.2
2019-11-01 06:21:06,pm10,0.2
2019-11-01 06:22:06,pm2.5,0.2
2019-11-01 06:22:06,pm10,0.2
2019-11-01 06:23:06,pm2.5,0.2
2019-11-01 06:23:06,pm10,0.4
2019-11-01 06:24:06,pm2.5,0.2
2019-11-01 06:24:06,pm10,0.3
2019-11-01 06:25:06,pm2.5,0.2
2019-11-01 06:25:06,pm10,0.2
2019-11-01 06:26:06,pm2.5,0.2
2019-11-01 06:26:06,pm10,0.3
2019-11-01 06:27:06,pm2.5,0.2
2019-11-01 06:27:06,pm10,0.4
2019-11-01 06:28:06,pm2.5,0.2
2019-11-01 06:28:06,pm10,0.3
2019-11-01 06:29:06,pm2.5,0.1
2019-11-01 06:29:07,pm10,0.1
2019-11-01 06:30:06,pm2.5,0.2
2019-11-01 06:30:06,pm10,0.2
2019-11-01 06:31:06,pm2.5,0.2
2019-11-01 06:31:06,pm10,0.3
2019-11-01 06:32:06,pm2.5,0.2
2019-11-01 06:32:07,pm10,0.2
2019-11-01 06:34:06,pm2.5,0.1
2019-11-01 06:34:06,pm10,0.1
2019-11-01 06:35:06,pm2.5,0.2
2019-11-01 06:35:06,pm10,0.2
2019-11-01 06:36:06,pm2.5,0.1
2019-11-01 06:36:06,pm10,0.1
2019-11-01 06:37:06,pm2.5,0.1
2019-11-01 06:37:06,pm10,2.6
2019-11-01 06:38:06,pm2.5,0.2
2019-11-01 06:38:06,pm10,0.4
2019-11-01 06:39:06,pm2.5,0.1
2019-11-01 06:39:06,pm10,0.1
2019-11-01 06:40:06,pm2.5,0.2
2019-11-01 06:40:06,pm10,0.9
2019-11-01 06:41:06,pm2.5,0.2
2019-11-01 06:41:06,pm10,0.2
2019-11-01 06:42:06,pm2.5,0.1
2019-11-01 06:42:06,pm10,0.1
2019-11-01 06:43:06,pm2.5,0.1
2019-11-01 06:43:06,pm10,0.1
2019-11-01 06:44:06,pm2.5,0.2
2019-11-01 06:44:06,pm10,0.2
2019-11-01 06:45:06,pm2.5,0.2
2019-11-01 06:45:07,pm10,0.2
2019-11-01 06:46:06,pm2.5,0.1
2019-11-01 06:46:06,pm10,0.1
2019-11-01 06:47:06,pm2.5,0.1
2019-11-01 06:47:07,pm10,0.1
2019-11-01 06:48:06,pm2.5,0.2
2019-11-01 06:48:06,pm10,0.9
2019-11-01 06:49:06,pm2.5,0.1
2019-11-01 06:49:06,pm10,0.1
2019-11-01 06:50:06,pm2.5,0.1
2019-11-01 06:50:06,pm10,0.1
2019-11-01 06:51:06,pm2.5,0.1
2019-11-01 06:51:06,pm10,0.1
2019-11-01 06:52:06,pm2.5,0.1
2019-11-01 06:52:06,pm10,0.1
2019-11-01 06:53:06,pm2.5,0.2
2019-11-01 06:53:06,pm10,0.4
2019-11-01 06:54:06,pm2.5,0.1
2019-11-01 06:54:06,pm10,0.1
2019-11-01 06:55:06,pm2.5,0.1
2019-11-01 06:55:06,pm10,0.1
2019-11-01 06:56:06,pm2.5,0.2
2019-11-01 06:56:06,pm10,0.2
2019-11-01 06:57:06,pm2.5,0.1
2019-11-01 06:57:06,pm10,0.1
2019-11-01 06:58:06,pm2.5,0.1
2019-11-01 06:58:06,pm10,0.1
2019-11-01 06:59:06,pm2.5,0.1
2019-11-01 06:59:06,pm10,0.1
2019-11-01 07:00:06,pm2.5,0.1
2019-11-01 07:00:06,pm10,0.1
2019-11-01 07:01:06,pm2.5,0.1
2019-11-01 07:01:06,pm10,0.1
2019-11-01 07:02:06,pm2.5,0.2
2019-11-01 07:02:07,pm10,0.2
2019-11-01 07:03:06,pm2.5,0.1
2019-11-01 07:03:06,pm10,0.1
2019-11-01 07:04:06,pm2.5,0.1
2019-11-01 07:04:06,pm10,0.1
2019-11-01 07:05:06,pm2.5,0.1
2019-11-01 07:05:06,pm10,0.1
2019-11-01 07:06:06,pm2.5,0.2
2019-11-01 07:06:06,pm10,0.2
2019-11-01 07:07:06,pm2.5,0.1
2019-11-01 07:07:06,pm10,0.1
2019-11-01 07:08:06,pm2.5,0.1
2019-11-01 07:08:06,pm10,0.1
2019-11-01 07:09:06,pm2.5,0.1
2019-11-01 07:09:06,pm10,0.1
2019-11-01 07:10:06,pm2.5,0.1
2019-11-01 07:10:06,pm10,0.1
2019-11-01 07:11:06,pm2.5,0.1
2019-11-01 07:11:06,pm10,0.1
2019-11-01 07:12:06,pm2.5,0.1
2019-11-01 07:12:06,pm10,0.1
2019-11-01 07:13:06,pm2.5,0.1
2019-11-01 07:13:06,pm10,0.1
2019-11-01 07:14:06,pm2.5,0.1
2019-11-01 07:14:06,pm10,0.1
2019-11-01 07:15:06,pm2.5,0.1
2019-11-01 07:15:06,pm10,0.2
2019-11-01 07:16:06,pm2.5,0.1
2019-11-01 07:16:06,pm10,0.1
2019-11-01 07:17:06,pm2.5,0.1
2019-11-01 07:17:07,pm10,0.1
2019-11-01 07:18:06,pm2.5,0.1
2019-11-01 07:18:06,pm10,0.1
2019-11-01 07:19:06,pm2.5,0.1
2019-11-01 07:19:06,pm10,0.1
2019-11-01 07:20:06,pm2.5,0.1
2019-11-01 07:20:06,pm10,0.1
2019-11-01 07:21:06,pm2.5,0.1
2019-11-01 07:21:06,pm10,0.1
2019-11-01 07:22:06,pm2.5,0.1
2019-11-01 07:22:06,pm10,0.1
2019-11-01 07:23:06,pm2.5,0.1
2019-11-01 07:23:06,pm10,0.1
2019-11-01 07:24:06,pm2.5,0.1
2019-11-01 07:24:06,pm10,0.1
2019-11-01 07:25:06,pm2.5,0.1
2019-11-01 07:25:06,pm10,0.1
2019-11-01 07:26:06,pm2.5,0.1
2019-11-01 07:26:06,pm10,0.1
2019-11-01 07:27:06,pm2.5,0.1
2019-11-01 07:27:06,pm10,0.7
2019-11-01 07:28:06,pm2.5,0.1
2019-11-01 07:28:06,pm10,0.1
2019-11-01 07:29:06,pm2.5,0.1
2019-11-01 07:29:06,pm10,0.1
2019-11-01 07:30:06,pm2.5,0.1
2019-11-01 07:30:06,pm10,0.1
2019-11-01 07:31:06,pm2.5,0.1
2019-11-01 07:31:07,pm10,0.1
2019-11-01 07:32:06,pm2.5,0.2
2019-11-01 07:32:07,pm10,0.2
2019-11-01 07:33:06,pm2.5,0.1
2019-11-01 07:33:07,pm10,0.3
2019-11-01 07:34:05,pm2.5,0.1
2019-11-01 07:34:06,pm10,0.1
2019-11-01 07:35:06,pm2.5,0.1
2019-11-01 07:35:06,pm10,0.1
2019-11-01 07:36:06,pm2.5,0.1
2019-11-01 07:36:06,pm10,0.1
2019-11-01 07:37:06,pm2.5,0.1
2019-11-01 07:37:06,pm10,0.1
2019-11-01 07:38:06,pm2.5,0.1
2019-11-01 07:38:06,pm10,0.1
2019-11-01 07:39:06,pm2.5,0.2
2019-11-01 07:39:06,pm10,0.5
2019-11-01 07:40:06,pm2.5,0.1
2019-11-01 07:40:06,pm10,0.3
2019-11-01 07:41:06,pm2.5,0.1
2019-11-01 07:41:06,pm10,0.1
2019-11-01 07:42:06,pm2.5,0.1
2019-11-01 07:42:06,pm10,0.1
2019-11-01 07:43:06,pm2.5,0.1
2019-11-01 07:43:06,pm10,0.1
2019-11-01 07:44:06,pm2.5,0.1
2019-11-01 07:44:06,pm10,0.1
2019-11-01 07:45:06,pm2.5,0.2
2019-11-01 07:45:06,pm10,0.2
2019-11-01 07:46:06,pm2.5,0.1
2019-11-01 07:46:06,pm10,0.1
2019-11-01 07:47:06,pm2.5,0.1
2019-11-01 07:47:06,pm10,0.1
2019-11-01 07:48:06,pm2.5,0.1
2019-11-01 07:48:06,pm10,0.1
2019-11-01 07:49:06,pm2.5,0.1
2019-11-01 07:49:07,pm10,0.2
2019-11-01 07:50:06,pm2.5,0.1
2019-11-01 07:50:07,pm10,0.2
2019-11-01 07:51:06,pm2.5,0.1
2019-11-01 07:51:06,pm10,0.1
2019-11-01 07:52:06,pm2.5,0.1
2019-11-01 07:52:06,pm10,0.1
2019-11-01 07:53:05,pm2.5,0.1
2019-11-01 07:53:06,pm10,0.1
2019-11-01 07:54:06,pm2.5,0.1
2019-11-01 07:54:06,pm10,0.5
2019-11-01 07:55:06,pm2.5,0.1
2019-11-01 07:55:06,pm10,0.1
2019-11-01 07:56:06,pm2.5,0.1
2019-11-01 07:56:06,pm10,0.1
2019-11-01 07:57:06,pm2.5,0.1
2019-11-01 07:57:06,pm10,0.1
2019-11-01 07:58:06,pm2.5,0.1
2019-11-01 07:58:06,pm10,0.1
2019-11-01 07:59:06,pm2.5,0.1
2019-11-01 07:59:06,pm10,0.1
2019-11-01 08:00:06,pm2.5,0.1
2019-11-01 08:00:06,pm10,0.1
2019-11-01 08:01:06,pm2.5,0.1
2019-11-01 08:01:06,pm10,0.1
2019-11-01 08:02:06,pm2.5,0.1
2019-11-01 08:02:06,pm10,0.1
2019-11-01 08:03:06,pm2.5,0.1
2019-11-01 08:03:06,pm10,0.1
2019-11-01 08:04:06,pm2.5,0.1
2019-11-01 08:04:07,pm10,0.1
2019-11-01 08:05:06,pm2.5,0.1
2019-11-01 08:05:07,pm10,0.1
2019-11-01 08:06:06,pm2.5,0.1
2019-11-01 08:06:06,pm10,0.1
2019-11-01 08:07:06,pm2.5,0.1
2019-11-01 08:07:06,pm10,0.1
2019-11-01 08:08:06,pm2.5,0.1
2019-11-01 08:08:06,pm10,0.1
2019-11-01 08:09:06,pm2.5,0.1
2019-11-01 08:09:06,pm10,0.1
2019-11-01 08:10:06,pm2.5,0.1
2019-11-01 08:10:06,pm10,0.1
2019-11-01 08:11:06,pm2.5,0.1
2019-11-01 08:11:06,pm10,0.1
2019-11-01 08:12:06,pm2.5,0.0
2019-11-01 08:12:06,pm10,0.0
2019-11-01 08:13:06,pm2.5,0.1
2019-11-01 08:13:06,pm10,0.1
2019-11-01 08:14:06,pm2.5,0.1
2019-11-01 08:14:06,pm10,0.1
2019-11-01 08:15:06,pm2.5,0.1
2019-11-01 08:15:06,pm10,0.1
2019-11-01 08:16:06,pm2.5,0.1
2019-11-01 08:16:06,pm10,0.1
2019-11-01 08:17:06,pm2.5,0.1
2019-11-01 08:17:06,pm10,0.1
2019-11-01 08:18:06,pm2.5,0.1
2019-11-01 08:18:06,pm10,0.1
2019-11-01 08:19:06,pm2.5,0.1
2019-11-01 08:19:06,pm10,0.1
2019-11-01 08:20:06,pm2.5,0.1
2019-11-01 08:20:07,pm10,0.1
2019-11-01 08:21:06,pm2.5,0.1
2019-11-01 08:21:07,pm10,0.1
2019-11-01 08:22:06,pm2.5,0.1
2019-11-01 08:22:06,pm10,0.1
2019-11-01 08:23:06,pm2.5,0.1
2019-11-01 08:23:06,pm10,0.1
2019-11-01 08:24:06,pm2.5,0.1
2019-11-01 08:24:06,pm10,0.2
2019-11-01 08:25:06,pm2.5,0.1
2019-11-01 08:25:06,pm10,0.1
2019-11-01 08:26:06,pm2.5,0.1
2019-11-01 08:26:06,pm10,0.1
2019-11-01 08:27:06,pm2.5,0.1
2019-11-01 08:27:06,pm10,0.1
2019-11-01 08:28:06,pm2.5,0.1
2019-11-01 08:28:06,pm10,0.1
2019-11-01 08:29:06,pm2.5,0.1
2019-11-01 08:29:06,pm10,0.1
2019-11-01 08:30:06,pm2.5,0.1
2019-11-01 08:30:06,pm10,0.1
2019-11-01 08:31:06,pm2.5,0.1
2019-11-01 08:31:06,pm10,0.2
2019-11-01 08:32:06,pm2.5,0.1
2019-11-01 08:32:06,pm10,0.1
2019-11-01 08:33:06,pm2.5,0.1
2019-11-01 08:33:06,pm10,0.1
2019-11-01 08:34:06,pm2.5,0.1
2019-11-01 08:34:06,pm10,0.1
2019-11-01 08:35:06,pm2.5,0.1
2019-11-01 08:35:06,pm10,0.1
2019-11-01 08:36:06,pm2.5,0.1
2019-11-01 08:36:07,pm10,0.1
2019-11-01 08:37:05,pm2.5,0.1
2019-11-01 08:37:06,pm10,0.1
2019-11-01 08:38:06,pm2.5,0.1
2019-11-01 08:38:06,pm10,0.1
2019-11-01 08:39:06,pm2.5,0.1
2019-11-01 08:39:06,pm10,0.1
2019-11-01 08:40:06,pm2.5,0.1
2019-11-01 08:40:06,pm10,0.1
2019-11-01 08:41:06,pm2.5,0.1
2019-11-01 08:41:06,pm10,0.1
2019-11-01 08:42:06,pm2.5,0.0
2019-11-01 08:42:06,pm10,0.0
2019-11-01 08:43:06,pm2.5,0.1
2019-11-01 08:43:06,pm10,0.1
2019-11-01 08:44:06,pm2.5,0.1
2019-11-01 08:44:06,pm10,0.1
2019-11-01 08:45:06,pm2.5,0.1
2019-11-01 08:45:06,pm10,0.1
2019-11-01 08:46:06,pm2.5,0.1
2019-11-01 08:46:06,pm10,0.1
2019-11-01 08:47:06,pm2.5,0.1
2019-11-01 08:47:06,pm10,0.1
2019-11-01 08:48:06,pm2.5,0.1
2019-11-01 08:48:06,pm10,0.1
2019-11-01 08:49:06,pm2.5,0.1
2019-11-01 08:49:06,pm10,0.1
2019-11-01 08:50:06,pm2.5,0.1
2019-11-01 08:50:06,pm10,0.1
2019-11-01 08:51:06,pm2.5,0.1
2019-11-01 08:51:06,pm10,0.1
2019-11-01 08:52:06,pm2.5,0.1
2019-11-01 08:52:07,pm10,0.2
2019-11-01 08:53:06,pm2.5,0.1
2019-11-01 08:53:07,pm10,0.1
2019-11-01 08:54:06,pm2.5,0.1
2019-11-01 08:54:06,pm10,0.4
2019-11-01 08:55:06,pm2.5,0.1
2019-11-01 08:55:06,pm10,0.1
2019-11-01 08:56:06,pm2.5,0.1
2019-11-01 08:56:06,pm10,0.1
2019-11-01 08:57:06,pm2.5,0.1
2019-11-01 08:57:06,pm10,0.1
2019-11-01 08:58:06,pm2.5,0.1
2019-11-01 08:58:06,pm10,0.1
2019-11-01 08:59:06,pm2.5,0.1
2019-11-01 08:59:06,pm10,0.1
2019-11-01 09:00:06,pm2.5,0.1
2019-11-01 09:00:06,pm10,0.1
2019-11-01 09:01:06,pm2.5,0.1
2019-11-01 09:01:06,pm10,0.1
2019-11-01 09:02:06,pm2.5,0.1
2019-11-01 09:02:06,pm10,0.1
2019-11-01 09:03:06,pm2.5,0.1
2019-11-01 09:03:06,pm10,0.1
2019-11-01 09:04:06,pm2.5,0.1
2019-11-01 09:04:06,pm10,0.1
2019-11-01 09:05:06,pm2.5,0.1
2019-11-01 09:05:06,pm10,0.1
2019-11-01 09:06:06,pm2.5,0.1
2019-11-01 09:06:06,pm10,0.1
2019-11-01 09:07:06,pm2.5,0.0
2019-11-01 09:07:06,pm10,0.0
2019-11-01 09:08:06,pm2.5,0.1
2019-11-01 09:08:06,pm10,0.1
2019-11-01 09:09:06,pm2.5,0.1
2019-11-01 09:09:06,pm10,0.1
2019-11-01 09:11:06,pm2.5,0.1
2019-11-01 09:11:06,pm10,0.2
2019-11-01 09:12:06,pm2.5,0.1
2019-11-01 09:12:06,pm10,0.1
2019-11-01 09:13:06,pm2.5,0.1
2019-11-01 09:13:06,pm10,0.1
2019-11-01 09:14:06,pm2.5,0.1
2019-11-01 09:14:06,pm10,0.1
2019-11-01 09:15:06,pm2.5,0.1
2019-11-01 09:15:06,pm10,0.1
2019-11-01 09:16:06,pm2.5,0.1
2019-11-01 09:16:06,pm10,0.1
2019-11-01 09:17:06,pm2.5,0.1
2019-11-01 09:17:06,pm10,0.3
2019-11-01 09:18:06,pm2.5,0.1
2019-11-01 09:18:06,pm10,0.1
2019-11-01 09:19:06,pm2.5,0.1
2019-11-01 09:19:06,pm10,0.1
2019-11-01 09:20:06,pm2.5,0.1
2019-11-01 09:20:06,pm10,0.1
2019-11-01 09:21:06,pm2.5,0.1
2019-11-01 09:21:06,pm10,0.2
2019-11-01 09:22:06,pm2.5,0.1
2019-11-01 09:22:06,pm10,0.1
2019-11-01 09:23:06,pm2.5,0.1
2019-11-01 09:23:06,pm10,0.1
2019-11-01 09:24:06,pm2.5,0.0
2019-11-01 09:24:07,pm10,0.0
2019-11-01 09:25:06,pm2.5,0.1
2019-11-01 09:25:07,pm10,0.1
2019-11-01 09:26:05,pm2.5,0.1
2019-11-01 09:26:06,pm10,0.1
2019-11-01 09:27:06,pm2.5,0.1
2019-11-01 09:27:06,pm10,0.1
2019-11-01 09:28:06,pm2.5,0.1
2019-11-01 09:28:06,pm10,0.1
2019-11-01 09:29:06,pm2.5,0.1
2019-11-01 09:29:06,pm10,0.6
2019-11-01 09:30:06,pm2.5,0.1
2019-11-01 09:30:06,pm10,0.1
2019-11-01 09:31:06,pm2.5,0.1
2019-11-01 09:31:06,pm10,0.1
2019-11-01 09:32:06,pm2.5,0.1
2019-11-01 09:32:06,pm10,0.1
2019-11-01 09:33:06,pm2.5,0.1
2019-11-01 09:33:06,pm10,0.2
2019-11-01 09:34:06,pm2.5,0.0
2019-11-01 09:34:06,pm10,0.0
2019-11-01 09:35:06,pm2.5,0.0
2019-11-01 09:35:06,pm10,0.0
2019-11-01 09:36:06,pm2.5,0.1
2019-11-01 09:36:06,pm10,0.1
2019-11-01 09:37:06,pm2.5,0.1
2019-11-01 09:37:06,pm10,0.1
2019-11-01 09:38:06,pm2.5,0.1
2019-11-01 09:38:06,pm10,0.1
2019-11-01 09:39:06,pm2.5,0.1
2019-11-01 09:39:06,pm10,0.1
2019-11-01 09:40:06,pm2.5,0.1
2019-11-01 09:40:06,pm10,0.1
2019-11-01 09:41:06,pm2.5,0.1
2019-11-01 09:41:06,pm10,0.1
2019-11-01 09:42:06,pm2.5,0.0
2019-11-01 09:42:07,pm10,0.3
2019-11-01 09:43:06,pm2.5,0.0
2019-11-01 09:43:07,pm10,0.0
2019-11-01 09:44:06,pm2.5,0.0
2019-11-01 09:44:06,pm10,0.0
2019-11-01 09:45:06,pm2.5,0.1
2019-11-01 09:45:06,pm10,0.1
2019-11-01 09:46:06,pm2.5,0.1
2019-11-01 09:46:06,pm10,0.1
2019-11-01 09:47:06,pm2.5,0.1
2019-11-01 09:47:06,pm10,0.1
2019-11-01 09:48:06,pm2.5,0.1
2019-11-01 09:48:06,pm10,0.1
2019-11-01 09:49:06,pm2.5,0.1
2019-11-01 09:49:06,pm10,0.1
2019-11-01 09:50:06,pm2.5,0.1
2019-11-01 09:50:06,pm10,0.1
2019-11-01 09:51:06,pm2.5,0.1
2019-11-01 09:51:06,pm10,0.1
2019-11-01 09:52:06,pm2.5,0.1
2019-11-01 09:52:06,pm10,0.1
2019-11-01 09:53:06,pm2.5,0.1
2019-11-01 09:53:06,pm10,0.1
2019-11-01 09:54:06,pm2.5,0.1
2019-11-01 09:54:06,pm10,0.1
2019-11-01 09:55:06,pm2.5,0.1
2019-11-01 09:55:06,pm10,0.1
2019-11-01 09:56:06,pm2.5,0.1
2019-11-01 09:56:06,pm10,0.1
2019-11-01 09:57:06,pm2.5,0.0
2019-11-01 09:57:07,pm10,0.0
2019-11-01 09:58:06,pm2.5,0.1
2019-11-01 09:58:06,pm10,0.1
2019-11-01 09:59:06,pm2.5,0.1
2019-11-01 09:59:07,pm10,0.1
2019-11-01 10:00:05,pm2.5,0.1
2019-11-01 10:00:06,pm10,0.1
2019-11-01 10:01:06,pm2.5,0.0
2019-11-01 10:01:06,pm10,0.0
2019-11-01 10:02:06,pm2.5,0.1
2019-11-01 10:02:06,pm10,0.1
2019-11-01 10:03:06,pm2.5,0.1
2019-11-01 10:03:06,pm10,0.1
2019-11-01 10:04:06,pm2.5,0.1
2019-11-01 10:04:06,pm10,0.1
2019-11-01 10:05:06,pm2.5,0.0
2019-11-01 10:05:06,pm10,0.0
2019-11-01 10:06:06,pm2.5,0.1
2019-11-01 10:06:06,pm10,0.2
2019-11-01 10:07:06,pm2.5,0.1
2019-11-01 10:07:06,pm10,0.1
2019-11-01 10:08:06,pm2.5,0.1
2019-11-01 10:08:06,pm10,0.1
2019-11-01 10:09:06,pm2.5,0.1
2019-11-01 10:09:06,pm10,0.1
2019-11-01 10:10:06,pm2.5,0.1
2019-11-01 10:10:06,pm10,0.1
2019-11-01 10:11:06,pm2.5,0.1
2019-11-01 10:11:06,pm10,0.1
2019-11-01 10:12:06,pm2.5,0.1
2019-11-01 10:12:06,pm10,0.1
2019-11-01 10:13:06,pm2.5,0.1
2019-11-01 10:13:06,pm10,0.1
2019-11-01 10:14:06,pm2.5,0.0
2019-11-01 10:14:06,pm10,0.0
2019-11-01 10:15:06,pm2.5,0.1
2019-11-01 10:15:06,pm10,0.1
2019-11-01 10:16:06,pm2.5,0.0
2019-11-01 10:16:07,pm10,0.0
2019-11-01 10:18:06,pm2.5,0.1
2019-11-01 10:18:06,pm10,0.1
2019-11-01 10:19:06,pm2.5,0.1
2019-11-01 10:19:06,pm10,0.1
2019-11-01 10:20:06,pm2.5,0.1
2019-11-01 10:20:06,pm10,0.1
2019-11-01 10:21:06,pm2.5,0.1
2019-11-01 10:21:06,pm10,0.1
2019-11-01 10:22:06,pm2.5,0.1
2019-11-01 10:22:06,pm10,0.1
2019-11-01 10:23:06,pm2.5,0.1
2019-11-01 10:23:06,pm10,0.1
2019-11-01 10:24:06,pm2.5,0.1
2019-11-01 10:24:06,pm10,0.1
2019-11-01 10:25:06,pm2.5,0.1
2019-11-01 10:25:06,pm10,0.1
2019-11-01 10:26:06,pm2.5,0.1
2019-11-01 10:26:06,pm10,0.3
2019-11-01 10:27:06,pm2.5,0.1
2019-11-01 10:27:06,pm10,0.7
2019-11-01 10:28:06,pm2.5,0.0
2019-11-01 10:28:06,pm10,0.0
2019-11-01 10:29:06,pm2.5,0.0
2019-11-01 10:29:06,pm10,0.0
2019-11-01 10:30:06,pm2.5,0.1
2019-11-01 10:30:06,pm10,0.1
2019-11-01 10:31:06,pm2.5,0.1
2019-11-01 10:31:06,pm10,0.1
2019-11-01 10:32:05,pm2.5,0.1
2019-11-01 10:32:06,pm10,0.1
2019-11-01 10:33:06,pm2.5,0.1
2019-11-01 10:33:07,pm10,0.1
2019-11-01 10:35:06,pm2.5,0.0
2019-11-01 10:35:06,pm10,0.0
2019-11-01 10:36:06,pm2.5,0.1
2019-11-01 10:36:06,pm10,0.1
2019-11-01 10:37:06,pm2.5,0.1
2019-11-01 10:37:06,pm10,0.1
2019-11-01 10:38:06,pm2.5,0.1
2019-11-01 10:38:06,pm10,0.1
2019-11-01 10:39:06,pm2.5,0.1
2019-11-01 10:39:06,pm10,0.1
2019-11-01 10:40:06,pm2.5,0.1
2019-11-01 10:40:06,pm10,0.3
2019-11-01 10:41:06,pm2.5,0.1
2019-11-01 10:41:06,pm10,0.3
2019-11-01 10:42:06,pm2.5,0.1
2019-11-01 10:42:06,pm10,0.1
2019-11-01 10:43:06,pm2.5,0.1
2019-11-01 10:43:06,pm10,0.1
2019-11-01 10:44:06,pm2.5,0.1
2019-11-01 10:44:06,pm10,0.1
2019-11-01 10:45:06,pm2.5,0.1
2019-11-01 10:45:06,pm10,0.1
2019-11-01 10:46:06,pm2.5,0.1
2019-11-01 10:46:06,pm10,0.1
2019-11-01 10:47:06,pm2.5,0.1
2019-11-01 10:47:06,pm10,0.1
2019-11-01 10:48:06,pm2.5,0.1
2019-11-01 10:48:06,pm10,0.2
2019-11-01 10:49:06,pm2.5,0.1
2019-11-01 10:49:06,pm10,0.1
2019-11-01 10:50:06,pm2.5,0.1
2019-11-01 10:50:07,pm10,0.1
2019-11-01 10:51:06,pm2.5,0.1
2019-11-01 10:51:06,pm10,0.1
2019-11-01 10:52:06,pm2.5,0.1
2019-11-01 10:52:06,pm10,0.1
2019-11-01 10:53:06,pm2.5,0.1
2019-11-01 10:53:06,pm10,0.1
2019-11-01 10:54:06,pm2.5,0.0
2019-11-01 10:54:06,pm10,0.0
2019-11-01 10:55:06,pm2.5,0.1
2019-11-01 10:55:06,pm10,0.1
2019-11-01 10:56:06,pm2.5,0.1
2019-11-01 10:56:06,pm10,0.1
2019-11-01 10:57:06,pm2.5,0.0
2019-11-01 10:57:06,pm10,0.0
2019-11-01 10:58:06,pm2.5,0.0
2019-11-01 10:58:06,pm10,0.0
2019-11-01 10:59:06,pm2.5,0.1
2019-11-01 10:59:06,pm10,0.1
2019-11-01 11:00:06,pm2.5,0.0
2019-11-01 11:00:06,pm10,0.1
2019-11-01 11:01:06,pm2.5,0.1
2019-11-01 11:01:06,pm10,0.1
2019-11-01 11:02:06,pm2.5,0.1
2019-11-01 11:02:06,pm10,0.4
2019-11-01 11:03:06,pm2.5,0.0
2019-11-01 11:03:06,pm10,0.0
2019-11-01 11:04:06,pm2.5,0.1
2019-11-01 11:04:06,pm10,0.1
2019-11-01 11:05:06,pm2.5,0.1
2019-11-01 11:05:06,pm10,0.1
2019-11-01 11:06:06,pm2.5,0.0
2019-11-01 11:06:07,pm10,0.0
2019-11-01 11:08:06,pm2.5,0.1
2019-11-01 11:08:06,pm10,0.1
2019-11-01 11:09:06,pm2.5,0.0
2019-11-01 11:09:06,pm10,0.0
2019-11-01 11:10:06,pm2.5,0.1
2019-11-01 11:10:06,pm10,0.1
2019-11-01 11:11:06,pm2.5,0.1
2019-11-01 11:11:06,pm10,0.2
2019-11-01 11:12:06,pm2.5,0.1
2019-11-01 11:12:06,pm10,0.1
2019-11-01 11:13:06,pm2.5,0.1
2019-11-01 11:13:06,pm10,0.1
2019-11-01 11:14:06,pm2.5,0.0
2019-11-01 11:14:06,pm10,0.0
2019-11-01 11:15:06,pm2.5,0.0
2019-11-01 11:15:06,pm10,0.0
2019-11-01 11:16:06,pm2.5,0.1
2019-11-01 11:16:06,pm10,0.1
2019-11-01 11:17:06,pm2.5,0.1
2019-11-01 11:17:06,pm10,0.1
2019-11-01 11:18:06,pm2.5,0.0
2019-11-01 11:18:06,pm10,0.0
2019-11-01 11:19:06,pm2.5,0.1
2019-11-01 11:19:06,pm10,0.1
2019-11-01 11:20:06,pm2.5,0.1
2019-11-01 11:20:06,pm10,0.1
2019-11-01 11:21:06,pm2.5,0.1
2019-11-01 11:21:06,pm10,0.1
2019-11-01 11:22:06,pm2.5,0.0
2019-11-01 11:22:07,pm10,0.0
2019-11-01 11:23:06,pm2.5,0.0
2019-11-01 11:23:06,pm10,0.1
2019-11-01 11:24:06,pm2.5,0.1
2019-11-01 11:24:06,pm10,0.1
2019-11-01 11:25:06,pm2.5,0.0
2019-11-01 11:25:06,pm10,0.0
2019-11-01 11:26:06,pm2.5,0.0
2019-11-01 11:26:06,pm10,0.0
2019-11-01 11:27:06,pm2.5,0.1
2019-11-01 11:27:06,pm10,0.1
2019-11-01 11:28:06,pm2.5,0.0
2019-11-01 11:28:06,pm10,0.0
2019-11-01 11:29:06,pm2.5,0.1
2019-11-01 11:29:06,pm10,0.1
2019-11-01 11:30:06,pm2.5,0.0
2019-11-01 11:30:06,pm10,0.0
2019-11-01 11:31:06,pm2.5,0.1
2019-11-01 11:31:06,pm10,0.1
2019-11-01 11:32:06,pm2.5,0.0
2019-11-01 11:32:06,pm10,0.0
2019-11-01 11:33:06,pm2.5,0.1
2019-11-01 11:33:06,pm10,0.1
2019-11-01 11:34:06,pm2.5,0.1
2019-11-01 11:34:06,pm10,0.1
2019-11-01 11:35:06,pm2.5,0.0
2019-11-01 11:35:06,pm10,0.0
2019-11-01 11:36:06,pm2.5,0.0
2019-11-01 11:36:06,pm10,0.0
2019-11-01 11:37:06,pm2.5,0.1
2019-11-01 11:37:07,pm10,0.1
2019-11-01 11:38:05,pm2.5,0.0
2019-11-01 11:38:06,pm10,0.0
2019-11-01 11:39:06,pm2.5,0.0
2019-11-01 11:39:06,pm10,0.0
2019-11-01 11:40:06,pm2.5,0.0
2019-11-01 11:40:06,pm10,0.0
2019-11-01 11:41:06,pm2.5,0.1
2019-11-01 11:41:06,pm10,0.1
2019-11-01 11:42:06,pm2.5,0.0
2019-11-01 11:42:06,pm10,0.0
2019-11-01 11:43:06,pm2.5,0.0
2019-11-01 11:43:06,pm10,0.0
2019-11-01 11:44:06,pm2.5,0.0
2019-11-01 11:44:06,pm10,0.0
2019-11-01 11:45:06,pm2.5,0.0
2019-11-01 11:45:06,pm10,0.0
2019-11-01 11:46:06,pm2.5,0.0
2019-11-01 11:46:06,pm10,0.0
2019-11-01 11:47:06,pm2.5,0.1
2019-11-01 11:47:06,pm10,0.1
2019-11-01 11:48:06,pm2.5,0.0
2019-11-01 11:48:06,pm10,0.0
2019-11-01 11:49:06,pm2.5,0.1
2019-11-01 11:49:06,pm10,0.1
2019-11-01 11:50:06,pm2.5,0.1
2019-11-01 11:50:07,pm10,0.1
2019-11-01 11:51:06,pm2.5,0.1
2019-11-01 11:51:06,pm10,0.1
2019-11-01 11:52:06,pm2.5,0.1
2019-11-01 11:52:07,pm10,0.1
2019-11-01 11:53:06,pm2.5,0.1
2019-11-01 11:53:07,pm10,0.2
2019-11-01 11:54:06,pm2.5,0.0
2019-11-01 11:54:06,pm10,0.0
2019-11-01 11:55:06,pm2.5,0.1
2019-11-01 11:55:06,pm10,0.1
2019-11-01 11:56:06,pm2.5,0.0
2019-11-01 11:56:06,pm10,0.0
2019-11-01 11:57:06,pm2.5,0.0
2019-11-01 11:57:06,pm10,0.0
2019-11-01 11:58:06,pm2.5,0.0
2019-11-01 11:58:06,pm10,0.1
2019-11-01 11:59:06,pm2.5,0.0
2019-11-01 11:59:06,pm10,0.0
2019-11-01 12:00:06,pm2.5,0.1
2019-11-01 12:00:06,pm10,0.1
2019-11-01 12:01:06,pm2.5,0.1
2019-11-01 12:01:06,pm10,0.1
2019-11-01 12:02:06,pm2.5,0.0
2019-11-01 12:02:06,pm10,0.0
2019-11-01 12:03:06,pm2.5,0.1
2019-11-01 12:03:06,pm10,0.2
2019-11-01 12:04:06,pm2.5,0.1
2019-11-01 12:04:06,pm10,0.1
2019-11-01 12:05:06,pm2.5,0.0
2019-11-01 12:05:06,pm10,0.0
2019-11-01 12:06:06,pm2.5,0.1
2019-11-01 12:06:07,pm10,0.3
2019-11-01 12:07:06,pm2.5,0.0
2019-11-01 12:07:06,pm10,0.1
2019-11-01 12:08:06,pm2.5,0.1
2019-11-01 12:08:07,pm10,0.1
2019-11-01 12:09:06,pm2.5,0.0
2019-11-01 12:09:07,pm10,0.0
2019-11-01 12:10:06,pm2.5,0.0
2019-11-01 12:10:06,pm10,0.0
2019-11-01 12:11:06,pm2.5,0.1
2019-11-01 12:11:06,pm10,0.2
2019-11-01 12:12:06,pm2.5,0.1
2019-11-01 12:12:06,pm10,0.1
2019-11-01 12:13:06,pm2.5,0.1
2019-11-01 12:13:06,pm10,0.2
2019-11-01 12:14:06,pm2.5,0.0
2019-11-01 12:14:06,pm10,0.0
2019-11-01 12:15:06,pm2.5,0.1
2019-11-01 12:15:06,pm10,0.1
2019-11-01 12:16:06,pm2.5,0.1
2019-11-01 12:16:06,pm10,0.3
2019-11-01 12:17:06,pm2.5,0.1
2019-11-01 12:17:06,pm10,0.1
2019-11-01 12:18:06,pm2.5,0.1
2019-11-01 12:18:06,pm10,0.1
2019-11-01 12:19:06,pm2.5,0.1
2019-11-01 12:19:06,pm10,0.1
2019-11-01 12:20:06,pm2.5,0.1
2019-11-01 12:20:06,pm10,0.4
2019-11-01 12:21:05,pm2.5,0.1
2019-11-01 12:21:06,pm10,0.4
2019-11-01 12:22:06,pm2.5,0.1
2019-11-01 12:22:07,pm10,0.1
2019-11-01 12:23:06,pm2.5,0.0
2019-11-01 12:23:06,pm10,0.0
2019-11-01 12:24:06,pm2.5,0.0
2019-11-01 12:24:07,pm10,0.0
2019-11-01 12:25:06,pm2.5,0.0
2019-11-01 12:25:07,pm10,0.0
2019-11-01 12:26:06,pm2.5,0.1
2019-11-01 12:26:06,pm10,0.1
2019-11-01 12:27:06,pm2.5,0.0
2019-11-01 12:27:06,pm10,0.0
2019-11-01 12:28:06,pm2.5,0.0
2019-11-01 12:28:06,pm10,0.0
2019-11-01 12:29:06,pm2.5,0.0
2019-11-01 12:29:06,pm10,0.0
2019-11-01 12:30:06,pm2.5,0.1
2019-11-01 12:30:06,pm10,0.1
2019-11-01 12:31:06,pm2.5,0.1
2019-11-01 12:31:06,pm10,0.1
2019-11-01 12:32:06,pm2.5,0.0
2019-11-01 12:32:06,pm10,0.0
2019-11-01 12:33:06,pm2.5,0.1
2019-11-01 12:33:06,pm10,0.1
2019-11-01 12:34:06,pm2.5,0.1
2019-11-01 12:34:06,pm10,0.1
2019-11-01 12:35:06,pm2.5,0.1
2019-11-01 12:35:06,pm10,0.1
2019-11-01 12:36:06,pm2.5,0.1
2019-11-01 12:36:06,pm10,0.3
2019-11-01 12:37:06,pm2.5,0.1
2019-11-01 12:37:06,pm10,0.1
2019-11-01 12:38:06,pm2.5,0.0
2019-11-01 12:38:06,pm10,0.0
2019-11-01 12:39:06,pm2.5,0.0
2019-11-01 12:39:07,pm10,0.0
2019-11-01 12:40:05,pm2.5,0.1
2019-11-01 12:40:06,pm10,0.1
2019-11-01 12:41:06,pm2.5,0.0
2019-11-01 12:41:06,pm10,0.0
2019-11-01 12:42:06,pm2.5,0.0
2019-11-01 12:42:06,pm10,0.0
2019-11-01 12:43:06,pm2.5,0.0
2019-11-01 12:43:06,pm10,0.0
2019-11-01 12:44:06,pm2.5,0.0
2019-11-01 12:44:06,pm10,0.0
2019-11-01 12:45:06,pm2.5,0.0
2019-11-01 12:45:06,pm10,0.0
2019-11-01 12:46:06,pm2.5,0.0
2019-11-01 12:46:06,pm10,0.0
2019-11-01 12:47:06,pm2.5,0.1
2019-11-01 12:47:06,pm10,0.1
2019-11-01 12:48:06,pm2.5,0.1
2019-11-01 12:48:06,pm10,0.1
2019-11-01 12:49:06,pm2.5,0.1
2019-11-01 12:49:06,pm10,0.1
2019-11-01 12:50:06,pm2.5,0.1
2019-11-01 12:50:06,pm10,0.1
2019-11-01 12:51:06,pm2.5,0.1
2019-11-01 12:51:06,pm10,0.2
2019-11-01 12:52:06,pm2.5,0.0
2019-11-01 12:52:06,pm10,0.0
2019-11-01 12:53:06,pm2.5,0.0
2019-11-01 12:53:06,pm10,0.0
2019-11-01 12:54:06,pm2.5,0.0
2019-11-01 12:54:06,pm10,0.0
2019-11-01 12:56:06,pm2.5,0.0
2019-11-01 12:56:06,pm10,0.0
2019-11-01 12:57:06,pm2.5,0.1
2019-11-01 12:57:06,pm10,0.1
2019-11-01 12:58:06,pm2.5,0.1
2019-11-01 12:58:06,pm10,0.2
2019-11-01 12:59:06,pm2.5,0.1
2019-11-01 12:59:06,pm10,0.1
2019-11-01 13:00:06,pm2.5,0.0
2019-11-01 13:00:06,pm10,0.0
2019-11-01 13:01:06,pm2.5,0.0
2019-11-01 13:01:06,pm10,0.0
2019-11-01 13:02:06,pm2.5,0.1
2019-11-01 13:02:06,pm10,0.2
2019-11-01 13:03:06,pm2.5,0.0
2019-11-01 13:03:06,pm10,0.0
2019-11-01 13:04:06,pm2.5,0.0
2019-11-01 13:04:06,pm10,0.0
2019-11-01 13:05:06,pm2.5,0.0
2019-11-01 13:05:06,pm10,0.0
2019-11-01 13:06:06,pm2.5,0.1
2019-11-01 13:06:06,pm10,0.7
2019-11-01 13:07:06,pm2.5,0.0
2019-11-01 13:07:06,pm10,0.0
2019-11-01 13:08:06,pm2.5,0.0
2019-11-01 13:08:07,pm10,0.0
2019-11-01 13:09:06,pm2.5,0.1
2019-11-01 13:09:07,pm10,0.1
2019-11-01 13:10:05,pm2.5,0.1
2019-11-01 13:10:06,pm10,0.1
2019-11-01 13:11:06,pm2.5,0.0
2019-11-01 13:11:06,pm10,0.0
2019-11-01 13:12:06,pm2.5,0.0
2019-11-01 13:12:06,pm10,0.2
2019-11-01 13:13:06,pm2.5,0.1
2019-11-01 13:13:06,pm10,0.3
2019-11-01 13:14:06,pm2.5,0.0
2019-11-01 13:14:06,pm10,0.0
2019-11-01 13:15:06,pm2.5,0.0
2019-11-01 13:15:06,pm10,0.0
2019-11-01 13:16:06,pm2.5,0.0
2019-11-01 13:16:06,pm10,0.0
2019-11-01 13:17:06,pm2.5,0.0
2019-11-01 13:17:06,pm10,0.0
2019-11-01 13:18:06,pm2.5,0.1
2019-11-01 13:18:06,pm10,0.1
2019-11-01 13:19:06,pm2.5,0.0
2019-11-01 13:19:06,pm10,0.0
2019-11-01 13:20:06,pm2.5,0.0
2019-11-01 13:20:06,pm10,0.0
2019-11-01 13:21:06,pm2.5,0.1
2019-11-01 13:21:06,pm10,0.1
2019-11-01 13:22:06,pm2.5,0.1
2019-11-01 13:22:06,pm10,0.1
2019-11-01 13:23:06,pm2.5,0.1
2019-11-01 13:23:07,pm10,0.1
2019-11-01 13:24:06,pm2.5,0.1
2019-11-01 13:24:07,pm10,0.1
2019-11-01 13:25:06,pm2.5,0.1
2019-11-01 13:25:06,pm10,0.1
2019-11-01 13:26:06,pm2.5,0.1
2019-11-01 13:26:06,pm10,0.1
2019-11-01 13:27:06,pm2.5,0.1
2019-11-01 13:27:06,pm10,0.1
2019-11-01 13:28:06,pm2.5,0.1
2019-11-01 13:28:06,pm10,0.1
2019-11-01 13:29:06,pm2.5,0.0
2019-11-01 13:29:06,pm10,0.0
2019-11-01 13:30:06,pm2.5,0.1
2019-11-01 13:30:06,pm10,0.1
2019-11-01 13:31:06,pm2.5,0.1
2019-11-01 13:31:06,pm10,0.1
2019-11-01 13:32:06,pm2.5,0.1
2019-11-01 13:32:06,pm10,0.1
2019-11-01 13:33:06,pm2.5,0.1
2019-11-01 13:33:06,pm10,0.1
2019-11-01 13:34:06,pm2.5,0.1
2019-11-01 13:34:06,pm10,0.1
2019-11-01 13:35:06,pm2.5,0.1
2019-11-01 13:35:06,pm10,0.1
2019-11-01 13:36:05,pm2.5,0.1
2019-11-01 13:36:06,pm10,0.1
2019-11-01 13:37:06,pm2.5,0.1
2019-11-01 13:37:06,pm10,0.1
2019-11-01 13:38:06,pm2.5,0.0
2019-11-01 13:38:07,pm10,0.0
2019-11-01 13:39:06,pm2.5,0.0
2019-11-01 13:39:07,pm10,0.0
2019-11-01 13:41:06,pm2.5,0.1
2019-11-01 13:41:06,pm10,0.1
2019-11-01 13:42:06,pm2.5,0.1
2019-11-01 13:42:06,pm10,0.1
2019-11-01 13:43:06,pm2.5,0.1
2019-11-01 13:43:06,pm10,0.1
2019-11-01 13:44:06,pm2.5,0.1
2019-11-01 13:44:06,pm10,0.1
2019-11-01 13:45:06,pm2.5,0.1
2019-11-01 13:45:06,pm10,0.1
2019-11-01 13:46:06,pm2.5,0.1
2019-11-01 13:46:06,pm10,0.1
2019-11-01 13:47:06,pm2.5,0.1
2019-11-01 13:47:06,pm10,0.1
2019-11-01 13:48:06,pm2.5,0.1
2019-11-01 13:48:06,pm10,0.1
2019-11-01 13:49:06,pm2.5,0.1
2019-11-01 13:49:07,pm10,0.1
2019-11-01 13:50:06,pm2.5,0.1
2019-11-01 13:50:06,pm10,0.1
2019-11-01 13:52:42,pm2.5,0.1
2019-11-01 13:52:42,pm10,0.1
2019-11-01 13:52:46,pm2.5,0.1
2019-11-01 13:52:47,pm10,0.1
2019-11-01 13:53:06,pm2.5,0.1
2019-11-01 13:53:06,pm10,0.1
2019-11-01 13:54:06,pm2.5,0.0
2019-11-01 13:54:07,pm10,0.0
2019-11-01 13:55:06,pm2.5,0.1
2019-11-01 13:55:07,pm10,0.1
2019-11-01 13:57:06,pm2.5,0.0
2019-11-01 13:57:06,pm10,0.0
2019-11-01 13:58:06,pm2.5,0.0
2019-11-01 13:58:06,pm10,0.0
2019-11-01 13:59:06,pm2.5,0.1
2019-11-01 13:59:06,pm10,0.1
2019-11-01 14:00:06,pm2.5,0.1
2019-11-01 14:00:06,pm10,0.1
2019-11-01 14:01:06,pm2.5,0.0
2019-11-01 14:01:06,pm10,0.0
2019-11-01 14:02:06,pm2.5,0.1
2019-11-01 14:02:06,pm10,0.1
2019-11-01 14:03:06,pm2.5,0.1
2019-11-01 14:03:06,pm10,0.1
2019-11-01 14:04:06,pm2.5,0.1
2019-11-01 14:04:06,pm10,0.1
2019-11-01 14:05:06,pm2.5,0.1
2019-11-01 14:05:06,pm10,0.1
2019-11-01 14:06:06,pm2.5,0.0
2019-11-01 14:06:06,pm10,0.0
2019-11-01 14:07:06,pm2.5,0.1
2019-11-01 14:07:06,pm10,0.1
2019-11-01 14:08:06,pm2.5,0.1
2019-11-01 14:08:06,pm10,0.1
2019-11-01 14:09:06,pm2.5,0.1
2019-11-01 14:09:06,pm10,0.2
2019-11-01 14:10:06,pm2.5,0.1
2019-11-01 14:10:06,pm10,0.2
2019-11-01 14:11:06,pm2.5,0.1
2019-11-01 14:11:07,pm10,0.1
2019-11-01 14:12:06,pm2.5,0.1
2019-11-01 14:12:06,pm10,0.1
2019-11-01 14:13:06,pm2.5,0.1
2019-11-01 14:13:06,pm10,0.1
2019-11-01 14:14:06,pm2.5,0.0
2019-11-01 14:14:06,pm10,0.0
2019-11-01 14:15:06,pm2.5,0.1
2019-11-01 14:15:06,pm10,0.1
2019-11-01 14:16:06,pm2.5,0.0
2019-11-01 14:16:06,pm10,0.0
2019-11-01 14:17:06,pm2.5,0.0
2019-11-01 14:17:06,pm10,0.0
2019-11-01 14:18:06,pm2.5,0.1
2019-11-01 14:18:06,pm10,0.1
2019-11-01 14:19:06,pm2.5,0.1
2019-11-01 14:19:06,pm10,0.1
2019-11-01 14:20:06,pm2.5,0.1
2019-11-01 14:20:06,pm10,0.1
2019-11-01 14:21:06,pm2.5,0.1
2019-11-01 14:21:06,pm10,0.1
2019-11-01 14:22:06,pm2.5,0.0
2019-11-01 14:22:06,pm10,0.0
2019-11-01 14:23:06,pm2.5,0.1
2019-11-01 14:23:06,pm10,0.1
2019-11-01 14:24:06,pm2.5,0.0
2019-11-01 14:24:06,pm10,0.0
2019-11-01 14:25:06,pm2.5,0.0
2019-11-01 14:25:06,pm10,0.0
2019-11-01 14:26:06,pm2.5,0.1
2019-11-01 14:26:06,pm10,0.3
2019-11-01 14:27:06,pm2.5,0.0
2019-11-01 14:27:07,pm10,0.0
2019-11-01 14:29:06,pm2.5,0.1
2019-11-01 14:29:06,pm10,0.1
2019-11-01 14:30:06,pm2.5,0.1
2019-11-01 14:30:06,pm10,0.2
2019-11-01 14:31:06,pm2.5,0.1
2019-11-01 14:31:06,pm10,0.1
2019-11-01 14:32:06,pm2.5,0.1
2019-11-01 14:32:06,pm10,0.2
2019-11-01 14:33:06,pm2.5,0.1
2019-11-01 14:33:06,pm10,0.2
2019-11-01 14:34:06,pm2.5,0.0
2019-11-01 14:34:06,pm10,0.0
2019-11-01 14:35:06,pm2.5,0.1
2019-11-01 14:35:06,pm10,0.1
2019-11-01 14:36:06,pm2.5,0.1
2019-11-01 14:36:06,pm10,0.3
2019-11-01 14:37:06,pm2.5,0.1
2019-11-01 14:37:06,pm10,0.1
2019-11-01 14:38:06,pm2.5,0.1
2019-11-01 14:38:06,pm10,0.2
2019-11-01 14:39:06,pm2.5,0.1
2019-11-01 14:39:06,pm10,0.1
2019-11-01 14:40:06,pm2.5,0.1
2019-11-01 14:40:06,pm10,0.1
2019-11-01 14:41:06,pm2.5,0.1
2019-11-01 14:41:06,pm10,0.1
2019-11-01 14:42:06,pm2.5,0.1
2019-11-01 14:42:06,pm10,0.1
2019-11-01 14:43:06,pm2.5,0.0
2019-11-01 14:43:07,pm10,0.0
2019-11-01 14:44:06,pm2.5,0.1
2019-11-01 14:44:07,pm10,0.1
2019-11-01 14:45:06,pm2.5,0.0
2019-11-01 14:45:06,pm10,0.0
2019-11-01 14:46:06,pm2.5,0.1
2019-11-01 14:46:06,pm10,0.1
2019-11-01 14:47:06,pm2.5,0.1
2019-11-01 14:47:06,pm10,0.1
2019-11-01 14:48:06,pm2.5,0.1
2019-11-01 14:48:06,pm10,0.1
2019-11-01 14:49:06,pm2.5,0.1
2019-11-01 14:49:06,pm10,1.5
2019-11-01 14:50:06,pm2.5,0.1
2019-11-01 14:50:06,pm10,0.1
2019-11-01 14:51:06,pm2.5,0.1
2019-11-01 14:51:06,pm10,0.1
2019-11-01 14:52:06,pm2.5,0.0
2019-11-01 14:52:06,pm10,0.0
2019-11-01 14:53:06,pm2.5,0.1
2019-11-01 14:53:06,pm10,0.1
2019-11-01 14:54:06,pm2.5,0.1
2019-11-01 14:54:06,pm10,0.1
2019-11-01 14:55:06,pm2.5,0.1
2019-11-01 14:55:06,pm10,0.2
2019-11-01 14:56:06,pm2.5,0.0
2019-11-01 14:56:06,pm10,0.0
2019-11-01 14:57:06,pm2.5,0.0
2019-11-01 14:57:06,pm10,0.0
2019-11-01 14:58:06,pm2.5,0.0
2019-11-01 14:58:07,pm10,0.0
2019-11-01 14:59:06,pm2.5,0.0
2019-11-01 14:59:07,pm10,0.0
2019-11-01 15:01:06,pm2.5,0.1
2019-11-01 15:01:06,pm10,0.1
2019-11-01 15:02:06,pm2.5,0.1
2019-11-01 15:02:06,pm10,0.1
2019-11-01 15:03:06,pm2.5,0.0
2019-11-01 15:03:06,pm10,0.0
2019-11-01 15:04:06,pm2.5,0.1
2019-11-01 15:04:06,pm10,0.1
2019-11-01 15:05:06,pm2.5,0.1
2019-11-01 15:05:06,pm10,0.1
2019-11-01 15:06:06,pm2.5,0.1
2019-11-01 15:06:06,pm10,0.1
2019-11-01 15:07:06,pm2.5,0.1
2019-11-01 15:07:06,pm10,0.1
2019-11-01 15:08:06,pm2.5,0.0
2019-11-01 15:08:06,pm10,0.0
2019-11-01 15:09:06,pm2.5,0.1
2019-11-01 15:09:06,pm10,0.1
2019-11-01 15:10:06,pm2.5,0.1
2019-11-01 15:10:06,pm10,0.1
2019-11-01 15:11:06,pm2.5,0.1
2019-11-01 15:11:07,pm10,0.1
2019-11-01 15:12:06,pm2.5,0.0
2019-11-01 15:12:06,pm10,0.0
2019-11-01 15:13:05,pm2.5,0.0
2019-11-01 15:13:06,pm10,0.0
2019-11-01 15:14:06,pm2.5,0.1
2019-11-01 15:14:06,pm10,0.1
2019-11-01 15:15:06,pm2.5,0.0
2019-11-01 15:15:06,pm10,0.0
2019-11-01 15:16:06,pm2.5,0.0
2019-11-01 15:16:07,pm10,0.0
2019-11-01 15:17:05,pm2.5,0.1
2019-11-01 15:17:06,pm10,0.1
2019-11-01 15:18:06,pm2.5,0.0
2019-11-01 15:18:06,pm10,0.0
2019-11-01 15:19:06,pm2.5,0.1
2019-11-01 15:19:06,pm10,0.1
2019-11-01 15:20:06,pm2.5,0.0
2019-11-01 15:20:06,pm10,0.0
2019-11-01 15:21:06,pm2.5,0.0
2019-11-01 15:21:06,pm10,0.0
2019-11-01 15:22:06,pm2.5,0.1
2019-11-01 15:22:06,pm10,0.1
2019-11-01 15:23:06,pm2.5,0.1
2019-11-01 15:23:06,pm10,0.3
2019-11-01 15:24:06,pm2.5,0.0
2019-11-01 15:24:06,pm10,0.0
2019-11-01 15:25:06,pm2.5,0.0
2019-11-01 15:25:06,pm10,0.0
2019-11-01 15:26:06,pm2.5,0.0
2019-11-01 15:26:06,pm10,0.0
2019-11-01 15:27:06,pm2.5,0.1
2019-11-01 15:27:06,pm10,0.1
2019-11-01 15:28:06,pm2.5,0.1
2019-11-01 15:28:06,pm10,0.2
2019-11-01 15:29:06,pm2.5,0.0
2019-11-01 15:29:06,pm10,0.0
2019-11-01 15:30:06,pm2.5,0.1
2019-11-01 15:30:06,pm10,0.1
2019-11-01 15:31:06,pm2.5,0.1
2019-11-01 15:31:06,pm10,0.1
2019-11-01 15:32:06,pm2.5,0.1
2019-11-01 15:32:07,pm10,0.1
2019-11-01 15:34:06,pm2.5,0.1
2019-11-01 15:34:06,pm10,0.2
2019-11-01 15:35:06,pm2.5,0.1
2019-11-01 15:35:06,pm10,0.1
2019-11-01 15:36:06,pm2.5,0.1
2019-11-01 15:36:06,pm10,0.7
2019-11-01 15:37:06,pm2.5,0.0
2019-11-01 15:37:06,pm10,0.0
2019-11-01 15:38:06,pm2.5,0.0
2019-11-01 15:38:06,pm10,0.0
2019-11-01 15:39:06,pm2.5,0.1
2019-11-01 15:39:06,pm10,0.1
2019-11-01 15:40:06,pm2.5,0.1
2019-11-01 15:40:06,pm10,0.1
2019-11-01 15:41:06,pm2.5,0.0
2019-11-01 15:41:06,pm10,0.0
2019-11-01 15:42:06,pm2.5,0.1
2019-11-01 15:42:06,pm10,0.1
2019-11-01 15:43:06,pm2.5,0.0
2019-11-01 15:43:06,pm10,0.0
2019-11-01 15:44:06,pm2.5,0.1
2019-11-01 15:44:06,pm10,0.1
2019-11-01 15:45:06,pm2.5,0.0
2019-11-01 15:45:06,pm10,0.0
2019-11-01 15:46:06,pm2.5,0.1
2019-11-01 15:46:06,pm10,0.1
2019-11-01 15:47:06,pm2.5,0.1
2019-11-01 15:47:06,pm10,0.1
2019-11-01 15:48:06,pm2.5,0.0
2019-11-01 15:48:07,pm10,0.0
2019-11-01 15:49:05,pm2.5,0.1
2019-11-01 15:49:06,pm10,0.1
2019-11-01 15:50:06,pm2.5,0.0
2019-11-01 15:50:06,pm10,0.0
2019-11-01 15:51:06,pm2.5,0.0
2019-11-01 15:51:06,pm10,0.0
2019-11-01 15:52:06,pm2.5,0.1
2019-11-01 15:52:06,pm10,0.2
2019-11-01 15:53:06,pm2.5,0.0
2019-11-01 15:53:06,pm10,0.0
2019-11-01 15:54:06,pm2.5,0.0
2019-11-01 15:54:06,pm10,0.1
2019-11-01 15:55:06,pm2.5,0.1
2019-11-01 15:55:06,pm10,0.1
2019-11-01 15:56:06,pm2.5,0.0
2019-11-01 15:56:06,pm10,0.0
2019-11-01 15:57:06,pm2.5,0.1
2019-11-01 15:57:06,pm10,0.1
2019-11-01 15:58:06,pm2.5,0.1
2019-11-01 15:58:06,pm10,0.1
2019-11-01 15:59:06,pm2.5,0.1
2019-11-01 15:59:06,pm10,0.1
2019-11-01 16:00:06,pm2.5,0.1
2019-11-01 16:00:06,pm10,0.1
2019-11-01 16:01:06,pm2.5,0.1
2019-11-01 16:01:06,pm10,0.2
2019-11-01 16:02:06,pm2.5,0.1
2019-11-01 16:02:06,pm10,0.1
2019-11-01 16:03:06,pm2.5,0.0
2019-11-01 16:03:07,pm10,0.0
2019-11-01 16:04:06,pm2.5,0.1
2019-11-01 16:04:06,pm10,0.1
2019-11-01 16:05:06,pm2.5,0.1
2019-11-01 16:05:06,pm10,0.2
2019-11-01 16:06:06,pm2.5,0.1
2019-11-01 16:06:06,pm10,0.1
2019-11-01 16:07:06,pm2.5,0.0
2019-11-01 16:07:06,pm10,0.0
2019-11-01 16:08:06,pm2.5,0.1
2019-11-01 16:08:06,pm10,1.5
2019-11-01 16:09:06,pm2.5,0.0
2019-11-01 16:09:06,pm10,0.2
2019-11-01 16:10:06,pm2.5,0.1
2019-11-01 16:10:06,pm10,0.1
2019-11-01 16:11:06,pm2.5,0.0
2019-11-01 16:11:06,pm10,0.0
2019-11-01 16:12:06,pm2.5,0.0
2019-11-01 16:12:06,pm10,0.0
2019-11-01 16:13:06,pm2.5,0.1
2019-11-01 16:13:06,pm10,0.1
2019-11-01 16:14:06,pm2.5,0.1
2019-11-01 16:14:06,pm10,0.1
2019-11-01 16:15:06,pm2.5,0.0
2019-11-01 16:15:06,pm10,0.0
2019-11-01 16:16:06,pm2.5,0.0
2019-11-01 16:16:06,pm10,0.0
2019-11-01 16:17:06,pm2.5,0.0
2019-11-01 16:17:06,pm10,0.0
2019-11-01 16:18:06,pm2.5,0.0
2019-11-01 16:18:07,pm10,0.0
2019-11-01 16:19:06,pm2.5,0.0
2019-11-01 16:19:07,pm10,0.0
2019-11-01 16:20:06,pm2.5,0.0
2019-11-01 16:20:06,pm10,0.0
2019-11-01 16:21:06,pm2.5,0.0
2019-11-01 16:21:06,pm10,0.0
2019-11-01 16:22:06,pm2.5,0.0
2019-11-01 16:22:06,pm10,0.0
2019-11-01 16:23:06,pm2.5,0.1
2019-11-01 16:23:06,pm10,0.1
2019-11-01 16:24:06,pm2.5,0.1
2019-11-01 16:24:06,pm10,0.1
2019-11-01 16:25:06,pm2.5,0.0
2019-11-01 16:25:06,pm10,0.0
2019-11-01 16:26:06,pm2.5,0.0
2019-11-01 16:26:06,pm10,0.0
2019-11-01 16:27:06,pm2.5,0.0
2019-11-01 16:27:06,pm10,0.0
2019-11-01 16:28:06,pm2.5,0.0
2019-11-01 16:28:06,pm10,0.0
2019-11-01 16:29:06,pm2.5,0.1
2019-11-01 16:29:06,pm10,0.1
2019-11-01 16:30:06,pm2.5,0.1
2019-11-01 16:30:07,pm10,0.4
2019-11-01 16:31:06,pm2.5,0.0
2019-11-01 16:31:06,pm10,0.0
2019-11-01 16:32:06,pm2.5,0.0
2019-11-01 16:32:06,pm10,0.0
2019-11-01 16:33:06,pm2.5,0.1
2019-11-01 16:33:06,pm10,0.1
2019-11-01 16:34:06,pm2.5,0.1
2019-11-01 16:34:07,pm10,0.1
2019-11-01 16:35:06,pm2.5,0.0
2019-11-01 16:35:06,pm10,0.0
2019-11-01 16:36:06,pm2.5,0.1
2019-11-01 16:36:06,pm10,0.1
2019-11-01 16:37:06,pm2.5,0.1
2019-11-01 16:37:06,pm10,0.2
2019-11-01 16:38:06,pm2.5,0.1
2019-11-01 16:38:06,pm10,0.1
2019-11-01 16:39:06,pm2.5,0.1
2019-11-01 16:39:06,pm10,0.1
2019-11-01 16:40:06,pm2.5,0.1
2019-11-01 16:40:06,pm10,0.1
2019-11-01 16:41:06,pm2.5,0.1
2019-11-01 16:41:06,pm10,0.1
2019-11-01 16:42:06,pm2.5,0.1
2019-11-01 16:42:06,pm10,0.1
2019-11-01 16:43:06,pm2.5,0.1
2019-11-01 16:43:06,pm10,0.2
2019-11-01 16:44:06,pm2.5,0.1
2019-11-01 16:44:06,pm10,0.1
2019-11-01 16:45:06,pm2.5,0.1
2019-11-01 16:45:06,pm10,0.9
2019-11-01 16:46:06,pm2.5,0.0
2019-11-01 16:46:06,pm10,0.0
2019-11-01 16:47:06,pm2.5,0.1
2019-11-01 16:47:06,pm10,0.1
2019-11-01 16:48:06,pm2.5,0.0
2019-11-01 16:48:07,pm10,0.0
2019-11-01 16:49:06,pm2.5,0.0
2019-11-01 16:49:07,pm10,0.0
2019-11-01 16:50:06,pm2.5,0.1
2019-11-01 16:50:06,pm10,0.1
2019-11-01 16:51:06,pm2.5,0.0
2019-11-01 16:51:06,pm10,0.0
2019-11-01 16:52:06,pm2.5,0.1
2019-11-01 16:52:06,pm10,0.1
2019-11-01 16:53:06,pm2.5,0.1
2019-11-01 16:53:06,pm10,0.1
2019-11-01 16:54:06,pm2.5,0.1
2019-11-01 16:54:06,pm10,0.1
2019-11-01 16:55:06,pm2.5,0.1
2019-11-01 16:55:06,pm10,0.1
2019-11-01 16:56:06,pm2.5,0.0
2019-11-01 16:56:06,pm10,0.0
2019-11-01 16:57:06,pm2.5,0.1
2019-11-01 16:57:06,pm10,0.1
2019-11-01 16:58:06,pm2.5,0.1
2019-11-01 16:58:06,pm10,0.1
2019-11-01 16:59:06,pm2.5,0.0
2019-11-01 16:59:06,pm10,0.0
2019-11-01 17:00:06,pm2.5,0.1
2019-11-01 17:00:06,pm10,0.1
2019-11-01 17:01:06,pm2.5,0.1
2019-11-01 17:01:06,pm10,0.1
2019-11-01 17:02:06,pm2.5,0.0
2019-11-01 17:02:06,pm10,0.0
2019-11-01 17:03:06,pm2.5,0.1
2019-11-01 17:03:07,pm10,0.1
2019-11-01 17:04:06,pm2.5,0.1
2019-11-01 17:04:07,pm10,0.3
2019-11-01 17:05:06,pm2.5,0.0
2019-11-01 17:05:06,pm10,0.0
2019-11-01 17:06:06,pm2.5,0.1
2019-11-01 17:06:06,pm10,0.1
2019-11-01 17:07:06,pm2.5,0.0
2019-11-01 17:07:06,pm10,0.0
2019-11-01 17:08:06,pm2.5,0.0
2019-11-01 17:08:06,pm10,0.0
2019-11-01 17:09:06,pm2.5,0.0
2019-11-01 17:09:06,pm10,0.0
2019-11-01 17:10:06,pm2.5,0.0
2019-11-01 17:10:06,pm10,0.0
2019-11-01 17:11:06,pm2.5,0.1
2019-11-01 17:11:06,pm10,0.1
2019-11-01 17:12:06,pm2.5,0.0
2019-11-01 17:12:06,pm10,0.0
2019-11-01 17:13:06,pm2.5,0.1
2019-11-01 17:13:06,pm10,0.2
2019-11-01 17:14:06,pm2.5,0.0
2019-11-01 17:14:06,pm10,0.0
2019-11-01 17:15:06,pm2.5,0.1
2019-11-01 17:15:06,pm10,0.1
2019-11-01 17:16:06,pm2.5,0.1
2019-11-01 17:16:06,pm10,0.1
2019-11-01 17:17:06,pm2.5,0.0
2019-11-01 17:17:06,pm10,0.0
2019-11-01 17:18:06,pm2.5,0.0
2019-11-01 17:18:06,pm10,0.0
2019-11-01 17:19:06,pm2.5,0.0
2019-11-01 17:19:07,pm10,0.0
2019-11-01 17:20:06,pm2.5,0.0
2019-11-01 17:20:07,pm10,0.0
2019-11-01 17:21:06,pm2.5,0.1
2019-11-01 17:21:06,pm10,0.1
2019-11-01 17:22:06,pm2.5,0.0
2019-11-01 17:22:06,pm10,0.0
2019-11-01 17:23:06,pm2.5,0.0
2019-11-01 17:23:06,pm10,0.0
2019-11-01 17:24:06,pm2.5,0.0
2019-11-01 17:24:06,pm10,0.0
2019-11-01 17:25:06,pm2.5,0.0
2019-11-01 17:25:06,pm10,0.0
2019-11-01 17:26:06,pm2.5,0.0
2019-11-01 17:26:06,pm10,0.0
2019-11-01 17:27:06,pm2.5,0.1
2019-11-01 17:27:06,pm10,0.1
2019-11-01 17:28:06,pm2.5,0.1
2019-11-01 17:28:06,pm10,0.1
2019-11-01 17:29:06,pm2.5,0.1
2019-11-01 17:29:06,pm10,0.1
2019-11-01 17:30:06,pm2.5,0.1
2019-11-01 17:30:06,pm10,0.1
2019-11-01 17:31:06,pm2.5,0.0
2019-11-01 17:31:06,pm10,0.0
2019-11-01 17:32:06,pm2.5,0.0
2019-11-01 17:32:06,pm10,0.0
2019-11-01 17:33:06,pm2.5,0.0
2019-11-01 17:33:06,pm10,0.0
2019-11-01 17:34:06,pm2.5,0.1
2019-11-01 17:34:06,pm10,0.1
2019-11-01 17:35:06,pm2.5,0.0
2019-11-01 17:35:07,pm10,0.0
2019-11-01 17:36:06,pm2.5,0.1
2019-11-01 17:36:07,pm10,0.1
2019-11-01 17:37:05,pm2.5,0.1
2019-11-01 17:37:06,pm10,0.1
2019-11-01 17:38:06,pm2.5,0.1
2019-11-01 17:38:06,pm10,0.1
2019-11-01 17:39:06,pm2.5,0.0
2019-11-01 17:39:06,pm10,0.0
2019-11-01 17:40:06,pm2.5,0.1
2019-11-01 17:40:06,pm10,0.1
2019-11-01 17:41:06,pm2.5,0.1
2019-11-01 17:41:06,pm10,0.1
2019-11-01 17:42:06,pm2.5,0.1
2019-11-01 17:42:06,pm10,0.2
2019-11-01 17:43:06,pm2.5,0.1
2019-11-01 17:43:06,pm10,0.2
2019-11-01 17:44:06,pm2.5,0.1
2019-11-01 17:44:06,pm10,0.1
2019-11-01 17:45:06,pm2.5,0.1
2019-11-01 17:45:06,pm10,0.1
2019-11-01 17:46:06,pm2.5,0.1
2019-11-01 17:46:06,pm10,0.1
2019-11-01 17:47:06,pm2.5,0.1
2019-11-01 17:47:06,pm10,0.1
2019-11-01 17:48:06,pm2.5,0.1
2019-11-01 17:48:06,pm10,0.1
2019-11-01 17:49:06,pm2.5,0.1
2019-11-01 17:49:06,pm10,0.1
2019-11-01 17:50:06,pm2.5,0.0
2019-11-01 17:50:06,pm10,0.0
2019-11-01 17:51:06,pm2.5,0.0
2019-11-01 17:51:07,pm10,0.0
2019-11-01 17:52:05,pm2.5,0.0
2019-11-01 17:52:06,pm10,0.0
2019-11-01 17:53:06,pm2.5,0.1
2019-11-01 17:53:06,pm10,0.1
2019-11-01 17:54:06,pm2.5,0.1
2019-11-01 17:54:06,pm10,0.1
2019-11-01 17:55:06,pm2.5,0.1
2019-11-01 17:55:06,pm10,0.1
2019-11-01 17:56:06,pm2.5,0.1
2019-11-01 17:56:06,pm10,0.1
2019-11-01 17:57:06,pm2.5,0.1
2019-11-01 17:57:06,pm10,0.2
2019-11-01 17:58:06,pm2.5,0.0
2019-11-01 17:58:06,pm10,0.0
2019-11-01 17:59:06,pm2.5,0.0
2019-11-01 17:59:06,pm10,0.0
2019-11-01 18:00:06,pm2.5,0.0
2019-11-01 18:00:06,pm10,0.0
2019-11-01 18:01:06,pm2.5,0.0
2019-11-01 18:01:06,pm10,0.0
2019-11-01 18:02:06,pm2.5,0.0
2019-11-01 18:02:06,pm10,0.0
2019-11-01 18:03:06,pm2.5,0.1
2019-11-01 18:03:06,pm10,0.2
2019-11-01 18:04:06,pm2.5,0.1
2019-11-01 18:04:06,pm10,0.1
2019-11-01 18:05:06,pm2.5,0.1
2019-11-01 18:05:06,pm10,0.4
2019-11-01 18:06:06,pm2.5,0.1
2019-11-01 18:06:06,pm10,0.1
2019-11-01 18:07:06,pm2.5,0.1
2019-11-01 18:07:07,pm10,0.1
2019-11-01 18:08:06,pm2.5,0.1
2019-11-01 18:08:06,pm10,0.1
2019-11-01 18:09:06,pm2.5,0.1
2019-11-01 18:09:06,pm10,0.1
2019-11-01 18:10:06,pm2.5,0.1
2019-11-01 18:10:06,pm10,0.2
2019-11-01 18:11:06,pm2.5,0.0
2019-11-01 18:11:06,pm10,0.0
2019-11-01 18:12:06,pm2.5,0.0
2019-11-01 18:12:06,pm10,0.0
2019-11-01 18:13:06,pm2.5,0.1
2019-11-01 18:13:06,pm10,0.1
2019-11-01 18:14:06,pm2.5,0.1
2019-11-01 18:14:06,pm10,0.1
2019-11-01 18:15:06,pm2.5,0.1
2019-11-01 18:15:06,pm10,0.1
2019-11-01 18:16:06,pm2.5,0.1
2019-11-01 18:16:06,pm10,0.3
2019-11-01 18:17:06,pm2.5,0.1
2019-11-01 18:17:06,pm10,0.3
2019-11-01 18:18:06,pm2.5,0.0
2019-11-01 18:18:06,pm10,0.0
2019-11-01 18:19:06,pm2.5,0.1
2019-11-01 18:19:06,pm10,0.2
2019-11-01 18:20:06,pm2.5,0.0
2019-11-01 18:20:06,pm10,0.0
2019-11-01 18:21:06,pm2.5,0.1
2019-11-01 18:21:06,pm10,0.1
2019-11-01 18:22:06,pm2.5,0.1
2019-11-01 18:22:07,pm10,0.1
2019-11-01 18:23:06,pm2.5,0.1
2019-11-01 18:23:06,pm10,0.1
2019-11-01 18:24:06,pm2.5,0.1
2019-11-01 18:24:06,pm10,0.1
2019-11-01 18:25:06,pm2.5,0.1
2019-11-01 18:25:06,pm10,0.1
2019-11-01 18:26:06,pm2.5,0.1
2019-11-01 18:26:06,pm10,0.1
2019-11-01 18:27:06,pm2.5,0.1
2019-11-01 18:27:06,pm10,0.2
2019-11-01 18:28:06,pm2.5,0.1
2019-11-01 18:28:06,pm10,0.4
2019-11-01 18:29:06,pm2.5,0.1
2019-11-01 18:29:06,pm10,0.1
2019-11-01 18:30:06,pm2.5,0.0
2019-11-01 18:30:06,pm10,0.0
2019-11-01 18:31:06,pm2.5,0.1
2019-11-01 18:31:06,pm10,0.3
2019-11-01 18:32:06,pm2.5,0.1
2019-11-01 18:32:06,pm10,0.1
2019-11-01 18:33:06,pm2.5,0.0
2019-11-01 18:33:06,pm10,0.0
2019-11-01 18:34:06,pm2.5,0.0
2019-11-01 18:34:06,pm10,0.0
2019-11-01 18:35:06,pm2.5,0.1
2019-11-01 18:35:06,pm10,0.2
2019-11-01 18:36:06,pm2.5,0.1
2019-11-01 18:36:06,pm10,0.1
2019-11-01 18:37:06,pm2.5,0.0
2019-11-01 18:37:06,pm10,0.0
2019-11-01 18:38:06,pm2.5,0.0
2019-11-01 18:38:06,pm10,0.0
2019-11-01 18:39:06,pm2.5,0.1
2019-11-01 18:39:07,pm10,0.1
2019-11-01 18:40:06,pm2.5,0.1
2019-11-01 18:40:06,pm10,0.2
2019-11-01 18:41:06,pm2.5,0.1
2019-11-01 18:41:06,pm10,0.1
2019-11-01 18:42:06,pm2.5,0.0
2019-11-01 18:42:06,pm10,0.0
2019-11-01 18:43:06,pm2.5,0.1
2019-11-01 18:43:06,pm10,0.1
2019-11-01 18:44:06,pm2.5,0.1
2019-11-01 18:44:06,pm10,0.1
2019-11-01 18:45:06,pm2.5,0.1
2019-11-01 18:45:06,pm10,0.1
2019-11-01 18:46:06,pm2.5,0.1
2019-11-01 18:46:06,pm10,0.1
2019-11-01 18:47:06,pm2.5,0.1
2019-11-01 18:47:06,pm10,0.1
2019-11-01 18:48:06,pm2.5,0.1
2019-11-01 18:48:06,pm10,0.1
2019-11-01 18:49:06,pm2.5,0.1
2019-11-01 18:49:06,pm10,0.1
2019-11-01 18:50:06,pm2.5,0.1
2019-11-01 18:50:06,pm10,0.1
2019-11-01 18:51:06,pm2.5,0.1
2019-11-01 18:51:06,pm10,0.1
2019-11-01 18:52:06,pm2.5,0.1
2019-11-01 18:52:06,pm10,0.1
2019-11-01 18:53:06,pm2.5,0.1
2019-11-01 18:53:06,pm10,0.1
2019-11-01 18:54:06,pm2.5,0.1
2019-11-01 18:54:06,pm10,0.1
2019-11-01 18:55:06,pm2.5,0.1
2019-11-01 18:55:07,pm10,0.1
2019-11-01 18:56:06,pm2.5,0.0
2019-11-01 18:56:06,pm10,0.0
2019-11-01 18:57:06,pm2.5,0.1
2019-11-01 18:57:06,pm10,0.1
2019-11-01 18:58:06,pm2.5,0.1
2019-11-01 18:58:06,pm10,0.1
2019-11-01 18:59:06,pm2.5,0.1
2019-11-01 18:59:06,pm10,0.1
2019-11-01 19:00:06,pm2.5,0.1
2019-11-01 19:00:06,pm10,0.3
2019-11-01 19:01:06,pm2.5,0.1
2019-11-01 19:01:06,pm10,0.2
2019-11-01 19:02:06,pm2.5,0.1
2019-11-01 19:02:06,pm10,0.5
2019-11-01 19:03:06,pm2.5,0.1
2019-11-01 19:03:06,pm10,0.2
2019-11-01 19:04:06,pm2.5,0.0
2019-11-01 19:04:06,pm10,0.0
2019-11-01 19:05:06,pm2.5,0.1
2019-11-01 19:05:06,pm10,0.1
2019-11-01 19:06:06,pm2.5,0.1
2019-11-01 19:06:06,pm10,0.1
2019-11-01 19:07:06,pm2.5,0.1
2019-11-01 19:07:06,pm10,0.1
2019-11-01 19:08:06,pm2.5,0.1
2019-11-01 19:08:07,pm10,0.1
2019-11-01 19:09:06,pm2.5,0.1
2019-11-01 19:09:06,pm10,0.2
2019-11-01 19:10:06,pm2.5,0.1
2019-11-01 19:10:06,pm10,0.1
2019-11-01 19:11:06,pm2.5,0.1
2019-11-01 19:11:07,pm10,0.1
2019-11-01 19:12:05,pm2.5,0.0
2019-11-01 19:12:06,pm10,0.0
2019-11-01 19:13:06,pm2.5,0.1
2019-11-01 19:13:06,pm10,0.1
2019-11-01 19:14:06,pm2.5,0.1
2019-11-01 19:14:06,pm10,0.1
2019-11-01 19:15:06,pm2.5,0.1
2019-11-01 19:15:06,pm10,0.1
2019-11-01 19:16:06,pm2.5,0.1
2019-11-01 19:16:06,pm10,0.1
2019-11-01 19:17:06,pm2.5,0.0
2019-11-01 19:17:06,pm10,0.0
2019-11-01 19:18:06,pm2.5,0.0
2019-11-01 19:18:06,pm10,0.0
2019-11-01 19:19:06,pm2.5,0.1
2019-11-01 19:19:06,pm10,0.1
2019-11-01 19:20:06,pm2.5,0.1
2019-11-01 19:20:06,pm10,0.1
2019-11-01 19:21:06,pm2.5,0.1
2019-11-01 19:21:06,pm10,0.2
2019-11-01 19:22:06,pm2.5,0.0
2019-11-01 19:22:06,pm10,0.0
2019-11-01 19:23:06,pm2.5,0.1
2019-11-01 19:23:06,pm10,0.1
2019-11-01 19:24:06,pm2.5,0.0
2019-11-01 19:24:07,pm10,0.0
2019-11-01 19:25:06,pm2.5,0.1
2019-11-01 19:25:06,pm10,0.1
2019-11-01 19:26:06,pm2.5,0.0
2019-11-01 19:26:07,pm10,0.0
2019-11-01 19:27:06,pm2.5,0.0
2019-11-01 19:27:07,pm10,0.0
2019-11-01 19:28:06,pm2.5,0.0
2019-11-01 19:28:06,pm10,0.1
2019-11-01 19:29:06,pm2.5,0.1
2019-11-01 19:29:06,pm10,0.1
2019-11-01 19:30:06,pm2.5,0.1
2019-11-01 19:30:06,pm10,0.1
2019-11-01 19:31:06,pm2.5,0.0
2019-11-01 19:31:06,pm10,0.0
2019-11-01 19:32:06,pm2.5,0.1
2019-11-01 19:32:06,pm10,0.5
2019-11-01 19:33:06,pm2.5,0.0
2019-11-01 19:33:06,pm10,0.0
2019-11-01 19:34:06,pm2.5,0.1
2019-11-01 19:34:06,pm10,0.1
2019-11-01 19:35:06,pm2.5,0.0
2019-11-01 19:35:06,pm10,0.5
2019-11-01 19:36:06,pm2.5,0.1
2019-11-01 19:36:06,pm10,0.1
2019-11-01 19:37:06,pm2.5,0.0
2019-11-01 19:37:06,pm10,0.0
2019-11-01 19:38:06,pm2.5,0.1
2019-11-01 19:38:06,pm10,0.1
2019-11-01 19:39:06,pm2.5,0.0
2019-11-01 19:39:06,pm10,0.0
2019-11-01 19:40:06,pm2.5,0.1
2019-11-01 19:40:06,pm10,0.1
2019-11-01 19:41:06,pm2.5,0.1
2019-11-01 19:41:06,pm10,0.1
2019-11-01 19:42:06,pm2.5,0.1
2019-11-01 19:42:07,pm10,0.1
2019-11-01 19:44:06,pm2.5,0.1
2019-11-01 19:44:06,pm10,0.1
2019-11-01 19:45:06,pm2.5,0.0
2019-11-01 19:45:06,pm10,0.0
2019-11-01 19:46:06,pm2.5,0.1
2019-11-01 19:46:06,pm10,0.1
2019-11-01 19:47:06,pm2.5,0.0
2019-11-01 19:47:06,pm10,0.0
2019-11-01 19:48:06,pm2.5,0.1
2019-11-01 19:48:06,pm10,0.1
2019-11-01 19:49:06,pm2.5,0.0
2019-11-01 19:49:06,pm10,0.0
2019-11-01 19:50:06,pm2.5,0.0
2019-11-01 19:50:06,pm10,0.0
2019-11-01 19:51:06,pm2.5,0.0
2019-11-01 19:51:06,pm10,0.0
2019-11-01 19:52:06,pm2.5,0.0
2019-11-01 19:52:06,pm10,0.0
2019-11-01 19:53:06,pm2.5,0.0
2019-11-01 19:53:06,pm10,0.0
2019-11-01 19:54:06,pm2.5,0.0
2019-11-01 19:54:06,pm10,0.0
2019-11-01 19:55:06,pm2.5,0.0
2019-11-01 19:55:06,pm10,0.0
2019-11-01 19:56:06,pm2.5,0.1
2019-11-01 19:56:06,pm10,0.2
2019-11-01 19:57:06,pm2.5,0.1
2019-11-01 19:57:07,pm10,0.1
2019-11-01 19:58:06,pm2.5,0.1
2019-11-01 19:58:07,pm10,0.1
2019-11-01 19:59:06,pm2.5,0.1
2019-11-01 19:59:06,pm10,0.1
2019-11-01 20:00:06,pm2.5,0.1
2019-11-01 20:00:06,pm10,0.1
2019-11-01 20:01:06,pm2.5,0.1
2019-11-01 20:01:06,pm10,0.1
2019-11-01 20:02:06,pm2.5,0.0
2019-11-01 20:02:06,pm10,0.0
2019-11-01 20:03:06,pm2.5,0.0
2019-11-01 20:03:06,pm10,0.0
2019-11-01 20:04:06,pm2.5,0.0
2019-11-01 20:04:06,pm10,0.0
2019-11-01 20:05:06,pm2.5,0.0
2019-11-01 20:05:06,pm10,0.0
2019-11-01 20:06:06,pm2.5,0.1
2019-11-01 20:06:06,pm10,1.1
2019-11-01 20:07:06,pm2.5,0.1
2019-11-01 20:07:06,pm10,0.1
2019-11-01 20:08:06,pm2.5,0.1
2019-11-01 20:08:06,pm10,0.1
2019-11-01 20:09:06,pm2.5,0.1
2019-11-01 20:09:06,pm10,0.1
2019-11-01 20:10:06,pm2.5,0.1
2019-11-01 20:10:06,pm10,0.1
2019-11-01 20:11:06,pm2.5,0.1
2019-11-01 20:11:06,pm10,0.1
2019-11-01 20:12:06,pm2.5,0.1
2019-11-01 20:12:06,pm10,0.3
2019-11-01 20:13:06,pm2.5,0.0
2019-11-01 20:13:07,pm10,0.0
2019-11-01 20:14:06,pm2.5,0.1
2019-11-01 20:14:07,pm10,0.1
2019-11-01 20:15:06,pm2.5,0.1
2019-11-01 20:15:06,pm10,0.1
2019-11-01 20:16:06,pm2.5,0.1
2019-11-01 20:16:06,pm10,0.1
2019-11-01 20:17:06,pm2.5,0.1
2019-11-01 20:17:06,pm10,0.1
2019-11-01 20:18:06,pm2.5,0.1
2019-11-01 20:18:06,pm10,0.1
2019-11-01 20:19:06,pm2.5,0.1
2019-11-01 20:19:06,pm10,0.1
2019-11-01 20:20:06,pm2.5,0.1
2019-11-01 20:20:06,pm10,0.1
2019-11-01 20:21:06,pm2.5,0.1
2019-11-01 20:21:06,pm10,0.1
2019-11-01 20:22:06,pm2.5,0.1
2019-11-01 20:22:06,pm10,0.1
2019-11-01 20:23:06,pm2.5,0.1
2019-11-01 20:23:06,pm10,0.1
2019-11-01 20:24:06,pm2.5,0.1
2019-11-01 20:24:06,pm10,0.1
2019-11-01 20:25:06,pm2.5,0.1
2019-11-01 20:25:06,pm10,0.1
2019-11-01 20:26:05,pm2.5,0.1
2019-11-01 20:26:06,pm10,0.1
2019-11-01 20:27:06,pm2.5,0.1
2019-11-01 20:27:06,pm10,0.1
2019-11-01 20:28:06,pm2.5,0.0
2019-11-01 20:28:06,pm10,0.0
2019-11-01 20:29:06,pm2.5,0.1
2019-11-01 20:29:07,pm10,0.1
2019-11-01 20:30:06,pm2.5,0.1
2019-11-01 20:30:07,pm10,0.1
2019-11-01 20:31:06,pm2.5,0.1
2019-11-01 20:31:06,pm10,0.1
2019-11-01 20:32:06,pm2.5,0.1
2019-11-01 20:32:06,pm10,0.4
2019-11-01 20:33:06,pm2.5,0.1
2019-11-01 20:33:06,pm10,0.1
2019-11-01 20:34:06,pm2.5,0.0
2019-11-01 20:34:06,pm10,0.0
2019-11-01 20:35:06,pm2.5,0.1
2019-11-01 20:35:06,pm10,0.1
2019-11-01 20:36:06,pm2.5,0.0
2019-11-01 20:36:06,pm10,0.0
2019-11-01 20:37:06,pm2.5,0.0
2019-11-01 20:37:06,pm10,0.0
2019-11-01 20:38:06,pm2.5,0.0
2019-11-01 20:38:07,pm10,0.0
2019-11-01 20:39:06,pm2.5,0.0
2019-11-01 20:39:06,pm10,0.0
2019-11-01 20:40:06,pm2.5,0.0
2019-11-01 20:40:06,pm10,0.0
2019-11-01 20:41:06,pm2.5,0.0
2019-11-01 20:41:06,pm10,0.2
2019-11-01 20:42:06,pm2.5,0.0
2019-11-01 20:42:06,pm10,0.0
2019-11-01 20:43:06,pm2.5,0.0
2019-11-01 20:43:06,pm10,0.0
2019-11-01 20:44:06,pm2.5,0.1
2019-11-01 20:44:06,pm10,0.1
2019-11-01 20:45:06,pm2.5,0.0
2019-11-01 20:45:06,pm10,0.0
2019-11-01 20:46:06,pm2.5,0.1
2019-11-01 20:46:07,pm10,0.2
2019-11-01 20:47:06,pm2.5,0.1
2019-11-01 20:47:06,pm10,0.1
2019-11-01 20:48:06,pm2.5,0.0
2019-11-01 20:48:06,pm10,0.0
2019-11-01 20:49:06,pm2.5,0.1
2019-11-01 20:49:06,pm10,0.1
2019-11-01 20:50:06,pm2.5,0.0
2019-11-01 20:50:06,pm10,0.0
2019-11-01 20:51:06,pm2.5,0.0
2019-11-01 20:51:06,pm10,0.0
2019-11-01 20:52:06,pm2.5,0.1
2019-11-01 20:52:06,pm10,0.2
2019-11-01 20:53:06,pm2.5,0.1
2019-11-01 20:53:06,pm10,0.1
2019-11-01 20:54:06,pm2.5,0.1
2019-11-01 20:54:06,pm10,0.1
2019-11-01 20:55:06,pm2.5,0.1
2019-11-01 20:55:06,pm10,0.1
2019-11-01 20:56:06,pm2.5,0.0
2019-11-01 20:56:06,pm10,0.0
2019-11-01 20:57:06,pm2.5,0.1
2019-11-01 20:57:06,pm10,0.1
2019-11-01 20:58:06,pm2.5,0.1
2019-11-01 20:58:06,pm10,0.1
2019-11-01 20:59:06,pm2.5,0.0
2019-11-01 20:59:06,pm10,0.0
2019-11-01 21:00:06,pm2.5,0.1
2019-11-01 21:00:06,pm10,0.1
2019-11-01 21:01:06,pm2.5,0.0
2019-11-01 21:01:06,pm10,0.0
2019-11-01 21:02:06,pm2.5,0.1
2019-11-01 21:02:07,pm10,0.1
2019-11-01 21:03:06,pm2.5,0.0
2019-11-01 21:03:07,pm10,0.0
2019-11-01 21:04:06,pm2.5,0.0
2019-11-01 21:04:06,pm10,0.0
2019-11-01 21:05:06,pm2.5,0.1
2019-11-01 21:05:06,pm10,0.1
2019-11-01 21:06:06,pm2.5,0.1
2019-11-01 21:06:06,pm10,0.1
2019-11-01 21:07:06,pm2.5,0.0
2019-11-01 21:07:06,pm10,0.0
2019-11-01 21:08:06,pm2.5,0.1
2019-11-01 21:08:06,pm10,0.1
2019-11-01 21:09:06,pm2.5,0.0
2019-11-01 21:09:06,pm10,0.0
2019-11-01 21:10:06,pm2.5,0.1
2019-11-01 21:10:06,pm10,0.1
2019-11-01 21:11:06,pm2.5,0.1
2019-11-01 21:11:06,pm10,0.1
2019-11-01 21:12:06,pm2.5,0.1
2019-11-01 21:12:06,pm10,0.1
2019-11-01 21:13:06,pm2.5,0.1
2019-11-01 21:13:06,pm10,0.1
2019-11-01 21:14:06,pm2.5,0.1
2019-11-01 21:14:06,pm10,1.0
2019-11-01 21:15:06,pm2.5,0.0
2019-11-01 21:15:06,pm10,0.0
2019-11-01 21:16:06,pm2.5,0.1
2019-11-01 21:16:06,pm10,0.1
2019-11-01 21:17:06,pm2.5,0.1
2019-11-01 21:17:06,pm10,0.1
2019-11-01 21:18:06,pm2.5,0.1
2019-11-01 21:18:07,pm10,0.1
2019-11-01 21:19:05,pm2.5,0.1
2019-11-01 21:19:06,pm10,0.1
2019-11-01 21:20:06,pm2.5,0.0
2019-11-01 21:20:06,pm10,0.0
2019-11-01 21:21:06,pm2.5,0.1
2019-11-01 21:21:06,pm10,0.1
2019-11-01 21:22:06,pm2.5,0.1
2019-11-01 21:22:06,pm10,0.1
2019-11-01 21:23:06,pm2.5,0.0
2019-11-01 21:23:06,pm10,0.0
2019-11-01 21:24:06,pm2.5,0.0
2019-11-01 21:24:06,pm10,0.0
2019-11-01 21:25:06,pm2.5,0.0
2019-11-01 21:25:06,pm10,0.0
2019-11-01 21:26:06,pm2.5,0.0
2019-11-01 21:26:06,pm10,0.0
2019-11-01 21:27:06,pm2.5,0.1
2019-11-01 21:27:06,pm10,0.1
2019-11-01 21:28:06,pm2.5,0.1
2019-11-01 21:28:06,pm10,0.1
2019-11-01 21:29:06,pm2.5,0.1
2019-11-01 21:29:06,pm10,0.1
2019-11-01 21:30:06,pm2.5,0.1
2019-11-01 21:30:06,pm10,0.1
2019-11-01 21:31:06,pm2.5,0.1
2019-11-01 21:31:06,pm10,0.1
2019-11-01 21:32:06,pm2.5,0.1
2019-11-01 21:32:06,pm10,0.1
2019-11-01 21:33:06,pm2.5,0.1
2019-11-01 21:33:06,pm10,0.2
2019-11-01 21:34:06,pm2.5,0.1
2019-11-01 21:34:07,pm10,0.1
2019-11-01 21:36:06,pm2.5,0.0
2019-11-01 21:36:06,pm10,0.0
2019-11-01 21:37:06,pm2.5,0.1
2019-11-01 21:37:06,pm10,0.1
2019-11-01 21:38:06,pm2.5,0.1
2019-11-01 21:38:06,pm10,0.1
2019-11-01 21:39:06,pm2.5,0.1
2019-11-01 21:39:06,pm10,0.1
2019-11-01 21:40:06,pm2.5,0.0
2019-11-01 21:40:06,pm10,0.0
2019-11-01 21:41:06,pm2.5,0.1
2019-11-01 21:41:06,pm10,0.1
2019-11-01 21:42:06,pm2.5,0.0
2019-11-01 21:42:06,pm10,0.0
2019-11-01 21:43:06,pm2.5,0.1
2019-11-01 21:43:06,pm10,0.1
2019-11-01 21:44:06,pm2.5,0.1
2019-11-01 21:44:06,pm10,0.1
2019-11-01 21:45:06,pm2.5,0.1
2019-11-01 21:45:06,pm10,0.1
2019-11-01 21:46:06,pm2.5,0.0
2019-11-01 21:46:06,pm10,0.0
2019-11-01 21:47:06,pm2.5,0.1
2019-11-01 21:47:06,pm10,0.1
2019-11-01 21:48:06,pm2.5,0.1
2019-11-01 21:48:06,pm10,0.1
2019-11-01 21:49:06,pm2.5,0.1
2019-11-01 21:49:06,pm10,0.2
2019-11-01 21:50:06,pm2.5,0.0
2019-11-01 21:50:06,pm10,0.0
2019-11-01 21:51:06,pm2.5,0.0
2019-11-01 21:51:07,pm10,0.0
2019-11-01 21:52:05,pm2.5,0.1
2019-11-01 21:52:06,pm10,0.7
2019-11-01 21:53:06,pm2.5,0.1
2019-11-01 21:53:06,pm10,0.2
2019-11-01 21:54:06,pm2.5,0.1
2019-11-01 21:54:06,pm10,0.1
2019-11-01 21:55:06,pm2.5,0.1
2019-11-01 21:55:06,pm10,0.1
2019-11-01 21:56:06,pm2.5,0.0
2019-11-01 21:56:06,pm10,0.0
2019-11-01 21:57:06,pm2.5,0.1
2019-11-01 21:57:06,pm10,0.1
2019-11-01 21:58:06,pm2.5,0.1
2019-11-01 21:58:06,pm10,0.1
2019-11-01 21:59:06,pm2.5,0.0
2019-11-01 21:59:06,pm10,0.0
2019-11-01 22:00:06,pm2.5,0.0
2019-11-01 22:00:06,pm10,0.0
2019-11-01 22:01:06,pm2.5,0.1
2019-11-01 22:01:06,pm10,0.1
2019-11-01 22:02:06,pm2.5,0.1
2019-11-01 22:02:06,pm10,0.1
2019-11-01 22:03:06,pm2.5,0.1
2019-11-01 22:03:06,pm10,0.1
2019-11-01 22:04:06,pm2.5,0.1
2019-11-01 22:04:06,pm10,0.1
2019-11-01 22:05:06,pm2.5,0.1
2019-11-01 22:05:06,pm10,0.1
2019-11-01 22:06:06,pm2.5,0.0
2019-11-01 22:06:06,pm10,0.0
2019-11-01 22:07:06,pm2.5,0.0
2019-11-01 22:07:06,pm10,0.0
2019-11-01 22:08:06,pm2.5,0.1
2019-11-01 22:08:06,pm10,0.1
2019-11-01 22:09:06,pm2.5,0.1
2019-11-01 22:09:07,pm10,0.1
2019-11-01 22:10:05,pm2.5,0.1
2019-11-01 22:10:06,pm10,0.1
2019-11-01 22:11:06,pm2.5,0.1
2019-11-01 22:11:06,pm10,0.1
2019-11-01 22:12:06,pm2.5,0.1
2019-11-01 22:12:06,pm10,0.1
2019-11-01 22:13:06,pm2.5,0.0
2019-11-01 22:13:06,pm10,0.0
2019-11-01 22:14:06,pm2.5,0.1
2019-11-01 22:14:06,pm10,0.1
2019-11-01 22:15:06,pm2.5,0.0
2019-11-01 22:15:06,pm10,0.0
2019-11-01 22:16:06,pm2.5,0.1
2019-11-01 22:16:06,pm10,0.6
2019-11-01 22:17:06,pm2.5,0.1
2019-11-01 22:17:06,pm10,0.2
2019-11-01 22:18:06,pm2.5,0.1
2019-11-01 22:18:06,pm10,0.1
2019-11-01 22:19:06,pm2.5,0.1
2019-11-01 22:19:06,pm10,0.1
2019-11-01 22:20:06,pm2.5,0.1
2019-11-01 22:20:06,pm10,0.1
2019-11-01 22:21:06,pm2.5,0.1
2019-11-01 22:21:06,pm10,0.1
2019-11-01 22:22:06,pm2.5,0.0
2019-11-01 22:22:06,pm10,0.0
2019-11-01 22:23:06,pm2.5,0.1
2019-11-01 22:23:06,pm10,0.1
2019-11-01 22:24:06,pm2.5,0.1
2019-11-01 22:24:06,pm10,0.1
2019-11-01 22:25:06,pm2.5,0.1
2019-11-01 22:25:07,pm10,0.1
2019-11-01 22:26:06,pm2.5,0.1
2019-11-01 22:26:07,pm10,0.1
2019-11-01 22:27:06,pm2.5,0.1
2019-11-01 22:27:07,pm10,0.1
2019-11-01 22:28:06,pm2.5,0.1
2019-11-01 22:28:06,pm10,0.1
2019-11-01 22:29:06,pm2.5,0.1
2019-11-01 22:29:06,pm10,0.1
2019-11-01 22:30:06,pm2.5,0.0
2019-11-01 22:30:06,pm10,0.0
2019-11-01 22:31:06,pm2.5,0.1
2019-11-01 22:31:06,pm10,0.1
2019-11-01 22:32:06,pm2.5,0.0
2019-11-01 22:32:06,pm10,0.0
2019-11-01 22:33:06,pm2.5,0.0
2019-11-01 22:33:06,pm10,0.0
2019-11-01 22:34:06,pm2.5,0.1
2019-11-01 22:34:06,pm10,0.1
2019-11-01 22:35:06,pm2.5,0.0
2019-11-01 22:35:06,pm10,0.0
2019-11-01 22:36:06,pm2.5,0.1
2019-11-01 22:36:06,pm10,0.1
2019-11-01 22:37:06,pm2.5,0.1
2019-11-01 22:37:06,pm10,0.1
2019-11-01 22:38:06,pm2.5,0.0
2019-11-01 22:38:06,pm10,0.0
2019-11-01 22:39:06,pm2.5,0.1
2019-11-01 22:39:06,pm10,0.3
2019-11-01 22:40:06,pm2.5,0.1
2019-11-01 22:40:06,pm10,0.1
2019-11-01 22:41:06,pm2.5,0.1
2019-11-01 22:41:06,pm10,1.1
2019-11-01 22:42:06,pm2.5,0.1
2019-11-01 22:42:06,pm10,0.1
2019-11-01 22:43:06,pm2.5,0.1
2019-11-01 22:43:06,pm10,0.1
2019-11-01 22:44:06,pm2.5,0.0
2019-11-01 22:44:07,pm10,0.0
2019-11-01 22:45:05,pm2.5,0.1
2019-11-01 22:45:06,pm10,0.3
2019-11-01 22:46:06,pm2.5,0.1
2019-11-01 22:46:06,pm10,0.1
2019-11-01 22:47:06,pm2.5,0.1
2019-11-01 22:47:06,pm10,0.1
2019-11-01 22:48:06,pm2.5,0.0
2019-11-01 22:48:06,pm10,0.0
2019-11-01 22:49:06,pm2.5,0.1
2019-11-01 22:49:06,pm10,0.1
2019-11-01 22:50:06,pm2.5,0.1
2019-11-01 22:50:06,pm10,0.1
2019-11-01 22:51:06,pm2.5,0.1
2019-11-01 22:51:06,pm10,0.1
2019-11-01 22:52:06,pm2.5,0.1
2019-11-01 22:52:06,pm10,0.1
2019-11-01 22:53:06,pm2.5,0.0
2019-11-01 22:53:06,pm10,0.0
2019-11-01 22:54:06,pm2.5,0.0
2019-11-01 22:54:06,pm10,0.0
2019-11-01 22:55:06,pm2.5,0.1
2019-11-01 22:55:06,pm10,0.1
2019-11-01 22:56:06,pm2.5,0.1
2019-11-01 22:56:06,pm10,0.1
2019-11-01 22:57:06,pm2.5,0.0
2019-11-01 22:57:06,pm10,0.6
2019-11-01 22:58:06,pm2.5,0.1
2019-11-01 22:58:06,pm10,0.1
2019-11-01 22:59:06,pm2.5,0.0
2019-11-01 22:59:07,pm10,0.0
2019-11-01 23:00:06,pm2.5,0.0
2019-11-01 23:00:07,pm10,0.0
2019-11-01 23:01:06,pm2.5,0.0
2019-11-01 23:01:06,pm10,0.0
2019-11-01 23:02:06,pm2.5,0.1
2019-11-01 23:02:06,pm10,0.1
2019-11-01 23:03:06,pm2.5,0.1
2019-11-01 23:03:06,pm10,0.1
2019-11-01 23:04:06,pm2.5,0.1
2019-11-01 23:04:06,pm10,0.1
2019-11-01 23:05:06,pm2.5,0.1
2019-11-01 23:05:06,pm10,0.1
2019-11-01 23:06:06,pm2.5,0.1
2019-11-01 23:06:06,pm10,0.1
2019-11-01 23:07:06,pm2.5,0.1
2019-11-01 23:07:06,pm10,0.1
2019-11-01 23:08:06,pm2.5,0.1
2019-11-01 23:08:06,pm10,0.1
2019-11-01 23:09:06,pm2.5,0.0
2019-11-01 23:09:06,pm10,0.0
2019-11-01 23:10:06,pm2.5,0.1
2019-11-01 23:10:06,pm10,0.1
2019-11-01 23:11:06,pm2.5,0.1
2019-11-01 23:11:06,pm10,0.1
2019-11-01 23:12:06,pm2.5,0.0
2019-11-01 23:12:06,pm10,0.0
2019-11-01 23:13:06,pm2.5,0.1
2019-11-01 23:13:07,pm10,0.1
2019-11-01 23:14:06,pm2.5,0.1
2019-11-01 23:14:07,pm10,0.1
2019-11-01 23:15:06,pm2.5,0.1
2019-11-01 23:15:07,pm10,0.1
2019-11-01 23:16:06,pm2.5,0.0
2019-11-01 23:16:06,pm10,0.0
2019-11-01 23:17:06,pm2.5,0.0
2019-11-01 23:17:06,pm10,0.0
2019-11-01 23:18:06,pm2.5,0.1
2019-11-01 23:18:06,pm10,0.3
2019-11-01 23:19:06,pm2.5,0.1
2019-11-01 23:19:06,pm10,0.1
2019-11-01 23:20:06,pm2.5,0.1
2019-11-01 23:20:06,pm10,0.1
2019-11-01 23:21:06,pm2.5,0.1
2019-11-01 23:21:06,pm10,0.1
2019-11-01 23:22:06,pm2.5,0.1
2019-11-01 23:22:06,pm10,0.1
2019-11-01 23:23:06,pm2.5,0.0
2019-11-01 23:23:06,pm10,0.0
2019-11-01 23:24:06,pm2.5,0.0
2019-11-01 23:24:06,pm10,0.0
2019-11-01 23:25:06,pm2.5,0.1
2019-11-01 23:25:06,pm10,0.1
2019-11-01 23:26:06,pm2.5,0.1
2019-11-01 23:26:06,pm10,0.2
2019-11-01 23:27:06,pm2.5,0.1
2019-11-01 23:27:06,pm10,0.1
2019-11-01 23:28:06,pm2.5,0.0
2019-11-01 23:28:06,pm10,0.0
2019-11-01 23:29:06,pm2.5,0.1
2019-11-01 23:29:06,pm10,0.2
2019-11-01 23:30:06,pm2.5,0.1
2019-11-01 23:30:07,pm10,0.1
2019-11-01 23:31:05,pm2.5,0.0
2019-11-01 23:31:06,pm10,0.0
2019-11-01 23:32:06,pm2.5,0.0
2019-11-01 23:32:06,pm10,0.0
2019-11-01 23:33:06,pm2.5,0.0
2019-11-01 23:33:06,pm10,0.0
2019-11-01 23:34:06,pm2.5,0.1
2019-11-01 23:34:06,pm10,0.1
2019-11-01 23:35:06,pm2.5,0.1
2019-11-01 23:35:06,pm10,0.1
2019-11-01 23:36:06,pm2.5,0.0
2019-11-01 23:36:06,pm10,0.0
2019-11-01 23:37:06,pm2.5,0.0
2019-11-01 23:37:06,pm10,0.0
2019-11-01 23:38:06,pm2.5,0.0
2019-11-01 23:38:07,pm10,0.0
2019-11-01 23:39:06,pm2.5,0.0
2019-11-01 23:39:06,pm10,0.0
2019-11-01 23:40:06,pm2.5,0.0
2019-11-01 23:40:06,pm10,0.0
2019-11-01 23:41:06,pm2.5,0.1
2019-11-01 23:41:06,pm10,0.1
2019-11-01 23:42:06,pm2.5,0.0
2019-11-01 23:42:06,pm10,0.0
2019-11-01 23:43:06,pm2.5,0.1
2019-11-01 23:43:06,pm10,0.1
2019-11-01 23:44:06,pm2.5,0.0
2019-11-01 23:44:06,pm10,0.0
2019-11-01 23:45:06,pm2.5,0.1
2019-11-01 23:45:06,pm10,0.1
2019-11-01 23:46:06,pm2.5,0.1
2019-11-01 23:46:07,pm10,0.1
2019-11-01 23:47:06,pm2.5,0.0
2019-11-01 23:47:06,pm10,0.0
2019-11-01 23:48:06,pm2.5,0.0
2019-11-01 23:48:06,pm10,0.0
2019-11-01 23:49:06,pm2.5,0.1
2019-11-01 23:49:06,pm10,0.1
2019-11-01 23:50:06,pm2.5,0.0
2019-11-01 23:50:06,pm10,0.0
2019-11-01 23:51:06,pm2.5,0.0
2019-11-01 23:51:06,pm10,0.0
2019-11-01 23:52:06,pm2.5,0.1
2019-11-01 23:52:06,pm10,0.3
2019-11-01 23:53:06,pm2.5,0.0
2019-11-01 23:53:06,pm10,0.0
2019-11-01 23:54:06,pm2.5,0.1
2019-11-01 23:54:06,pm10,0.4
2019-11-01 23:55:06,pm2.5,0.0
2019-11-01 23:55:06,pm10,0.0
2019-11-01 23:56:06,pm2.5,0.1
2019-11-01 23:56:06,pm10,0.1
2019-11-01 23:57:06,pm2.5,0.0
2019-11-01 23:57:06,pm10,0.0
2019-11-01 23:58:06,pm2.5,0.0
2019-11-01 23:58:06,pm10,0.0
2019-11-01 23:59:06,pm2.5,0.0
2019-11-01 23:59:06,pm10,0.0
2019-11-02 00:00:06,pm2.5,0.0
2019-11-02 00:00:06,pm10,0.0
2019-11-02 00:01:06,pm2.5,0.1
2019-11-02 00:01:07,pm10,0.1
2019-11-02 00:02:06,pm2.5,0.1
2019-11-02 00:02:06,pm10,0.1
2019-11-02 00:03:06,pm2.5,0.0
2019-11-02 00:03:06,pm10,0.0
2019-11-02 00:04:06,pm2.5,0.0
2019-11-02 00:04:06,pm10,0.0
2019-11-02 00:05:06,pm2.5,0.0
2019-11-02 00:05:06,pm10,0.0
2019-11-02 00:06:06,pm2.5,0.0
2019-11-02 00:06:06,pm10,0.0
2019-11-02 00:07:05,pm2.5,0.0
2019-11-02 00:07:06,pm10,0.0
2019-11-02 00:08:06,pm2.5,0.1
2019-11-02 00:08:06,pm10,0.1
2019-11-02 00:09:06,pm2.5,0.1
2019-11-02 00:09:06,pm10,0.1
2019-11-02 00:10:06,pm2.5,0.1
2019-11-02 00:10:06,pm10,0.1
2019-11-02 00:11:06,pm2.5,0.1
2019-11-02 00:11:06,pm10,0.1
2019-11-02 00:12:06,pm2.5,0.1
2019-11-02 00:12:06,pm10,0.1
2019-11-02 00:13:06,pm2.5,0.0
2019-11-02 00:13:06,pm10,0.0
2019-11-02 00:14:06,pm2.5,0.1
2019-11-02 00:14:06,pm10,0.1
2019-11-02 00:15:06,pm2.5,0.0
2019-11-02 00:15:06,pm10,0.0
2019-11-02 00:16:06,pm2.5,0.0
2019-11-02 00:16:07,pm10,0.0
2019-11-02 00:17:06,pm2.5,0.0
2019-11-02 00:17:07,pm10,0.0
2019-11-02 00:18:06,pm2.5,0.0
2019-11-02 00:18:06,pm10,0.0
2019-11-02 00:19:06,pm2.5,0.1
2019-11-02 00:19:06,pm10,0.1
2019-11-02 00:20:06,pm2.5,0.0
2019-11-02 00:20:06,pm10,0.0
2019-11-02 00:21:06,pm2.5,0.0
2019-11-02 00:21:06,pm10,0.0
2019-11-02 00:22:06,pm2.5,0.1
2019-11-02 00:22:06,pm10,0.1
2019-11-02 00:23:06,pm2.5,0.0
2019-11-02 00:23:06,pm10,0.0
2019-11-02 00:24:06,pm2.5,0.0
2019-11-02 00:24:06,pm10,0.0
2019-11-02 00:25:06,pm2.5,0.0
2019-11-02 00:25:06,pm10,0.1
2019-11-02 00:26:06,pm2.5,0.1
2019-11-02 00:26:06,pm10,0.1