2019-11-05 21:27:51,pm2.5,2.5
2019-11-05 21:27:51,pm10,3.1
2019-11-05 21:28:51,pm2.5,2.5
2019-11-05 21:28:51,pm10,3.8
2019-11-05 21:29:51,pm2.5,2.3
2019-11-05 21:29:51,pm10,2.8
2019-11-05 21:30:51,pm2.5,2.1
2019-11-05 21:30:51,pm10,2.7
2019-11-05 21:31:51,pm2.5,518.7
2019-11-05 21:31:51,pm10,1544.6
2019-11-05 21:32:51,pm2.5,999.9
2019-11-05 21:32:51,pm10,1999.9
2019-11-05 21:33:51,pm2.5,999.9
2019-11-05 21:33:51,pm10,1999.9
2019-11-05 21:34:51,pm2.5,999.9
2019-11-05 21:34:51,pm10,1999.9
2019-11-05 21:35:51,pm2.5,999.9
2019-11-05 21:35:51,pm10,1999.9
2019-11-05 21:36:51,pm2.5,999.9
2019-11-05 21:36:51,pm10,1999.9
2019-11-05 21:37:51,pm2.5,999.9
2019-11-05 21:37:51,pm10,1999.9
2019-11-05 21:38:51,pm2.5,999.9
2019-11-05 21:38:51,pm10,1999.9
2019-11-05 21:39:51,pm2.5,999.9
2019-11-05 21:39:51,pm10,1999.9
2019-11-05 21:40:51,pm2.5,999.9
2019-11-05 21:40:51,pm10,1999.9
2019-11-05 21:41:51,pm2.5,999.9
2019-11-05 21:41:51,pm10,1999.9
2019-11-05 21:42:51,pm2.5,999.9
2019-11-05 21:42:51,pm10,1999.9
2019-11-05 21:43:51,pm2.5,999.9
2019-11-05 21:43:51,pm10,1999.9
2019-11-05 21:44:51,pm2.5,999.9
2019-11-05 21:44:51,pm10,1895.1
2019-11-05 21:45:51,pm2.5,986.8
2019-11-05 21:45:51,pm10,1624.5
2019-11-05 21:46:51,pm2.5,931.5
2019-11-05 21:46:51,pm10,1404.9
2019-11-05 21:46:58,comment,sealed
2019-11-05 21:47:51,pm2.5,918.5
2019-11-05 21:47:51,pm10,1349.6
2019-11-05 21:48:51,pm2.5,910.3
2019-11-05 21:48:51,pm10,1322.6
2019-11-05 21:49:51,pm2.5,908.4
2019-11-05 21:49:51,pm10,1299.9
2019-11-05 21:50:51,pm2.5,898.8
2019-11-05 21:50:51,pm10,1276.1
2019-11-05 21:51:51,pm2.5,894.5
2019-11-05 21:51:51,pm10,1244.2
2019-11-05 21:52:51,pm2.5,889.2
2019-11-05 21:52:51,pm10,1210.1
2019-11-05 21:53:51,pm2.5,880.4
2019-11-05 21:53:51,pm10,1197.0
2019-11-05 21:54:51,pm2.5,874.0
2019-11-05 21:54:51,pm10,1187.5
2019-11-05 21:55:51,pm2.5,870.8
2019-11-05 21:55:51,pm10,1155.5
2019-11-05 21:56:51,pm2.5,864.8
2019-11-05 21:56:51,pm10,1145.6
2019-11-05 21:57:51,pm2.5,858.6
2019-11-05 21:57:51,pm10,1114.7
2019-11-05 21:58:51,pm2.5,853.1
2019-11-05 21:58:51,pm10,1093.6
2019-11-05 21:59:51,pm2.5,846.1
2019-11-05 21:59:51,pm10,1085.1
2019-11-05 22:00:51,pm2.5,844.6
2019-11-05 22:00:51,pm10,1070.0
2019-11-05 22:01:51,pm2.5,835.7
2019-11-05 22:01:51,pm10,1054.0
2019-11-05 22:02:51,pm2.5,833.6
2019-11-05 22:02:51,pm10,1036.4
2019-11-05 22:03:51,pm2.5,825.9
2019-11-05 22:03:51,pm10,1015.2
2019-11-05 22:04:51,pm2.5,817.4
2019-11-05 22:04:51,pm10,1000.5
2019-11-05 22:05:51,pm2.5,813.3
2019-11-05 22:05:51,pm10,981.5
2019-11-05 22:06:51,pm2.5,808.3
2019-11-05 22:06:51,pm10,974.2
2019-11-05 22:07:51,pm2.5,803.6
2019-11-05 22:07:51,pm10,959.4
2019-11-05 22:08:51,pm2.5,792.3
2019-11-05 22:08:51,pm10,938.0
2019-11-05 22:09:51,pm2.5,793.6
2019-11-05 22:09:51,pm10,935.8
2019-11-05 22:10:51,pm2.5,785.6
2019-11-05 22:10:51,pm10,920.7
2019-11-05 22:11:51,pm2.5,775.7
2019-11-05 22:11:51,pm10,901.8
2019-11-05 22:12:51,pm2.5,776.7
2019-11-05 22:12:51,pm10,895.6
2019-11-05 22:13:51,pm2.5,768.9
2019-11-05 22:13:51,pm10,877.5
2019-11-05 22:14:51,pm2.5,762.2
2019-11-05 22:14:51,pm10,865.2
2019-11-05 22:15:51,pm2.5,754.2
2019-11-05 22:15:51,pm10,854.9
2019-11-05 22:16:51,pm2.5,749.2
2019-11-05 22:16:51,pm10,842.6
2019-11-05 22:17:51,pm2.5,745.4
2019-11-05 22:17:51,pm10,838.1
2019-11-05 22:18:51,pm2.5,736.4
2019-11-05 22:18:51,pm10,826.9
2019-11-05 22:19:51,pm2.5,733.3
2019-11-05 22:19:51,pm10,823.4
2019-11-05 22:20:51,pm2.5,724.8
2019-11-05 22:20:51,pm10,812.9
2019-11-05 22:21:51,pm2.5,718.5
2019-11-05 22:21:51,pm10,805.7
2019-11-05 22:22:51,pm2.5,712.5
2019-11-05 22:22:51,pm10,798.7
2019-11-05 22:23:51,pm2.5,711.4
2019-11-05 22:23:51,pm10,796.7
2019-11-05 22:24:51,pm2.5,702.4
2019-11-05 22:24:51,pm10,786.6
2019-11-05 22:25:51,pm2.5,696.8
2019-11-05 22:25:51,pm10,780.1
2019-11-05 22:26:51,pm2.5,694.9
2019-11-05 22:26:51,pm10,777.1
2019-11-05 22:27:51,pm2.5,687.9
2019-11-05 22:27:51,pm10,768.4
2019-11-05 22:28:51,pm2.5,676.4
2019-11-05 22:28:52,pm10,756.2
2019-11-05 22:29:51,pm2.5,675.5
2019-11-05 22:29:51,pm10,754.4
2019-11-05 22:30:51,pm2.5,664.7
2019-11-05 22:30:51,pm10,742.5
2019-11-05 22:31:51,pm2.5,663.6
2019-11-05 22:31:51,pm10,740.2
2019-11-05 22:32:51,pm2.5,658.6
2019-11-05 22:32:51,pm10,734.6
2019-11-05 22:33:51,pm2.5,650.8
2019-11-05 22:33:51,pm10,726.4
2019-11-05 22:34:51,pm2.5,646.1
2019-11-05 22:34:51,pm10,720.1
2019-11-05 22:35:51,pm2.5,632.5
2019-11-05 22:35:51,pm10,705.3
2019-11-05 22:36:51,pm2.5,632.8
2019-11-05 22:36:51,pm10,705.1
2019-11-05 22:37:51,pm2.5,626.7
2019-11-05 22:37:51,pm10,698.1
2019-11-05 22:38:51,pm2.5,621.3
2019-11-05 22:38:51,pm10,692.2
2019-11-05 22:39:51,pm2.5,609.4
2019-11-05 22:39:51,pm10,678.9
2019-11-05 22:40:51,pm2.5,606.4
2019-11-05 22:40:51,pm10,676.0
2019-11-05 22:41:51,pm2.5,599.5
2019-11-05 22:41:51,pm10,667.2
2019-11-05 22:42:51,pm2.5,598.0
2019-11-05 22:42:51,pm10,665.4
2019-11-05 22:43:51,pm2.5,591.9
2019-11-05 22:43:51,pm10,658.5
2019-11-05 22:44:51,pm2.5,588.1
2019-11-05 22:44:51,pm10,654.1
2019-11-05 22:45:51,pm2.5,572.5
2019-11-05 22:45:51,pm10,637.1
2019-11-05 22:46:51,pm2.5,570.4
2019-11-05 22:46:51,pm10,634.4
2019-11-05 22:47:51,pm2.5,564.5
2019-11-05 22:47:51,pm10,628.2
2019-11-05 22:48:51,pm2.5,559.1
2019-11-05 22:48:51,pm10,621.7
2019-11-05 22:49:51,pm2.5,549.1
2019-11-05 22:49:51,pm10,610.7
2019-11-05 22:50:51,pm2.5,544.5
2019-11-05 22:50:51,pm10,605.9
2019-11-05 22:51:51,pm2.5,542.4
2019-11-05 22:51:51,pm10,603.4
2019-11-05 22:52:51,pm2.5,533.2
2019-11-05 22:52:51,pm10,593.0
2019-11-05 22:53:51,pm2.5,530.6
2019-11-05 22:53:51,pm10,589.9
2019-11-05 22:54:51,pm2.5,520.3
2019-11-05 22:54:51,pm10,578.7
2019-11-05 22:55:51,pm2.5,515.1
2019-11-05 22:55:51,pm10,572.7
2019-11-05 22:56:51,pm2.5,508.4
2019-11-05 22:56:51,pm10,565.6
2019-11-05 22:57:51,pm2.5,497.9
2019-11-05 22:57:51,pm10,554.1
2019-11-05 22:58:51,pm2.5,496.1
2019-11-05 22:58:51,pm10,552.0
2019-11-05 22:59:51,pm2.5,490.2
2019-11-05 22:59:51,pm10,545.5
2019-11-05 23:00:51,pm2.5,491.8
2019-11-05 23:00:51,pm10,547.3
2019-11-05 23:01:51,pm2.5,479.9
2019-11-05 23:01:51,pm10,534.6
2019-11-05 23:02:51,pm2.5,473.9
2019-11-05 23:02:51,pm10,527.6
2019-11-05 23:03:51,pm2.5,464.6
2019-11-05 23:03:51,pm10,517.7
2019-11-05 23:04:51,pm2.5,459.4
2019-11-05 23:04:51,pm10,511.8
2019-11-05 23:05:51,pm2.5,453.1
2019-11-05 23:05:51,pm10,504.8
2019-11-05 23:06:51,pm2.5,450.1
2019-11-05 23:06:51,pm10,501.3
2019-11-05 23:07:51,pm2.5,447.8
2019-11-05 23:07:51,pm10,499.0
2019-11-05 23:08:51,pm2.5,436.0
2019-11-05 23:08:51,pm10,486.5
2019-11-05 23:09:51,pm2.5,430.6
2019-11-05 23:09:51,pm10,480.4
2019-11-05 23:10:51,pm2.5,423.3
2019-11-05 23:10:51,pm10,472.6
2019-11-05 23:11:51,pm2.5,416.9
2019-11-05 23:11:51,pm10,465.4
2019-11-05 23:12:51,pm2.5,418.2
2019-11-05 23:12:51,pm10,466.6
2019-11-05 23:13:51,pm2.5,405.8
2019-11-05 23:13:51,pm10,453.4
2019-11-05 23:14:51,pm2.5,404.4
2019-11-05 23:14:51,pm10,451.5
2019-11-05 23:15:51,pm2.5,398.2
2019-11-05 23:15:51,pm10,444.9
2019-11-05 23:16:51,pm2.5,387.9
2019-11-05 23:16:51,pm10,433.8
2019-11-05 23:17:51,pm2.5,386.0
2019-11-05 23:17:51,pm10,431.5
2019-11-05 23:18:51,pm2.5,378.9
2019-11-05 23:18:51,pm10,423.7
2019-11-05 23:19:51,pm2.5,380.3
2019-11-05 23:19:51,pm10,424.9
2019-11-05 23:20:51,pm2.5,368.9
2019-11-05 23:20:51,pm10,412.0
2019-11-05 23:21:51,pm2.5,368.1
2019-11-05 23:21:51,pm10,411.3
2019-11-05 23:22:51,pm2.5,362.7
2019-11-05 23:22:51,pm10,405.2
2019-11-05 23:23:51,pm2.5,356.7
2019-11-05 23:23:51,pm10,398.7
2019-11-05 23:24:51,pm2.5,350.4
2019-11-05 23:24:51,pm10,391.4
2019-11-05 23:25:51,pm2.5,348.4
2019-11-05 23:25:51,pm10,389.1
2019-11-05 23:26:51,pm2.5,344.4
2019-11-05 23:26:51,pm10,384.2
2019-11-05 23:27:51,pm2.5,340.5
2019-11-05 23:27:51,pm10,380.1
2019-11-05 23:28:51,pm2.5,336.2
2019-11-05 23:28:51,pm10,374.6
2019-11-05 23:29:51,pm2.5,328.8
2019-11-05 23:29:51,pm10,366.4
2019-11-05 23:30:51,pm2.5,322.4
2019-11-05 23:30:51,pm10,359.6
2019-11-05 23:31:51,pm2.5,314.7
2019-11-05 23:31:51,pm10,351.1
2019-11-05 23:32:51,pm2.5,312.2
2019-11-05 23:32:51,pm10,347.8
2019-11-05 23:33:51,pm2.5,313.5
2019-11-05 23:33:51,pm10,349.7
2019-11-05 23:34:51,pm2.5,304.2
2019-11-05 23:34:51,pm10,339.1
2019-11-05 23:35:51,pm2.5,296.1
2019-11-05 23:35:51,pm10,329.9
2019-11-05 23:36:51,pm2.5,297.1
2019-11-05 23:36:51,pm10,330.8
2019-11-05 23:37:51,pm2.5,290.2
2019-11-05 23:37:51,pm10,323.2
2019-11-05 23:38:51,pm2.5,289.0
2019-11-05 23:38:51,pm10,321.7
2019-11-05 23:39:51,pm2.5,282.7
2019-11-05 23:39:51,pm10,315.2
2019-11-05 23:40:51,pm2.5,280.6
2019-11-05 23:40:51,pm10,312.4
2019-11-05 23:41:51,pm2.5,274.4
2019-11-05 23:41:51,pm10,305.5
2019-11-05 23:42:51,pm2.5,272.2
2019-11-05 23:42:51,pm10,302.8
2019-11-05 23:43:51,pm2.5,266.9
2019-11-05 23:43:51,pm10,297.0
2019-11-05 23:44:51,pm2.5,264.4
2019-11-05 23:44:51,pm10,294.1
2019-11-05 23:45:51,pm2.5,259.6
2019-11-05 23:45:52,pm10,288.7
2019-11-05 23:46:51,pm2.5,251.1
2019-11-05 23:46:51,pm10,279.3
2019-11-05 23:47:51,pm2.5,247.3
2019-11-05 23:47:51,pm10,275.2
2019-11-05 23:48:51,pm2.5,244.2
2019-11-05 23:48:51,pm10,271.9
2019-11-05 23:49:51,pm2.5,239.6
2019-11-05 23:49:51,pm10,266.4
2019-11-05 23:50:51,pm2.5,237.8
2019-11-05 23:50:51,pm10,264.6
2019-11-05 23:51:51,pm2.5,232.4
2019-11-05 23:51:51,pm10,258.3
2019-11-05 23:52:51,pm2.5,232.8
2019-11-05 23:52:51,pm10,258.6
2019-11-05 23:53:51,pm2.5,228.1
2019-11-05 23:53:51,pm10,253.5
2019-11-05 23:54:51,pm2.5,221.9
2019-11-05 23:54:51,pm10,246.6
2019-11-05 23:55:51,pm2.5,220.9
2019-11-05 23:55:51,pm10,245.5
2019-11-05 23:56:51,pm2.5,212.2
2019-11-05 23:56:51,pm10,235.9
2019-11-05 23:57:51,pm2.5,211.9
2019-11-05 23:57:51,pm10,235.5
2019-11-05 23:58:51,pm2.5,208.5
2019-11-05 23:58:51,pm10,231.7
2019-11-05 23:59:51,pm2.5,201.4
2019-11-05 23:59:51,pm10,223.7
2019-11-06 00:00:51,pm2.5,198.7
2019-11-06 00:00:51,pm10,220.9
2019-11-06 00:01:51,pm2.5,197.8
2019-11-06 00:01:51,pm10,219.8
2019-11-06 00:02:51,pm2.5,195.6
2019-11-06 00:02:51,pm10,217.3
2019-11-06 00:03:51,pm2.5,190.0
2019-11-06 00:03:51,pm10,211.5
2019-11-06 00:04:51,pm2.5,187.8
2019-11-06 00:04:52,pm10,208.9
2019-11-06 00:05:51,pm2.5,183.9
2019-11-06 00:05:51,pm10,204.7
2019-11-06 00:06:51,pm2.5,181.4
2019-11-06 00:06:51,pm10,202.0
2019-11-06 00:07:51,pm2.5,172.9
2019-11-06 00:07:51,pm10,192.7
2019-11-06 00:08:51,pm2.5,172.6
2019-11-06 00:08:51,pm10,192.0
2019-11-06 00:09:51,pm2.5,170.3
2019-11-06 00:09:51,pm10,189.9
2019-11-06 00:10:51,pm2.5,167.9
2019-11-06 00:10:51,pm10,186.7
2019-11-06 00:11:51,pm2.5,163.4
2019-11-06 00:11:51,pm10,181.8
2019-11-06 00:12:51,pm2.5,161.6
2019-11-06 00:12:51,pm10,179.7
2019-11-06 00:13:51,pm2.5,156.4
2019-11-06 00:13:51,pm10,174.2
2019-11-06 00:14:51,pm2.5,156.2
2019-11-06 00:14:51,pm10,173.8
2019-11-06 00:15:51,pm2.5,155.3
2019-11-06 00:15:51,pm10,172.6
2019-11-06 00:16:51,pm2.5,151.1
2019-11-06 00:16:51,pm10,168.1
2019-11-06 00:17:51,pm2.5,149.3
2019-11-06 00:17:51,pm10,166.2
2019-11-06 00:18:51,pm2.5,147.6
2019-11-06 00:18:51,pm10,164.3
2019-11-06 00:19:51,pm2.5,144.1
2019-11-06 00:19:51,pm10,160.1
2019-11-06 00:20:51,pm2.5,141.6
2019-11-06 00:20:51,pm10,157.4
2019-11-06 00:21:51,pm2.5,140.2
2019-11-06 00:21:51,pm10,155.9
2019-11-06 00:22:51,pm2.5,137.6
2019-11-06 00:22:51,pm10,152.8
2019-11-06 00:23:51,pm2.5,137.6
2019-11-06 00:23:51,pm10,153.0
2019-11-06 00:24:51,pm2.5,134.7
2019-11-06 00:24:51,pm10,149.7
2019-11-06 00:25:51,pm2.5,132.8
2019-11-06 00:25:51,pm10,147.6
2019-11-06 00:26:51,pm2.5,132.8
2019-11-06 00:26:51,pm10,147.4
2019-11-06 00:27:51,pm2.5,131.3
2019-11-06 00:27:51,pm10,145.8
2019-11-06 00:28:51,pm2.5,126.4
2019-11-06 00:28:51,pm10,140.4
2019-11-06 00:29:51,pm2.5,127.2
2019-11-06 00:29:51,pm10,141.3
2019-11-06 00:30:51,pm2.5,123.3
2019-11-06 00:30:51,pm10,137.0
2019-11-06 00:31:51,pm2.5,122.1
2019-11-06 00:31:51,pm10,135.5
2019-11-06 00:32:51,pm2.5,119.3
2019-11-06 00:32:51,pm10,132.5
2019-11-06 00:33:51,pm2.5,118.8
2019-11-06 00:33:51,pm10,131.9
2019-11-06 00:34:51,pm2.5,114.8
2019-11-06 00:34:51,pm10,127.4
2019-11-06 00:35:51,pm2.5,113.4
2019-11-06 00:35:51,pm10,126.1
2019-11-06 00:36:51,pm2.5,112.0
2019-11-06 00:36:51,pm10,124.4
2019-11-06 00:37:51,pm2.5,110.2
2019-11-06 00:37:51,pm10,122.3
2019-11-06 00:38:51,pm2.5,108.3
2019-11-06 00:38:51,pm10,120.1
2019-11-06 00:39:51,pm2.5,105.9
2019-11-06 00:39:51,pm10,117.6
2019-11-06 00:40:51,pm2.5,105.8
2019-11-06 00:40:51,pm10,117.3
2019-11-06 00:41:51,pm2.5,103.9
2019-11-06 00:41:51,pm10,115.4
2019-11-06 00:42:51,pm2.5,101.1
2019-11-06 00:42:51,pm10,112.3
2019-11-06 00:43:51,pm2.5,100.1
2019-11-06 00:43:51,pm10,111.1
2019-11-06 00:44:51,pm2.5,99.7
2019-11-06 00:44:51,pm10,110.7
2019-11-06 00:45:51,pm2.5,99.0
2019-11-06 00:45:51,pm10,109.9
2019-11-06 00:46:51,pm2.5,95.8
2019-11-06 00:46:51,pm10,106.2
2019-11-06 00:47:51,pm2.5,94.9
2019-11-06 00:47:51,pm10,105.2
2019-11-06 00:48:51,pm2.5,92.8
2019-11-06 00:48:51,pm10,102.9
2019-11-06 00:49:51,pm2.5,90.3
2019-11-06 00:49:51,pm10,100.1
2019-11-06 00:50:51,pm2.5,88.5
2019-11-06 00:50:51,pm10,98.1
2019-11-06 00:51:51,pm2.5,88.2
2019-11-06 00:51:51,pm10,97.9
2019-11-06 00:52:51,pm2.5,86.4
2019-11-06 00:52:51,pm10,95.9
2019-11-06 00:53:51,pm2.5,85.6
2019-11-06 00:53:51,pm10,95.0
2019-11-06 00:54:51,pm2.5,83.8
2019-11-06 00:54:51,pm10,93.2
2019-11-06 00:55:51,pm2.5,84.3
2019-11-06 00:55:51,pm10,93.5
2019-11-06 00:56:51,pm2.5,81.7
2019-11-06 00:56:51,pm10,90.7
2019-11-06 00:57:51,pm2.5,80.7
2019-11-06 00:57:51,pm10,89.5
2019-11-06 00:58:51,pm2.5,78.1
2019-11-06 00:58:51,pm10,86.6
2019-11-06 00:59:51,pm2.5,78.2
2019-11-06 00:59:51,pm10,86.7
2019-11-06 01:00:51,pm2.5,76.2
2019-11-06 01:00:51,pm10,84.4
2019-11-06 01:01:51,pm2.5,73.9
2019-11-06 01:01:51,pm10,81.9
2019-11-06 01:02:51,pm2.5,73.6
2019-11-06 01:02:51,pm10,81.5
2019-11-06 01:03:51,pm2.5,73.1
2019-11-06 01:03:51,pm10,81.2
2019-11-06 01:04:51,pm2.5,71.5
2019-11-06 01:04:51,pm10,79.3
2019-11-06 01:05:51,pm2.5,68.4
2019-11-06 01:05:51,pm10,75.9
2019-11-06 01:06:51,pm2.5,68.4
2019-11-06 01:06:51,pm10,75.8
2019-11-06 01:07:51,pm2.5,66.9
2019-11-06 01:07:51,pm10,74.2
2019-11-06 01:08:51,pm2.5,64.7
2019-11-06 01:08:51,pm10,71.8
2019-11-06 01:09:51,pm2.5,63.5
2019-11-06 01:09:51,pm10,70.5
2019-11-06 01:10:51,pm2.5,62.9
2019-11-06 01:10:51,pm10,69.9
2019-11-06 01:11:51,pm2.5,61.5
2019-11-06 01:11:51,pm10,68.1
2019-11-06 01:12:51,pm2.5,62.1
2019-11-06 01:12:51,pm10,68.8
2019-11-06 01:13:51,pm2.5,60.9
2019-11-06 01:13:51,pm10,67.4
2019-11-06 01:14:51,pm2.5,58.9
2019-11-06 01:14:51,pm10,65.3
2019-11-06 01:15:51,pm2.5,57.3
2019-11-06 01:15:51,pm10,63.5
2019-11-06 01:16:51,pm2.5,59.0
2019-11-06 01:16:51,pm10,65.4
2019-11-06 01:17:51,pm2.5,57.2
2019-11-06 01:17:51,pm10,63.6
2019-11-06 01:18:51,pm2.5,55.3
2019-11-06 01:18:51,pm10,61.3
2019-11-06 01:19:51,pm2.5,55.2
2019-11-06 01:19:51,pm10,61.1
2019-11-06 01:20:52,pm2.5,54.6
2019-11-06 01:20:52,pm10,60.5
2019-11-06 01:21:51,pm2.5,53.3
2019-11-06 01:21:52,pm10,59.0
2019-11-06 01:22:51,pm2.5,50.5
2019-11-06 01:22:52,pm10,56.0
2019-11-06 01:23:51,pm2.5,51.7
2019-11-06 01:23:52,pm10,57.3
2019-11-06 01:24:51,pm2.5,50.3
2019-11-06 01:24:52,pm10,55.7
2019-11-06 01:25:51,pm2.5,49.0
2019-11-06 01:25:52,pm10,54.3
2019-11-06 01:26:51,pm2.5,48.5
2019-11-06 01:26:52,pm10,53.8
2019-11-06 01:27:51,pm2.5,48.1
2019-11-06 01:27:52,pm10,53.1
2019-11-06 01:28:51,pm2.5,48.0
2019-11-06 01:28:52,pm10,53.1
2019-11-06 01:29:51,pm2.5,45.7
2019-11-06 01:29:52,pm10,50.6
2019-11-06 01:30:51,pm2.5,45.1
2019-11-06 01:30:52,pm10,49.9
2019-11-06 01:31:51,pm2.5,44.8
2019-11-06 01:31:52,pm10,49.6
2019-11-06 01:32:51,pm2.5,45.0
2019-11-06 01:32:51,pm10,49.8
2019-11-06 01:33:51,pm2.5,44.0
2019-11-06 01:33:51,pm10,48.7
2019-11-06 01:34:51,pm2.5,42.3
2019-11-06 01:34:51,pm10,46.8
2019-11-06 01:35:51,pm2.5,41.7
2019-11-06 01:35:51,pm10,46.2
2019-11-06 01:36:51,pm2.5,41.1
2019-11-06 01:36:51,pm10,45.5
2019-11-06 01:37:51,pm2.5,41.2
2019-11-06 01:37:52,pm10,45.5
2019-11-06 01:38:51,pm2.5,40.0
2019-11-06 01:38:51,pm10,44.2
2019-11-06 01:39:51,pm2.5,38.0
2019-11-06 01:39:51,pm10,42.0
2019-11-06 01:40:51,pm2.5,39.3
2019-11-06 01:40:51,pm10,43.5
2019-11-06 01:41:51,pm2.5,38.7
2019-11-06 01:41:51,pm10,42.8
2019-11-06 01:42:51,pm2.5,38.0
2019-11-06 01:42:51,pm10,42.0
2019-11-06 01:43:51,pm2.5,36.6
2019-11-06 01:43:51,pm10,40.5
2019-11-06 01:44:51,pm2.5,35.9
2019-11-06 01:44:51,pm10,39.8
2019-11-06 01:45:51,pm2.5,35.9
2019-11-06 01:45:51,pm10,39.7
2019-11-06 01:46:51,pm2.5,35.5
2019-11-06 01:46:51,pm10,39.2
2019-11-06 01:47:51,pm2.5,35.0
2019-11-06 01:47:51,pm10,38.7
2019-11-06 01:48:51,pm2.5,33.6
2019-11-06 01:48:51,pm10,37.2
2019-11-06 01:49:51,pm2.5,33.4
2019-11-06 01:49:51,pm10,37.0
2019-11-06 01:50:51,pm2.5,33.6
2019-11-06 01:50:51,pm10,37.2
2019-11-06 01:51:51,pm2.5,32.8
2019-11-06 01:51:51,pm10,36.2
2019-11-06 01:52:51,pm2.5,31.4
2019-11-06 01:52:51,pm10,34.7
2019-11-06 01:53:51,pm2.5,30.7
2019-11-06 01:53:51,pm10,34.0
2019-11-06 01:54:51,pm2.5,31.2
2019-11-06 01:54:51,pm10,34.5
2019-11-06 01:55:51,pm2.5,30.6
2019-11-06 01:55:51,pm10,33.8
2019-11-06 01:56:51,pm2.5,30.1
2019-11-06 01:56:51,pm10,33.3
2019-11-06 01:57:51,pm2.5,28.6
2019-11-06 01:57:51,pm10,31.5
2019-11-06 01:58:51,pm2.5,29.1
2019-11-06 01:58:51,pm10,32.2
2019-11-06 01:59:51,pm2.5,28.7
2019-11-06 01:59:51,pm10,31.7
2019-11-06 02:00:51,pm2.5,28.0
2019-11-06 02:00:51,pm10,31.0
2019-11-06 02:01:51,pm2.5,27.3
2019-11-06 02:01:51,pm10,30.2
2019-11-06 02:02:51,pm2.5,27.7
2019-11-06 02:02:51,pm10,30.5
2019-11-06 02:03:51,pm2.5,26.7
2019-11-06 02:03:51,pm10,29.5
2019-11-06 02:04:51,pm2.5,27.0
2019-11-06 02:04:51,pm10,29.8
2019-11-06 02:05:51,pm2.5,24.6
2019-11-06 02:05:51,pm10,27.1
2019-11-06 02:06:51,pm2.5,25.2
2019-11-06 02:06:51,pm10,27.9
2019-11-06 02:07:51,pm2.5,24.8
2019-11-06 02:07:51,pm10,27.4
2019-11-06 02:08:51,pm2.5,24.3
2019-11-06 02:08:51,pm10,26.8
2019-11-06 02:09:51,pm2.5,23.7
2019-11-06 02:09:51,pm10,26.2
2019-11-06 02:10:51,pm2.5,22.9
2019-11-06 02:10:51,pm10,25.4
2019-11-06 02:11:51,pm2.5,23.6
2019-11-06 02:11:51,pm10,26.1
2019-11-06 02:12:51,pm2.5,22.7
2019-11-06 02:12:51,pm10,25.1
2019-11-06 02:13:51,pm2.5,22.0
2019-11-06 02:13:51,pm10,24.3
2019-11-06 02:14:51,pm2.5,22.0
2019-11-06 02:14:51,pm10,24.3
2019-11-06 02:15:51,pm2.5,21.3
2019-11-06 02:15:51,pm10,23.6
2019-11-06 02:16:51,pm2.5,21.9
2019-11-06 02:16:51,pm10,24.2
2019-11-06 02:17:51,pm2.5,20.8
2019-11-06 02:17:51,pm10,23.0
2019-11-06 02:18:51,pm2.5,20.7
2019-11-06 02:18:51,pm10,22.9
2019-11-06 02:19:51,pm2.5,20.0
2019-11-06 02:19:51,pm10,22.1
2019-11-06 02:20:51,pm2.5,19.9
2019-11-06 02:20:51,pm10,22.0
2019-11-06 02:21:51,pm2.5,19.8
2019-11-06 02:21:51,pm10,21.9
2019-11-06 02:22:51,pm2.5,19.4
2019-11-06 02:22:51,pm10,21.5
2019-11-06 02:23:51,pm2.5,19.2
2019-11-06 02:23:51,pm10,21.2
2019-11-06 02:24:51,pm2.5,18.8
2019-11-06 02:24:51,pm10,20.8
2019-11-06 02:25:51,pm2.5,18.9
2019-11-06 02:25:52,pm10,20.9
2019-11-06 02:26:51,pm2.5,18.0
2019-11-06 02:26:52,pm10,19.9
2019-11-06 02:27:51,pm2.5,17.7
2019-11-06 02:27:52,pm10,19.6
2019-11-06 02:28:51,pm2.5,17.4
2019-11-06 02:28:52,pm10,19.2
2019-11-06 02:29:51,pm2.5,17.3
2019-11-06 02:29:52,pm10,19.1
2019-11-06 02:30:51,pm2.5,16.8
2019-11-06 02:30:52,pm10,18.5
2019-11-06 02:31:51,pm2.5,16.7
2019-11-06 02:31:52,pm10,18.5
2019-11-06 02:32:51,pm2.5,16.3
2019-11-06 02:32:52,pm10,18.0
2019-11-06 02:33:51,pm2.5,16.3
2019-11-06 02:33:52,pm10,18.1
2019-11-06 02:34:51,pm2.5,15.7
2019-11-06 02:34:52,pm10,17.4
2019-11-06 02:35:51,pm2.5,15.7
2019-11-06 02:35:52,pm10,17.4
2019-11-06 02:36:51,pm2.5,15.8
2019-11-06 02:36:52,pm10,17.5
2019-11-06 02:37:51,pm2.5,15.4
2019-11-06 02:37:52,pm10,17.0
2019-11-06 02:38:51,pm2.5,14.8
2019-11-06 02:38:52,pm10,16.4
2019-11-06 02:39:51,pm2.5,15.0
2019-11-06 02:39:52,pm10,16.6
2019-11-06 02:40:51,pm2.5,14.6
2019-11-06 02:40:52,pm10,16.1
2019-11-06 02:41:51,pm2.5,14.1
2019-11-06 02:41:52,pm10,15.6
2019-11-06 02:42:51,pm2.5,13.8
2019-11-06 02:42:52,pm10,15.2
2019-11-06 02:43:51,pm2.5,13.6
2019-11-06 02:43:52,pm10,15.1
2019-11-06 02:45:51,pm2.5,13.0
2019-11-06 02:45:51,pm10,14.4
2019-11-06 02:46:51,pm2.5,12.7
2019-11-06 02:46:51,pm10,14.1
2019-11-06 02:47:51,pm2.5,13.2
2019-11-06 02:47:51,pm10,14.6
2019-11-06 02:48:51,pm2.5,12.1
2019-11-06 02:48:51,pm10,13.4
2019-11-06 02:49:51,pm2.5,12.4
2019-11-06 02:49:51,pm10,13.7
2019-11-06 02:50:51,pm2.5,11.7
2019-11-06 02:50:51,pm10,13.0
2019-11-06 02:51:51,pm2.5,12.2
2019-11-06 02:51:51,pm10,13.5
2019-11-06 02:52:51,pm2.5,11.5
2019-11-06 02:52:51,pm10,12.7
2019-11-06 02:53:51,pm2.5,11.2
2019-11-06 02:53:51,pm10,12.4
2019-11-06 02:54:51,pm2.5,11.7
2019-11-06 02:54:51,pm10,13.0
2019-11-06 02:55:51,pm2.5,11.0
2019-11-06 02:55:51,pm10,12.2
2019-11-06 02:56:51,pm2.5,10.9
2019-11-06 02:56:51,pm10,12.1
2019-11-06 02:57:51,pm2.5,10.8
2019-11-06 02:57:51,pm10,12.0
2019-11-06 02:58:51,pm2.5,10.7
2019-11-06 02:58:51,pm10,11.8
2019-11-06 02:59:51,pm2.5,10.3
2019-11-06 02:59:51,pm10,11.4
2019-11-06 03:00:51,pm2.5,10.2
2019-11-06 03:00:51,pm10,11.3
2019-11-06 03:01:51,pm2.5,9.6
2019-11-06 03:01:51,pm10,10.6
2019-11-06 03:02:51,pm2.5,9.6
2019-11-06 03:02:51,pm10,10.6
2019-11-06 03:03:51,pm2.5,10.1
2019-11-06 03:03:51,pm10,11.2
2019-11-06 03:04:51,pm2.5,9.5
2019-11-06 03:04:51,pm10,10.5
2019-11-06 03:05:51,pm2.5,9.4
2019-11-06 03:05:51,pm10,10.4
2019-11-06 03:06:51,pm2.5,8.8
2019-11-06 03:06:51,pm10,9.8
2019-11-06 03:07:51,pm2.5,9.1
2019-11-06 03:07:51,pm10,10.1
2019-11-06 03:08:51,pm2.5,9.0
2019-11-06 03:08:51,pm10,10.0
2019-11-06 03:09:51,pm2.5,8.6
2019-11-06 03:09:51,pm10,9.5
2019-11-06 03:10:51,pm2.5,8.8
2019-11-06 03:10:51,pm10,9.8
2019-11-06 03:11:51,pm2.5,8.3
2019-11-06 03:11:51,pm10,9.2
2019-11-06 03:12:51,pm2.5,8.4
2019-11-06 03:12:51,pm10,9.3
2019-11-06 03:13:51,pm2.5,8.3
2019-11-06 03:13:51,pm10,9.2
2019-11-06 03:14:51,pm2.5,8.3
2019-11-06 03:14:51,pm10,9.2
2019-11-06 03:15:51,pm2.5,8.1
2019-11-06 03:15:51,pm10,9.0
2019-11-06 03:16:51,pm2.5,7.9
2019-11-06 03:16:51,pm10,8.8
2019-11-06 03:17:51,pm2.5,7.6
2019-11-06 03:17:51,pm10,8.4
2019-11-06 03:18:51,pm2.5,7.3
2019-11-06 03:18:51,pm10,8.1
2019-11-06 03:19:51,pm2.5,7.7
2019-11-06 03:19:51,pm10,8.6
2019-11-06 03:20:51,pm2.5,7.6
2019-11-06 03:20:51,pm10,8.5
2019-11-06 03:21:51,pm2.5,7.3
2019-11-06 03:21:51,pm10,8.1
2019-11-06 03:22:51,pm2.5,7.1
2019-11-06 03:22:51,pm10,7.9
2019-11-06 03:23:51,pm2.5,7.1
2019-11-06 03:23:51,pm10,7.9
2019-11-06 03:24:51,pm2.5,6.8
2019-11-06 03:24:51,pm10,7.5
2019-11-06 03:25:51,pm2.5,6.8
2019-11-06 03:25:51,pm10,7.6
2019-11-06 03:26:51,pm2.5,6.7
2019-11-06 03:26:51,pm10,7.7
2019-11-06 03:27:51,pm2.5,6.3
2019-11-06 03:27:51,pm10,7.0
2019-11-06 03:28:51,pm2.5,6.8
2019-11-06 03:28:51,pm10,7.6
2019-11-06 03:29:51,pm2.5,6.4
2019-11-06 03:29:51,pm10,7.1
2019-11-06 03:30:51,pm2.5,6.0
2019-11-06 03:30:51,pm10,6.8
2019-11-06 03:31:51,pm2.5,5.9
2019-11-06 03:31:51,pm10,6.5
2019-11-06 03:32:51,pm2.5,6.1
2019-11-06 03:32:51,pm10,6.8
2019-11-06 03:36:25,pm2.5,5.9
2019-11-06 03:36:26,pm10,6.6
2019-11-06 03:37:02,pm2.5,5.6
2019-11-06 03:37:02,pm10,6.2
2019-11-06 03:37:21,pm2.5,5.7
2019-11-06 03:37:21,pm10,6.3
2019-11-06 03:37:52,pm2.5,5.2
2019-11-06 03:37:53,pm10,5.8
2019-11-06 03:38:13,pm2.5,5.6
2019-11-06 03:38:13,pm10,6.4
2019-11-06 03:38:59,pm2.5,5.4
2019-11-06 03:38:59,pm10,6.0
2019-11-06 03:39:51,pm2.5,5.7
2019-11-06 03:39:51,pm10,6.3
2019-11-06 03:40:51,pm2.5,5.3
2019-11-06 03:40:51,pm10,5.9
2019-11-06 03:41:51,pm2.5,5.2
2019-11-06 03:41:51,pm10,5.8
2019-11-06 03:42:51,pm2.5,5.1
2019-11-06 03:42:51,pm10,5.6
2019-11-06 03:43:51,pm2.5,4.9
2019-11-06 03:43:51,pm10,5.5
2019-11-06 03:44:51,pm2.5,5.2
2019-11-06 03:44:51,pm10,5.8
2019-11-06 03:45:51,pm2.5,5.0
2019-11-06 03:45:51,pm10,5.6
2019-11-06 03:46:51,pm2.5,4.6
2019-11-06 03:46:51,pm10,5.1
2019-11-06 03:47:51,pm2.5,5.0
2019-11-06 03:47:51,pm10,5.6
2019-11-06 03:48:51,pm2.5,4.3
2019-11-06 03:48:51,pm10,4.8
2019-11-06 03:49:51,pm2.5,4.5
2019-11-06 03:49:51,pm10,5.0
2019-11-06 03:50:51,pm2.5,4.4
2019-11-06 03:50:51,pm10,4.9
2019-11-06 03:51:51,pm2.5,4.3
2019-11-06 03:51:51,pm10,4.8
2019-11-06 03:52:51,pm2.5,4.2
2019-11-06 03:52:51,pm10,4.7
2019-11-06 03:53:51,pm2.5,4.4
2019-11-06 03:53:51,pm10,4.9
2019-11-06 03:54:51,pm2.5,4.3
2019-11-06 03:54:51,pm10,4.8
2019-11-06 03:55:51,pm2.5,4.1
2019-11-06 03:55:51,pm10,4.5
2019-11-06 03:56:51,pm2.5,4.2
2019-11-06 03:56:51,pm10,4.7
2019-11-06 03:57:51,pm2.5,3.9
2019-11-06 03:57:51,pm10,4.3
2019-11-06 03:58:51,pm2.5,3.9
2019-11-06 03:58:51,pm10,4.3
2019-11-06 03:59:51,pm2.5,4.0
2019-11-06 03:59:51,pm10,4.4
2019-11-06 04:00:51,pm2.5,3.7
2019-11-06 04:00:51,pm10,4.1
2019-11-06 04:01:51,pm2.5,3.6
2019-11-06 04:01:51,pm10,4.0
2019-11-06 04:02:51,pm2.5,3.7
2019-11-06 04:02:51,pm10,4.2
2019-11-06 04:03:51,pm2.5,3.7
2019-11-06 04:03:51,pm10,4.1
2019-11-06 04:04:51,pm2.5,3.5
2019-11-06 04:04:51,pm10,3.9
2019-11-06 04:05:51,pm2.5,3.4
2019-11-06 04:05:51,pm10,3.7
2019-11-06 04:06:51,pm2.5,3.1
2019-11-06 04:06:51,pm10,3.4
2019-11-06 04:07:51,pm2.5,3.5
2019-11-06 04:07:51,pm10,4.0
2019-11-06 04:08:51,pm2.5,3.2
2019-11-06 04:08:51,pm10,3.5
2019-11-06 04:09:51,pm2.5,3.3
2019-11-06 04:09:51,pm10,3.6
2019-11-06 04:10:51,pm2.5,3.2
2019-11-06 04:10:52,pm10,3.5
2019-11-06 04:11:51,pm2.5,3.1
2019-11-06 04:11:52,pm10,3.4
2019-11-06 04:12:51,pm2.5,3.0
2019-11-06 04:12:52,pm10,3.3
2019-11-06 04:13:51,pm2.5,3.0
2019-11-06 04:13:52,pm10,3.3
2019-11-06 04:14:51,pm2.5,3.0
2019-11-06 04:14:52,pm10,3.3
2019-11-06 04:15:51,pm2.5,3.0
2019-11-06 04:15:52,pm10,3.3
2019-11-06 04:16:51,pm2.5,2.8
2019-11-06 04:16:52,pm10,3.1
2019-11-06 04:17:51,pm2.5,2.9
2019-11-06 04:17:52,pm10,3.2
2019-11-06 04:18:51,pm2.5,2.6
2019-11-06 04:18:52,pm10,2.8
2019-11-06 04:19:51,pm2.5,2.6
2019-11-06 04:19:52,pm10,2.9
2019-11-06 04:20:51,pm2.5,2.8
2019-11-06 04:20:52,pm10,3.2
2019-11-06 04:21:51,pm2.5,2.6
2019-11-06 04:21:52,pm10,2.8
2019-11-06 04:23:51,pm2.5,2.7
2019-11-06 04:23:51,pm10,3.0
2019-11-06 04:24:51,pm2.5,2.4
2019-11-06 04:24:51,pm10,2.6
2019-11-06 04:25:51,pm2.5,2.5
2019-11-06 04:25:51,pm10,2.7
2019-11-06 04:26:51,pm2.5,2.5
2019-11-06 04:26:51,pm10,2.7
2019-11-06 04:27:51,pm2.5,2.4
2019-11-06 04:27:51,pm10,2.6
2019-11-06 04:28:51,pm2.5,2.7
2019-11-06 04:28:51,pm10,3.0
2019-11-06 04:29:51,pm2.5,2.4
2019-11-06 04:29:51,pm10,2.7
2019-11-06 04:30:51,pm2.5,2.4
2019-11-06 04:30:51,pm10,2.6
2019-11-06 04:31:51,pm2.5,2.1
2019-11-06 04:31:51,pm10,2.3
2019-11-06 04:32:51,pm2.5,2.0
2019-11-06 04:32:51,pm10,2.2
2019-11-06 04:33:51,pm2.5,2.2
2019-11-06 04:33:51,pm10,2.4
2019-11-06 04:34:51,pm2.5,1.7
2019-11-06 04:34:51,pm10,1.8
2019-11-06 04:35:51,pm2.5,2.0
2019-11-06 04:35:51,pm10,2.2
2019-11-06 04:36:51,pm2.5,2.0
2019-11-06 04:36:51,pm10,2.2
2019-11-06 04:37:51,pm2.5,2.2
2019-11-06 04:37:51,pm10,2.4
2019-11-06 04:38:51,pm2.5,2.2
2019-11-06 04:38:51,pm10,2.4
2019-11-06 04:39:51,pm2.5,1.9
2019-11-06 04:39:51,pm10,2.1
2019-11-06 04:40:51,pm2.5,2.1
2019-11-06 04:40:51,pm10,2.3
2019-11-06 04:41:51,pm2.5,2.0
2019-11-06 04:41:51,pm10,2.2
2019-11-06 04:42:51,pm2.5,1.9
2019-11-06 04:42:51,pm10,2.1
2019-11-06 04:43:51,pm2.5,1.9
2019-11-06 04:43:51,pm10,2.1
2019-11-06 04:44:51,pm2.5,1.7
2019-11-06 04:44:51,pm10,1.9
2019-11-06 04:45:51,pm2.5,1.6
2019-11-06 04:45:51,pm10,1.7
2019-11-06 04:46:51,pm2.5,1.9
2019-11-06 04:46:51,pm10,2.1
2019-11-06 04:47:51,pm2.5,1.9
2019-11-06 04:47:51,pm10,2.2
2019-11-06 04:48:51,pm2.5,1.5
2019-11-06 04:48:51,pm10,1.6
2019-11-06 04:49:51,pm2.5,1.7
2019-11-06 04:49:51,pm10,1.8
2019-11-06 04:50:51,pm2.5,1.6
2019-11-06 04:50:51,pm10,1.7
2019-11-06 04:51:51,pm2.5,1.6
2019-11-06 04:51:51,pm10,1.7
2019-11-06 04:52:51,pm2.5,1.4
2019-11-06 04:52:51,pm10,1.5
2019-11-06 04:53:51,pm2.5,1.6
2019-11-06 04:53:51,pm10,1.7
2019-11-06 04:54:51,pm2.5,1.6
2019-11-06 04:54:51,pm10,1.7
2019-11-06 04:55:51,pm2.5,1.5
2019-11-06 04:55:51,pm10,1.6
2019-11-06 04:56:51,pm2.5,1.5
2019-11-06 04:56:51,pm10,1.6
2019-11-06 04:57:51,pm2.5,1.5
2019-11-06 04:57:51,pm10,1.9
2019-11-06 04:58:51,pm2.5,1.3
2019-11-06 04:58:51,pm10,1.6
2019-11-06 04:59:51,pm2.5,1.4
2019-11-06 04:59:51,pm10,1.5
2019-11-06 05:00:51,pm2.5,1.5
2019-11-06 05:00:51,pm10,1.6
2019-11-06 05:01:51,pm2.5,1.5
2019-11-06 05:01:51,pm10,1.6
2019-11-06 05:02:51,pm2.5,1.3
2019-11-06 05:02:51,pm10,1.4
2019-11-06 05:03:51,pm2.5,1.2
2019-11-06 05:03:51,pm10,1.3
2019-11-06 05:04:51,pm2.5,1.2
2019-11-06 05:04:51,pm10,1.3
2019-11-06 05:05:51,pm2.5,1.3
2019-11-06 05:05:51,pm10,1.4
2019-11-06 05:06:51,pm2.5,1.3
2019-11-06 05:06:51,pm10,1.5
2019-11-06 05:07:51,pm2.5,1.2
2019-11-06 05:07:51,pm10,1.3
2019-11-06 05:08:51,pm2.5,1.3
2019-11-06 05:08:51,pm10,1.4
2019-11-06 05:09:51,pm2.5,1.1
2019-11-06 05:09:51,pm10,1.2
2019-11-06 05:10:51,pm2.5,1.2
2019-11-06 05:10:51,pm10,1.3
2019-11-06 05:11:51,pm2.5,1.3
2019-11-06 05:11:51,pm10,1.4
2019-11-06 05:12:51,pm2.5,1.1
2019-11-06 05:12:51,pm10,1.2
2019-11-06 05:13:51,pm2.5,1.0
2019-11-06 05:13:51,pm10,1.1
2019-11-06 05:14:51,pm2.5,1.2
2019-11-06 05:14:51,pm10,1.3
2019-11-06 05:15:51,pm2.5,1.1
2019-11-06 05:15:51,pm10,1.2
2019-11-06 05:16:51,pm2.5,1.2
2019-11-06 05:16:51,pm10,1.3
2019-11-06 05:17:51,pm2.5,1.0
2019-11-06 05:17:51,pm10,1.1
2019-11-06 05:18:51,pm2.5,0.9
2019-11-06 05:18:51,pm10,1.0
2019-11-06 05:19:51,pm2.5,1.0
2019-11-06 05:19:51,pm10,1.1
2019-11-06 05:20:51,pm2.5,0.9
2019-11-06 05:20:51,pm10,0.9
2019-11-06 05:21:51,pm2.5,0.9
2019-11-06 05:21:51,pm10,1.0
2019-11-06 05:22:51,pm2.5,0.9
2019-11-06 05:22:51,pm10,1.0
2019-11-06 05:23:51,pm2.5,0.9
2019-11-06 05:23:51,pm10,1.0
2019-11-06 05:24:51,pm2.5,0.9
2019-11-06 05:24:51,pm10,1.0
2019-11-06 05:25:51,pm2.5,0.9
2019-11-06 05:25:51,pm10,1.0
2019-11-06 05:26:51,pm2.5,0.8
2019-11-06 05:26:51,pm10,0.8
2019-11-06 05:27:51,pm2.5,0.9
2019-11-06 05:27:51,pm10,1.0
2019-11-06 05:28:51,pm2.5,0.9
2019-11-06 05:28:51,pm10,1.0
2019-11-06 05:29:51,pm2.5,0.8
2019-11-06 05:29:51,pm10,0.8
2019-11-06 05:30:51,pm2.5,0.8
2019-11-06 05:30:51,pm10,0.8
2019-11-06 05:31:51,pm2.5,0.8
2019-11-06 05:31:51,pm10,0.8
2019-11-06 05:32:51,pm2.5,0.8
2019-11-06 05:32:51,pm10,0.9
2019-11-06 05:33:51,pm2.5,0.7
2019-11-06 05:33:51,pm10,0.7
2019-11-06 05:34:51,pm2.5,0.8
2019-11-06 05:34:51,pm10,0.8
2019-11-06 05:35:51,pm2.5,0.8
2019-11-06 05:35:51,pm10,0.8
2019-11-06 05:36:51,pm2.5,0.6
2019-11-06 05:36:51,pm10,0.6
2019-11-06 05:37:51,pm2.5,0.7
2019-11-06 05:37:51,pm10,0.7
2019-11-06 05:38:51,pm2.5,0.9
2019-11-06 05:38:51,pm10,0.9
2019-11-06 05:39:51,pm2.5,0.7
2019-11-06 05:39:51,pm10,0.8
2019-11-06 05:40:51,pm2.5,0.7
2019-11-06 05:40:51,pm10,0.7
2019-11-06 05:41:51,pm2.5,0.6
2019-11-06 05:41:51,pm10,0.6
2019-11-06 05:42:51,pm2.5,0.6
2019-11-06 05:42:51,pm10,0.6
2019-11-06 05:43:51,pm2.5,0.7
2019-11-06 05:43:51,pm10,0.7
2019-11-06 05:44:51,pm2.5,0.7
2019-11-06 05:44:51,pm10,0.7
2019-11-06 05:45:51,pm2.5,0.7
2019-11-06 05:45:51,pm10,0.7
2019-11-06 05:46:51,pm2.5,0.6
2019-11-06 05:46:51,pm10,0.6
2019-11-06 05:47:51,pm2.5,0.7
2019-11-06 05:47:51,pm10,0.7
2019-11-06 05:48:51,pm2.5,0.6
2019-11-06 05:48:51,pm10,0.6
2019-11-06 05:49:51,pm2.5,0.6
2019-11-06 05:49:51,pm10,0.6
2019-11-06 05:50:51,pm2.5,0.5
2019-11-06 05:50:51,pm10,0.5
2019-11-06 05:51:51,pm2.5,0.6
2019-11-06 05:51:51,pm10,0.6
2019-11-06 05:52:51,pm2.5,0.7
2019-11-06 05:52:51,pm10,0.7
2019-11-06 05:53:51,pm2.5,0.5
2019-11-06 05:53:51,pm10,0.5
2019-11-06 05:54:51,pm2.5,0.5
2019-11-06 05:54:51,pm10,0.5
2019-11-06 05:55:51,pm2.5,0.5
2019-11-06 05:55:51,pm10,0.5
2019-11-06 05:56:51,pm2.5,0.5
2019-11-06 05:56:51,pm10,0.5
2019-11-06 05:57:51,pm2.5,0.5
2019-11-06 05:57:51,pm10,0.5
2019-11-06 05:58:51,pm2.5,0.5
2019-11-06 05:58:51,pm10,0.5
2019-11-06 05:59:51,pm2.5,0.5
2019-11-06 05:59:51,pm10,0.5
2019-11-06 06:00:51,pm2.5,0.4
2019-11-06 06:00:51,pm10,0.4
2019-11-06 06:01:51,pm2.5,0.5
2019-11-06 06:01:51,pm10,0.5
2019-11-06 06:02:51,pm2.5,0.6
2019-11-06 06:02:51,pm10,0.6
2019-11-06 06:03:51,pm2.5,0.4
2019-11-06 06:03:51,pm10,0.4
2019-11-06 06:04:51,pm2.5,0.5
2019-11-06 06:04:52,pm10,0.5
2019-11-06 06:05:51,pm2.5,0.5
2019-11-06 06:05:51,pm10,0.5
2019-11-06 06:06:51,pm2.5,0.4
2019-11-06 06:06:52,pm10,0.4
2019-11-06 06:07:51,pm2.5,0.4
2019-11-06 06:07:52,pm10,0.4
2019-11-06 06:08:51,pm2.5,0.4
2019-11-06 06:08:52,pm10,0.4
2019-11-06 06:09:51,pm2.5,0.4
2019-11-06 06:09:52,pm10,0.4
2019-11-06 06:10:51,pm2.5,0.4
2019-11-06 06:10:51,pm10,0.5
2019-11-06 06:11:51,pm2.5,0.4
2019-11-06 06:11:51,pm10,0.4
2019-11-06 06:12:51,pm2.5,0.4
2019-11-06 06:12:51,pm10,0.4
2019-11-06 06:13:51,pm2.5,0.3
2019-11-06 06:13:51,pm10,0.3
2019-11-06 06:14:51,pm2.5,0.4
2019-11-06 06:14:51,pm10,0.4
2019-11-06 06:15:51,pm2.5,0.4
2019-11-06 06:15:51,pm10,0.4
2019-11-06 06:16:51,pm2.5,0.4
2019-11-06 06:16:51,pm10,0.4
2019-11-06 06:17:51,pm2.5,0.5
2019-11-06 06:17:51,pm10,0.5
2019-11-06 06:18:51,pm2.5,0.4
2019-11-06 06:18:51,pm10,0.4
2019-11-06 06:19:51,pm2.5,0.4
2019-11-06 06:19:51,pm10,0.4
2019-11-06 06:20:51,pm2.5,0.3
2019-11-06 06:20:51,pm10,0.3
2019-11-06 06:21:51,pm2.5,0.4
2019-11-06 06:21:51,pm10,0.4
2019-11-06 06:22:51,pm2.5,0.2
2019-11-06 06:22:51,pm10,0.2
2019-11-06 06:23:51,pm2.5,0.3
2019-11-06 06:23:51,pm10,0.3
2019-11-06 06:24:51,pm2.5,0.3
2019-11-06 06:24:51,pm10,0.3
2019-11-06 06:25:51,pm2.5,0.3
2019-11-06 06:25:51,pm10,0.3
2019-11-06 06:26:51,pm2.5,0.4
2019-11-06 06:26:51,pm10,0.4
2019-11-06 06:27:51,pm2.5,0.3
2019-11-06 06:27:51,pm10,0.3
2019-11-06 06:28:51,pm2.5,0.3
2019-11-06 06:28:51,pm10,0.3
2019-11-06 06:29:51,pm2.5,0.3
2019-11-06 06:29:51,pm10,0.3
2019-11-06 06:30:51,pm2.5,0.3
2019-11-06 06:30:51,pm10,0.3
2019-11-06 06:31:51,pm2.5,0.3
2019-11-06 06:31:51,pm10,0.3
2019-11-06 06:32:51,pm2.5,0.3
2019-11-06 06:32:51,pm10,0.3
2019-11-06 06:33:51,pm2.5,0.2
2019-11-06 06:33:51,pm10,0.2
2019-11-06 06:34:51,pm2.5,0.3
2019-11-06 06:34:51,pm10,0.4
2019-11-06 06:35:51,pm2.5,0.3
2019-11-06 06:35:51,pm10,0.3
2019-11-06 06:36:51,pm2.5,0.3
2019-11-06 06:36:51,pm10,0.3
2019-11-06 06:37:51,pm2.5,0.3
2019-11-06 06:37:51,pm10,0.3
2019-11-06 06:38:51,pm2.5,0.3
2019-11-06 06:38:51,pm10,0.4
2019-11-06 06:39:51,pm2.5,0.3
2019-11-06 06:39:51,pm10,0.3
2019-11-06 06:40:51,pm2.5,0.3
2019-11-06 06:40:51,pm10,0.3
2019-11-06 06:41:51,pm2.5,0.3
2019-11-06 06:41:51,pm10,0.3
2019-11-06 06:42:51,pm2.5,0.2
2019-11-06 06:42:51,pm10,0.2
2019-11-06 06:43:51,pm2.5,0.2
2019-11-06 06:43:51,pm10,0.2
2019-11-06 06:44:51,pm2.5,0.2
2019-11-06 06:44:51,pm10,0.2
2019-11-06 06:45:51,pm2.5,0.2
2019-11-06 06:45:51,pm10,0.2
2019-11-06 06:46:51,pm2.5,0.3
2019-11-06 06:46:51,pm10,0.3
2019-11-06 06:47:51,pm2.5,0.2
2019-11-06 06:47:51,pm10,0.2
2019-11-06 06:48:51,pm2.5,0.3
2019-11-06 06:48:51,pm10,0.3
2019-11-06 06:49:51,pm2.5,0.3
2019-11-06 06:49:51,pm10,0.3
2019-11-06 06:50:51,pm2.5,0.2
2019-11-06 06:50:51,pm10,0.2
2019-11-06 06:51:51,pm2.5,0.2
2019-11-06 06:51:51,pm10,0.2
2019-11-06 06:52:51,pm2.5,0.2
2019-11-06 06:52:51,pm10,0.2
2019-11-06 06:53:51,pm2.5,0.2
2019-11-06 06:53:51,pm10,0.2
2019-11-06 06:54:51,pm2.5,0.2
2019-11-06 06:54:51,pm10,0.2
2019-11-06 06:55:51,pm2.5,0.2
2019-11-06 06:55:51,pm10,0.2
2019-11-06 06:56:51,pm2.5,0.3
2019-11-06 06:56:51,pm10,0.4
2019-11-06 06:57:51,pm2.5,0.2
2019-11-06 06:57:51,pm10,0.2
2019-11-06 06:58:51,pm2.5,0.2
2019-11-06 06:58:51,pm10,0.2
2019-11-06 06:59:51,pm2.5,0.2
2019-11-06 06:59:51,pm10,0.2
2019-11-06 07:00:51,pm2.5,0.2
2019-11-06 07:00:51,pm10,0.2
2019-11-06 07:01:51,pm2.5,0.1
2019-11-06 07:01:51,pm10,0.1
2019-11-06 07:02:51,pm2.5,0.2
2019-11-06 07:02:51,pm10,0.2
2019-11-06 07:03:51,pm2.5,0.2
2019-11-06 07:03:51,pm10,0.2
2019-11-06 07:04:51,pm2.5,0.2
2019-11-06 07:04:51,pm10,0.2
2019-11-06 07:05:51,pm2.5,0.2
2019-11-06 07:05:51,pm10,0.2
2019-11-06 07:06:51,pm2.5,0.2
2019-11-06 07:06:51,pm10,0.2
2019-11-06 07:07:51,pm2.5,0.2
2019-11-06 07:07:51,pm10,0.2
2019-11-06 07:08:51,pm2.5,0.2
2019-11-06 07:08:51,pm10,0.2
2019-11-06 07:09:51,pm2.5,0.2
2019-11-06 07:09:51,pm10,0.2
2019-11-06 07:10:51,pm2.5,0.2
2019-11-06 07:10:51,pm10,0.2
2019-11-06 07:11:51,pm2.5,0.2
2019-11-06 07:11:51,pm10,0.2
2019-11-06 07:12:51,pm2.5,0.2
2019-11-06 07:12:51,pm10,0.2
2019-11-06 07:13:51,pm2.5,0.2
2019-11-06 07:13:51,pm10,0.2
2019-11-06 07:14:51,pm2.5,0.1
2019-11-06 07:14:51,pm10,0.1
2019-11-06 07:15:51,pm2.5,0.1
2019-11-06 07:15:51,pm10,0.1
2019-11-06 07:16:51,pm2.5,0.1
2019-11-06 07:16:51,pm10,0.1
2019-11-06 07:17:51,pm2.5,0.2
2019-11-06 07:17:51,pm10,0.2
2019-11-06 07:18:51,pm2.5,0.1
2019-11-06 07:18:51,pm10,0.1
2019-11-06 07:19:51,pm2.5,0.1
2019-11-06 07:19:51,pm10,0.1
2019-11-06 07:20:51,pm2.5,0.1
2019-11-06 07:20:51,pm10,0.1
2019-11-06 07:21:51,pm2.5,0.2
2019-11-06 07:21:52,pm10,0.2
2019-11-06 07:22:51,pm2.5,0.1
2019-11-06 07:22:51,pm10,0.1
2019-11-06 07:23:51,pm2.5,0.1
2019-11-06 07:23:51,pm10,0.1
2019-11-06 07:24:51,pm2.5,0.1
2019-11-06 07:24:51,pm10,0.1
2019-11-06 07:25:51,pm2.5,0.1
2019-11-06 07:25:52,pm10,0.1
2019-11-06 07:26:51,pm2.5,0.2
2019-11-06 07:26:52,pm10,0.2
2019-11-06 07:27:51,pm2.5,0.1
2019-11-06 07:27:52,pm10,0.1
2019-11-06 07:28:51,pm2.5,0.1
2019-11-06 07:28:52,pm10,0.1
2019-11-06 07:29:51,pm2.5,0.1
2019-11-06 07:29:52,pm10,0.1
2019-11-06 07:30:51,pm2.5,0.1
2019-11-06 07:30:52,pm10,0.1
2019-11-06 07:31:51,pm2.5,0.1
2019-11-06 07:31:52,pm10,0.1
2019-11-06 07:32:51,pm2.5,0.1
2019-11-06 07:32:52,pm10,0.1
2019-11-06 07:33:52,pm2.5,0.1
2019-11-06 07:33:52,pm10,0.1
2019-11-06 07:34:51,pm2.5,0.1
2019-11-06 07:34:51,pm10,0.1
2019-11-06 07:35:51,pm2.5,0.1
2019-11-06 07:35:51,pm10,0.1
2019-11-06 07:36:51,pm2.5,0.1
2019-11-06 07:36:51,pm10,0.7
2019-11-06 07:37:51,pm2.5,0.1
2019-11-06 07:37:51,pm10,0.1
2019-11-06 07:38:51,pm2.5,0.1
2019-11-06 07:38:51,pm10,0.1
2019-11-06 07:39:51,pm2.5,0.2
2019-11-06 07:39:51,pm10,0.2
2019-11-06 07:40:51,pm2.5,0.1
2019-11-06 07:40:51,pm10,0.1
2019-11-06 07:41:51,pm2.5,0.1
2019-11-06 07:41:51,pm10,0.1
2019-11-06 07:42:51,pm2.5,0.2
2019-11-06 07:42:51,pm10,0.2
2019-11-06 07:43:50,pm2.5,0.2
2019-11-06 07:43:51,pm10,0.2
2019-11-06 07:44:51,pm2.5,0.1
2019-11-06 07:44:51,pm10,0.1
2019-11-06 07:45:51,pm2.5,0.1
2019-11-06 07:45:51,pm10,0.1
2019-11-06 07:46:51,pm2.5,0.1
2019-11-06 07:46:51,pm10,0.1
2019-11-06 07:47:51,pm2.5,0.1
2019-11-06 07:47:51,pm10,0.1
2019-11-06 07:48:51,pm2.5,0.1
2019-11-06 07:48:51,pm10,0.1
2019-11-06 07:49:51,pm2.5,0.1
2019-11-06 07:49:51,pm10,0.1
2019-11-06 07:50:51,pm2.5,0.1
2019-11-06 07:50:51,pm10,0.1
2019-11-06 07:51:51,pm2.5,0.1
2019-11-06 07:51:51,pm10,0.1
2019-11-06 07:52:51,pm2.5,0.1
2019-11-06 07:52:51,pm10,0.1
2019-11-06 07:53:51,pm2.5,0.1
2019-11-06 07:53:51,pm10,0.1
2019-11-06 07:54:51,pm2.5,0.1
2019-11-06 07:54:51,pm10,0.1
2019-11-06 07:55:51,pm2.5,0.1
2019-11-06 07:55:51,pm10,0.1
2019-11-06 07:56:51,pm2.5,0.1
2019-11-06 07:56:51,pm10,0.1
2019-11-06 07:57:51,pm2.5,0.1
2019-11-06 07:57:51,pm10,0.2
2019-11-06 07:58:51,pm2.5,0.1
2019-11-06 07:58:51,pm10,0.1
2019-11-06 07:59:51,pm2.5,0.2
2019-11-06 07:59:51,pm10,0.2
2019-11-06 08:00:51,pm2.5,0.1
2019-11-06 08:00:51,pm10,0.1
2019-11-06 08:01:51,pm2.5,0.1
2019-11-06 08:01:51,pm10,0.1
2019-11-06 08:02:51,pm2.5,0.1
2019-11-06 08:02:51,pm10,0.1
2019-11-06 08:03:51,pm2.5,0.1
2019-11-06 08:03:51,pm10,0.1
2019-11-06 08:04:51,pm2.5,0.1
2019-11-06 08:04:51,pm10,0.1
2019-11-06 08:05:51,pm2.5,0.1
2019-11-06 08:05:51,pm10,0.1
2019-11-06 08:06:51,pm2.5,0.1
2019-11-06 08:06:51,pm10,0.2
2019-11-06 08:07:51,pm2.5,0.1
2019-11-06 08:07:51,pm10,0.1
2019-11-06 08:08:51,pm2.5,0.1
2019-11-06 08:08:51,pm10,0.1
2019-11-06 08:09:51,pm2.5,0.1
2019-11-06 08:09:51,pm10,0.2
2019-11-06 08:10:51,pm2.5,0.1
2019-11-06 08:10:51,pm10,0.1
2019-11-06 08:11:51,pm2.5,0.1
2019-11-06 08:11:51,pm10,0.1
2019-11-06 08:12:51,pm2.5,0.1
2019-11-06 08:12:51,pm10,0.1
2019-11-06 08:13:51,pm2.5,0.1
2019-11-06 08:13:51,pm10,0.1
2019-11-06 08:14:51,pm2.5,0.1
2019-11-06 08:14:51,pm10,0.1
2019-11-06 08:15:51,pm2.5,0.1
2019-11-06 08:15:51,pm10,0.1
2019-11-06 08:16:51,pm2.5,0.1
2019-11-06 08:16:51,pm10,0.1
2019-11-06 08:17:51,pm2.5,0.1
2019-11-06 08:17:51,pm10,0.1
2019-11-06 08:18:51,pm2.5,0.0
2019-11-06 08:18:51,pm10,0.0
2019-11-06 08:19:51,pm2.5,0.1
2019-11-06 08:19:51,pm10,0.1
2019-11-06 08:20:51,pm2.5,0.1
2019-11-06 08:20:51,pm10,0.1
2019-11-06 08:21:51,pm2.5,0.1
2019-11-06 08:21:51,pm10,0.1
2019-11-06 08:22:51,pm2.5,0.1
2019-11-06 08:22:51,pm10,0.1
2019-11-06 08:23:51,pm2.5,0.1
2019-11-06 08:23:51,pm10,0.1
2019-11-06 08:24:51,pm2.5,0.1
2019-11-06 08:24:51,pm10,0.1
2019-11-06 08:25:51,pm2.5,0.1
2019-11-06 08:25:51,pm10,0.2
2019-11-06 08:26:51,pm2.5,0.1
2019-11-06 08:26:51,pm10,0.1
2019-11-06 08:27:51,pm2.5,0.1
2019-11-06 08:27:51,pm10,0.1
2019-11-06 08:28:51,pm2.5,0.0
2019-11-06 08:28:51,pm10,0.0
2019-11-06 08:29:51,pm2.5,0.0
2019-11-06 08:29:51,pm10,0.0
2019-11-06 08:30:51,pm2.5,0.1
2019-11-06 08:30:51,pm10,0.1
2019-11-06 08:31:51,pm2.5,0.1
2019-11-06 08:31:51,pm10,0.1
2019-11-06 08:32:51,pm2.5,0.1
2019-11-06 08:32:51,pm10,0.1
2019-11-06 08:33:51,pm2.5,0.1
2019-11-06 08:33:51,pm10,0.1
2019-11-06 08:34:51,pm2.5,0.1
2019-11-06 08:34:51,pm10,0.1
2019-11-06 08:35:51,pm2.5,0.0
2019-11-06 08:35:51,pm10,0.0
2019-11-06 08:36:51,pm2.5,0.0
2019-11-06 08:36:51,pm10,0.0
2019-11-06 08:37:51,pm2.5,0.0
2019-11-06 08:37:51,pm10,0.0
2019-11-06 08:38:51,pm2.5,0.1
2019-11-06 08:38:51,pm10,0.1
2019-11-06 08:39:51,pm2.5,0.1
2019-11-06 08:39:51,pm10,0.1
2019-11-06 08:40:51,pm2.5,0.1
2019-11-06 08:40:51,pm10,0.1
2019-11-06 08:41:51,pm2.5,0.0
2019-11-06 08:41:51,pm10,0.0
2019-11-06 08:42:51,pm2.5,0.0
2019-11-06 08:42:51,pm10,0.0
2019-11-06 08:43:51,pm2.5,0.0
2019-11-06 08:43:51,pm10,0.0
2019-11-06 08:44:51,pm2.5,0.1
2019-11-06 08:44:51,pm10,0.1
2019-11-06 08:45:51,pm2.5,0.1
2019-11-06 08:45:51,pm10,0.1
2019-11-06 08:46:51,pm2.5,0.1
2019-11-06 08:46:51,pm10,0.1
2019-11-06 08:47:51,pm2.5,0.1
2019-11-06 08:47:51,pm10,0.1
2019-11-06 08:48:51,pm2.5,0.1
2019-11-06 08:48:51,pm10,0.1
2019-11-06 08:49:51,pm2.5,0.1
2019-11-06 08:49:51,pm10,0.1
2019-11-06 08:50:51,pm2.5,0.1
2019-11-06 08:50:51,pm10,0.1
2019-11-06 08:51:51,pm2.5,0.0
2019-11-06 08:51:51,pm10,0.0
2019-11-06 08:52:51,pm2.5,0.1
2019-11-06 08:52:51,pm10,0.1
2019-11-06 08:53:51,pm2.5,0.0
2019-11-06 08:53:51,pm10,0.0
2019-11-06 08:54:51,pm2.5,0.1
2019-11-06 08:54:51,pm10,0.1
2019-11-06 08:55:51,pm2.5,0.1
2019-11-06 08:55:51,pm10,0.1
2019-11-06 08:56:51,pm2.5,0.0
2019-11-06 08:56:51,pm10,0.0
2019-11-06 08:57:51,pm2.5,0.0
2019-11-06 08:57:51,pm10,0.0
2019-11-06 08:58:51,pm2.5,0.1
2019-11-06 08:58:51,pm10,0.1
2019-11-06 08:59:51,pm2.5,0.0
2019-11-06 08:59:51,pm10,0.0
2019-11-06 09:00:51,pm2.5,0.1
2019-11-06 09:00:51,pm10,0.1
2019-11-06 09:01:51,pm2.5,0.0
2019-11-06 09:01:51,pm10,0.0
2019-11-06 09:02:51,pm2.5,0.1
2019-11-06 09:02:51,pm10,0.1
2019-11-06 09:03:51,pm2.5,0.1
2019-11-06 09:03:51,pm10,0.1
2019-11-06 09:04:51,pm2.5,0.1
2019-11-06 09:04:51,pm10,0.1
2019-11-06 09:05:51,pm2.5,0.0
2019-11-06 09:05:51,pm10,0.0
2019-11-06 09:06:51,pm2.5,0.0
2019-11-06 09:06:51,pm10,0.0
2019-11-06 09:07:51,pm2.5,0.0
2019-11-06 09:07:51,pm10,0.0
2019-11-06 09:08:51,pm2.5,0.1
2019-11-06 09:08:51,pm10,0.1
2019-11-06 09:09:51,pm2.5,0.1
2019-11-06 09:09:51,pm10,0.1
2019-11-06 09:10:51,pm2.5,0.0
2019-11-06 09:10:51,pm10,0.0
2019-11-06 09:11:51,pm2.5,0.1
2019-11-06 09:11:51,pm10,0.1
2019-11-06 09:12:51,pm2.5,0.0
2019-11-06 09:12:51,pm10,0.0
2019-11-06 09:13:51,pm2.5,0.1
2019-11-06 09:13:51,pm10,0.2
2019-11-06 09:14:51,pm2.5,0.0
2019-11-06 09:14:51,pm10,0.0
2019-11-06 09:15:51,pm2.5,0.0
2019-11-06 09:15:51,pm10,0.0
2019-11-06 09:16:51,pm2.5,0.1
2019-11-06 09:16:51,pm10,0.1
2019-11-06 09:17:51,pm2.5,0.0
2019-11-06 09:17:51,pm10,0.0
2019-11-06 09:18:51,pm2.5,0.0
2019-11-06 09:18:51,pm10,0.0
2019-11-06 09:19:51,pm2.5,0.0
2019-11-06 09:19:51,pm10,0.0
2019-11-06 09:20:51,pm2.5,0.0
2019-11-06 09:20:51,pm10,0.0
2019-11-06 09:21:51,pm2.5,0.1
2019-11-06 09:21:51,pm10,0.1
2019-11-06 09:22:51,pm2.5,0.0
2019-11-06 09:22:51,pm10,0.0
2019-11-06 09:23:51,pm2.5,0.0
2019-11-06 09:23:51,pm10,0.0
2019-11-06 09:24:51,pm2.5,0.0
2019-11-06 09:24:51,pm10,0.0
2019-11-06 09:25:51,pm2.5,0.0
2019-11-06 09:25:51,pm10,0.0
2019-11-06 09:26:51,pm2.5,0.0
2019-11-06 09:26:51,pm10,0.0
2019-11-06 09:27:51,pm2.5,0.0
2019-11-06 09:27:51,pm10,0.0
2019-11-06 09:28:51,pm2.5,0.1
2019-11-06 09:28:51,pm10,0.1
2019-11-06 09:29:51,pm2.5,0.0
2019-11-06 09:29:51,pm10,0.0
2019-11-06 09:30:51,pm2.5,0.0
2019-11-06 09:30:51,pm10,0.0
2019-11-06 09:31:51,pm2.5,0.0
2019-11-06 09:31:51,pm10,0.0
2019-11-06 09:32:51,pm2.5,0.0
2019-11-06 09:32:51,pm10,0.0
2019-11-06 09:33:51,pm2.5,0.0
2019-11-06 09:33:51,pm10,0.0
2019-11-06 09:34:51,pm2.5,0.1
2019-11-06 09:34:51,pm10,0.1
2019-11-06 09:35:51,pm2.5,0.0
2019-11-06 09:35:51,pm10,0.0
2019-11-06 09:36:51,pm2.5,0.0
2019-11-06 09:36:51,pm10,0.0
2019-11-06 09:37:51,pm2.5,0.0
2019-11-06 09:37:51,pm10,0.0
2019-11-06 09:38:51,pm2.5,0.0
2019-11-06 09:38:51,pm10,0.0
2019-11-06 09:39:51,pm2.5,0.0
2019-11-06 09:39:51,pm10,0.0
2019-11-06 09:40:51,pm2.5,0.0
2019-11-06 09:40:51,pm10,0.0
2019-11-06 09:41:51,pm2.5,0.1
2019-11-06 09:41:51,pm10,0.1
2019-11-06 09:42:51,pm2.5,0.0
2019-11-06 09:42:52,pm10,0.0
2019-11-06 09:43:51,pm2.5,0.0
2019-11-06 09:43:51,pm10,0.0
2019-11-06 09:44:51,pm2.5,0.0
2019-11-06 09:44:51,pm10,0.0
2019-11-06 09:45:51,pm2.5,0.0
2019-11-06 09:45:51,pm10,0.0
2019-11-06 09:46:51,pm2.5,0.0
2019-11-06 09:46:51,pm10,0.0
2019-11-06 09:47:51,pm2.5,0.0
2019-11-06 09:47:51,pm10,0.1
2019-11-06 09:48:51,pm2.5,0.1
2019-11-06 09:48:52,pm10,0.1
2019-11-06 09:49:51,pm2.5,0.0
2019-11-06 09:49:52,pm10,0.0
2019-11-06 09:50:51,pm2.5,0.0
2019-11-06 09:50:52,pm10,0.6
2019-11-06 09:51:51,pm2.5,0.0
2019-11-06 09:51:52,pm10,0.0
2019-11-06 09:52:51,pm2.5,0.0
2019-11-06 09:52:52,pm10,0.0
2019-11-06 09:53:51,pm2.5,0.0
2019-11-06 09:53:52,pm10,0.0
2019-11-06 09:54:51,pm2.5,0.0
2019-11-06 09:54:52,pm10,0.0
2019-11-06 09:55:51,pm2.5,0.0
2019-11-06 09:55:52,pm10,0.0
2019-11-06 09:56:51,pm2.5,0.1
2019-11-06 09:56:52,pm10,0.1
2019-11-06 09:57:51,pm2.5,0.1
2019-11-06 09:57:52,pm10,0.1
2019-11-06 09:58:51,pm2.5,0.0
2019-11-06 09:58:52,pm10,0.0
2019-11-06 09:59:51,pm2.5,0.0
2019-11-06 09:59:52,pm10,0.0
2019-11-06 10:00:51,pm2.5,0.0
2019-11-06 10:00:52,pm10,0.0
2019-11-06 10:01:51,pm2.5,0.0
2019-11-06 10:01:52,pm10,0.0
2019-11-06 10:02:51,pm2.5,0.0
2019-11-06 10:02:52,pm10,0.0
2019-11-06 10:03:51,pm2.5,0.0
2019-11-06 10:03:52,pm10,0.0
2019-11-06 10:04:51,pm2.5,0.0
2019-11-06 10:04:52,pm10,0.0
2019-11-06 10:05:51,pm2.5,0.0
2019-11-06 10:05:52,pm10,0.0
2019-11-06 10:06:51,pm2.5,0.0
2019-11-06 10:06:52,pm10,0.0
2019-11-06 10:07:51,pm2.5,0.0
2019-11-06 10:07:52,pm10,0.0
2019-11-06 10:08:51,pm2.5,0.0
2019-11-06 10:08:52,pm10,0.0
2019-11-06 10:09:51,pm2.5,0.0
2019-11-06 10:09:52,pm10,0.0
2019-11-06 10:10:52,pm2.5,0.0
2019-11-06 10:10:52,pm10,0.0
2019-11-06 10:12:51,pm2.5,0.0
2019-11-06 10:12:51,pm10,0.0
2019-11-06 10:13:51,pm2.5,0.0
2019-11-06 10:13:51,pm10,0.0
2019-11-06 10:14:51,pm2.5,0.0
2019-11-06 10:14:51,pm10,0.0
2019-11-06 10:15:51,pm2.5,0.0
2019-11-06 10:15:51,pm10,0.0
2019-11-06 10:16:51,pm2.5,0.0
2019-11-06 10:16:51,pm10,0.0
2019-11-06 10:17:51,pm2.5,0.1
2019-11-06 10:17:51,pm10,0.1
2019-11-06 10:18:51,pm2.5,0.1
2019-11-06 10:18:51,pm10,0.1
2019-11-06 10:19:51,pm2.5,0.0
2019-11-06 10:19:51,pm10,0.0
2019-11-06 10:20:51,pm2.5,0.0
2019-11-06 10:20:51,pm10,0.0
2019-11-06 10:21:51,pm2.5,0.0
2019-11-06 10:21:51,pm10,0.0
2019-11-06 10:22:51,pm2.5,0.0
2019-11-06 10:22:51,pm10,0.0
2019-11-06 10:23:51,pm2.5,0.0
2019-11-06 10:23:51,pm10,0.0
2019-11-06 10:24:51,pm2.5,0.0
2019-11-06 10:24:51,pm10,0.0
2019-11-06 10:25:51,pm2.5,0.0
2019-11-06 10:25:51,pm10,0.1
2019-11-06 10:26:51,pm2.5,0.0
2019-11-06 10:26:51,pm10,0.0
2019-11-06 10:27:51,pm2.5,0.1
2019-11-06 10:27:51,pm10,0.1
2019-11-06 10:28:51,pm2.5,0.0
2019-11-06 10:28:51,pm10,0.0
2019-11-06 10:29:51,pm2.5,0.1
2019-11-06 10:29:51,pm10,0.1
2019-11-06 10:30:51,pm2.5,0.0
2019-11-06 10:30:51,pm10,0.0
2019-11-06 10:31:51,pm2.5,0.0
2019-11-06 10:31:51,pm10,0.0
2019-11-06 10:32:51,pm2.5,0.0
2019-11-06 10:32:51,pm10,0.0
2019-11-06 10:33:51,pm2.5,0.1
2019-11-06 10:33:51,pm10,0.1
2019-11-06 10:34:51,pm2.5,0.0
2019-11-06 10:34:51,pm10,0.0
2019-11-06 10:35:51,pm2.5,0.0
2019-11-06 10:35:51,pm10,0.0
2019-11-06 10:36:51,pm2.5,0.0
2019-11-06 10:36:51,pm10,0.0
2019-11-06 10:37:51,pm2.5,0.1
2019-11-06 10:37:51,pm10,0.1
2019-11-06 10:38:51,pm2.5,0.0
2019-11-06 10:38:51,pm10,0.0
2019-11-06 10:39:51,pm2.5,0.0
2019-11-06 10:39:51,pm10,0.0
2019-11-06 10:40:51,pm2.5,0.0
2019-11-06 10:40:51,pm10,0.0
2019-11-06 10:41:51,pm2.5,0.0
2019-11-06 10:41:51,pm10,0.0
2019-11-06 10:42:51,pm2.5,0.0
2019-11-06 10:42:51,pm10,0.0
2019-11-06 10:43:51,pm2.5,0.0
2019-11-06 10:43:51,pm10,0.0
2019-11-06 10:44:51,pm2.5,0.0
2019-11-06 10:44:51,pm10,0.0
2019-11-06 10:45:51,pm2.5,0.1
2019-11-06 10:45:51,pm10,0.1
2019-11-06 10:46:51,pm2.5,0.0
2019-11-06 10:46:51,pm10,0.0
2019-11-06 10:47:51,pm2.5,0.0
2019-11-06 10:47:51,pm10,0.1
2019-11-06 10:48:51,pm2.5,0.0
2019-11-06 10:48:51,pm10,0.1
2019-11-06 10:49:51,pm2.5,0.0
2019-11-06 10:49:51,pm10,0.0
2019-11-06 10:50:51,pm2.5,0.0
2019-11-06 10:50:51,pm10,0.0
2019-11-06 10:51:51,pm2.5,0.0
2019-11-06 10:51:51,pm10,0.0
2019-11-06 10:52:51,pm2.5,0.1
2019-11-06 10:52:51,pm10,0.1
2019-11-06 10:53:51,pm2.5,0.0
2019-11-06 10:53:51,pm10,0.0
2019-11-06 10:54:51,pm2.5,0.0
2019-11-06 10:54:51,pm10,0.0
2019-11-06 10:55:51,pm2.5,0.0
2019-11-06 10:55:51,pm10,0.0
2019-11-06 10:56:51,pm2.5,0.0
2019-11-06 10:56:51,pm10,0.0
2019-11-06 10:57:51,pm2.5,0.1
2019-11-06 10:57:51,pm10,0.1
2019-11-06 10:58:51,pm2.5,0.0
2019-11-06 10:58:51,pm10,0.0
2019-11-06 10:59:51,pm2.5,0.1
2019-11-06 10:59:51,pm10,0.1
2019-11-06 11:00:51,pm2.5,0.1
2019-11-06 11:00:51,pm10,0.1
2019-11-06 11:01:51,pm2.5,0.0
2019-11-06 11:01:51,pm10,0.0
2019-11-06 11:02:51,pm2.5,0.0
2019-11-06 11:02:51,pm10,0.0
2019-11-06 11:03:51,pm2.5,0.0
2019-11-06 11:03:51,pm10,0.0
2019-11-06 11:04:51,pm2.5,0.0
2019-11-06 11:04:51,pm10,0.2
2019-11-06 11:05:51,pm2.5,0.1
2019-11-06 11:05:51,pm10,0.1
2019-11-06 11:06:51,pm2.5,0.0
2019-11-06 11:06:51,pm10,0.0
2019-11-06 11:07:51,pm2.5,0.1
2019-11-06 11:07:51,pm10,0.1
2019-11-06 11:08:51,pm2.5,0.0
2019-11-06 11:08:51,pm10,0.0
2019-11-06 11:09:51,pm2.5,0.0
2019-11-06 11:09:51,pm10,0.0
2019-11-06 11:10:51,pm2.5,0.0
2019-11-06 11:10:51,pm10,0.0
2019-11-06 11:11:51,pm2.5,0.0
2019-11-06 11:11:51,pm10,0.0
2019-11-06 11:12:51,pm2.5,0.0
2019-11-06 11:12:51,pm10,0.0
2019-11-06 11:13:51,pm2.5,0.0
2019-11-06 11:13:51,pm10,0.0
2019-11-06 11:14:51,pm2.5,0.0
2019-11-06 11:14:51,pm10,0.0
2019-11-06 11:15:51,pm2.5,0.1
2019-11-06 11:15:51,pm10,0.1
2019-11-06 11:16:51,pm2.5,0.0
2019-11-06 11:16:51,pm10,0.0
2019-11-06 11:17:51,pm2.5,0.0
2019-11-06 11:17:51,pm10,0.0
2019-11-06 11:18:51,pm2.5,0.0
2019-11-06 11:18:51,pm10,0.0
2019-11-06 11:19:51,pm2.5,0.0
2019-11-06 11:19:51,pm10,0.0
2019-11-06 11:20:51,pm2.5,0.0
2019-11-06 11:20:51,pm10,0.0
2019-11-06 11:21:51,pm2.5,0.0
2019-11-06 11:21:51,pm10,0.0
2019-11-06 11:22:51,pm2.5,0.0
2019-11-06 11:22:51,pm10,0.0
2019-11-06 11:23:51,pm2.5,0.0
2019-11-06 11:23:51,pm10,0.0
2019-11-06 11:24:51,pm2.5,0.0
2019-11-06 11:24:51,pm10,0.0
2019-11-06 11:25:51,pm2.5,0.0
2019-11-06 11:25:51,pm10,0.0
2019-11-06 11:26:51,pm2.5,0.0
2019-11-06 11:26:51,pm10,0.1
2019-11-06 11:27:51,pm2.5,0.0
2019-11-06 11:27:51,pm10,0.0
2019-11-06 11:28:51,pm2.5,0.0
2019-11-06 11:28:51,pm10,0.0
2019-11-06 11:29:51,pm2.5,0.0
2019-11-06 11:29:51,pm10,0.0
2019-11-06 11:30:51,pm2.5,0.0
2019-11-06 11:30:51,pm10,0.0
2019-11-06 11:31:51,pm2.5,0.0
2019-11-06 11:31:51,pm10,0.0
2019-11-06 11:32:51,pm2.5,0.0
2019-11-06 11:32:51,pm10,0.0
2019-11-06 11:33:51,pm2.5,0.0
2019-11-06 11:33:51,pm10,0.0
2019-11-06 11:34:51,pm2.5,0.0
2019-11-06 11:34:51,pm10,0.0
2019-11-06 11:35:51,pm2.5,0.0
2019-11-06 11:35:51,pm10,0.0
2019-11-06 11:36:51,pm2.5,0.0
2019-11-06 11:36:51,pm10,0.0
2019-11-06 11:37:51,pm2.5,0.0
2019-11-06 11:37:51,pm10,0.0
2019-11-06 11:38:51,pm2.5,0.0
2019-11-06 11:38:51,pm10,0.0
2019-11-06 11:39:51,pm2.5,0.0
2019-11-06 11:39:51,pm10,0.0
2019-11-06 11:40:51,pm2.5,0.0
2019-11-06 11:40:51,pm10,0.0
2019-11-06 11:41:51,pm2.5,0.0
2019-11-06 11:41:51,pm10,0.0
2019-11-06 11:42:51,pm2.5,0.0
2019-11-06 11:42:51,pm10,0.0
2019-11-06 11:43:51,pm2.5,0.0
2019-11-06 11:43:51,pm10,0.0
2019-11-06 11:44:51,pm2.5,0.0
2019-11-06 11:44:51,pm10,0.0
2019-11-06 11:45:51,pm2.5,0.0
2019-11-06 11:45:51,pm10,0.0
2019-11-06 11:46:51,pm2.5,0.0
2019-11-06 11:46:51,pm10,0.0
2019-11-06 11:47:51,pm2.5,0.1
2019-11-06 11:47:51,pm10,0.1
2019-11-06 11:48:51,pm2.5,0.0
2019-11-06 11:48:51,pm10,0.0
2019-11-06 11:49:51,pm2.5,0.0
2019-11-06 11:49:51,pm10,0.0
2019-11-06 11:50:51,pm2.5,0.0
2019-11-06 11:50:51,pm10,0.0
2019-11-06 11:51:51,pm2.5,0.0
2019-11-06 11:51:51,pm10,0.0
2019-11-06 11:52:51,pm2.5,0.0
2019-11-06 11:52:51,pm10,0.0
2019-11-06 11:53:51,pm2.5,0.0
2019-11-06 11:53:51,pm10,0.0
2019-11-06 11:54:51,pm2.5,0.0
2019-11-06 11:54:51,pm10,0.0
2019-11-06 11:55:51,pm2.5,0.0
2019-11-06 11:55:51,pm10,0.0
2019-11-06 11:56:51,pm2.5,0.0
2019-11-06 11:56:51,pm10,0.0
2019-11-06 11:57:51,pm2.5,0.0
2019-11-06 11:57:51,pm10,0.0
2019-11-06 11:58:51,pm2.5,0.0
2019-11-06 11:58:51,pm10,0.0
2019-11-06 11:59:51,pm2.5,0.0
2019-11-06 11:59:51,pm10,0.0
2019-11-06 12:01:47,pm2.5,0.0
2019-11-06 12:01:47,pm10,0.0
2019-11-06 12:01:52,pm2.5,0.0
2019-11-06 12:01:52,pm10,0.0
2019-11-06 12:02:51,pm2.5,0.0
2019-11-06 12:02:51,pm10,0.0
2019-11-06 12:03:51,pm2.5,0.0
2019-11-06 12:03:51,pm10,0.0
2019-11-06 12:04:51,pm2.5,0.0
2019-11-06 12:04:51,pm10,0.0
2019-11-06 12:05:51,pm2.5,0.0
2019-11-06 12:05:51,pm10,0.0
2019-11-06 12:06:51,pm2.5,0.0
2019-11-06 12:06:51,pm10,0.0
2019-11-06 12:07:51,pm2.5,0.0
2019-11-06 12:07:51,pm10,0.0
2019-11-06 12:08:51,pm2.5,0.0
2019-11-06 12:08:51,pm10,0.0
2019-11-06 12:09:51,pm2.5,0.0
2019-11-06 12:09:51,pm10,0.0
2019-11-06 12:10:51,pm2.5,0.0
2019-11-06 12:10:51,pm10,0.0
2019-11-06 12:11:51,pm2.5,0.0
2019-11-06 12:11:51,pm10,0.0
2019-11-06 12:12:51,pm2.5,0.0
2019-11-06 12:12:52,pm10,0.0
2019-11-06 12:13:51,pm2.5,0.0
2019-11-06 12:13:51,pm10,0.0
2019-11-06 12:14:51,pm2.5,0.0
2019-11-06 12:14:51,pm10,0.0
2019-11-06 12:15:51,pm2.5,0.0
2019-11-06 12:15:51,pm10,0.0
2019-11-06 12:16:51,pm2.5,0.0
2019-11-06 12:16:51,pm10,0.0
2019-11-06 12:17:51,pm2.5,0.0
2019-11-06 12:17:51,pm10,0.0
2019-11-06 12:18:51,pm2.5,0.0
2019-11-06 12:18:51,pm10,0.0
2019-11-06 12:19:51,pm2.5,0.1
2019-11-06 12:19:51,pm10,0.1
2019-11-06 12:20:51,pm2.5,0.0
2019-11-06 12:20:51,pm10,0.0
2019-11-06 12:21:51,pm2.5,0.0
2019-11-06 12:21:51,pm10,1.0
2019-11-06 12:22:51,pm2.5,0.0
2019-11-06 12:22:51,pm10,0.0
2019-11-06 12:23:51,pm2.5,0.0
2019-11-06 12:23:51,pm10,0.0
2019-11-06 12:24:51,pm2.5,0.0
2019-11-06 12:24:51,pm10,0.0
2019-11-06 12:25:51,pm2.5,0.0
2019-11-06 12:25:51,pm10,0.0
2019-11-06 12:26:51,pm2.5,0.0
2019-11-06 12:26:51,pm10,0.2
2019-11-06 12:27:51,pm2.5,0.0
2019-11-06 12:27:51,pm10,0.0
2019-11-06 12:28:51,pm2.5,0.0
2019-11-06 12:28:51,pm10,0.0
2019-11-06 12:29:51,pm2.5,0.0
2019-11-06 12:29:51,pm10,0.0
2019-11-06 12:30:51,pm2.5,0.1
2019-11-06 12:30:51,pm10,0.1
2019-11-06 12:31:51,pm2.5,0.0
2019-11-06 12:31:51,pm10,0.0
2019-11-06 12:32:51,pm2.5,0.0
2019-11-06 12:32:51,pm10,0.0
2019-11-06 12:33:51,pm2.5,0.0
2019-11-06 12:33:51,pm10,0.0
2019-11-06 12:34:51,pm2.5,0.0
2019-11-06 12:34:51,pm10,0.0
2019-11-06 12:35:51,pm2.5,0.0
2019-11-06 12:35:51,pm10,0.0
2019-11-06 12:36:51,pm2.5,0.0
2019-11-06 12:36:51,pm10,0.0
2019-11-06 12:37:51,pm2.5,0.0
2019-11-06 12:37:51,pm10,0.0
2019-11-06 12:38:51,pm2.5,0.0
2019-11-06 12:38:51,pm10,0.0
2019-11-06 12:39:51,pm2.5,0.0
2019-11-06 12:39:51,pm10,0.0
2019-11-06 12:40:51,pm2.5,0.0
2019-11-06 12:40:51,pm10,0.0
2019-11-06 12:41:51,pm2.5,0.0
2019-11-06 12:41:51,pm10,0.0
2019-11-06 12:42:51,pm2.5,0.0
2019-11-06 12:42:51,pm10,0.0
2019-11-06 12:43:51,pm2.5,0.0
2019-11-06 12:43:51,pm10,0.0
2019-11-06 12:44:51,pm2.5,0.1
2019-11-06 12:44:51,pm10,0.1
2019-11-06 12:45:51,pm2.5,0.0
2019-11-06 12:45:51,pm10,0.0
2019-11-06 12:46:51,pm2.5,0.0
2019-11-06 12:46:51,pm10,0.0
2019-11-06 12:47:51,pm2.5,0.0
2019-11-06 12:47:51,pm10,0.0
2019-11-06 12:48:51,pm2.5,0.0
2019-11-06 12:48:51,pm10,0.0
2019-11-06 12:49:51,pm2.5,0.0
2019-11-06 12:49:51,pm10,0.0
2019-11-06 12:50:51,pm2.5,0.0
2019-11-06 12:50:51,pm10,0.0
2019-11-06 12:51:51,pm2.5,0.0
2019-11-06 12:51:51,pm10,0.1
2019-11-06 12:52:51,pm2.5,0.0
2019-11-06 12:52:51,pm10,0.0
2019-11-06 12:53:51,pm2.5,0.0
2019-11-06 12:53:51,pm10,0.0
2019-11-06 12:54:51,pm2.5,0.1
2019-11-06 12:54:51,pm10,0.1
2019-11-06 12:55:51,pm2.5,0.0
2019-11-06 12:55:51,pm10,0.0
2019-11-06 12:56:51,pm2.5,0.0
2019-11-06 12:56:51,pm10,0.0
2019-11-06 12:57:51,pm2.5,0.0
2019-11-06 12:57:51,pm10,0.0
2019-11-06 12:58:51,pm2.5,0.0
2019-11-06 12:58:51,pm10,0.0
2019-11-06 12:59:51,pm2.5,0.0
2019-11-06 12:59:51,pm10,0.0
2019-11-06 13:00:51,pm2.5,0.0
2019-11-06 13:00:51,pm10,0.0
2019-11-06 13:01:51,pm2.5,0.0
2019-11-06 13:01:51,pm10,0.0
2019-11-06 13:02:51,pm2.5,0.0
2019-11-06 13:02:51,pm10,0.0
2019-11-06 13:03:51,pm2.5,0.0
2019-11-06 13:03:51,pm10,0.0
2019-11-06 13:04:51,pm2.5,0.0
2019-11-06 13:04:51,pm10,0.7
2019-11-06 13:05:51,pm2.5,0.0
2019-11-06 13:05:51,pm10,0.0
2019-11-06 13:06:51,pm2.5,0.0
2019-11-06 13:06:51,pm10,0.0
2019-11-06 13:07:51,pm2.5,0.0
2019-11-06 13:07:51,pm10,0.0
2019-11-06 13:08:51,pm2.5,0.0
2019-11-06 13:08:51,pm10,0.0
2019-11-06 13:09:51,pm2.5,0.0
2019-11-06 13:09:51,pm10,0.0
2019-11-06 13:10:51,pm2.5,0.0
2019-11-06 13:10:51,pm10,0.0
2019-11-06 13:11:51,pm2.5,0.0
2019-11-06 13:11:51,pm10,0.0
2019-11-06 13:12:51,pm2.5,0.0
2019-11-06 13:12:51,pm10,0.0
2019-11-06 13:13:51,pm2.5,0.0
2019-11-06 13:13:51,pm10,0.0
2019-11-06 13:14:51,pm2.5,0.0
2019-11-06 13:14:51,pm10,0.0
2019-11-06 13:15:51,pm2.5,0.0
2019-11-06 13:15:51,pm10,0.0
2019-11-06 13:16:51,pm2.5,0.0
2019-11-06 13:16:51,pm10,0.0
2019-11-06 13:17:51,pm2.5,0.0
2019-11-06 13:17:51,pm10,0.0
2019-11-06 13:18:50,pm2.5,0.0
2019-11-06 13:18:51,pm10,0.0
2019-11-06 13:19:51,pm2.5,0.0
2019-11-06 13:19:51,pm10,0.0
2019-11-06 13:20:51,pm2.5,0.0
2019-11-06 13:20:51,pm10,0.0
2019-11-06 13:21:51,pm2.5,0.0
2019-11-06 13:21:52,pm10,0.0
2019-11-06 13:22:51,pm2.5,0.1
2019-11-06 13:22:51,pm10,0.1
2019-11-06 13:23:51,pm2.5,0.0
2019-11-06 13:23:51,pm10,0.0
2019-11-06 13:24:51,pm2.5,0.0
2019-11-06 13:24:51,pm10,0.0
2019-11-06 13:25:51,pm2.5,0.0
2019-11-06 13:25:51,pm10,0.0
2019-11-06 13:26:51,pm2.5,0.0
2019-11-06 13:26:51,pm10,0.0
2019-11-06 13:27:51,pm2.5,0.0
2019-11-06 13:27:51,pm10,0.0
2019-11-06 13:28:51,pm2.5,0.0
2019-11-06 13:28:51,pm10,0.0
2019-11-06 13:29:51,pm2.5,0.0
2019-11-06 13:29:51,pm10,0.0
2019-11-06 13:30:51,pm2.5,0.0
2019-11-06 13:30:51,pm10,0.0
2019-11-06 13:31:51,pm2.5,0.0
2019-11-06 13:31:51,pm10,0.0
2019-11-06 13:32:51,pm2.5,0.0
2019-11-06 13:32:51,pm10,0.0
2019-11-06 13:33:51,pm2.5,0.0
2019-11-06 13:33:51,pm10,0.0
2019-11-06 13:34:51,pm2.5,0.0
2019-11-06 13:34:51,pm10,0.0
2019-11-06 13:35:51,pm2.5,0.0
2019-11-06 13:35:51,pm10,0.0
2019-11-06 13:36:51,pm2.5,0.0
2019-11-06 13:36:51,pm10,0.1
2019-11-06 13:37:51,pm2.5,0.0
2019-11-06 13:37:51,pm10,0.0
2019-11-06 13:38:51,pm2.5,0.0
2019-11-06 13:38:51,pm10,0.0
2019-11-06 13:39:51,pm2.5,0.0
2019-11-06 13:39:51,pm10,0.0
2019-11-06 13:40:51,pm2.5,0.0
2019-11-06 13:40:51,pm10,0.0
2019-11-06 13:41:51,pm2.5,0.0
2019-11-06 13:41:51,pm10,0.0
2019-11-06 13:42:51,pm2.5,0.0
2019-11-06 13:42:51,pm10,0.0
2019-11-06 13:43:51,pm2.5,0.0
2019-11-06 13:43:51,pm10,0.0
2019-11-06 13:44:51,pm2.5,0.0
2019-11-06 13:44:51,pm10,0.0
2019-11-06 13:45:51,pm2.5,0.0
2019-11-06 13:45:51,pm10,0.0
2019-11-06 13:46:51,pm2.5,0.0
2019-11-06 13:46:51,pm10,0.0
2019-11-06 13:47:51,pm2.5,0.0
2019-11-06 13:47:51,pm10,0.0
2019-11-06 13:48:51,pm2.5,0.0
2019-11-06 13:48:51,pm10,0.0
2019-11-06 13:49:51,pm2.5,0.0
2019-11-06 13:49:51,pm10,0.0
2019-11-06 13:50:51,pm2.5,0.0
2019-11-06 13:50:51,pm10,0.0
2019-11-06 13:51:51,pm2.5,0.0
2019-11-06 13:51:51,pm10,0.0
2019-11-06 13:52:51,pm2.5,0.0
2019-11-06 13:52:51,pm10,0.0
2019-11-06 13:53:51,pm2.5,0.0
2019-11-06 13:53:51,pm10,0.0
2019-11-06 13:54:51,pm2.5,0.0
2019-11-06 13:54:51,pm10,0.0
2019-11-06 13:55:51,pm2.5,0.0
2019-11-06 13:55:51,pm10,0.0
2019-11-06 13:56:51,pm2.5,0.0
2019-11-06 13:56:51,pm10,0.0
2019-11-06 13:57:51,pm2.5,0.0
2019-11-06 13:57:51,pm10,0.0
2019-11-06 13:58:51,pm2.5,0.0
2019-11-06 13:58:51,pm10,0.0
2019-11-06 13:59:51,pm2.5,0.0
2019-11-06 13:59:51,pm10,0.0
2019-11-06 14:00:51,pm2.5,0.0
2019-11-06 14:00:51,pm10,0.0
2019-11-06 14:01:51,pm2.5,0.0
2019-11-06 14:01:51,pm10,0.0
2019-11-06 14:02:51,pm2.5,0.0
2019-11-06 14:02:51,pm10,0.0
2019-11-06 14:03:51,pm2.5,0.0
2019-11-06 14:03:51,pm10,0.0
2019-11-06 14:04:51,pm2.5,0.0
2019-11-06 14:04:52,pm10,0.0
2019-11-06 14:05:51,pm2.5,0.0
2019-11-06 14:05:51,pm10,0.0
2019-11-06 14:06:51,pm2.5,0.0
2019-11-06 14:06:51,pm10,0.1
2019-11-06 14:07:51,pm2.5,0.0
2019-11-06 14:07:51,pm10,0.0
2019-11-06 14:08:51,pm2.5,0.0
2019-11-06 14:08:51,pm10,0.0
2019-11-06 14:09:51,pm2.5,0.0
2019-11-06 14:09:51,pm10,0.0
2019-11-06 14:10:51,pm2.5,0.0
2019-11-06 14:10:51,pm10,0.0
2019-11-06 14:11:51,pm2.5,0.0
2019-11-06 14:11:51,pm10,0.0
2019-11-06 14:12:51,pm2.5,0.0
2019-11-06 14:12:51,pm10,0.0
2019-11-06 14:13:51,pm2.5,0.0
2019-11-06 14:13:51,pm10,0.2
2019-11-06 14:14:51,pm2.5,0.0
2019-11-06 14:14:51,pm10,0.0
2019-11-06 14:15:51,pm2.5,0.0
2019-11-06 14:15:51,pm10,0.0
2019-11-06 14:16:51,pm2.5,0.0
2019-11-06 14:16:51,pm10,0.0
2019-11-06 14:17:51,pm2.5,0.0
2019-11-06 14:17:51,pm10,0.0
2019-11-06 14:18:51,pm2.5,0.0
2019-11-06 14:18:51,pm10,0.0
2019-11-06 14:19:51,pm2.5,0.0
2019-11-06 14:19:51,pm10,0.0
2019-11-06 14:20:51,pm2.5,0.0
2019-11-06 14:20:51,pm10,0.0
2019-11-06 14:21:51,pm2.5,0.0
2019-11-06 14:21:51,pm10,0.0
2019-11-06 14:22:51,pm2.5,0.0
2019-11-06 14:22:52,pm10,0.0
2019-11-06 14:23:51,pm2.5,0.0
2019-11-06 14:23:51,pm10,0.1
2019-11-06 14:24:51,pm2.5,0.0
2019-11-06 14:24:51,pm10,0.0
2019-11-06 14:25:51,pm2.5,0.0
2019-11-06 14:25:52,pm10,0.0
2019-11-06 14:26:51,pm2.5,0.0
2019-11-06 14:26:52,pm10,0.0
2019-11-06 14:27:51,pm2.5,0.0
2019-11-06 14:27:52,pm10,0.0
2019-11-06 14:28:51,pm2.5,0.0
2019-11-06 14:28:52,pm10,0.0
2019-11-06 14:29:51,pm2.5,0.0
2019-11-06 14:29:52,pm10,0.0
2019-11-06 14:30:51,pm2.5,0.0
2019-11-06 14:30:52,pm10,0.0
2019-11-06 14:31:51,pm2.5,0.0
2019-11-06 14:31:52,pm10,0.0
2019-11-06 14:32:51,pm2.5,0.0
2019-11-06 14:32:52,pm10,0.0
2019-11-06 14:33:51,pm2.5,0.0
2019-11-06 14:33:52,pm10,0.0
2019-11-06 14:34:51,pm2.5,0.0
2019-11-06 14:34:52,pm10,0.0
2019-11-06 14:35:51,pm2.5,0.0
2019-11-06 14:35:52,pm10,0.0
2019-11-06 14:36:51,pm2.5,0.0
2019-11-06 14:36:52,pm10,0.0
2019-11-06 14:37:52,pm2.5,0.0
2019-11-06 14:37:52,pm10,0.0
2019-11-06 14:38:52,pm2.5,0.0
2019-11-06 14:38:52,pm10,0.0
2019-11-06 14:40:51,pm2.5,0.0
2019-11-06 14:40:51,pm10,0.0
2019-11-06 14:41:51,pm2.5,0.0
2019-11-06 14:41:51,pm10,0.0
2019-11-06 14:42:51,pm2.5,0.0
2019-11-06 14:42:51,pm10,0.0
2019-11-06 14:43:51,pm2.5,0.0
2019-11-06 14:43:51,pm10,0.0
2019-11-06 14:44:51,pm2.5,0.0
2019-11-06 14:44:51,pm10,0.0
2019-11-06 14:45:51,pm2.5,0.0
2019-11-06 14:45:51,pm10,0.0
2019-11-06 14:46:51,pm2.5,0.0
2019-11-06 14:46:51,pm10,0.0
2019-11-06 14:47:51,pm2.5,0.0
2019-11-06 14:47:51,pm10,0.0
2019-11-06 14:48:51,pm2.5,0.0
2019-11-06 14:48:51,pm10,0.0
2019-11-06 14:49:51,pm2.5,0.0
2019-11-06 14:49:51,pm10,0.0
2019-11-06 14:50:51,pm2.5,0.0
2019-11-06 14:50:51,pm10,0.0
2019-11-06 14:51:51,pm2.5,0.0
2019-11-06 14:51:51,pm10,0.0
2019-11-06 14:52:51,pm2.5,0.0
2019-11-06 14:52:51,pm10,0.0
2019-11-06 14:53:51,pm2.5,0.0
2019-11-06 14:53:51,pm10,0.0
2019-11-06 14:54:51,pm2.5,0.0
2019-11-06 14:54:51,pm10,0.0
2019-11-06 14:55:51,pm2.5,0.0
2019-11-06 14:55:51,pm10,0.1
2019-11-06 14:56:51,pm2.5,0.0
2019-11-06 14:56:51,pm10,0.0
2019-11-06 14:57:51,pm2.5,0.0
2019-11-06 14:57:51,pm10,0.0
2019-11-06 14:58:51,pm2.5,0.0
2019-11-06 14:58:51,pm10,0.0
2019-11-06 14:59:51,pm2.5,0.0
2019-11-06 14:59:51,pm10,0.0
2019-11-06 15:00:51,pm2.5,0.0
2019-11-06 15:00:51,pm10,0.0
2019-11-06 15:01:51,pm2.5,0.0
2019-11-06 15:01:51,pm10,0.0
2019-11-06 15:02:51,pm2.5,0.0
2019-11-06 15:02:51,pm10,0.1
2019-11-06 15:03:51,pm2.5,0.0
2019-11-06 15:03:51,pm10,0.0
2019-11-06 15:04:51,pm2.5,0.0
2019-11-06 15:04:51,pm10,0.0
2019-11-06 15:05:51,pm2.5,0.0
2019-11-06 15:05:51,pm10,0.0
2019-11-06 15:06:51,pm2.5,0.0
2019-11-06 15:06:51,pm10,0.0
2019-11-06 15:07:51,pm2.5,0.0
2019-11-06 15:07:51,pm10,0.0
2019-11-06 15:08:51,pm2.5,0.0
2019-11-06 15:08:51,pm10,0.0
2019-11-06 15:09:51,pm2.5,0.0
2019-11-06 15:09:51,pm10,0.0
2019-11-06 15:10:51,pm2.5,0.0
2019-11-06 15:10:51,pm10,0.0
2019-11-06 15:11:51,pm2.5,0.0
2019-11-06 15:11:51,pm10,0.0
2019-11-06 15:12:51,pm2.5,0.0
2019-11-06 15:12:51,pm10,0.0
2019-11-06 15:13:51,pm2.5,0.0
2019-11-06 15:13:51,pm10,0.0
2019-11-06 15:14:51,pm2.5,0.0
2019-11-06 15:14:52,pm10,0.0
2019-11-06 15:15:51,pm2.5,0.0
2019-11-06 15:15:51,pm10,0.0
2019-11-06 15:16:51,pm2.5,0.0
2019-11-06 15:16:51,pm10,0.0
2019-11-06 15:17:51,pm2.5,0.0
2019-11-06 15:17:51,pm10,0.0
2019-11-06 15:18:51,pm2.5,0.0
2019-11-06 15:18:51,pm10,0.3
2019-11-06 15:19:51,pm2.5,0.0
2019-11-06 15:19:51,pm10,0.0
2019-11-06 15:20:51,pm2.5,0.0
2019-11-06 15:20:51,pm10,0.0
2019-11-06 15:21:51,pm2.5,0.0
2019-11-06 15:21:51,pm10,0.0
2019-11-06 15:22:51,pm2.5,0.0
2019-11-06 15:22:51,pm10,0.0
2019-11-06 15:23:51,pm2.5,0.0
2019-11-06 15:23:51,pm10,0.0
2019-11-06 15:24:51,pm2.5,0.1
2019-11-06 15:24:51,pm10,0.1
2019-11-06 15:25:51,pm2.5,0.0
2019-11-06 15:25:51,pm10,0.0
2019-11-06 15:26:51,pm2.5,0.0
2019-11-06 15:26:51,pm10,0.0
2019-11-06 15:27:51,pm2.5,0.0
2019-11-06 15:27:51,pm10,0.0
2019-11-06 15:28:51,pm2.5,0.0
2019-11-06 15:28:51,pm10,0.0
2019-11-06 15:29:51,pm2.5,0.1
2019-11-06 15:29:51,pm10,0.1
2019-11-06 15:30:51,pm2.5,0.0
2019-11-06 15:30:51,pm10,0.0
2019-11-06 15:31:51,pm2.5,0.0
2019-11-06 15:31:51,pm10,0.0
2019-11-06 15:32:51,pm2.5,0.0
2019-11-06 15:32:51,pm10,0.0
2019-11-06 15:33:51,pm2.5,0.0
2019-11-06 15:33:51,pm10,0.0
2019-11-06 15:34:51,pm2.5,0.0
2019-11-06 15:34:51,pm10,0.0
2019-11-06 15:35:51,pm2.5,0.0
2019-11-06 15:35:51,pm10,0.0
2019-11-06 15:36:51,pm2.5,0.0
2019-11-06 15:36:51,pm10,0.0
2019-11-06 15:37:51,pm2.5,0.0
2019-11-06 15:37:52,pm10,0.0
2019-11-06 15:38:51,pm2.5,0.0
2019-11-06 15:38:51,pm10,0.0
2019-11-06 15:39:51,pm2.5,0.0
2019-11-06 15:39:51,pm10,0.0
2019-11-06 15:40:51,pm2.5,0.0
2019-11-06 15:40:51,pm10,0.0
2019-11-06 15:41:51,pm2.5,0.0
2019-11-06 15:41:51,pm10,0.0
2019-11-06 15:42:51,pm2.5,0.0
2019-11-06 15:42:51,pm10,0.0
2019-11-06 15:43:51,pm2.5,0.0
2019-11-06 15:43:51,pm10,0.0
2019-11-06 15:44:51,pm2.5,0.0
2019-11-06 15:44:51,pm10,0.0
2019-11-06 15:45:51,pm2.5,0.0
2019-11-06 15:45:51,pm10,0.0
2019-11-06 15:46:51,pm2.5,0.0
2019-11-06 15:46:51,pm10,0.0
2019-11-06 15:47:51,pm2.5,0.0
2019-11-06 15:47:51,pm10,0.0
2019-11-06 15:48:51,pm2.5,0.0
2019-11-06 15:48:51,pm10,0.0
2019-11-06 15:49:51,pm2.5,0.0
2019-11-06 15:49:51,pm10,0.0
2019-11-06 15:50:51,pm2.5,0.0
2019-11-06 15:50:51,pm10,0.0
2019-11-06 15:51:51,pm2.5,0.0
2019-11-06 15:51:51,pm10,0.0
2019-11-06 15:52:51,pm2.5,0.1
2019-11-06 15:52:51,pm10,0.1
2019-11-06 15:53:51,pm2.5,0.0
2019-11-06 15:53:51,pm10,0.0
2019-11-06 15:54:51,pm2.5,0.0
2019-11-06 15:54:51,pm10,0.0
2019-11-06 15:55:51,pm2.5,0.0
2019-11-06 15:55:51,pm10,0.0
2019-11-06 15:56:51,pm2.5,0.0
2019-11-06 15:56:52,pm10,0.1
2019-11-06 15:57:51,pm2.5,0.0
2019-11-06 15:57:51,pm10,0.4
2019-11-06 15:58:51,pm2.5,0.0
2019-11-06 15:58:51,pm10,0.0
2019-11-06 15:59:51,pm2.5,0.0
2019-11-06 15:59:52,pm10,0.0
2019-11-06 16:00:51,pm2.5,0.0
2019-11-06 16:00:52,pm10,0.0
2019-11-06 16:01:51,pm2.5,0.0
2019-11-06 16:01:51,pm10,0.0
2019-11-06 16:02:51,pm2.5,0.1
2019-11-06 16:02:52,pm10,0.1
2019-11-06 16:03:51,pm2.5,0.0
2019-11-06 16:03:52,pm10,0.0
2019-11-06 16:04:51,pm2.5,0.0
2019-11-06 16:04:52,pm10,0.0
2019-11-06 16:05:51,pm2.5,0.0
2019-11-06 16:05:52,pm10,0.1
2019-11-06 16:06:51,pm2.5,0.0
2019-11-06 16:06:52,pm10,0.0
2019-11-06 16:07:51,pm2.5,0.0
2019-11-06 16:07:52,pm10,0.0
2019-11-06 16:08:51,pm2.5,0.0
2019-11-06 16:08:52,pm10,0.0
2019-11-06 16:09:51,pm2.5,0.0
2019-11-06 16:09:52,pm10,0.0
2019-11-06 16:10:51,pm2.5,0.1
2019-11-06 16:10:52,pm10,0.1
2019-11-06 16:11:51,pm2.5,0.0
2019-11-06 16:11:52,pm10,0.0
2019-11-06 16:12:51,pm2.5,0.0
2019-11-06 16:12:52,pm10,0.0
2019-11-06 16:13:51,pm2.5,0.0
2019-11-06 16:13:52,pm10,0.0
2019-11-06 16:14:52,pm2.5,0.0
2019-11-06 16:14:52,pm10,0.0
2019-11-06 16:15:51,pm2.5,0.0
2019-11-06 16:15:52,pm10,0.1
2019-11-06 16:16:51,pm2.5,0.0
2019-11-06 16:16:52,pm10,0.0
2019-11-06 16:18:51,pm2.5,0.0
2019-11-06 16:18:51,pm10,0.0
2019-11-06 16:19:51,pm2.5,0.0
2019-11-06 16:19:51,pm10,0.0
2019-11-06 16:20:51,pm2.5,0.0
2019-11-06 16:20:51,pm10,0.0
2019-11-06 16:21:51,pm2.5,0.0
2019-11-06 16:21:51,pm10,0.0
2019-11-06 16:22:51,pm2.5,0.0
2019-11-06 16:22:51,pm10,0.0
2019-11-06 16:23:51,pm2.5,0.0
2019-11-06 16:23:51,pm10,0.0
2019-11-06 16:24:51,pm2.5,0.0
2019-11-06 16:24:51,pm10,0.0
2019-11-06 16:25:51,pm2.5,0.0
2019-11-06 16:25:51,pm10,0.0
2019-11-06 16:26:51,pm2.5,0.0
2019-11-06 16:26:51,pm10,0.0
2019-11-06 16:27:51,pm2.5,0.1
2019-11-06 16:27:51,pm10,0.1
2019-11-06 16:28:51,pm2.5,0.0
2019-11-06 16:28:51,pm10,0.0
2019-11-06 16:29:51,pm2.5,0.0
2019-11-06 16:29:51,pm10,0.0
2019-11-06 16:30:51,pm2.5,0.0
2019-11-06 16:30:51,pm10,0.0
2019-11-06 16:31:51,pm2.5,0.0
2019-11-06 16:31:51,pm10,0.0
2019-11-06 16:32:51,pm2.5,0.1
2019-11-06 16:32:51,pm10,0.1
2019-11-06 16:33:51,pm2.5,0.0
2019-11-06 16:33:51,pm10,0.0
2019-11-06 16:34:51,pm2.5,0.0
2019-11-06 16:34:51,pm10,0.0
2019-11-06 16:35:51,pm2.5,0.0
2019-11-06 16:35:51,pm10,0.0
2019-11-06 16:36:51,pm2.5,0.0
2019-11-06 16:36:51,pm10,0.0
2019-11-06 16:37:51,pm2.5,0.0
2019-11-06 16:37:51,pm10,0.0
2019-11-06 16:38:51,pm2.5,0.0
2019-11-06 16:38:51,pm10,0.0
2019-11-06 16:39:51,pm2.5,0.0
2019-11-06 16:39:51,pm10,0.0
2019-11-06 16:40:51,pm2.5,0.0
2019-11-06 16:40:51,pm10,0.0
2019-11-06 16:41:51,pm2.5,0.0
2019-11-06 16:41:51,pm10,0.0
2019-11-06 16:42:51,pm2.5,0.0
2019-11-06 16:42:51,pm10,0.0
2019-11-06 16:43:51,pm2.5,0.0
2019-11-06 16:43:51,pm10,0.0
2019-11-06 16:44:51,pm2.5,0.0
2019-11-06 16:44:51,pm10,0.0
2019-11-06 16:45:51,pm2.5,0.0
2019-11-06 16:45:51,pm10,0.0
2019-11-06 16:46:51,pm2.5,0.1
2019-11-06 16:46:51,pm10,0.3
2019-11-06 16:47:51,pm2.5,0.0
2019-11-06 16:47:51,pm10,0.0
2019-11-06 16:48:51,pm2.5,0.0
2019-11-06 16:48:51,pm10,0.0
2019-11-06 16:49:51,pm2.5,0.0
2019-11-06 16:49:51,pm10,0.0
2019-11-06 16:50:51,pm2.5,0.0
2019-11-06 16:50:51,pm10,0.0
2019-11-06 16:51:51,pm2.5,0.0
2019-11-06 16:51:51,pm10,0.0
2019-11-06 16:52:51,pm2.5,0.1
2019-11-06 16:52:51,pm10,0.1
2019-11-06 16:53:51,pm2.5,0.0
2019-11-06 16:53:51,pm10,0.0
2019-11-06 16:54:51,pm2.5,0.1
2019-11-06 16:54:51,pm10,0.1
2019-11-06 16:55:51,pm2.5,0.0
2019-11-06 16:55:51,pm10,0.0
2019-11-06 16:56:51,pm2.5,0.0
2019-11-06 16:56:51,pm10,0.0
2019-11-06 16:57:51,pm2.5,0.0
2019-11-06 16:57:51,pm10,0.0
2019-11-06 16:58:51,pm2.5,0.0
2019-11-06 16:58:51,pm10,0.0
2019-11-06 16:59:51,pm2.5,0.0
2019-11-06 16:59:51,pm10,0.0
2019-11-06 17:00:51,pm2.5,0.0
2019-11-06 17:00:51,pm10,0.0
2019-11-06 17:01:51,pm2.5,0.0
2019-11-06 17:01:51,pm10,0.0
2019-11-06 17:02:51,pm2.5,0.0
2019-11-06 17:02:51,pm10,0.0
2019-11-06 17:03:51,pm2.5,0.0
2019-11-06 17:03:51,pm10,0.0
2019-11-06 17:04:51,pm2.5,0.0
2019-11-06 17:04:51,pm10,0.0
2019-11-06 17:05:51,pm2.5,0.0
2019-11-06 17:05:51,pm10,0.0
2019-11-06 17:06:51,pm2.5,0.0
2019-11-06 17:06:51,pm10,0.0
2019-11-06 17:07:51,pm2.5,0.1
2019-11-06 17:07:51,pm10,0.1
2019-11-06 17:08:51,pm2.5,0.0
2019-11-06 17:08:51,pm10,0.0
2019-11-06 17:09:51,pm2.5,0.0
2019-11-06 17:09:51,pm10,0.1
2019-11-06 17:10:51,pm2.5,0.1
2019-11-06 17:10:51,pm10,0.3
2019-11-06 17:11:51,pm2.5,0.0
2019-11-06 17:11:51,pm10,0.0
2019-11-06 17:12:51,pm2.5,0.0
2019-11-06 17:12:51,pm10,0.0
2019-11-06 17:13:51,pm2.5,0.0
2019-11-06 17:13:51,pm10,0.0
2019-11-06 17:14:51,pm2.5,0.0
2019-11-06 17:14:51,pm10,0.0
2019-11-06 17:15:51,pm2.5,0.0
2019-11-06 17:15:51,pm10,0.0
2019-11-06 17:16:51,pm2.5,0.0
2019-11-06 17:16:51,pm10,0.0
2019-11-06 17:17:51,pm2.5,0.0
2019-11-06 17:17:51,pm10,0.0
2019-11-06 17:18:51,pm2.5,0.0
2019-11-06 17:18:51,pm10,0.0
2019-11-06 17:19:51,pm2.5,0.0
2019-11-06 17:19:51,pm10,0.0
2019-11-06 17:20:51,pm2.5,0.0
2019-11-06 17:20:51,pm10,0.0
2019-11-06 17:21:51,pm2.5,0.0
2019-11-06 17:21:51,pm10,0.0
2019-11-06 17:22:51,pm2.5,0.0
2019-11-06 17:22:51,pm10,0.0
2019-11-06 17:23:51,pm2.5,0.0
2019-11-06 17:23:51,pm10,0.0
2019-11-06 17:24:51,pm2.5,0.0
2019-11-06 17:24:51,pm10,0.0
2019-11-06 17:25:51,pm2.5,0.0
2019-11-06 17:25:51,pm10,0.0
2019-11-06 17:26:51,pm2.5,0.0
2019-11-06 17:26:51,pm10,0.0
2019-11-06 17:27:51,pm2.5,0.0
2019-11-06 17:27:51,pm10,0.0
2019-11-06 17:28:51,pm2.5,0.1
2019-11-06 17:28:51,pm10,0.1
2019-11-06 17:29:51,pm2.5,0.0
2019-11-06 17:29:51,pm10,0.0
2019-11-06 17:30:51,pm2.5,0.0
2019-11-06 17:30:51,pm10,0.0
2019-11-06 17:31:51,pm2.5,0.0
2019-11-06 17:31:51,pm10,0.0
2019-11-06 17:32:51,pm2.5,0.0
2019-11-06 17:32:51,pm10,0.0
2019-11-06 17:33:51,pm2.5,0.0
2019-11-06 17:33:51,pm10,0.0
2019-11-06 17:34:51,pm2.5,0.0
2019-11-06 17:34:51,pm10,0.0
2019-11-06 17:35:51,pm2.5,0.0
2019-11-06 17:35:51,pm10,0.0
2019-11-06 17:36:51,pm2.5,0.0
2019-11-06 17:36:51,pm10,0.0
2019-11-06 17:37:51,pm2.5,0.0
2019-11-06 17:37:51,pm10,0.0
2019-11-06 17:38:51,pm2.5,0.0
2019-11-06 17:38:51,pm10,0.0
2019-11-06 17:39:51,pm2.5,0.0
2019-11-06 17:39:51,pm10,0.0
2019-11-06 17:40:51,pm2.5,0.0
2019-11-06 17:40:51,pm10,0.0
2019-11-06 17:41:51,pm2.5,0.0
2019-11-06 17:41:51,pm10,0.0
2019-11-06 17:42:51,pm2.5,0.1
2019-11-06 17:42:51,pm10,0.1
2019-11-06 17:43:51,pm2.5,0.1
2019-11-06 17:43:51,pm10,0.1
2019-11-06 17:44:51,pm2.5,0.1
2019-11-06 17:44:51,pm10,0.1
2019-11-06 17:45:51,pm2.5,0.1
2019-11-06 17:45:51,pm10,0.1
2019-11-06 17:46:51,pm2.5,0.0
2019-11-06 17:46:51,pm10,0.0
2019-11-06 17:47:51,pm2.5,0.0
2019-11-06 17:47:51,pm10,0.2
2019-11-06 17:48:51,pm2.5,0.1
2019-11-06 17:48:51,pm10,0.1
2019-11-06 17:49:51,pm2.5,0.0
2019-11-06 17:49:51,pm10,0.0
2019-11-06 17:50:51,pm2.5,0.0
2019-11-06 17:50:51,pm10,0.0
2019-11-06 17:51:51,pm2.5,0.0
2019-11-06 17:51:51,pm10,0.0
2019-11-06 17:52:51,pm2.5,0.0
2019-11-06 17:52:51,pm10,0.0
2019-11-06 17:53:51,pm2.5,0.0
2019-11-06 17:53:51,pm10,0.0
2019-11-06 17:54:51,pm2.5,0.0
2019-11-06 17:54:51,pm10,0.0
2019-11-06 17:55:51,pm2.5,0.1
2019-11-06 17:55:52,pm10,0.1
2019-11-06 17:56:51,pm2.5,0.0
2019-11-06 17:56:51,pm10,0.0
2019-11-06 17:57:51,pm2.5,0.0
2019-11-06 17:57:51,pm10,0.0
2019-11-06 17:58:51,pm2.5,0.1
2019-11-06 17:58:51,pm10,0.1
2019-11-06 17:59:51,pm2.5,0.0
2019-11-06 17:59:51,pm10,0.0
2019-11-06 18:00:51,pm2.5,0.0
2019-11-06 18:00:51,pm10,0.0
2019-11-06 18:01:51,pm2.5,0.0
2019-11-06 18:01:51,pm10,0.0
2019-11-06 18:02:51,pm2.5,0.0
2019-11-06 18:02:51,pm10,0.1
2019-11-06 18:03:51,pm2.5,0.0
2019-11-06 18:03:51,pm10,0.0
2019-11-06 18:04:51,pm2.5,0.0
2019-11-06 18:04:51,pm10,0.0
2019-11-06 18:05:51,pm2.5,0.0
2019-11-06 18:05:51,pm10,0.0
2019-11-06 18:06:51,pm2.5,0.0
2019-11-06 18:06:51,pm10,0.0
2019-11-06 18:07:51,pm2.5,0.0
2019-11-06 18:07:51,pm10,0.0
2019-11-06 18:08:51,pm2.5,0.1
2019-11-06 18:08:51,pm10,0.1
2019-11-06 18:09:51,pm2.5,0.0
2019-11-06 18:09:51,pm10,0.0
2019-11-06 18:10:51,pm2.5,0.0
2019-11-06 18:10:52,pm10,0.0
2019-11-06 18:11:51,pm2.5,0.0
2019-11-06 18:11:52,pm10,0.0
2019-11-06 18:12:51,pm2.5,0.1
2019-11-06 18:12:52,pm10,0.1
2019-11-06 18:13:51,pm2.5,0.0
2019-11-06 18:13:52,pm10,0.1
2019-11-06 18:14:51,pm2.5,0.0
2019-11-06 18:14:52,pm10,0.0
2019-11-06 18:15:51,pm2.5,0.0
2019-11-06 18:15:52,pm10,0.0
2019-11-06 18:16:51,pm2.5,0.1
2019-11-06 18:16:52,pm10,0.1
2019-11-06 18:17:51,pm2.5,0.0
2019-11-06 18:17:52,pm10,0.0
2019-11-06 18:18:51,pm2.5,0.0
2019-11-06 18:18:52,pm10,0.0
2019-11-06 18:19:51,pm2.5,0.1
2019-11-06 18:19:52,pm10,0.1
2019-11-06 18:20:52,pm2.5,0.0
2019-11-06 18:20:52,pm10,0.0
2019-11-06 18:22:51,pm2.5,0.0
2019-11-06 18:22:51,pm10,0.0
2019-11-06 18:23:51,pm2.5,0.0
2019-11-06 18:23:51,pm10,0.0
2019-11-06 18:24:51,pm2.5,0.0
2019-11-06 18:24:51,pm10,0.0
2019-11-06 18:25:51,pm2.5,0.0
2019-11-06 18:25:51,pm10,0.2
2019-11-06 18:26:51,pm2.5,0.0
2019-11-06 18:26:51,pm10,0.0
2019-11-06 18:27:51,pm2.5,0.0
2019-11-06 18:27:51,pm10,0.0
2019-11-06 18:28:51,pm2.5,0.0
2019-11-06 18:28:51,pm10,0.0
2019-11-06 18:29:51,pm2.5,0.0
2019-11-06 18:29:51,pm10,0.0
2019-11-06 18:30:51,pm2.5,0.0
2019-11-06 18:30:51,pm10,0.0
2019-11-06 18:31:51,pm2.5,0.0
2019-11-06 18:31:51,pm10,0.0
2019-11-06 18:32:51,pm2.5,0.1
2019-11-06 18:32:51,pm10,0.1
2019-11-06 18:33:51,pm2.5,0.0
2019-11-06 18:33:51,pm10,0.0
2019-11-06 18:34:51,pm2.5,0.0
2019-11-06 18:34:51,pm10,0.0
2019-11-06 18:35:51,pm2.5,0.0
2019-11-06 18:35:51,pm10,0.1
2019-11-06 18:36:51,pm2.5,0.0
2019-11-06 18:36:51,pm10,0.0
2019-11-06 18:37:51,pm2.5,0.0
2019-11-06 18:37:51,pm10,0.0
2019-11-06 18:38:51,pm2.5,0.1
2019-11-06 18:38:51,pm10,0.2
2019-11-06 18:39:51,pm2.5,0.0
2019-11-06 18:39:51,pm10,0.0
2019-11-06 18:40:51,pm2.5,0.0
2019-11-06 18:40:51,pm10,0.0
2019-11-06 18:41:51,pm2.5,0.0
2019-11-06 18:41:51,pm10,0.0
2019-11-06 18:42:51,pm2.5,0.0
2019-11-06 18:42:51,pm10,0.0
2019-11-06 18:43:51,pm2.5,0.0
2019-11-06 18:43:51,pm10,0.0
2019-11-06 18:44:51,pm2.5,0.0
2019-11-06 18:44:51,pm10,0.0
2019-11-06 18:45:51,pm2.5,0.0
2019-11-06 18:45:51,pm10,0.0
2019-11-06 18:46:51,pm2.5,0.0
2019-11-06 18:46:51,pm10,0.0
2019-11-06 18:47:51,pm2.5,0.0
2019-11-06 18:47:51,pm10,0.0
2019-11-06 18:48:51,pm2.5,0.1
2019-11-06 18:48:51,pm10,0.1
2019-11-06 18:49:51,pm2.5,0.0
2019-11-06 18:49:51,pm10,0.0
2019-11-06 18:50:51,pm2.5,0.0
2019-11-06 18:50:51,pm10,0.0
2019-11-06 18:51:51,pm2.5,0.0
2019-11-06 18:51:51,pm10,0.0
2019-11-06 18:52:51,pm2.5,0.0
2019-11-06 18:52:51,pm10,0.0
2019-11-06 18:53:51,pm2.5,0.0
2019-11-06 18:53:51,pm10,0.0
2019-11-06 18:54:51,pm2.5,0.0
2019-11-06 18:54:51,pm10,0.0
2019-11-06 18:55:51,pm2.5,0.0
2019-11-06 18:55:51,pm10,0.0
2019-11-06 18:56:51,pm2.5,0.0
2019-11-06 18:56:51,pm10,0.0
2019-11-06 18:57:51,pm2.5,0.0
2019-11-06 18:57:51,pm10,0.0
2019-11-06 18:58:51,pm2.5,0.0
2019-11-06 18:58:51,pm10,0.0
2019-11-06 18:59:51,pm2.5,0.0
2019-11-06 18:59:51,pm10,0.0
2019-11-06 19:00:51,pm2.5,0.0
2019-11-06 19:00:51,pm10,0.0
2019-11-06 19:01:51,pm2.5,0.0
2019-11-06 19:01:51,pm10,0.0
2019-11-06 19:02:51,pm2.5,0.0
2019-11-06 19:02:51,pm10,0.0
2019-11-06 19:03:51,pm2.5,0.0
2019-11-06 19:03:51,pm10,0.0
2019-11-06 19:04:51,pm2.5,0.0
2019-11-06 19:04:51,pm10,0.0
2019-11-06 19:05:51,pm2.5,0.0
2019-11-06 19:05:51,pm10,0.0
2019-11-06 19:06:51,pm2.5,0.0
2019-11-06 19:06:51,pm10,0.0
2019-11-06 19:07:51,pm2.5,0.0
2019-11-06 19:07:51,pm10,0.0
2019-11-06 19:08:51,pm2.5,0.0
2019-11-06 19:08:51,pm10,0.0
2019-11-06 19:09:51,pm2.5,0.0
2019-11-06 19:09:51,pm10,0.0
2019-11-06 19:10:51,pm2.5,0.0
2019-11-06 19:10:51,pm10,0.0
2019-11-06 19:11:51,pm2.5,0.0
2019-11-06 19:11:51,pm10,0.0
2019-11-06 19:12:51,pm2.5,0.0
2019-11-06 19:12:51,pm10,0.0
2019-11-06 19:13:51,pm2.5,0.0
2019-11-06 19:13:51,pm10,0.0
2019-11-06 19:14:51,pm2.5,0.1
2019-11-06 19:14:51,pm10,0.1
2019-11-06 19:15:51,pm2.5,0.0
2019-11-06 19:15:51,pm10,0.0
2019-11-06 19:16:51,pm2.5,0.1
2019-11-06 19:16:51,pm10,0.1
2019-11-06 19:17:51,pm2.5,0.0
2019-11-06 19:17:51,pm10,0.0
2019-11-06 19:18:51,pm2.5,0.0
2019-11-06 19:18:51,pm10,0.0
2019-11-06 19:19:51,pm2.5,0.0
2019-11-06 19:19:51,pm10,0.0
2019-11-06 19:20:51,pm2.5,0.0
2019-11-06 19:20:51,pm10,0.0
2019-11-06 19:21:51,pm2.5,0.0
2019-11-06 19:21:51,pm10,0.0
2019-11-06 19:22:51,pm2.5,0.0
2019-11-06 19:22:51,pm10,0.0
2019-11-06 19:23:51,pm2.5,0.0
2019-11-06 19:23:51,pm10,0.0
2019-11-06 19:24:51,pm2.5,0.0
2019-11-06 19:24:51,pm10,0.0
2019-11-06 19:25:51,pm2.5,0.0
2019-11-06 19:25:51,pm10,0.0
2019-11-06 19:26:51,pm2.5,0.0
2019-11-06 19:26:51,pm10,0.0
2019-11-06 19:27:51,pm2.5,0.0
2019-11-06 19:27:51,pm10,0.0
2019-11-06 19:28:51,pm2.5,0.0
2019-11-06 19:28:51,pm10,0.0
2019-11-06 19:29:51,pm2.5,0.0
2019-11-06 19:29:51,pm10,0.0
2019-11-06 19:30:51,pm2.5,0.0
2019-11-06 19:30:51,pm10,0.0
2019-11-06 19:31:51,pm2.5,0.0
2019-11-06 19:31:51,pm10,0.0
2019-11-06 19:32:51,pm2.5,0.1
2019-11-06 19:32:51,pm10,0.1
2019-11-06 19:33:51,pm2.5,0.0
2019-11-06 19:33:51,pm10,0.0
2019-11-06 19:34:51,pm2.5,0.0
2019-11-06 19:34:51,pm10,0.0
2019-11-06 19:35:51,pm2.5,0.0
2019-11-06 19:35:51,pm10,0.0
2019-11-06 19:36:51,pm2.5,0.0
2019-11-06 19:36:51,pm10,0.0
2019-11-06 19:37:51,pm2.5,0.0
2019-11-06 19:37:51,pm10,0.0
2019-11-06 19:38:51,pm2.5,0.0
2019-11-06 19:38:51,pm10,0.0
2019-11-06 19:39:51,pm2.5,0.0
2019-11-06 19:39:51,pm10,0.0
2019-11-06 19:40:51,pm2.5,0.0
2019-11-06 19:40:51,pm10,0.0
2019-11-06 19:41:51,pm2.5,0.0
2019-11-06 19:41:51,pm10,0.0
2019-11-06 19:42:51,pm2.5,0.0
2019-11-06 19:42:51,pm10,0.0
2019-11-06 19:43:51,pm2.5,0.0
2019-11-06 19:43:51,pm10,0.0
2019-11-06 19:44:51,pm2.5,0.0
2019-11-06 19:44:51,pm10,0.0
2019-11-06 19:45:51,pm2.5,0.0
2019-11-06 19:45:51,pm10,0.0
2019-11-06 19:46:51,pm2.5,0.0
2019-11-06 19:46:51,pm10,0.0
2019-11-06 19:47:51,pm2.5,0.0
2019-11-06 19:47:51,pm10,0.0
2019-11-06 19:48:51,pm2.5,0.0
2019-11-06 19:48:51,pm10,0.0
2019-11-06 19:49:51,pm2.5,0.0
2019-11-06 19:49:51,pm10,0.0
2019-11-06 19:50:51,pm2.5,0.0
2019-11-06 19:50:51,pm10,0.0
2019-11-06 19:51:51,pm2.5,0.0
2019-11-06 19:51:51,pm10,0.0
2019-11-06 19:52:51,pm2.5,0.0
2019-11-06 19:52:51,pm10,0.0
2019-11-06 19:53:51,pm2.5,0.0
2019-11-06 19:53:51,pm10,0.0
2019-11-06 19:54:51,pm2.5,0.0
2019-11-06 19:54:51,pm10,0.0
2019-11-06 19:55:51,pm2.5,0.0
2019-11-06 19:55:51,pm10,0.0
2019-11-06 19:56:51,pm2.5,0.0
2019-11-06 19:56:51,pm10,0.0
2019-11-06 19:57:51,pm2.5,0.0
2019-11-06 19:57:51,pm10,0.0
2019-11-06 19:58:51,pm2.5,0.0
2019-11-06 19:58:51,pm10,0.0
2019-11-06 19:59:51,pm2.5,0.0
2019-11-06 19:59:51,pm10,0.0
2019-11-06 20:00:51,pm2.5,0.0
2019-11-06 20:00:51,pm10,0.0
2019-11-06 20:01:51,pm2.5,0.0
2019-11-06 20:01:51,pm10,0.0
2019-11-06 20:02:51,pm2.5,0.0
2019-11-06 20:02:51,pm10,0.0
2019-11-06 20:03:51,pm2.5,0.0
2019-11-06 20:03:51,pm10,0.0
2019-11-06 20:04:51,pm2.5,0.0
2019-11-06 20:04:51,pm10,0.0
2019-11-06 20:05:51,pm2.5,0.0
2019-11-06 20:05:52,pm10,0.0
2019-11-06 20:06:51,pm2.5,0.0
2019-11-06 20:06:51,pm10,0.0
2019-11-06 20:07:51,pm2.5,0.0
2019-11-06 20:07:51,pm10,0.0
2019-11-06 20:08:51,pm2.5,0.0
2019-11-06 20:08:51,pm10,0.0
2019-11-06 20:09:51,pm2.5,0.0
2019-11-06 20:09:51,pm10,0.1
2019-11-06 20:10:51,pm2.5,0.0
2019-11-06 20:10:51,pm10,0.0
2019-11-06 20:11:51,pm2.5,0.0
2019-11-06 20:11:51,pm10,0.0
2019-11-06 20:12:51,pm2.5,0.0
2019-11-06 20:12:51,pm10,0.0
2019-11-06 20:13:51,pm2.5,0.0
2019-11-06 20:13:51,pm10,0.0
2019-11-06 20:14:51,pm2.5,0.0
2019-11-06 20:14:51,pm10,0.0
2019-11-06 20:15:51,pm2.5,0.0
2019-11-06 20:15:51,pm10,0.0
2019-11-06 20:16:51,pm2.5,0.0
2019-11-06 20:16:51,pm10,0.0
2019-11-06 20:17:51,pm2.5,0.0
2019-11-06 20:17:51,pm10,0.0
2019-11-06 20:18:51,pm2.5,0.0
2019-11-06 20:18:51,pm10,0.1
2019-11-06 20:19:51,pm2.5,0.0
2019-11-06 20:19:51,pm10,0.0
2019-11-06 20:20:51,pm2.5,0.0
2019-11-06 20:20:51,pm10,0.0
2019-11-06 20:21:51,pm2.5,0.0
2019-11-06 20:21:51,pm10,0.1
2019-11-06 20:22:51,pm2.5,0.0
2019-11-06 20:22:51,pm10,0.2
2019-11-06 20:23:51,pm2.5,0.0
2019-11-06 20:23:51,pm10,0.0
2019-11-06 20:24:51,pm2.5,0.0
2019-11-06 20:24:51,pm10,0.0
2019-11-06 20:25:51,pm2.5,0.0
2019-11-06 20:25:51,pm10,0.0
2019-11-06 20:26:51,pm2.5,0.0
2019-11-06 20:26:51,pm10,0.0
2019-11-06 20:27:51,pm2.5,0.0
2019-11-06 20:27:51,pm10,0.0
2019-11-06 20:28:51,pm2.5,0.0
2019-11-06 20:28:51,pm10,0.0
2019-11-06 20:29:51,pm2.5,0.0
2019-11-06 20:29:51,pm10,0.2
2019-11-06 20:30:51,pm2.5,0.0
2019-11-06 20:30:51,pm10,0.0
2019-11-06 20:31:51,pm2.5,0.0
2019-11-06 20:31:51,pm10,0.0
2019-11-06 20:32:51,pm2.5,0.0
2019-11-06 20:32:51,pm10,0.0
2019-11-06 20:33:51,pm2.5,0.0
2019-11-06 20:33:51,pm10,0.0
2019-11-06 20:34:51,pm2.5,0.0
2019-11-06 20:34:51,pm10,0.0
2019-11-06 20:35:51,pm2.5,0.0
2019-11-06 20:35:51,pm10,0.0
2019-11-06 20:36:51,pm2.5,0.0
2019-11-06 20:36:52,pm10,0.0
2019-11-06 20:37:51,pm2.5,0.0
2019-11-06 20:37:51,pm10,0.0
2019-11-06 20:38:51,pm2.5,0.0
2019-11-06 20:38:51,pm10,0.0
2019-11-06 20:39:51,pm2.5,0.0
2019-11-06 20:39:51,pm10,0.0
2019-11-06 20:40:51,pm2.5,0.0
2019-11-06 20:40:51,pm10,0.0
2019-11-06 20:41:51,pm2.5,0.0
2019-11-06 20:41:51,pm10,0.0
2019-11-06 20:42:51,pm2.5,0.0
2019-11-06 20:42:51,pm10,0.0
2019-11-06 20:43:51,pm2.5,0.0
2019-11-06 20:43:52,pm10,0.0
2019-11-06 20:44:51,pm2.5,0.0
2019-11-06 20:44:52,pm10,0.0
2019-11-06 20:45:51,pm2.5,0.0
2019-11-06 20:45:52,pm10,0.0
2019-11-06 20:46:51,pm2.5,0.0
2019-11-06 20:46:52,pm10,0.0
2019-11-06 20:47:51,pm2.5,0.0
2019-11-06 20:47:52,pm10,0.0
2019-11-06 20:48:51,pm2.5,0.0
2019-11-06 20:48:52,pm10,0.0
2019-11-06 20:49:51,pm2.5,0.0
2019-11-06 20:49:52,pm10,0.0
2019-11-06 20:50:50,pm2.5,0.0
2019-11-06 20:50:51,pm10,0.0
2019-11-06 20:51:51,pm2.5,0.0
2019-11-06 20:51:52,pm10,0.0
2019-11-06 20:52:51,pm2.5,0.0
2019-11-06 20:52:52,pm10,0.0
2019-11-06 20:53:51,pm2.5,0.0
2019-11-06 20:53:52,pm10,0.0
2019-11-06 20:54:51,pm2.5,0.0
2019-11-06 20:54:52,pm10,0.0
2019-11-06 20:55:51,pm2.5,0.0
2019-11-06 20:55:52,pm10,0.1
2019-11-06 20:56:51,pm2.5,0.0
2019-11-06 20:56:52,pm10,0.0
2019-11-06 20:57:51,pm2.5,0.0
2019-11-06 20:57:52,pm10,0.0
2019-11-06 20:58:51,pm2.5,0.0
2019-11-06 20:58:52,pm10,0.0
2019-11-06 20:59:51,pm2.5,0.0
2019-11-06 20:59:52,pm10,0.0
2019-11-06 21:00:51,pm2.5,0.0
2019-11-06 21:00:52,pm10,0.0
2019-11-06 21:01:51,pm2.5,0.0
2019-11-06 21:01:52,pm10,0.0
2019-11-06 21:02:51,pm2.5,0.0
2019-11-06 21:02:52,pm10,0.0
2019-11-06 21:03:51,pm2.5,0.0
2019-11-06 21:03:52,pm10,0.0
2019-11-06 21:04:51,pm2.5,0.0
2019-11-06 21:04:52,pm10,0.0
2019-11-06 21:05:51,pm2.5,0.0
2019-11-06 21:05:52,pm10,0.0
2019-11-06 21:06:51,pm2.5,0.0
2019-11-06 21:06:52,pm10,0.0
2019-11-06 21:07:52,pm2.5,0.0
2019-11-06 21:07:52,pm10,0.0
2019-11-06 21:08:52,pm2.5,0.0
2019-11-06 21:08:52,pm10,0.0
2019-11-06 21:10:51,pm2.5,0.0
2019-11-06 21:10:51,pm10,0.0
2019-11-06 21:11:51,pm2.5,0.0
2019-11-06 21:11:51,pm10,0.0
2019-11-06 21:12:51,pm2.5,0.0
2019-11-06 21:12:51,pm10,0.0
2019-11-06 21:13:51,pm2.5,0.0
2019-11-06 21:13:51,pm10,0.0
2019-11-06 21:14:51,pm2.5,0.0
2019-11-06 21:14:51,pm10,0.0
2019-11-06 21:15:51,pm2.5,0.0
2019-11-06 21:15:51,pm10,0.0
2019-11-06 21:16:51,pm2.5,0.0
2019-11-06 21:16:51,pm10,0.0
2019-11-06 21:17:51,pm2.5,0.0
2019-11-06 21:17:51,pm10,0.0
2019-11-06 21:18:51,pm2.5,0.0
2019-11-06 21:18:51,pm10,0.0
2019-11-06 21:19:51,pm2.5,0.0
2019-11-06 21:19:51,pm10,0.0
2019-11-06 21:20:51,pm2.5,0.0
2019-11-06 21:20:51,pm10,0.0
2019-11-06 21:21:51,pm2.5,0.0
2019-11-06 21:21:51,pm10,0.0
2019-11-06 21:22:51,pm2.5,0.0
2019-11-06 21:22:51,pm10,0.0
2019-11-06 21:23:51,pm2.5,0.0
2019-11-06 21:23:51,pm10,0.1
2019-11-06 21:24:51,pm2.5,0.0
2019-11-06 21:24:51,pm10,0.1
2019-11-06 21:25:51,pm2.5,0.0
2019-11-06 21:25:51,pm10,0.0
2019-11-06 21:26:51,pm2.5,0.0
2019-11-06 21:26:51,pm10,0.0
2019-11-06 21:27:51,pm2.5,0.0
2019-11-06 21:27:51,pm10,0.0
2019-11-06 21:28:51,pm2.5,0.0
2019-11-06 21:28:51,pm10,0.0
2019-11-06 21:29:51,pm2.5,0.0
2019-11-06 21:29:51,pm10,0.0
2019-11-06 21:30:51,pm2.5,0.0
2019-11-06 21:30:51,pm10,0.0
2019-11-06 21:31:51,pm2.5,0.0
2019-11-06 21:31:51,pm10,0.0
2019-11-06 21:32:51,pm2.5,0.0
2019-11-06 21:32:51,pm10,0.0
2019-11-06 21:33:51,pm2.5,0.0
2019-11-06 21:33:51,pm10,0.0
2019-11-06 21:34:51,pm2.5,0.0
2019-11-06 21:34:51,pm10,0.0
2019-11-06 21:35:51,pm2.5,0.0
2019-11-06 21:35:51,pm10,0.0
2019-11-06 21:36:51,pm2.5,0.0
2019-11-06 21:36:51,pm10,0.0
2019-11-06 21:37:51,pm2.5,0.0
2019-11-06 21:37:51,pm10,0.0
2019-11-06 21:38:51,pm2.5,0.0
2019-11-06 21:38:51,pm10,0.0
2019-11-06 21:39:51,pm2.5,0.0
2019-11-06 21:39:51,pm10,0.1
2019-11-06 21:40:51,pm2.5,0.0
2019-11-06 21:40:51,pm10,0.0
2019-11-06 21:41:51,pm2.5,0.0
2019-11-06 21:41:51,pm10,0.0
2019-11-06 21:42:51,pm2.5,0.0
2019-11-06 21:42:51,pm10,0.0
2019-11-06 21:43:51,pm2.5,0.0
2019-11-06 21:43:51,pm10,0.0
2019-11-06 21:44:51,pm2.5,0.0
2019-11-06 21:44:51,pm10,0.0
2019-11-06 21:45:51,pm2.5,0.0
2019-11-06 21:45:51,pm10,0.0
2019-11-06 21:46:50,pm2.5,0.0
2019-11-06 21:46:51,pm10,0.0
2019-11-06 21:47:51,pm2.5,0.0
2019-11-06 21:47:51,pm10,0.0
2019-11-06 21:48:51,pm2.5,0.0
2019-11-06 21:48:51,pm10,0.0
2019-11-06 21:49:51,pm2.5,0.0
2019-11-06 21:49:51,pm10,0.0
2019-11-06 21:50:51,pm2.5,0.0
2019-11-06 21:50:51,pm10,0.0
2019-11-06 21:51:51,pm2.5,0.0
2019-11-06 21:51:51,pm10,0.0
2019-11-06 21:52:51,pm2.5,0.0
2019-11-06 21:52:51,pm10,0.1
2019-11-06 21:53:51,pm2.5,0.0
2019-11-06 21:53:51,pm10,0.5
2019-11-06 21:54:51,pm2.5,0.0
2019-11-06 21:54:51,pm10,0.0
2019-11-06 21:55:51,pm2.5,0.0
2019-11-06 21:55:51,pm10,0.0
2019-11-06 21:56:51,pm2.5,0.0
2019-11-06 21:56:51,pm10,0.0
2019-11-06 21:57:51,pm2.5,0.0
2019-11-06 21:57:51,pm10,0.0
2019-11-06 21:58:51,pm2.5,0.0
2019-11-06 21:58:51,pm10,0.0
2019-11-06 21:59:51,pm2.5,0.0
2019-11-06 21:59:51,pm10,0.1
2019-11-06 22:00:51,pm2.5,0.0
2019-11-06 22:00:51,pm10,0.0
2019-11-06 22:01:51,pm2.5,0.0
2019-11-06 22:01:51,pm10,0.0
2019-11-06 22:02:51,pm2.5,0.0
2019-11-06 22:02:51,pm10,0.0
2019-11-06 22:03:51,pm2.5,0.0
2019-11-06 22:03:51,pm10,0.0
2019-11-06 22:04:51,pm2.5,0.0
2019-11-06 22:04:51,pm10,0.0
2019-11-06 22:05:51,pm2.5,0.0
2019-11-06 22:05:51,pm10,0.0
2019-11-06 22:06:51,pm2.5,0.0
2019-11-06 22:06:51,pm10,0.0
2019-11-06 22:07:51,pm2.5,0.0
2019-11-06 22:07:51,pm10,0.0
2019-11-06 22:08:51,pm2.5,0.0
2019-11-06 22:08:51,pm10,0.0
2019-11-06 22:09:51,pm2.5,0.0
2019-11-06 22:09:51,pm10,0.0
2019-11-06 22:10:51,pm2.5,0.0
2019-11-06 22:10:51,pm10,0.0
2019-11-06 22:11:51,pm2.5,0.0
2019-11-06 22:11:51,pm10,0.0
2019-11-06 22:12:51,pm2.5,0.0
2019-11-06 22:12:51,pm10,0.0
2019-11-06 22:13:51,pm2.5,0.0
2019-11-06 22:13:51,pm10,0.0
2019-11-06 22:14:51,pm2.5,0.0
2019-11-06 22:14:51,pm10,0.0
2019-11-06 22:15:51,pm2.5,0.0
2019-11-06 22:15:51,pm10,0.0
2019-11-06 22:16:51,pm2.5,0.0
2019-11-06 22:16:51,pm10,0.0
2019-11-06 22:17:51,pm2.5,0.0
2019-11-06 22:17:51,pm10,0.1
2019-11-06 22:18:51,pm2.5,0.0
2019-11-06 22:18:51,pm10,0.0
2019-11-06 22:19:51,pm2.5,0.0
2019-11-06 22:19:51,pm10,0.0
2019-11-06 22:20:51,pm2.5,0.0
2019-11-06 22:20:51,pm10,0.0
2019-11-06 22:21:51,pm2.5,0.0
2019-11-06 22:21:51,pm10,0.0
2019-11-06 22:22:51,pm2.5,0.0
2019-11-06 22:22:51,pm10,0.0
2019-11-06 22:23:51,pm2.5,0.0
2019-11-06 22:23:51,pm10,0.0
2019-11-06 22:24:51,pm2.5,0.0
2019-11-06 22:24:51,pm10,0.0
2019-11-06 22:25:51,pm2.5,0.0
2019-11-06 22:25:51,pm10,0.0
2019-11-06 22:26:51,pm2.5,0.0
2019-11-06 22:26:51,pm10,0.0
2019-11-06 22:27:51,pm2.5,0.0
2019-11-06 22:27:51,pm10,0.0
2019-11-06 22:28:51,pm2.5,0.0
2019-11-06 22:28:51,pm10,0.0
2019-11-06 22:29:51,pm2.5,0.0
2019-11-06 22:29:51,pm10,0.0
2019-11-06 22:30:51,pm2.5,0.0
2019-11-06 22:30:51,pm10,0.0
2019-11-06 22:31:51,pm2.5,0.1
2019-11-06 22:31:51,pm10,0.2
2019-11-06 22:32:51,pm2.5,0.0
2019-11-06 22:32:51,pm10,0.0
2019-11-06 22:33:51,pm2.5,0.0
2019-11-06 22:33:51,pm10,0.0
2019-11-06 22:34:51,pm2.5,0.0
2019-11-06 22:34:51,pm10,0.0
2019-11-06 22:35:51,pm2.5,0.0
2019-11-06 22:35:51,pm10,0.0
2019-11-06 22:36:51,pm2.5,0.0
2019-11-06 22:36:51,pm10,0.0
2019-11-06 22:37:51,pm2.5,0.0
2019-11-06 22:37:51,pm10,0.0
2019-11-06 22:38:51,pm2.5,0.0
2019-11-06 22:38:51,pm10,0.0
2019-11-06 22:39:51,pm2.5,0.0
2019-11-06 22:39:51,pm10,0.0
2019-11-06 22:40:51,pm2.5,0.0
2019-11-06 22:40:51,pm10,0.0
2019-11-06 22:41:51,pm2.5,0.0
2019-11-06 22:41:51,pm10,0.0
2019-11-06 22:42:51,pm2.5,0.0
2019-11-06 22:42:51,pm10,0.0
2019-11-06 22:43:51,pm2.5,0.0
2019-11-06 22:43:51,pm10,0.0
2019-11-06 22:44:51,pm2.5,0.0
2019-11-06 22:44:51,pm10,0.0
2019-11-06 22:45:51,pm2.5,0.0
2019-11-06 22:45:51,pm10,0.2
2019-11-06 22:46:51,pm2.5,0.0
2019-11-06 22:46:51,pm10,0.0
2019-11-06 22:47:51,pm2.5,0.0
2019-11-06 22:47:51,pm10,0.0
2019-11-06 22:48:51,pm2.5,0.0
2019-11-06 22:48:51,pm10,0.0
2019-11-06 22:49:51,pm2.5,0.0
2019-11-06 22:49:51,pm10,0.0
2019-11-06 22:50:51,pm2.5,0.0
2019-11-06 22:50:51,pm10,0.0
2019-11-06 22:51:51,pm2.5,0.0
2019-11-06 22:51:51,pm10,0.0
2019-11-06 22:52:51,pm2.5,0.1
2019-11-06 22:52:51,pm10,0.1
2019-11-06 22:53:51,pm2.5,0.0
2019-11-06 22:53:51,pm10,0.0
2019-11-06 22:54:51,pm2.5,0.0
2019-11-06 22:54:51,pm10,0.0
2019-11-06 22:55:51,pm2.5,0.0
2019-11-06 22:55:51,pm10,0.0
2019-11-06 22:56:51,pm2.5,0.0
2019-11-06 22:56:51,pm10,0.1
2019-11-06 22:57:51,pm2.5,0.0
2019-11-06 22:57:51,pm10,0.0
2019-11-06 22:58:51,pm2.5,0.0
2019-11-06 22:58:51,pm10,0.0
2019-11-06 22:59:51,pm2.5,0.0
2019-11-06 22:59:51,pm10,0.0
2019-11-06 23:00:51,pm2.5,0.0
2019-11-06 23:00:51,pm10,0.0
2019-11-06 23:01:51,pm2.5,0.0
2019-11-06 23:01:51,pm10,0.0
2019-11-06 23:02:51,pm2.5,0.0
2019-11-06 23:02:51,pm10,0.0
2019-11-06 23:03:51,pm2.5,0.0
2019-11-06 23:03:51,pm10,0.0
2019-11-06 23:04:51,pm2.5,0.0
2019-11-06 23:04:51,pm10,0.0
2019-11-06 23:05:51,pm2.5,0.0
2019-11-06 23:05:51,pm10,0.0
2019-11-06 23:06:51,pm2.5,0.0
2019-11-06 23:06:51,pm10,0.0
2019-11-06 23:07:51,pm2.5,0.0
2019-11-06 23:07:51,pm10,0.1
2019-11-06 23:08:51,pm2.5,0.0
2019-11-06 23:08:51,pm10,0.0