2019-10-16 23:55:04,pm2.5,0.4
2019-10-16 23:55:04,pm10,1.7
2019-10-16 23:56:04,pm2.5,0.4
2019-10-16 23:56:04,pm10,1.4
2019-10-16 23:57:04,pm2.5,0.4
2019-10-16 23:57:04,pm10,1.3
2019-10-16 23:58:04,pm2.5,0.3
2019-10-16 23:58:04,pm10,0.7
2019-10-16 23:59:04,pm2.5,0.4
2019-10-16 23:59:04,pm10,0.5
2019-10-17 00:00:04,pm2.5,0.3
2019-10-17 00:00:04,pm10,0.4
2019-10-17 00:01:03,pm2.5,0.4
2019-10-17 00:01:04,pm10,0.6
2019-10-17 00:02:03,pm2.5,0.5
2019-10-17 00:02:03,pm10,0.9
2019-10-17 00:03:03,pm2.5,0.3
2019-10-17 00:03:03,pm10,0.5
2019-10-17 00:04:03,pm2.5,0.4
2019-10-17 00:04:03,pm10,0.6
2019-10-17 00:05:04,pm2.5,0.4
2019-10-17 00:05:04,pm10,0.6
2019-10-17 00:06:04,pm2.5,0.4
2019-10-17 00:06:04,pm10,0.5
2019-10-17 00:07:04,pm2.5,0.4
2019-10-17 00:07:04,pm10,2.8
2019-10-17 00:08:04,pm2.5,425.9
2019-10-17 00:08:04,pm10,839.6
2019-10-17 00:09:04,pm2.5,999.9
2019-10-17 00:09:04,pm10,1999.9
2019-10-17 00:10:04,pm2.5,999.9
2019-10-17 00:10:04,pm10,1999.9
2019-10-17 00:12:03,pm2.5,999.9
2019-10-17 00:12:03,pm10,1999.9
2019-10-17 00:13:03,pm2.5,999.9
2019-10-17 00:13:03,pm10,1999.9
2019-10-17 00:14:03,pm2.5,999.9
2019-10-17 00:14:04,pm10,1999.9
2019-10-17 00:15:03,pm2.5,999.9
2019-10-17 00:15:04,pm10,1999.9
2019-10-17 00:16:04,pm2.5,999.9
2019-10-17 00:16:04,pm10,1999.9
2019-10-17 00:17:04,pm2.5,999.9
2019-10-17 00:17:04,pm10,1999.9
2019-10-17 00:18:04,pm2.5,999.9
2019-10-17 00:18:04,pm10,1999.9
2019-10-17 00:19:04,pm2.5,999.9
2019-10-17 00:19:04,pm10,1999.9
2019-10-17 00:20:04,pm2.5,999.9
2019-10-17 00:20:04,pm10,1999.9
2019-10-17 00:21:04,pm2.5,999.9
2019-10-17 00:21:04,pm10,1999.9
2019-10-17 00:22:03,pm2.5,999.9
2019-10-17 00:22:03,pm10,1999.9
2019-10-17 00:23:03,pm2.5,999.9
2019-10-17 00:23:03,pm10,1999.9
2019-10-17 00:24:03,pm2.5,999.9
2019-10-17 00:24:03,pm10,1999.9
2019-10-17 00:25:03,pm2.5,999.9
2019-10-17 00:25:04,pm10,1999.9
2019-10-17 00:26:03,pm2.5,999.9
2019-10-17 00:26:04,pm10,1999.9
2019-10-17 00:27:04,pm2.5,999.9
2019-10-17 00:27:04,pm10,1999.9
2019-10-17 00:28:04,pm2.5,999.9
2019-10-17 00:28:04,pm10,1999.9
2019-10-17 00:29:04,pm2.5,999.9
2019-10-17 00:29:04,pm10,1999.9
2019-10-17 00:30:04,pm2.5,999.9
2019-10-17 00:30:04,pm10,1999.9
2019-10-17 00:31:04,pm2.5,999.9
2019-10-17 00:31:04,pm10,1999.9
2019-10-17 00:32:04,pm2.5,999.9
2019-10-17 00:32:04,pm10,1999.9
2019-10-17 00:33:03,pm2.5,999.9
2019-10-17 00:33:03,pm10,1999.9
2019-10-17 00:34:03,pm2.5,999.9
2019-10-17 00:34:03,pm10,1999.9
2019-10-17 00:35:03,pm2.5,999.9
2019-10-17 00:35:03,pm10,1999.9
2019-10-17 00:36:03,pm2.5,999.9
2019-10-17 00:36:03,pm10,1999.9
2019-10-17 00:37:03,pm2.5,999.9
2019-10-17 00:37:04,pm10,1999.9
2019-10-17 00:38:04,pm2.5,999.9
2019-10-17 00:38:04,pm10,1999.9
2019-10-17 00:39:04,pm2.5,999.9
2019-10-17 00:39:04,pm10,1999.9
2019-10-17 00:40:04,pm2.5,999.9
2019-10-17 00:40:04,pm10,1999.9
2019-10-17 00:41:04,pm2.5,999.9
2019-10-17 00:41:04,pm10,1999.9
2019-10-17 00:42:04,pm2.5,999.9
2019-10-17 00:42:04,pm10,1999.9
2019-10-17 00:43:04,pm2.5,999.9
2019-10-17 00:43:04,pm10,1999.9
2019-10-17 00:44:04,pm2.5,999.9
2019-10-17 00:44:05,pm10,1999.9
2019-10-17 00:45:03,pm2.5,999.9
2019-10-17 00:45:03,pm10,1999.9
2019-10-17 00:46:03,pm2.5,999.9
2019-10-17 00:46:03,pm10,1999.9
2019-10-17 00:47:03,pm2.5,999.9
2019-10-17 00:47:03,pm10,1999.9
2019-10-17 00:48:03,pm2.5,999.9
2019-10-17 00:48:04,pm10,1999.9
2019-10-17 00:49:04,pm2.5,999.9
2019-10-17 00:49:04,pm10,1999.9
2019-10-17 00:50:04,pm2.5,999.9
2019-10-17 00:50:04,pm10,1999.9
2019-10-17 00:51:04,pm2.5,999.9
2019-10-17 00:51:04,pm10,1999.9
2019-10-17 00:52:04,pm2.5,999.9
2019-10-17 00:52:04,pm10,1999.9
2019-10-17 00:53:04,pm2.5,999.9
2019-10-17 00:53:04,pm10,1999.9
2019-10-17 00:54:04,pm2.5,999.9
2019-10-17 00:54:04,pm10,1999.9
2019-10-17 00:55:04,pm2.5,999.9
2019-10-17 00:55:04,pm10,1999.9
2019-10-17 00:56:03,pm2.5,999.9
2019-10-17 00:56:03,pm10,1999.9
2019-10-17 00:57:03,pm2.5,999.9
2019-10-17 00:57:03,pm10,1999.9
2019-10-17 00:58:03,pm2.5,999.9
2019-10-17 00:58:04,pm10,1999.9
2019-10-17 00:59:03,pm2.5,999.9
2019-10-17 00:59:04,pm10,1999.9
2019-10-17 01:00:03,pm2.5,999.9
2019-10-17 01:00:04,pm10,1999.9
2019-10-17 01:01:04,pm2.5,999.9
2019-10-17 01:01:04,pm10,1999.9
2019-10-17 01:02:04,pm2.5,999.9
2019-10-17 01:02:04,pm10,1999.9
2019-10-17 01:03:04,pm2.5,999.9
2019-10-17 01:03:04,pm10,1999.9
2019-10-17 01:04:04,pm2.5,999.9
2019-10-17 01:04:04,pm10,1999.9
2019-10-17 01:05:04,pm2.5,999.9
2019-10-17 01:05:04,pm10,1999.9
2019-10-17 01:06:04,pm2.5,999.9
2019-10-17 01:06:04,pm10,1999.9
2019-10-17 01:07:03,pm2.5,999.9
2019-10-17 01:07:03,pm10,1999.9
2019-10-17 01:08:03,pm2.5,999.9
2019-10-17 01:08:03,pm10,1999.9
2019-10-17 01:09:03,pm2.5,999.9
2019-10-17 01:09:03,pm10,1999.9
2019-10-17 01:10:03,pm2.5,999.9
2019-10-17 01:10:04,pm10,1999.9
2019-10-17 01:11:04,pm2.5,999.9
2019-10-17 01:11:04,pm10,1999.9
2019-10-17 01:12:04,pm2.5,999.9
2019-10-17 01:12:04,pm10,1999.9
2019-10-17 01:13:04,pm2.5,999.9
2019-10-17 01:13:04,pm10,1999.9
2019-10-17 01:14:04,pm2.5,999.9
2019-10-17 01:14:04,pm10,1999.9
2019-10-17 01:15:04,pm2.5,999.9
2019-10-17 01:15:04,pm10,1999.9
2019-10-17 01:16:04,pm2.5,999.9
2019-10-17 01:16:04,pm10,1999.9
2019-10-17 01:17:04,pm2.5,999.9
2019-10-17 01:17:04,pm10,1999.9
2019-10-17 01:18:03,pm2.5,999.9
2019-10-17 01:18:03,pm10,1999.9
2019-10-17 01:19:03,pm2.5,999.9
2019-10-17 01:19:03,pm10,1999.9
2019-10-17 01:20:03,pm2.5,999.9
2019-10-17 01:20:04,pm10,1999.9
2019-10-17 01:21:03,pm2.5,999.9
2019-10-17 01:21:04,pm10,1999.9
2019-10-17 01:22:04,pm2.5,999.9
2019-10-17 01:22:04,pm10,1999.9
2019-10-17 01:23:04,pm2.5,999.9
2019-10-17 01:23:04,pm10,1999.9
2019-10-17 01:24:04,pm2.5,999.9
2019-10-17 01:24:04,pm10,1999.9
2019-10-17 01:25:04,pm2.5,999.9
2019-10-17 01:25:04,pm10,1999.9
2019-10-17 01:26:04,pm2.5,999.9
2019-10-17 01:26:04,pm10,1999.9
2019-10-17 01:27:04,pm2.5,999.9
2019-10-17 01:27:04,pm10,1999.9
2019-10-17 01:28:04,pm2.5,999.9
2019-10-17 01:28:04,pm10,1999.9
2019-10-17 01:29:03,pm2.5,999.9
2019-10-17 01:29:03,pm10,1999.9
2019-10-17 01:30:03,pm2.5,999.9
2019-10-17 01:30:03,pm10,1999.9
2019-10-17 01:31:03,pm2.5,999.9
2019-10-17 01:31:04,pm10,1999.9
2019-10-17 01:32:03,pm2.5,999.9
2019-10-17 01:32:03,pm10,1999.9
2019-10-17 01:33:03,pm2.5,999.9
2019-10-17 01:33:04,pm10,1999.9
2019-10-17 01:34:04,pm2.5,999.9
2019-10-17 01:34:04,pm10,1999.9
2019-10-17 01:35:04,pm2.5,999.9
2019-10-17 01:35:04,pm10,1999.9
2019-10-17 01:36:04,pm2.5,999.9
2019-10-17 01:36:04,pm10,1999.9
2019-10-17 01:37:04,pm2.5,999.9
2019-10-17 01:37:04,pm10,1999.9
2019-10-17 01:38:04,pm2.5,999.9
2019-10-17 01:38:04,pm10,1999.9
2019-10-17 01:39:04,pm2.5,999.9
2019-10-17 01:39:04,pm10,1999.9
2019-10-17 01:40:04,pm2.5,999.9
2019-10-17 01:40:04,pm10,1999.9
2019-10-17 01:41:03,pm2.5,999.9
2019-10-17 01:41:04,pm10,1999.9
2019-10-17 01:42:03,pm2.5,999.9
2019-10-17 01:42:03,pm10,1999.9
2019-10-17 01:43:03,pm2.5,999.9
2019-10-17 01:43:03,pm10,1999.9
2019-10-17 01:44:03,pm2.5,999.9
2019-10-17 01:44:04,pm10,1999.9
2019-10-17 01:45:03,pm2.5,999.9
2019-10-17 01:45:04,pm10,1999.9
2019-10-17 01:46:04,pm2.5,999.9
2019-10-17 01:46:04,pm10,1999.9
2019-10-17 01:47:04,pm2.5,999.9
2019-10-17 01:47:04,pm10,1999.9
2019-10-17 01:48:04,pm2.5,999.9
2019-10-17 01:48:04,pm10,1999.9
2019-10-17 01:49:04,pm2.5,999.9
2019-10-17 01:49:04,pm10,1999.9
2019-10-17 01:50:04,pm2.5,999.9
2019-10-17 01:50:04,pm10,1999.9
2019-10-17 01:51:04,pm2.5,999.9
2019-10-17 01:51:04,pm10,1999.9
2019-10-17 01:52:03,pm2.5,999.9
2019-10-17 01:52:03,pm10,1999.9
2019-10-17 01:53:03,pm2.5,999.9
2019-10-17 01:53:05,pm10,1999.9
2019-10-17 01:54:03,pm2.5,999.9
2019-10-17 01:54:03,pm10,1999.9
2019-10-17 01:55:03,pm2.5,999.9
2019-10-17 01:55:04,pm10,1999.9
2019-10-17 01:56:04,pm2.5,999.9
2019-10-17 01:56:04,pm10,1999.9
2019-10-17 01:57:04,pm2.5,999.9
2019-10-17 01:57:04,pm10,1999.9
2019-10-17 01:58:04,pm2.5,999.9
2019-10-17 01:58:04,pm10,1999.9
2019-10-17 01:59:04,pm2.5,999.9
2019-10-17 01:59:04,pm10,1999.9
2019-10-17 02:00:04,pm2.5,999.9
2019-10-17 02:00:04,pm10,1999.9
2019-10-17 02:01:04,pm2.5,999.9
2019-10-17 02:01:04,pm10,1999.9
2019-10-17 02:02:04,pm2.5,999.9
2019-10-17 02:02:04,pm10,1999.9
2019-10-17 02:03:03,pm2.5,999.9
2019-10-17 02:03:03,pm10,1986.7
2019-10-17 02:04:03,pm2.5,999.9
2019-10-17 02:04:03,pm10,1961.8
2019-10-17 02:05:03,pm2.5,999.9
2019-10-17 02:05:04,pm10,1929.1
2019-10-17 02:06:03,pm2.5,999.9
2019-10-17 02:06:04,pm10,1889.0
2019-10-17 02:07:03,pm2.5,999.9
2019-10-17 02:07:04,pm10,1883.3
2019-10-17 02:08:04,pm2.5,999.9
2019-10-17 02:08:04,pm10,1833.0
2019-10-17 02:09:04,pm2.5,999.9
2019-10-17 02:09:04,pm10,1805.8
2019-10-17 02:10:04,pm2.5,999.9
2019-10-17 02:10:04,pm10,1777.6
2019-10-17 02:11:04,pm2.5,999.9
2019-10-17 02:11:04,pm10,1742.8
2019-10-17 02:12:04,pm2.5,999.9
2019-10-17 02:12:04,pm10,1710.5
2019-10-17 02:13:04,pm2.5,999.9
2019-10-17 02:13:04,pm10,1694.6
2019-10-17 02:14:03,pm2.5,999.9
2019-10-17 02:14:03,pm10,1663.7
2019-10-17 02:15:03,pm2.5,999.9
2019-10-17 02:15:03,pm10,1636.7
2019-10-17 02:16:03,pm2.5,999.9
2019-10-17 02:16:03,pm10,1601.2
2019-10-17 02:17:03,pm2.5,999.9
2019-10-17 02:17:04,pm10,1575.6
2019-10-17 02:18:03,pm2.5,999.9
2019-10-17 02:18:04,pm10,1549.4
2019-10-17 02:19:04,pm2.5,999.9
2019-10-17 02:19:04,pm10,1528.0
2019-10-17 02:20:04,pm2.5,999.9
2019-10-17 02:20:04,pm10,1496.6
2019-10-17 02:21:04,pm2.5,999.9
2019-10-17 02:21:04,pm10,1475.1
2019-10-17 02:22:04,pm2.5,999.9
2019-10-17 02:22:04,pm10,1448.9
2019-10-17 02:23:04,pm2.5,999.9
2019-10-17 02:23:04,pm10,1419.1
2019-10-17 02:24:04,pm2.5,999.9
2019-10-17 02:24:04,pm10,1411.7
2019-10-17 02:25:03,pm2.5,999.9
2019-10-17 02:25:03,pm10,1382.6
2019-10-17 02:26:03,pm2.5,999.9
2019-10-17 02:26:03,pm10,1351.9
2019-10-17 02:27:03,pm2.5,998.7
2019-10-17 02:27:04,pm10,1341.4
2019-10-17 02:28:04,pm2.5,991.6
2019-10-17 02:28:04,pm10,1317.6
2019-10-17 02:29:04,pm2.5,985.4
2019-10-17 02:29:04,pm10,1297.8
2019-10-17 02:30:04,pm2.5,979.2
2019-10-17 02:30:04,pm10,1273.9
2019-10-17 02:31:04,pm2.5,969.3
2019-10-17 02:31:04,pm10,1245.6
2019-10-17 02:32:04,pm2.5,965.7
2019-10-17 02:32:04,pm10,1231.2
2019-10-17 02:33:04,pm2.5,958.8
2019-10-17 02:33:04,pm10,1209.5
2019-10-17 02:34:04,pm2.5,950.4
2019-10-17 02:34:04,pm10,1192.5
2019-10-17 02:35:04,pm2.5,944.5
2019-10-17 02:35:04,pm10,1165.5
2019-10-17 02:36:03,pm2.5,940.0
2019-10-17 02:36:03,pm10,1152.2
2019-10-17 02:37:03,pm2.5,930.5
2019-10-17 02:37:03,pm10,1136.2
2019-10-17 02:38:03,pm2.5,925.4
2019-10-17 02:38:04,pm10,1115.5
2019-10-17 02:39:03,pm2.5,917.6
2019-10-17 02:39:04,pm10,1102.5
2019-10-17 02:40:04,pm2.5,909.7
2019-10-17 02:40:04,pm10,1071.8
2019-10-17 02:41:04,pm2.5,899.7
2019-10-17 02:41:04,pm10,1058.5
2019-10-17 02:42:04,pm2.5,893.8
2019-10-17 02:42:04,pm10,1039.5
2019-10-17 02:43:04,pm2.5,886.8
2019-10-17 02:43:04,pm10,1023.3
2019-10-17 02:44:04,pm2.5,880.2
2019-10-17 02:44:04,pm10,1011.1
2019-10-17 02:45:04,pm2.5,871.6
2019-10-17 02:45:04,pm10,991.6
2019-10-17 02:46:03,pm2.5,866.4
2019-10-17 02:46:03,pm10,976.6
2019-10-17 02:47:03,pm2.5,858.6
2019-10-17 02:47:03,pm10,965.3
2019-10-17 02:48:03,pm2.5,850.3
2019-10-17 02:48:04,pm10,955.6
2019-10-17 02:49:03,pm2.5,842.9
2019-10-17 02:49:03,pm10,945.8
2019-10-17 02:50:04,pm2.5,836.2
2019-10-17 02:50:04,pm10,938.3
2019-10-17 02:51:04,pm2.5,826.6
2019-10-17 02:51:04,pm10,927.0
2019-10-17 02:52:04,pm2.5,818.4
2019-10-17 02:52:04,pm10,916.7
2019-10-17 02:53:04,pm2.5,812.1
2019-10-17 02:53:04,pm10,909.1
2019-10-17 02:54:05,pm2.5,805.4
2019-10-17 02:54:05,pm10,901.0
2019-10-17 02:55:04,pm2.5,797.2
2019-10-17 02:55:04,pm10,891.5
2019-10-17 02:56:04,pm2.5,787.3
2019-10-17 02:56:04,pm10,879.4
2019-10-17 02:57:03,pm2.5,782.1
2019-10-17 02:57:04,pm10,872.9
2019-10-17 02:58:03,pm2.5,772.1
2019-10-17 02:58:03,pm10,861.5
2019-10-17 02:59:03,pm2.5,764.8
2019-10-17 02:59:03,pm10,853.4
2019-10-17 03:00:03,pm2.5,757.6
2019-10-17 03:00:03,pm10,844.3
2019-10-17 03:01:03,pm2.5,747.6
2019-10-17 03:01:04,pm10,832.9
2019-10-17 03:02:04,pm2.5,741.9
2019-10-17 03:02:04,pm10,826.1
2019-10-17 03:03:04,pm2.5,730.2
2019-10-17 03:03:04,pm10,813.0
2019-10-17 03:04:04,pm2.5,726.1
2019-10-17 03:04:04,pm10,807.9
2019-10-17 03:05:04,pm2.5,715.7
2019-10-17 03:05:04,pm10,796.0
2019-10-17 03:06:04,pm2.5,703.0
2019-10-17 03:06:04,pm10,781.6
2019-10-17 03:07:04,pm2.5,696.2
2019-10-17 03:07:04,pm10,773.3
2019-10-17 03:08:03,pm2.5,691.2
2019-10-17 03:08:03,pm10,767.8
2019-10-17 03:09:03,pm2.5,684.3
2019-10-17 03:09:03,pm10,760.0
2019-10-17 03:10:03,pm2.5,677.6
2019-10-17 03:10:03,pm10,752.4
2019-10-17 03:11:03,pm2.5,662.9
2019-10-17 03:11:04,pm10,735.3
2019-10-17 03:12:04,pm2.5,658.1
2019-10-17 03:12:04,pm10,730.5
2019-10-17 03:13:04,pm2.5,645.2
2019-10-17 03:13:04,pm10,715.3
2019-10-17 03:14:04,pm2.5,635.7
2019-10-17 03:14:04,pm10,705.4
2019-10-17 03:15:04,pm2.5,626.7
2019-10-17 03:15:04,pm10,694.9
2019-10-17 03:16:04,pm2.5,617.2
2019-10-17 03:16:04,pm10,684.1
2019-10-17 03:17:04,pm2.5,609.5
2019-10-17 03:17:04,pm10,675.9
2019-10-17 03:18:04,pm2.5,600.8
2019-10-17 03:18:04,pm10,666.1
2019-10-17 03:19:03,pm2.5,596.1
2019-10-17 03:19:04,pm10,661.1
2019-10-17 03:20:03,pm2.5,587.3
2019-10-17 03:20:03,pm10,651.1
2019-10-17 03:21:03,pm2.5,575.0
2019-10-17 03:21:03,pm10,637.5
2019-10-17 03:22:03,pm2.5,563.7
2019-10-17 03:22:04,pm10,625.0
2019-10-17 03:23:04,pm2.5,554.0
2019-10-17 03:23:04,pm10,614.4
2019-10-17 03:24:04,pm2.5,550.1
2019-10-17 03:24:04,pm10,609.7
2019-10-17 03:25:04,pm2.5,539.3
2019-10-17 03:25:04,pm10,598.2
2019-10-17 03:26:04,pm2.5,532.3
2019-10-17 03:26:04,pm10,590.3
2019-10-17 03:27:04,pm2.5,518.1
2019-10-17 03:27:04,pm10,574.7
2019-10-17 03:28:04,pm2.5,513.6
2019-10-17 03:28:04,pm10,569.7
2019-10-17 03:29:03,pm2.5,505.5
2019-10-17 03:29:03,pm10,560.6
2019-10-17 03:30:03,pm2.5,497.4
2019-10-17 03:30:03,pm10,551.8
2019-10-17 03:31:03,pm2.5,486.6
2019-10-17 03:31:04,pm10,539.6
2019-10-17 03:32:04,pm2.5,477.0
2019-10-17 03:32:04,pm10,529.4
2019-10-17 03:33:03,pm2.5,470.1
2019-10-17 03:33:04,pm10,521.3
2019-10-17 03:34:04,pm2.5,455.0
2019-10-17 03:34:04,pm10,504.5
2019-10-17 03:35:04,pm2.5,448.0
2019-10-17 03:35:04,pm10,496.5
2019-10-17 03:36:04,pm2.5,440.6
2019-10-17 03:36:04,pm10,488.7
2019-10-17 03:37:04,pm2.5,431.8
2019-10-17 03:37:04,pm10,478.8
2019-10-17 03:38:04,pm2.5,426.0
2019-10-17 03:38:04,pm10,471.6
2019-10-17 03:39:04,pm2.5,413.3
2019-10-17 03:39:04,pm10,457.9
2019-10-17 03:40:03,pm2.5,404.9
2019-10-17 03:40:03,pm10,448.6
2019-10-17 03:41:03,pm2.5,396.1
2019-10-17 03:41:04,pm10,438.9
2019-10-17 03:42:03,pm2.5,391.4
2019-10-17 03:42:04,pm10,433.3
2019-10-17 03:43:03,pm2.5,381.2
2019-10-17 03:43:04,pm10,421.6
2019-10-17 03:44:04,pm2.5,375.7
2019-10-17 03:44:04,pm10,415.4
2019-10-17 03:45:04,pm2.5,369.9
2019-10-17 03:45:04,pm10,409.3
2019-10-17 03:46:04,pm2.5,358.3
2019-10-17 03:46:04,pm10,396.0
2019-10-17 03:47:04,pm2.5,352.6
2019-10-17 03:47:04,pm10,389.8
2019-10-17 03:48:04,pm2.5,345.9
2019-10-17 03:48:04,pm10,382.3
2019-10-17 03:49:04,pm2.5,337.3
2019-10-17 03:49:04,pm10,372.4
2019-10-17 03:50:03,pm2.5,335.6
2019-10-17 03:50:03,pm10,370.6
2019-10-17 03:51:03,pm2.5,323.3
2019-10-17 03:51:04,pm10,356.9
2019-10-17 03:52:03,pm2.5,321.5
2019-10-17 03:52:03,pm10,355.0
2019-10-17 03:53:03,pm2.5,311.8
2019-10-17 03:53:04,pm10,344.0
2019-10-17 03:54:04,pm2.5,303.5
2019-10-17 03:54:04,pm10,335.2
2019-10-17 03:55:04,pm2.5,300.0
2019-10-17 03:55:04,pm10,330.9
2019-10-17 03:56:04,pm2.5,294.3
2019-10-17 03:56:04,pm10,324.8
2019-10-17 03:57:04,pm2.5,285.7
2019-10-17 03:57:04,pm10,315.2
2019-10-17 03:58:04,pm2.5,279.8
2019-10-17 03:58:04,pm10,308.8
2019-10-17 03:59:04,pm2.5,275.8
2019-10-17 03:59:04,pm10,304.1
2019-10-17 04:00:04,pm2.5,268.2
2019-10-17 04:00:04,pm10,295.8
2019-10-17 04:01:03,pm2.5,258.3
2019-10-17 04:01:03,pm10,285.3
2019-10-17 04:02:03,pm2.5,255.4
2019-10-17 04:02:03,pm10,281.7
2019-10-17 04:03:03,pm2.5,250.1
2019-10-17 04:03:03,pm10,275.9
2019-10-17 04:04:03,pm2.5,244.0
2019-10-17 04:04:04,pm10,269.2
2019-10-17 04:05:03,pm2.5,236.6
2019-10-17 04:05:04,pm10,261.0
2019-10-17 04:06:04,pm2.5,233.6
2019-10-17 04:06:04,pm10,257.8
2019-10-17 04:07:04,pm2.5,226.5
2019-10-17 04:07:04,pm10,250.0
2019-10-17 04:08:04,pm2.5,221.7
2019-10-17 04:08:04,pm10,244.7
2019-10-17 04:09:04,pm2.5,215.8
2019-10-17 04:09:04,pm10,238.2
2019-10-17 04:10:04,pm2.5,209.2
2019-10-17 04:10:04,pm10,231.1
2019-10-17 04:11:04,pm2.5,205.1
2019-10-17 04:11:04,pm10,226.5
2019-10-17 04:12:03,pm2.5,201.4
2019-10-17 04:12:03,pm10,222.3
2019-10-17 04:13:03,pm2.5,196.6
2019-10-17 04:13:03,pm10,217.3
2019-10-17 04:14:03,pm2.5,189.5
2019-10-17 04:14:04,pm10,209.3
2019-10-17 04:15:03,pm2.5,182.6
2019-10-17 04:15:04,pm10,201.6
2019-10-17 04:16:03,pm2.5,178.0
2019-10-17 04:16:04,pm10,196.7
2019-10-17 04:17:04,pm2.5,173.6
2019-10-17 04:17:04,pm10,192.3
2019-10-17 04:18:04,pm2.5,168.1
2019-10-17 04:18:04,pm10,185.9
2019-10-17 04:19:04,pm2.5,165.9
2019-10-17 04:19:04,pm10,183.7
2019-10-17 04:20:04,pm2.5,159.4
2019-10-17 04:20:04,pm10,176.4
2019-10-17 04:21:04,pm2.5,156.0
2019-10-17 04:21:04,pm10,172.7
2019-10-17 04:22:04,pm2.5,153.8
2019-10-17 04:22:04,pm10,170.2
2019-10-17 04:23:03,pm2.5,149.3
2019-10-17 04:23:03,pm10,165.0
2019-10-17 04:24:03,pm2.5,145.2
2019-10-17 04:24:04,pm10,160.6
2019-10-17 04:25:03,pm2.5,143.4
2019-10-17 04:25:04,pm10,158.6
2019-10-17 04:26:03,pm2.5,139.8
2019-10-17 04:26:04,pm10,154.5
2019-10-17 04:27:03,pm2.5,135.7
2019-10-17 04:27:04,pm10,150.1
2019-10-17 04:28:04,pm2.5,134.0
2019-10-17 04:28:04,pm10,148.1
2019-10-17 04:29:03,pm2.5,133.2
2019-10-17 04:29:03,pm10,147.1
2019-10-17 04:30:04,pm2.5,128.0
2019-10-17 04:30:04,pm10,141.5
2019-10-17 04:31:04,pm2.5,125.2
2019-10-17 04:31:04,pm10,138.3
2019-10-17 04:32:04,pm2.5,122.1
2019-10-17 04:32:04,pm10,134.8
2019-10-17 04:33:04,pm2.5,120.5
2019-10-17 04:33:04,pm10,133.1
2019-10-17 04:34:03,pm2.5,117.6
2019-10-17 04:34:03,pm10,129.8
2019-10-17 04:35:03,pm2.5,112.6
2019-10-17 04:35:03,pm10,124.3
2019-10-17 04:36:03,pm2.5,113.2
2019-10-17 04:36:03,pm10,125.0
2019-10-17 04:37:03,pm2.5,107.7
2019-10-17 04:37:04,pm10,118.8
2019-10-17 04:38:03,pm2.5,105.3
2019-10-17 04:38:04,pm10,116.2
2019-10-17 04:39:04,pm2.5,104.9
2019-10-17 04:39:04,pm10,115.7
2019-10-17 04:40:04,pm2.5,99.7
2019-10-17 04:40:04,pm10,110.0
2019-10-17 04:41:04,pm2.5,98.0
2019-10-17 04:41:04,pm10,108.2
2019-10-17 04:42:04,pm2.5,96.2
2019-10-17 04:42:04,pm10,106.1
2019-10-17 04:43:04,pm2.5,94.2
2019-10-17 04:43:04,pm10,104.0
2019-10-17 04:44:04,pm2.5,90.1
2019-10-17 04:44:04,pm10,99.4
2019-10-17 04:45:03,pm2.5,91.0
2019-10-17 04:45:03,pm10,100.4
2019-10-17 04:46:03,pm2.5,88.0
2019-10-17 04:46:03,pm10,97.2
2019-10-17 04:47:03,pm2.5,83.6
2019-10-17 04:47:03,pm10,92.1
2019-10-17 04:48:03,pm2.5,82.4
2019-10-17 04:48:04,pm10,91.0
2019-10-17 04:49:03,pm2.5,80.1
2019-10-17 04:49:04,pm10,88.4
2019-10-17 04:50:04,pm2.5,77.8
2019-10-17 04:50:04,pm10,85.8
2019-10-17 04:51:04,pm2.5,76.4
2019-10-17 04:51:04,pm10,84.3
2019-10-17 04:52:04,pm2.5,74.2
2019-10-17 04:52:04,pm10,82.0
2019-10-17 04:53:04,pm2.5,71.4
2019-10-17 04:53:04,pm10,78.8
2019-10-17 04:54:04,pm2.5,70.5
2019-10-17 04:54:04,pm10,77.8
2019-10-17 04:55:04,pm2.5,68.8
2019-10-17 04:55:04,pm10,75.9
2019-10-17 04:57:03,pm2.5,65.4
2019-10-17 04:57:03,pm10,72.3
2019-10-17 04:58:03,pm2.5,64.6
2019-10-17 04:58:03,pm10,71.3
2019-10-17 04:59:03,pm2.5,62.3
2019-10-17 04:59:04,pm10,68.8
2019-10-17 05:00:03,pm2.5,60.1
2019-10-17 05:00:04,pm10,66.4
2019-10-17 05:01:04,pm2.5,58.2
2019-10-17 05:01:04,pm10,64.3
2019-10-17 05:02:04,pm2.5,58.0
2019-10-17 05:02:04,pm10,64.0
2019-10-17 05:03:04,pm2.5,56.5
2019-10-17 05:03:04,pm10,62.4
2019-10-17 05:04:04,pm2.5,55.2
2019-10-17 05:04:04,pm10,61.0
2019-10-17 05:05:04,pm2.5,54.1
2019-10-17 05:05:04,pm10,59.6
2019-10-17 05:06:04,pm2.5,51.2
2019-10-17 05:06:04,pm10,56.5
2019-10-17 05:07:04,pm2.5,51.8
2019-10-17 05:07:04,pm10,57.2
2019-10-17 05:08:03,pm2.5,49.6
2019-10-17 05:08:03,pm10,54.8
2019-10-17 05:09:03,pm2.5,48.2
2019-10-17 05:09:03,pm10,53.1
2019-10-17 05:10:03,pm2.5,48.9
2019-10-17 05:10:03,pm10,53.9
2019-10-17 05:11:03,pm2.5,47.9
2019-10-17 05:11:04,pm10,52.8
2019-10-17 05:12:04,pm2.5,43.7
2019-10-17 05:12:04,pm10,48.2
2019-10-17 05:13:04,pm2.5,44.7
2019-10-17 05:13:04,pm10,49.2
2019-10-17 05:14:04,pm2.5,43.7
2019-10-17 05:14:04,pm10,48.1
2019-10-17 05:15:04,pm2.5,43.4
2019-10-17 05:15:04,pm10,47.8
2019-10-17 05:16:04,pm2.5,40.7
2019-10-17 05:16:04,pm10,44.8
2019-10-17 05:17:04,pm2.5,41.3
2019-10-17 05:17:04,pm10,45.5
2019-10-17 05:18:04,pm2.5,40.4
2019-10-17 05:18:04,pm10,44.5
2019-10-17 05:19:03,pm2.5,38.6
2019-10-17 05:19:03,pm10,42.5
2019-10-17 05:20:03,pm2.5,37.2
2019-10-17 05:20:03,pm10,40.9
2019-10-17 05:21:03,pm2.5,36.9
2019-10-17 05:21:04,pm10,40.6
2019-10-17 05:22:03,pm2.5,36.8
2019-10-17 05:22:04,pm10,40.5
2019-10-17 05:23:04,pm2.5,35.1
2019-10-17 05:23:04,pm10,38.7
2019-10-17 05:24:04,pm2.5,34.1
2019-10-17 05:24:04,pm10,37.5
2019-10-17 05:25:04,pm2.5,33.0
2019-10-17 05:25:04,pm10,36.3
2019-10-17 05:26:04,pm2.5,32.6
2019-10-17 05:26:04,pm10,36.0
2019-10-17 05:27:04,pm2.5,31.6
2019-10-17 05:27:04,pm10,34.7
2019-10-17 05:28:04,pm2.5,31.6
2019-10-17 05:28:04,pm10,34.7
2019-10-17 05:29:04,pm2.5,30.4
2019-10-17 05:29:04,pm10,33.5
2019-10-17 05:30:03,pm2.5,30.0
2019-10-17 05:30:03,pm10,32.9
2019-10-17 05:31:03,pm2.5,29.0
2019-10-17 05:31:03,pm10,31.9
2019-10-17 05:32:03,pm2.5,27.7
2019-10-17 05:32:03,pm10,30.5
2019-10-17 05:33:03,pm2.5,27.9
2019-10-17 05:33:04,pm10,30.7
2019-10-17 05:34:04,pm2.5,26.8
2019-10-17 05:34:04,pm10,29.5
2019-10-17 05:35:04,pm2.5,26.5
2019-10-17 05:35:04,pm10,29.1
2019-10-17 05:36:04,pm2.5,25.5
2019-10-17 05:36:04,pm10,28.1
2019-10-17 05:37:04,pm2.5,24.3
2019-10-17 05:37:04,pm10,26.7
2019-10-17 05:38:04,pm2.5,25.0
2019-10-17 05:38:04,pm10,27.5
2019-10-17 05:39:04,pm2.5,24.5
2019-10-17 05:39:04,pm10,27.0
2019-10-17 05:40:04,pm2.5,24.2
2019-10-17 05:40:04,pm10,26.6
2019-10-17 05:41:04,pm2.5,22.3
2019-10-17 05:41:04,pm10,24.5
2019-10-17 05:42:03,pm2.5,21.7
2019-10-17 05:42:03,pm10,23.8
2019-10-17 05:43:03,pm2.5,21.7
2019-10-17 05:43:04,pm10,23.9
2019-10-17 05:44:03,pm2.5,21.3
2019-10-17 05:44:04,pm10,23.4
2019-10-17 05:45:04,pm2.5,20.5
2019-10-17 05:45:04,pm10,22.5
2019-10-17 05:46:04,pm2.5,20.8
2019-10-17 05:46:04,pm10,22.9
2019-10-17 05:47:04,pm2.5,19.7
2019-10-17 05:47:04,pm10,21.6
2019-10-17 05:48:04,pm2.5,18.6
2019-10-17 05:48:04,pm10,20.4
2019-10-17 05:49:04,pm2.5,18.7
2019-10-17 05:49:04,pm10,20.5
2019-10-17 05:50:04,pm2.5,18.5
2019-10-17 05:50:04,pm10,20.3
2019-10-17 05:51:04,pm2.5,17.8
2019-10-17 05:51:04,pm10,19.5
2019-10-17 05:52:04,pm2.5,17.7
2019-10-17 05:52:04,pm10,19.4
2019-10-17 05:53:03,pm2.5,17.0
2019-10-17 05:53:03,pm10,18.6
2019-10-17 05:54:03,pm2.5,17.2
2019-10-17 05:54:04,pm10,18.9
2019-10-17 05:55:04,pm2.5,16.5
2019-10-17 05:55:04,pm10,18.1
2019-10-17 05:56:03,pm2.5,16.4
2019-10-17 05:56:04,pm10,18.0
2019-10-17 05:57:04,pm2.5,14.7
2019-10-17 05:57:04,pm10,16.2
2019-10-17 05:58:04,pm2.5,14.8
2019-10-17 05:58:04,pm10,16.3
2019-10-17 05:59:04,pm2.5,14.7
2019-10-17 05:59:04,pm10,16.1
2019-10-17 06:00:04,pm2.5,13.7
2019-10-17 06:00:04,pm10,15.0
2019-10-17 06:01:04,pm2.5,14.0
2019-10-17 06:01:04,pm10,15.4
2019-10-17 06:02:04,pm2.5,13.6
2019-10-17 06:02:04,pm10,14.9
2019-10-17 06:03:04,pm2.5,13.3
2019-10-17 06:03:04,pm10,14.6
2019-10-17 06:04:03,pm2.5,13.2
2019-10-17 06:04:03,pm10,14.5
2019-10-17 06:05:03,pm2.5,12.4
2019-10-17 06:05:04,pm10,13.6
2019-10-17 06:06:04,pm2.5,12.3
2019-10-17 06:06:04,pm10,13.5
2019-10-17 06:07:04,pm2.5,11.9
2019-10-17 06:07:04,pm10,13.0
2019-10-17 06:08:04,pm2.5,11.2
2019-10-17 06:08:04,pm10,12.3
2019-10-17 06:09:04,pm2.5,11.3
2019-10-17 06:09:04,pm10,12.4
2019-10-17 06:10:04,pm2.5,11.2
2019-10-17 06:10:04,pm10,12.3
2019-10-17 06:11:04,pm2.5,11.3
2019-10-17 06:11:04,pm10,12.4
2019-10-17 06:12:04,pm2.5,11.0
2019-10-17 06:12:04,pm10,12.0
2019-10-17 06:13:04,pm2.5,10.6
2019-10-17 06:13:04,pm10,11.6
2019-10-17 06:14:03,pm2.5,10.2
2019-10-17 06:14:03,pm10,11.2
2019-10-17 06:15:03,pm2.5,10.0
2019-10-17 06:15:04,pm10,11.0
2019-10-17 06:16:04,pm2.5,10.0
2019-10-17 06:16:04,pm10,11.0
2019-10-17 06:17:04,pm2.5,9.4
2019-10-17 06:17:04,pm10,10.3
2019-10-17 06:18:04,pm2.5,9.7
2019-10-17 06:18:04,pm10,10.6
2019-10-17 06:19:04,pm2.5,8.9
2019-10-17 06:19:04,pm10,9.8
2019-10-17 06:20:04,pm2.5,8.9
2019-10-17 06:20:04,pm10,9.8
2019-10-17 06:21:04,pm2.5,8.8
2019-10-17 06:21:04,pm10,9.7
2019-10-17 06:22:04,pm2.5,8.5
2019-10-17 06:22:04,pm10,9.3
2019-10-17 06:23:04,pm2.5,7.9
2019-10-17 06:23:04,pm10,8.7
2019-10-17 06:24:03,pm2.5,8.6
2019-10-17 06:24:03,pm10,9.4
2019-10-17 06:25:03,pm2.5,7.6
2019-10-17 06:25:04,pm10,8.3
2019-10-17 06:26:03,pm2.5,7.5
2019-10-17 06:26:04,pm10,8.3
2019-10-17 06:27:03,pm2.5,7.4
2019-10-17 06:27:04,pm10,8.1
2019-10-17 06:28:03,pm2.5,7.5
2019-10-17 06:28:04,pm10,8.3
2019-10-17 06:29:04,pm2.5,6.8
2019-10-17 06:29:04,pm10,7.5
2019-10-17 06:30:04,pm2.5,7.1
2019-10-17 06:30:04,pm10,7.8
2019-10-17 06:31:04,pm2.5,6.7
2019-10-17 06:31:04,pm10,7.3
2019-10-17 06:32:04,pm2.5,6.8
2019-10-17 06:32:04,pm10,7.5
2019-10-17 06:33:04,pm2.5,6.4
2019-10-17 06:33:04,pm10,7.0
2019-10-17 06:34:04,pm2.5,6.1
2019-10-17 06:34:04,pm10,6.7
2019-10-17 06:35:03,pm2.5,6.0
2019-10-17 06:35:03,pm10,6.6
2019-10-17 06:36:03,pm2.5,6.3
2019-10-17 06:36:04,pm10,6.9
2019-10-17 06:37:04,pm2.5,5.8
2019-10-17 06:37:04,pm10,6.4
2019-10-17 06:38:03,pm2.5,6.1
2019-10-17 06:38:04,pm10,6.7
2019-10-17 06:39:03,pm2.5,5.7
2019-10-17 06:39:04,pm10,6.3
2019-10-17 06:40:04,pm2.5,5.5
2019-10-17 06:40:04,pm10,6.0
2019-10-17 06:41:04,pm2.5,5.4
2019-10-17 06:41:04,pm10,5.9
2019-10-17 06:42:04,pm2.5,5.5
2019-10-17 06:42:04,pm10,6.0
2019-10-17 06:43:04,pm2.5,5.1
2019-10-17 06:43:04,pm10,5.6
2019-10-17 06:44:04,pm2.5,4.8
2019-10-17 06:44:04,pm10,5.3
2019-10-17 06:45:04,pm2.5,4.9
2019-10-17 06:45:04,pm10,5.4
2019-10-17 06:46:03,pm2.5,5.0
2019-10-17 06:46:03,pm10,5.5
2019-10-17 06:47:03,pm2.5,4.6
2019-10-17 06:47:03,pm10,5.1
2019-10-17 06:48:03,pm2.5,4.8
2019-10-17 06:48:04,pm10,5.3
2019-10-17 06:49:03,pm2.5,5.1
2019-10-17 06:49:04,pm10,5.6
2019-10-17 06:50:04,pm2.5,4.5
2019-10-17 06:50:04,pm10,4.9
2019-10-17 06:51:04,pm2.5,4.6
2019-10-17 06:51:04,pm10,5.1
2019-10-17 06:52:04,pm2.5,4.0
2019-10-17 06:52:04,pm10,4.4
2019-10-17 06:53:04,pm2.5,4.1
2019-10-17 06:53:04,pm10,4.5
2019-10-17 06:54:04,pm2.5,3.8
2019-10-17 06:54:04,pm10,4.1
2019-10-17 06:55:04,pm2.5,3.8
2019-10-17 06:55:06,pm10,4.2
2019-10-17 06:56:04,pm2.5,3.7
2019-10-17 06:56:04,pm10,4.1
2019-10-17 06:57:03,pm2.5,3.7
2019-10-17 06:57:03,pm10,4.1
2019-10-17 06:58:03,pm2.5,4.0
2019-10-17 06:58:04,pm10,4.4
2019-10-17 06:59:04,pm2.5,3.6
2019-10-17 06:59:04,pm10,4.0
2019-10-17 07:00:03,pm2.5,3.3
2019-10-17 07:00:04,pm10,3.6
2019-10-17 07:01:04,pm2.5,3.3
2019-10-17 07:01:04,pm10,3.6
2019-10-17 07:02:04,pm2.5,3.3
2019-10-17 07:02:04,pm10,3.6
2019-10-17 07:03:04,pm2.5,3.5
2019-10-17 07:03:04,pm10,3.8
2019-10-17 07:04:04,pm2.5,3.1
2019-10-17 07:04:04,pm10,3.4
2019-10-17 07:05:04,pm2.5,3.3
2019-10-17 07:05:04,pm10,3.6
2019-10-17 07:06:04,pm2.5,3.1
2019-10-17 07:06:04,pm10,3.4
2019-10-17 07:07:03,pm2.5,2.9
2019-10-17 07:07:03,pm10,3.3
2019-10-17 07:08:03,pm2.5,2.9
2019-10-17 07:08:03,pm10,3.2
2019-10-17 07:09:03,pm2.5,3.2
2019-10-17 07:09:04,pm10,3.5
2019-10-17 07:10:03,pm2.5,2.6
2019-10-17 07:10:04,pm10,2.9
2019-10-17 07:11:04,pm2.5,2.8
2019-10-17 07:11:04,pm10,3.1
2019-10-17 07:12:04,pm2.5,2.8
2019-10-17 07:12:04,pm10,3.3
2019-10-17 07:13:04,pm2.5,2.6
2019-10-17 07:13:04,pm10,2.9
2019-10-17 07:14:04,pm2.5,2.4
2019-10-17 07:14:04,pm10,2.6
2019-10-17 07:15:04,pm2.5,2.6
2019-10-17 07:15:04,pm10,2.9
2019-10-17 07:16:04,pm2.5,2.5
2019-10-17 07:16:04,pm10,2.8
2019-10-17 07:17:04,pm2.5,2.3
2019-10-17 07:17:04,pm10,2.8
2019-10-17 07:18:03,pm2.5,2.7
2019-10-17 07:18:03,pm10,3.0
2019-10-17 07:19:03,pm2.5,2.3
2019-10-17 07:19:03,pm10,2.6
2019-10-17 07:20:03,pm2.5,2.3
2019-10-17 07:20:04,pm10,2.5
2019-10-17 07:21:03,pm2.5,2.1
2019-10-17 07:21:04,pm10,2.5
2019-10-17 07:22:04,pm2.5,2.1
2019-10-17 07:22:04,pm10,2.4
2019-10-17 07:23:04,pm2.5,2.2
2019-10-17 07:23:04,pm10,2.4
2019-10-17 07:24:04,pm2.5,2.3
2019-10-17 07:24:04,pm10,2.6
2019-10-17 07:25:04,pm2.5,2.2
2019-10-17 07:25:04,pm10,2.6
2019-10-17 07:26:04,pm2.5,1.9
2019-10-17 07:26:04,pm10,2.1
2019-10-17 07:27:04,pm2.5,2.0
2019-10-17 07:27:04,pm10,2.2
2019-10-17 07:28:04,pm2.5,2.1
2019-10-17 07:28:04,pm10,2.6
2019-10-17 07:29:03,pm2.5,1.9
2019-10-17 07:29:03,pm10,2.2
2019-10-17 07:30:03,pm2.5,2.0
2019-10-17 07:30:04,pm10,2.2
2019-10-17 07:31:03,pm2.5,1.8
2019-10-17 07:31:04,pm10,2.0
2019-10-17 07:32:03,pm2.5,1.6
2019-10-17 07:32:04,pm10,2.0
2019-10-17 07:33:04,pm2.5,1.6
2019-10-17 07:33:04,pm10,2.1
2019-10-17 07:34:04,pm2.5,1.6
2019-10-17 07:34:04,pm10,1.9
2019-10-17 07:35:04,pm2.5,1.5
2019-10-17 07:35:04,pm10,1.9
2019-10-17 07:36:04,pm2.5,1.6
2019-10-17 07:36:04,pm10,2.0
2019-10-17 07:37:04,pm2.5,1.5
2019-10-17 07:37:04,pm10,1.8
2019-10-17 07:38:04,pm2.5,1.5
2019-10-17 07:38:04,pm10,2.1
2019-10-17 07:39:04,pm2.5,1.4
2019-10-17 07:39:04,pm10,1.8
2019-10-17 07:40:03,pm2.5,1.5
2019-10-17 07:40:03,pm10,1.8
2019-10-17 07:41:03,pm2.5,1.4
2019-10-17 07:41:03,pm10,1.7
2019-10-17 07:42:03,pm2.5,1.5
2019-10-17 07:42:03,pm10,1.8
2019-10-17 07:43:03,pm2.5,1.5
2019-10-17 07:43:04,pm10,1.8
2019-10-17 07:44:03,pm2.5,1.4
2019-10-17 07:44:04,pm10,1.8
2019-10-17 07:45:04,pm2.5,1.4
2019-10-17 07:45:04,pm10,1.7
2019-10-17 07:46:04,pm2.5,1.3
2019-10-17 07:46:04,pm10,1.7
2019-10-17 07:47:04,pm2.5,1.4
2019-10-17 07:47:04,pm10,2.0
2019-10-17 07:48:04,pm2.5,1.3
2019-10-17 07:48:04,pm10,1.7
2019-10-17 07:49:04,pm2.5,1.4
2019-10-17 07:49:04,pm10,1.8
2019-10-17 07:50:04,pm2.5,1.3
2019-10-17 07:50:04,pm10,1.6
2019-10-17 07:52:03,pm2.5,1.2
2019-10-17 07:52:03,pm10,1.5
2019-10-17 07:53:03,pm2.5,1.2
2019-10-17 07:53:04,pm10,1.6
2019-10-17 07:54:04,pm2.5,1.0
2019-10-17 07:54:04,pm10,1.3
2019-10-17 07:55:04,pm2.5,1.2
2019-10-17 07:55:04,pm10,1.5
2019-10-17 07:56:03,pm2.5,1.2
2019-10-17 07:56:03,pm10,1.5
2019-10-17 07:57:04,pm2.5,0.9
2019-10-17 07:57:04,pm10,1.2
2019-10-17 07:58:04,pm2.5,0.9
2019-10-17 07:58:04,pm10,1.3
2019-10-17 07:59:04,pm2.5,1.0
2019-10-17 07:59:04,pm10,1.3
2019-10-17 08:00:04,pm2.5,1.1
2019-10-17 08:00:04,pm10,1.4
2019-10-17 08:01:04,pm2.5,0.8
2019-10-17 08:01:04,pm10,1.1
2019-10-17 08:02:04,pm2.5,0.8
2019-10-17 08:02:04,pm10,1.2
2019-10-17 08:03:03,pm2.5,1.0
2019-10-17 08:03:03,pm10,1.2
2019-10-17 08:04:03,pm2.5,0.9
2019-10-17 08:04:03,pm10,1.1
2019-10-17 08:05:03,pm2.5,0.9
2019-10-17 08:05:03,pm10,1.1
2019-10-17 08:06:03,pm2.5,0.8
2019-10-17 08:06:03,pm10,1.2
2019-10-17 08:07:04,pm2.5,0.8
2019-10-17 08:07:04,pm10,1.1
2019-10-17 08:08:04,pm2.5,0.8
2019-10-17 08:08:04,pm10,1.0
2019-10-17 08:09:04,pm2.5,0.9
2019-10-17 08:09:04,pm10,1.4
2019-10-17 08:10:04,pm2.5,0.7
2019-10-17 08:10:04,pm10,0.9
2019-10-17 08:11:04,pm2.5,0.9
2019-10-17 08:11:04,pm10,1.2
2019-10-17 08:12:04,pm2.5,0.8
2019-10-17 08:12:04,pm10,1.1
2019-10-17 08:13:04,pm2.5,0.7
2019-10-17 08:13:04,pm10,0.9
2019-10-17 08:14:03,pm2.5,0.7
2019-10-17 08:14:04,pm10,0.9
2019-10-17 08:15:03,pm2.5,0.7
2019-10-17 08:15:03,pm10,0.9
2019-10-17 08:16:03,pm2.5,0.7
2019-10-17 08:16:03,pm10,1.0
2019-10-17 08:17:03,pm2.5,0.7
2019-10-17 08:17:04,pm10,0.8
2019-10-17 08:18:03,pm2.5,0.9
2019-10-17 08:18:04,pm10,1.2
2019-10-17 08:19:04,pm2.5,0.7
2019-10-17 08:19:04,pm10,0.9
2019-10-17 08:20:04,pm2.5,0.7
2019-10-17 08:20:04,pm10,1.0
2019-10-17 08:21:04,pm2.5,0.6
2019-10-17 08:21:04,pm10,0.8
2019-10-17 08:22:04,pm2.5,0.6
2019-10-17 08:22:04,pm10,0.8
2019-10-17 08:23:04,pm2.5,0.7
2019-10-17 08:23:04,pm10,1.0
2019-10-17 08:24:04,pm2.5,0.6
2019-10-17 08:24:04,pm10,0.8
2019-10-17 08:26:03,pm2.5,0.7
2019-10-17 08:26:03,pm10,1.0
2019-10-17 08:27:03,pm2.5,0.5
2019-10-17 08:27:03,pm10,1.0
2019-10-17 08:28:03,pm2.5,0.6
2019-10-17 08:28:04,pm10,0.9
2019-10-17 08:29:03,pm2.5,0.7
2019-10-17 08:29:04,pm10,1.0
2019-10-17 08:30:04,pm2.5,0.6
2019-10-17 08:30:04,pm10,0.9
2019-10-17 08:31:04,pm2.5,0.7
2019-10-17 08:31:04,pm10,0.9
2019-10-17 08:32:04,pm2.5,0.6
2019-10-17 08:32:04,pm10,0.9
2019-10-17 08:33:04,pm2.5,0.6
2019-10-17 08:33:04,pm10,0.9
2019-10-17 08:34:04,pm2.5,0.4
2019-10-17 08:34:04,pm10,0.7
2019-10-17 08:35:04,pm2.5,0.5
2019-10-17 08:35:04,pm10,0.7
2019-10-17 08:36:04,pm2.5,0.5
2019-10-17 08:36:04,pm10,0.8
2019-10-17 08:37:03,pm2.5,0.5
2019-10-17 08:37:03,pm10,0.7
2019-10-17 08:38:03,pm2.5,0.5
2019-10-17 08:38:04,pm10,0.7
2019-10-17 08:39:03,pm2.5,0.5
2019-10-17 08:39:03,pm10,0.6
2019-10-17 08:40:03,pm2.5,0.5
2019-10-17 08:40:03,pm10,1.0
2019-10-17 08:41:03,pm2.5,0.6
2019-10-17 08:41:04,pm10,0.8
2019-10-17 08:42:03,pm2.5,0.6
2019-10-17 08:42:03,pm10,0.8
2019-10-17 08:43:04,pm2.5,0.6
2019-10-17 08:43:04,pm10,1.1
2019-10-17 08:44:04,pm2.5,0.5
2019-10-17 08:44:04,pm10,0.7
2019-10-17 08:45:04,pm2.5,0.5
2019-10-17 08:45:04,pm10,0.6
2019-10-17 08:46:04,pm2.5,0.4
2019-10-17 08:46:04,pm10,0.6
2019-10-17 08:47:04,pm2.5,0.5
2019-10-17 08:47:04,pm10,0.6
2019-10-17 08:48:04,pm2.5,0.4
2019-10-17 08:48:04,pm10,0.7
2019-10-17 08:49:04,pm2.5,0.4
2019-10-17 08:49:04,pm10,0.8
2019-10-17 08:50:03,pm2.5,0.4
2019-10-17 08:50:03,pm10,0.5
2019-10-17 08:51:03,pm2.5,0.4
2019-10-17 08:51:04,pm10,0.5
2019-10-17 08:52:03,pm2.5,0.4
2019-10-17 08:52:04,pm10,0.6
2019-10-17 08:53:04,pm2.5,0.4
2019-10-17 08:53:04,pm10,0.6
2019-10-17 08:54:04,pm2.5,0.3
2019-10-17 08:54:04,pm10,0.5
2019-10-17 08:55:04,pm2.5,0.3
2019-10-17 08:55:04,pm10,0.5
2019-10-17 08:56:04,pm2.5,0.3
2019-10-17 08:56:04,pm10,0.4
2019-10-17 08:57:04,pm2.5,0.4
2019-10-17 08:57:04,pm10,0.6
2019-10-17 08:58:04,pm2.5,0.3
2019-10-17 08:58:04,pm10,0.5
2019-10-17 08:59:04,pm2.5,0.4
2019-10-17 08:59:04,pm10,0.6
2019-10-17 09:00:04,pm2.5,0.4
2019-10-17 09:00:04,pm10,0.6
2019-10-17 09:01:04,pm2.5,0.3
2019-10-17 09:01:04,pm10,0.4
2019-10-17 09:02:03,pm2.5,0.3
2019-10-17 09:02:03,pm10,0.4
2019-10-17 09:03:03,pm2.5,0.5
2019-10-17 09:03:03,pm10,0.8
2019-10-17 09:04:03,pm2.5,0.3
2019-10-17 09:04:04,pm10,0.4
2019-10-17 09:05:04,pm2.5,0.3
2019-10-17 09:05:04,pm10,0.4
2019-10-17 09:06:03,pm2.5,0.3
2019-10-17 09:06:04,pm10,0.5
2019-10-17 09:07:04,pm2.5,0.3
2019-10-17 09:07:04,pm10,0.4
2019-10-17 09:08:04,pm2.5,0.4
2019-10-17 09:08:04,pm10,0.5
2019-10-17 09:09:04,pm2.5,0.2
2019-10-17 09:09:04,pm10,0.3
2019-10-17 09:10:04,pm2.5,0.3
2019-10-17 09:10:04,pm10,0.4
2019-10-17 09:11:04,pm2.5,0.3
2019-10-17 09:11:04,pm10,0.3
2019-10-17 09:12:04,pm2.5,0.3
2019-10-17 09:12:04,pm10,0.7
2019-10-17 09:13:04,pm2.5,0.4
2019-10-17 09:13:04,pm10,0.6
2019-10-17 09:14:03,pm2.5,0.3
2019-10-17 09:14:04,pm10,0.5
2019-10-17 09:15:03,pm2.5,0.3
2019-10-17 09:15:04,pm10,0.4
2019-10-17 09:16:03,pm2.5,0.3
2019-10-17 09:16:04,pm10,0.7
2019-10-17 09:17:04,pm2.5,0.2
2019-10-17 09:17:04,pm10,0.3
2019-10-17 09:18:04,pm2.5,0.3
2019-10-17 09:18:04,pm10,0.7
2019-10-17 09:19:04,pm2.5,0.3
2019-10-17 09:19:04,pm10,0.4
2019-10-17 09:20:04,pm2.5,0.3
2019-10-17 09:20:04,pm10,0.4
2019-10-17 09:21:04,pm2.5,0.3
2019-10-17 09:21:04,pm10,0.6
2019-10-17 09:22:04,pm2.5,0.2
2019-10-17 09:22:04,pm10,0.3
2019-10-17 09:23:04,pm2.5,0.2
2019-10-17 09:23:04,pm10,0.3
2019-10-17 09:24:04,pm2.5,0.3
2019-10-17 09:24:04,pm10,0.7
2019-10-17 09:25:04,pm2.5,0.2
2019-10-17 09:25:04,pm10,0.7
2019-10-17 09:26:03,pm2.5,0.3
2019-10-17 09:26:03,pm10,0.4
2019-10-17 09:27:03,pm2.5,0.3
2019-10-17 09:27:04,pm10,0.4
2019-10-17 09:28:03,pm2.5,0.3
2019-10-17 09:28:04,pm10,0.4
2019-10-17 09:29:03,pm2.5,0.2
2019-10-17 09:29:04,pm10,0.2
2019-10-17 09:30:04,pm2.5,0.2
2019-10-17 09:30:04,pm10,0.3
2019-10-17 09:31:04,pm2.5,0.2
2019-10-17 09:31:04,pm10,0.3
2019-10-17 09:32:04,pm2.5,0.2
2019-10-17 09:32:04,pm10,0.4
2019-10-17 09:33:04,pm2.5,0.2
2019-10-17 09:33:04,pm10,0.4
2019-10-17 09:34:04,pm2.5,0.2
2019-10-17 09:34:04,pm10,0.5
2019-10-17 09:35:04,pm2.5,0.2
2019-10-17 09:35:04,pm10,0.3
2019-10-17 09:36:04,pm2.5,0.2
2019-10-17 09:36:04,pm10,0.2
2019-10-17 09:37:04,pm2.5,0.2
2019-10-17 09:37:04,pm10,0.2
2019-10-17 09:38:03,pm2.5,0.1
2019-10-17 09:38:03,pm10,0.1
2019-10-17 09:39:03,pm2.5,0.2
2019-10-17 09:39:03,pm10,0.3
2019-10-17 09:40:03,pm2.5,0.2
2019-10-17 09:40:04,pm10,0.2
2019-10-17 09:41:04,pm2.5,0.2
2019-10-17 09:41:04,pm10,0.2
2019-10-17 09:42:04,pm2.5,0.2
2019-10-17 09:42:04,pm10,0.4
2019-10-17 09:43:04,pm2.5,0.1
2019-10-17 09:43:04,pm10,0.1
2019-10-17 09:44:04,pm2.5,0.2
2019-10-17 09:44:04,pm10,0.3
2019-10-17 09:45:04,pm2.5,0.2
2019-10-17 09:45:04,pm10,0.2
2019-10-17 09:46:04,pm2.5,0.2
2019-10-17 09:46:04,pm10,0.2
2019-10-17 09:47:04,pm2.5,0.2
2019-10-17 09:47:04,pm10,0.3
2019-10-17 09:48:04,pm2.5,0.1
2019-10-17 09:48:04,pm10,0.2
2019-10-17 09:49:03,pm2.5,0.1
2019-10-17 09:49:03,pm10,0.1
2019-10-17 09:50:03,pm2.5,0.2
2019-10-17 09:50:03,pm10,0.3
2019-10-17 09:51:03,pm2.5,0.2
2019-10-17 09:51:04,pm10,0.3
2019-10-17 09:52:03,pm2.5,0.2
2019-10-17 09:52:04,pm10,0.4
2019-10-17 09:53:03,pm2.5,0.1
2019-10-17 09:53:04,pm10,0.2
2019-10-17 09:54:04,pm2.5,0.2
2019-10-17 09:54:04,pm10,0.3
2019-10-17 09:55:04,pm2.5,0.2
2019-10-17 09:55:04,pm10,0.2
2019-10-17 09:56:04,pm2.5,0.2
2019-10-17 09:56:04,pm10,0.2
2019-10-17 09:57:04,pm2.5,0.2
2019-10-17 09:57:04,pm10,0.4
2019-10-17 09:58:04,pm2.5,0.1
2019-10-17 09:58:04,pm10,0.2
2019-10-17 09:59:04,pm2.5,0.2
2019-10-17 09:59:04,pm10,0.2
2019-10-17 10:01:03,pm2.5,0.2
2019-10-17 10:01:03,pm10,0.2
2019-10-17 10:02:03,pm2.5,0.2
2019-10-17 10:02:04,pm10,0.2
2019-10-17 10:03:03,pm2.5,0.2
2019-10-17 10:03:04,pm10,0.2
2019-10-17 10:04:03,pm2.5,0.2
2019-10-17 10:04:04,pm10,0.2
2019-10-17 10:05:03,pm2.5,0.1
2019-10-17 10:05:04,pm10,0.2
2019-10-17 10:06:04,pm2.5,0.1
2019-10-17 10:06:04,pm10,0.2
2019-10-17 10:07:04,pm2.5,0.1
2019-10-17 10:07:04,pm10,0.2
2019-10-17 10:08:04,pm2.5,0.1
2019-10-17 10:08:04,pm10,0.1
2019-10-17 10:09:04,pm2.5,0.1
2019-10-17 10:09:04,pm10,0.1
2019-10-17 10:10:04,pm2.5,0.1
2019-10-17 10:10:04,pm10,0.1
2019-10-17 10:11:04,pm2.5,0.2
2019-10-17 10:11:04,pm10,0.3
2019-10-17 10:12:03,pm2.5,0.1
2019-10-17 10:12:03,pm10,0.2
2019-10-17 10:13:03,pm2.5,0.2
2019-10-17 10:13:04,pm10,0.3
2019-10-17 10:14:03,pm2.5,0.2
2019-10-17 10:14:04,pm10,0.3
2019-10-17 10:15:03,pm2.5,0.2
2019-10-17 10:15:04,pm10,0.2
2019-10-17 10:16:03,pm2.5,0.1
2019-10-17 10:16:04,pm10,0.1
2019-10-17 10:17:04,pm2.5,0.1
2019-10-17 10:17:04,pm10,0.1
2019-10-17 10:18:04,pm2.5,0.1
2019-10-17 10:18:04,pm10,0.1
2019-10-17 10:19:04,pm2.5,0.1
2019-10-17 10:19:04,pm10,0.2
2019-10-17 10:20:04,pm2.5,0.1
2019-10-17 10:20:04,pm10,0.1
2019-10-17 10:21:04,pm2.5,0.1
2019-10-17 10:21:04,pm10,0.1
2019-10-17 10:22:04,pm2.5,0.1
2019-10-17 10:22:04,pm10,0.2
2019-10-17 10:23:04,pm2.5,0.1
2019-10-17 10:23:04,pm10,0.2
2019-10-17 10:24:03,pm2.5,0.2
2019-10-17 10:24:03,pm10,0.3
2019-10-17 10:25:03,pm2.5,0.1
2019-10-17 10:25:03,pm10,0.1
2019-10-17 10:26:03,pm2.5,0.1
2019-10-17 10:26:04,pm10,0.1
2019-10-17 10:27:03,pm2.5,0.1
2019-10-17 10:27:04,pm10,0.1
2019-10-17 10:28:03,pm2.5,0.0
2019-10-17 10:28:04,pm10,0.0
2019-10-17 10:29:04,pm2.5,0.1
2019-10-17 10:29:04,pm10,0.2
2019-10-17 10:30:04,pm2.5,0.1
2019-10-17 10:30:04,pm10,0.1
2019-10-17 10:31:04,pm2.5,0.1
2019-10-17 10:31:04,pm10,0.1
2019-10-17 10:32:04,pm2.5,0.1
2019-10-17 10:32:04,pm10,0.2
2019-10-17 10:33:04,pm2.5,0.1
2019-10-17 10:33:04,pm10,0.2
2019-10-17 10:34:04,pm2.5,0.1
2019-10-17 10:34:04,pm10,0.1
2019-10-17 10:35:03,pm2.5,0.1
2019-10-17 10:35:03,pm10,0.2
2019-10-17 10:36:03,pm2.5,0.1
2019-10-17 10:36:03,pm10,0.2
2019-10-17 10:37:03,pm2.5,0.1
2019-10-17 10:37:04,pm10,0.1
2019-10-17 10:38:03,pm2.5,0.1
2019-10-17 10:38:04,pm10,0.2
2019-10-17 10:39:03,pm2.5,0.1
2019-10-17 10:39:04,pm10,0.1
2019-10-17 10:40:04,pm2.5,0.1
2019-10-17 10:40:04,pm10,0.1
2019-10-17 10:41:04,pm2.5,0.1
2019-10-17 10:41:04,pm10,0.3
2019-10-17 10:42:04,pm2.5,0.2
2019-10-17 10:42:04,pm10,0.2
2019-10-17 10:43:04,pm2.5,0.2
2019-10-17 10:43:04,pm10,0.2
2019-10-17 10:44:04,pm2.5,0.1
2019-10-17 10:44:05,pm10,0.1
2019-10-17 10:45:04,pm2.5,0.1
2019-10-17 10:45:04,pm10,0.1
2019-10-17 10:46:03,pm2.5,0.1
2019-10-17 10:46:03,pm10,0.1
2019-10-17 10:47:03,pm2.5,0.1
2019-10-17 10:47:03,pm10,0.1
2019-10-17 10:48:03,pm2.5,0.1
2019-10-17 10:48:04,pm10,0.2
2019-10-17 10:49:03,pm2.5,0.1
2019-10-17 10:49:04,pm10,0.2
2019-10-17 10:50:03,pm2.5,0.2
2019-10-17 10:50:04,pm10,0.3
2019-10-17 10:51:03,pm2.5,0.1
2019-10-17 10:51:04,pm10,0.1
2019-10-17 10:52:04,pm2.5,0.1
2019-10-17 10:52:04,pm10,0.1
2019-10-17 10:53:04,pm2.5,0.0
2019-10-17 10:53:04,pm10,0.0
2019-10-17 10:54:04,pm2.5,0.1
2019-10-17 10:54:04,pm10,0.1
2019-10-17 10:55:04,pm2.5,0.1
2019-10-17 10:55:04,pm10,0.1
2019-10-17 10:56:04,pm2.5,0.1
2019-10-17 10:56:04,pm10,0.1
2019-10-17 10:57:06,pm2.5,0.1
2019-10-17 10:57:07,pm10,0.1
2019-10-17 10:58:04,pm2.5,0.1
2019-10-17 10:58:04,pm10,0.1
2019-10-17 10:59:03,pm2.5,0.0
2019-10-17 10:59:03,pm10,0.0
2019-10-17 11:00:03,pm2.5,0.1
2019-10-17 11:00:03,pm10,0.1
2019-10-17 11:01:03,pm2.5,0.1
2019-10-17 11:01:03,pm10,0.1
2019-10-17 11:02:03,pm2.5,0.0
2019-10-17 11:02:04,pm10,0.1
2019-10-17 11:03:04,pm2.5,0.1
2019-10-17 11:03:04,pm10,0.1
2019-10-17 11:04:04,pm2.5,0.0
2019-10-17 11:04:04,pm10,0.0
2019-10-17 11:05:04,pm2.5,0.1
2019-10-17 11:05:04,pm10,0.1
2019-10-17 11:06:04,pm2.5,0.1
2019-10-17 11:06:04,pm10,0.1
2019-10-17 11:07:04,pm2.5,0.1
2019-10-17 11:07:04,pm10,0.1
2019-10-17 11:08:04,pm2.5,0.0
2019-10-17 11:08:04,pm10,0.0
2019-10-17 11:09:04,pm2.5,0.1
2019-10-17 11:09:04,pm10,0.3
2019-10-17 11:10:03,pm2.5,0.1
2019-10-17 11:10:03,pm10,0.1
2019-10-17 11:11:03,pm2.5,0.1
2019-10-17 11:11:04,pm10,0.1
2019-10-17 11:12:03,pm2.5,0.1
2019-10-17 11:12:04,pm10,0.1
2019-10-17 11:13:03,pm2.5,0.1
2019-10-17 11:13:04,pm10,0.2
2019-10-17 11:14:03,pm2.5,0.2
2019-10-17 11:14:04,pm10,0.4
2019-10-17 11:15:04,pm2.5,0.1
2019-10-17 11:15:04,pm10,0.1
2019-10-17 11:16:04,pm2.5,0.1
2019-10-17 11:16:04,pm10,0.1
2019-10-17 11:17:04,pm2.5,0.1
2019-10-17 11:17:04,pm10,0.2
2019-10-17 11:18:04,pm2.5,0.1
2019-10-17 11:18:04,pm10,1.5
2019-10-17 11:19:04,pm2.5,0.1
2019-10-17 11:19:04,pm10,0.3
2019-10-17 11:20:04,pm2.5,0.1
2019-10-17 11:20:04,pm10,0.1
2019-10-17 11:21:04,pm2.5,0.1
2019-10-17 11:21:04,pm10,0.1
2019-10-17 11:22:03,pm2.5,0.0
2019-10-17 11:22:03,pm10,0.0
2019-10-17 11:23:03,pm2.5,0.0
2019-10-17 11:23:03,pm10,0.1
2019-10-17 11:24:03,pm2.5,0.1
2019-10-17 11:24:04,pm10,0.1
2019-10-17 11:25:03,pm2.5,0.1
2019-10-17 11:25:04,pm10,0.2
2019-10-17 11:26:03,pm2.5,0.1
2019-10-17 11:26:04,pm10,0.1
2019-10-17 11:27:04,pm2.5,0.1
2019-10-17 11:27:04,pm10,0.1
2019-10-17 11:28:04,pm2.5,0.1
2019-10-17 11:28:04,pm10,0.1
2019-10-17 11:29:04,pm2.5,0.1
2019-10-17 11:29:04,pm10,0.1
2019-10-17 11:30:04,pm2.5,0.1
2019-10-17 11:30:04,pm10,0.1
2019-10-17 11:31:04,pm2.5,0.1
2019-10-17 11:31:04,pm10,0.1
2019-10-17 11:32:04,pm2.5,0.1
2019-10-17 11:32:04,pm10,0.1
2019-10-17 11:33:04,pm2.5,0.1
2019-10-17 11:33:04,pm10,0.4
2019-10-17 11:34:03,pm2.5,0.1
2019-10-17 11:34:03,pm10,0.1
2019-10-17 11:35:03,pm2.5,0.1
2019-10-17 11:35:03,pm10,0.1
2019-10-17 11:36:03,pm2.5,0.0
2019-10-17 11:36:03,pm10,0.1
2019-10-17 11:37:03,pm2.5,0.1
2019-10-17 11:37:04,pm10,0.1
2019-10-17 11:38:04,pm2.5,0.0
2019-10-17 11:38:04,pm10,0.0
2019-10-17 11:39:04,pm2.5,0.1
2019-10-17 11:39:04,pm10,0.1
2019-10-17 11:40:04,pm2.5,0.1
2019-10-17 11:40:04,pm10,0.1
2019-10-17 11:41:04,pm2.5,0.1
2019-10-17 11:41:04,pm10,0.1
2019-10-17 11:42:04,pm2.5,0.1
2019-10-17 11:42:04,pm10,0.2
2019-10-17 11:43:04,pm2.5,0.1
2019-10-17 11:43:04,pm10,0.2
2019-10-17 11:44:04,pm2.5,0.1
2019-10-17 11:44:04,pm10,0.2
2019-10-17 11:45:03,pm2.5,0.1
2019-10-17 11:45:03,pm10,0.2
2019-10-17 11:46:03,pm2.5,0.1
2019-10-17 11:46:04,pm10,0.1
2019-10-17 11:47:03,pm2.5,0.2
2019-10-17 11:47:04,pm10,0.3
2019-10-17 11:48:03,pm2.5,0.1
2019-10-17 11:48:04,pm10,0.1
2019-10-17 11:49:04,pm2.5,0.0
2019-10-17 11:49:04,pm10,0.1
2019-10-17 11:50:04,pm2.5,0.1
2019-10-17 11:50:04,pm10,0.2
2019-10-17 11:51:04,pm2.5,0.1
2019-10-17 11:51:04,pm10,0.2
2019-10-17 11:52:04,pm2.5,0.1
2019-10-17 11:52:04,pm10,0.3
2019-10-17 11:53:04,pm2.5,0.1
2019-10-17 11:53:04,pm10,0.1
2019-10-17 11:54:04,pm2.5,0.1
2019-10-17 11:54:04,pm10,0.1
2019-10-17 11:55:04,pm2.5,0.1
2019-10-17 11:55:04,pm10,0.1
2019-10-17 11:56:03,pm2.5,0.1
2019-10-17 11:56:03,pm10,0.1
2019-10-17 11:57:03,pm2.5,0.0
2019-10-17 11:57:03,pm10,0.0
2019-10-17 11:58:04,pm2.5,0.1
2019-10-17 11:58:04,pm10,0.1
2019-10-17 11:59:03,pm2.5,0.1
2019-10-17 11:59:03,pm10,0.2
2019-10-17 12:00:03,pm2.5,0.1
2019-10-17 12:00:04,pm10,0.1
2019-10-17 12:01:04,pm2.5,0.1
2019-10-17 12:01:04,pm10,0.1
2019-10-17 12:02:04,pm2.5,0.1
2019-10-17 12:02:04,pm10,0.1
2019-10-17 12:03:04,pm2.5,0.1
2019-10-17 12:03:04,pm10,0.2
2019-10-17 12:04:04,pm2.5,0.1
2019-10-17 12:04:04,pm10,0.1
2019-10-17 12:05:04,pm2.5,0.1
2019-10-17 12:05:04,pm10,0.2
2019-10-17 12:06:04,pm2.5,0.1
2019-10-17 12:06:04,pm10,0.2
2019-10-17 12:07:03,pm2.5,0.1
2019-10-17 12:07:03,pm10,0.2
2019-10-17 12:08:03,pm2.5,0.1
2019-10-17 12:08:03,pm10,0.1
2019-10-17 12:09:03,pm2.5,0.1
2019-10-17 12:09:04,pm10,0.1
2019-10-17 12:10:03,pm2.5,0.1
2019-10-17 12:10:04,pm10,0.1
2019-10-17 12:11:04,pm2.5,0.1
2019-10-17 12:11:04,pm10,0.1
2019-10-17 12:12:04,pm2.5,0.1
2019-10-17 12:12:04,pm10,0.2
2019-10-17 12:13:04,pm2.5,0.0
2019-10-17 12:13:04,pm10,0.1
2019-10-17 12:14:04,pm2.5,0.1
2019-10-17 12:14:04,pm10,0.1
2019-10-17 12:15:04,pm2.5,0.1
2019-10-17 12:15:04,pm10,0.2
2019-10-17 12:16:04,pm2.5,0.1
2019-10-17 12:16:04,pm10,0.1
2019-10-17 12:17:04,pm2.5,0.2
2019-10-17 12:17:04,pm10,0.2
2019-10-17 12:18:04,pm2.5,0.1
2019-10-17 12:18:04,pm10,0.1
2019-10-17 12:19:03,pm2.5,0.1
2019-10-17 12:19:03,pm10,0.3
2019-10-17 12:20:03,pm2.5,0.1
2019-10-17 12:20:04,pm10,0.1
2019-10-17 12:21:03,pm2.5,0.1
2019-10-17 12:21:04,pm10,0.1
2019-10-17 12:22:03,pm2.5,0.1
2019-10-17 12:22:04,pm10,0.1
2019-10-17 12:23:04,pm2.5,0.1
2019-10-17 12:23:04,pm10,0.2
2019-10-17 12:24:04,pm2.5,0.1
2019-10-17 12:24:04,pm10,0.1
2019-10-17 12:25:04,pm2.5,0.1
2019-10-17 12:25:04,pm10,0.2
2019-10-17 12:26:04,pm2.5,0.1
2019-10-17 12:26:04,pm10,0.1
2019-10-17 12:27:04,pm2.5,0.1
2019-10-17 12:27:04,pm10,0.2
2019-10-17 12:28:04,pm2.5,0.1
2019-10-17 12:28:04,pm10,0.1
2019-10-17 12:29:04,pm2.5,0.1
2019-10-17 12:29:04,pm10,0.1
2019-10-17 12:30:03,pm2.5,0.1
2019-10-17 12:30:03,pm10,0.1
2019-10-17 12:31:03,pm2.5,0.1
2019-10-17 12:31:03,pm10,0.2
2019-10-17 12:32:03,pm2.5,0.1
2019-10-17 12:32:03,pm10,0.1
2019-10-17 12:33:03,pm2.5,0.2
2019-10-17 12:33:04,pm10,0.2
2019-10-17 12:34:04,pm2.5,0.2
2019-10-17 12:34:04,pm10,0.3
2019-10-17 12:35:04,pm2.5,0.1
2019-10-17 12:35:04,pm10,0.1
2019-10-17 12:36:04,pm2.5,0.1
2019-10-17 12:36:04,pm10,0.1
2019-10-17 12:37:04,pm2.5,0.1
2019-10-17 12:37:04,pm10,0.2
2019-10-17 12:38:04,pm2.5,0.1
2019-10-17 12:38:04,pm10,0.1
2019-10-17 12:39:04,pm2.5,0.1
2019-10-17 12:39:04,pm10,0.1
2019-10-17 12:40:04,pm2.5,0.1
2019-10-17 12:40:04,pm10,0.1
2019-10-17 12:41:04,pm2.5,0.1
2019-10-17 12:41:04,pm10,0.1
2019-10-17 12:42:03,pm2.5,0.1
2019-10-17 12:42:03,pm10,0.1
2019-10-17 12:43:03,pm2.5,0.2
2019-10-17 12:43:04,pm10,0.3
2019-10-17 12:44:03,pm2.5,0.1
2019-10-17 12:44:04,pm10,0.2
2019-10-17 12:45:03,pm2.5,0.1
2019-10-17 12:45:04,pm10,0.2
2019-10-17 12:46:04,pm2.5,0.1
2019-10-17 12:46:04,pm10,0.1
2019-10-17 12:47:04,pm2.5,0.1
2019-10-17 12:47:04,pm10,0.1
2019-10-17 12:48:04,pm2.5,0.2
2019-10-17 12:48:04,pm10,0.3
2019-10-17 12:49:04,pm2.5,0.3
2019-10-17 12:49:04,pm10,0.4
2019-10-17 12:50:04,pm2.5,0.3
2019-10-17 12:50:04,pm10,0.4
2019-10-17 12:51:04,pm2.5,0.2
2019-10-17 12:51:04,pm10,0.2
2019-10-17 12:52:04,pm2.5,0.2
2019-10-17 12:52:04,pm10,0.2
2019-10-17 12:53:03,pm2.5,0.2
2019-10-17 12:53:03,pm10,0.3
2019-10-17 12:54:03,pm2.5,0.2
2019-10-17 12:54:03,pm10,0.2
2019-10-17 12:55:03,pm2.5,0.2
2019-10-17 12:55:03,pm10,0.2
2019-10-17 12:56:03,pm2.5,0.2
2019-10-17 12:56:03,pm10,0.3
2019-10-17 12:57:03,pm2.5,0.2
2019-10-17 12:57:04,pm10,0.2
2019-10-17 12:58:04,pm2.5,0.2
2019-10-17 12:58:05,pm10,0.2
2019-10-17 12:59:04,pm2.5,0.3
2019-10-17 12:59:04,pm10,0.3
2019-10-17 13:00:04,pm2.5,0.2
2019-10-17 13:00:04,pm10,0.4
2019-10-17 13:01:04,pm2.5,0.3
2019-10-17 13:01:04,pm10,0.3
2019-10-17 13:02:04,pm2.5,0.2
2019-10-17 13:02:04,pm10,0.2
2019-10-17 13:03:04,pm2.5,0.3
2019-10-17 13:03:04,pm10,0.3
2019-10-17 13:04:04,pm2.5,0.2
2019-10-17 13:04:04,pm10,0.2
2019-10-17 13:05:03,pm2.5,0.2
2019-10-17 13:05:03,pm10,0.4
2019-10-17 13:06:03,pm2.5,0.2
2019-10-17 13:06:03,pm10,0.3
2019-10-17 13:07:03,pm2.5,0.3
2019-10-17 13:07:03,pm10,0.3
2019-10-17 13:08:03,pm2.5,0.2
2019-10-17 13:08:03,pm10,0.2
2019-10-17 13:09:03,pm2.5,0.2
2019-10-17 13:09:04,pm10,0.2
2019-10-17 13:10:04,pm2.5,0.2
2019-10-17 13:10:04,pm10,0.2
2019-10-17 13:11:04,pm2.5,0.2
2019-10-17 13:11:04,pm10,0.3
2019-10-17 13:12:04,pm2.5,0.2
2019-10-17 13:12:04,pm10,0.2
2019-10-17 13:13:04,pm2.5,0.2
2019-10-17 13:13:04,pm10,0.4
2019-10-17 13:14:04,pm2.5,0.2
2019-10-17 13:14:04,pm10,0.2
2019-10-17 13:15:04,pm2.5,0.3
2019-10-17 13:15:04,pm10,0.3
2019-10-17 13:16:04,pm2.5,0.3
2019-10-17 13:16:04,pm10,0.3
2019-10-17 13:17:03,pm2.5,0.3
2019-10-17 13:17:03,pm10,0.3
2019-10-17 13:18:03,pm2.5,0.3
2019-10-17 13:18:04,pm10,0.3
2019-10-17 13:19:03,pm2.5,0.3
2019-10-17 13:19:04,pm10,0.3
2019-10-17 13:20:03,pm2.5,0.2
2019-10-17 13:20:04,pm10,0.2
2019-10-17 13:21:03,pm2.5,0.2
2019-10-17 13:21:04,pm10,0.2
2019-10-17 13:22:04,pm2.5,0.2
2019-10-17 13:22:04,pm10,0.2
2019-10-17 13:23:04,pm2.5,0.3
2019-10-17 13:23:04,pm10,0.3
2019-10-17 13:24:04,pm2.5,0.2
2019-10-17 13:24:04,pm10,0.2
2019-10-17 13:25:04,pm2.5,0.3
2019-10-17 13:25:04,pm10,0.4
2019-10-17 13:26:04,pm2.5,0.4
2019-10-17 13:26:04,pm10,0.5
2019-10-17 13:27:04,pm2.5,0.3
2019-10-17 13:27:04,pm10,0.3
2019-10-17 13:28:04,pm2.5,0.3
2019-10-17 13:28:04,pm10,0.3
2019-10-17 13:29:03,pm2.5,0.2
2019-10-17 13:29:03,pm10,0.3
2019-10-17 13:30:03,pm2.5,0.3
2019-10-17 13:30:04,pm10,0.3
2019-10-17 13:31:03,pm2.5,0.3
2019-10-17 13:31:04,pm10,0.4
2019-10-17 13:32:03,pm2.5,0.2
2019-10-17 13:32:04,pm10,0.2
2019-10-17 13:33:03,pm2.5,0.3
2019-10-17 13:33:04,pm10,0.5
2019-10-17 13:34:04,pm2.5,0.2
2019-10-17 13:34:04,pm10,0.2
2019-10-17 13:35:04,pm2.5,0.2
2019-10-17 13:35:04,pm10,0.2
2019-10-17 13:36:04,pm2.5,0.3
2019-10-17 13:36:04,pm10,0.3
2019-10-17 13:37:04,pm2.5,0.3
2019-10-17 13:37:04,pm10,0.3
2019-10-17 13:38:04,pm2.5,0.3
2019-10-17 13:38:04,pm10,0.3
2019-10-17 13:39:04,pm2.5,0.2
2019-10-17 13:39:04,pm10,0.2
2019-10-17 13:40:03,pm2.5,0.3
2019-10-17 13:40:03,pm10,0.3
2019-10-17 13:41:03,pm2.5,0.3
2019-10-17 13:41:03,pm10,0.3
2019-10-17 13:42:03,pm2.5,0.3
2019-10-17 13:42:03,pm10,0.4
2019-10-17 13:43:03,pm2.5,0.3
2019-10-17 13:43:04,pm10,0.3
2019-10-17 13:44:03,pm2.5,0.3
2019-10-17 13:44:04,pm10,0.5
2019-10-17 13:45:04,pm2.5,0.3
2019-10-17 13:45:04,pm10,0.4
2019-10-17 13:46:04,pm2.5,0.4
2019-10-17 13:46:04,pm10,0.5
2019-10-17 13:47:04,pm2.5,0.2
2019-10-17 13:47:04,pm10,0.2
2019-10-17 13:48:04,pm2.5,0.3
2019-10-17 13:48:04,pm10,0.3
2019-10-17 13:49:04,pm2.5,0.3
2019-10-17 13:49:04,pm10,0.3
2019-10-17 13:50:04,pm2.5,0.3
2019-10-17 13:50:04,pm10,0.3
2019-10-17 13:51:04,pm2.5,0.3
2019-10-17 13:51:04,pm10,0.4
2019-10-17 13:52:03,pm2.5,0.3
2019-10-17 13:52:03,pm10,0.4
2019-10-17 13:53:03,pm2.5,0.3
2019-10-17 13:53:03,pm10,0.3
2019-10-17 13:54:03,pm2.5,0.3
2019-10-17 13:54:04,pm10,0.6
2019-10-17 13:55:03,pm2.5,0.2
2019-10-17 13:55:03,pm10,0.2
2019-10-17 13:56:03,pm2.5,0.3
2019-10-17 13:56:04,pm10,0.3
2019-10-17 13:57:04,pm2.5,0.3
2019-10-17 13:57:04,pm10,0.4
2019-10-17 13:58:04,pm2.5,0.3
2019-10-17 13:58:04,pm10,0.3
2019-10-17 13:59:04,pm2.5,0.3
2019-10-17 13:59:04,pm10,0.3
2019-10-17 14:00:04,pm2.5,0.2
2019-10-17 14:00:04,pm10,0.3
2019-10-17 14:01:04,pm2.5,0.4
2019-10-17 14:01:04,pm10,0.6
2019-10-17 14:02:04,pm2.5,0.3
2019-10-17 14:02:04,pm10,0.4
2019-10-17 14:03:04,pm2.5,0.3
2019-10-17 14:03:04,pm10,0.3
2019-10-17 14:04:03,pm2.5,0.2
2019-10-17 14:04:03,pm10,0.3
2019-10-17 14:05:03,pm2.5,0.2
2019-10-17 14:05:03,pm10,0.2
2019-10-17 14:06:03,pm2.5,0.3
2019-10-17 14:06:04,pm10,0.5
2019-10-17 14:07:03,pm2.5,0.3
2019-10-17 14:07:03,pm10,0.3
2019-10-17 14:08:03,pm2.5,0.3
2019-10-17 14:08:04,pm10,0.4
2019-10-17 14:09:04,pm2.5,0.2
2019-10-17 14:09:04,pm10,0.2
2019-10-17 14:10:04,pm2.5,0.4
2019-10-17 14:10:04,pm10,0.4
2019-10-17 14:11:04,pm2.5,0.3
2019-10-17 14:11:04,pm10,0.3
2019-10-17 14:12:04,pm2.5,0.3
2019-10-17 14:12:04,pm10,0.5
2019-10-17 14:13:04,pm2.5,0.3
2019-10-17 14:13:04,pm10,0.4
2019-10-17 14:14:04,pm2.5,0.3
2019-10-17 14:14:04,pm10,0.4
2019-10-17 14:15:03,pm2.5,0.3
2019-10-17 14:15:03,pm10,0.3
2019-10-17 14:16:03,pm2.5,0.3
2019-10-17 14:16:03,pm10,0.4
2019-10-17 14:17:03,pm2.5,0.4
2019-10-17 14:17:04,pm10,0.5
2019-10-17 14:18:03,pm2.5,0.4
2019-10-17 14:18:03,pm10,0.4
2019-10-17 14:19:03,pm2.5,0.2
2019-10-17 14:19:04,pm10,0.2
2019-10-17 14:20:04,pm2.5,0.2
2019-10-17 14:20:04,pm10,0.3
2019-10-17 14:21:04,pm2.5,0.3
2019-10-17 14:21:04,pm10,0.3
2019-10-17 14:22:04,pm2.5,0.4
2019-10-17 14:22:04,pm10,0.4
2019-10-17 14:23:04,pm2.5,0.4
2019-10-17 14:23:04,pm10,0.5
2019-10-17 14:24:04,pm2.5,0.4
2019-10-17 14:24:04,pm10,0.5
2019-10-17 14:25:04,pm2.5,0.3
2019-10-17 14:25:04,pm10,0.4
2019-10-17 14:26:03,pm2.5,0.3
2019-10-17 14:26:03,pm10,0.4
2019-10-17 14:27:03,pm2.5,0.2
2019-10-17 14:27:04,pm10,0.3
2019-10-17 14:28:04,pm2.5,0.3
2019-10-17 14:28:04,pm10,0.4
2019-10-17 14:29:03,pm2.5,0.3
2019-10-17 14:29:04,pm10,0.3
2019-10-17 14:30:03,pm2.5,0.3
2019-10-17 14:30:04,pm10,0.5
2019-10-17 14:31:04,pm2.5,0.3
2019-10-17 14:31:04,pm10,0.3
2019-10-17 14:32:04,pm2.5,0.3
2019-10-17 14:32:04,pm10,0.3
2019-10-17 14:33:04,pm2.5,0.4
2019-10-17 14:33:04,pm10,0.5
2019-10-17 14:34:04,pm2.5,0.3
2019-10-17 14:34:04,pm10,0.6
2019-10-17 14:35:04,pm2.5,0.3
2019-10-17 14:35:05,pm10,0.4
2019-10-17 14:36:04,pm2.5,0.3
2019-10-17 14:36:04,pm10,0.4
2019-10-17 14:37:03,pm2.5,0.3
2019-10-17 14:37:03,pm10,0.3
2019-10-17 14:38:03,pm2.5,0.3
2019-10-17 14:38:03,pm10,0.3
2019-10-17 14:39:03,pm2.5,0.2
2019-10-17 14:39:03,pm10,0.2
2019-10-17 14:40:03,pm2.5,0.2
2019-10-17 14:40:04,pm10,0.2
2019-10-17 14:41:03,pm2.5,0.3
2019-10-17 14:41:04,pm10,0.4
2019-10-17 14:42:04,pm2.5,0.2
2019-10-17 14:42:04,pm10,0.2
2019-10-17 14:43:04,pm2.5,0.4
2019-10-17 14:43:04,pm10,0.4
2019-10-17 14:44:04,pm2.5,0.3
2019-10-17 14:44:04,pm10,0.4
2019-10-17 14:45:04,pm2.5,0.3
2019-10-17 14:45:04,pm10,0.3
2019-10-17 14:46:04,pm2.5,0.4
2019-10-17 14:46:04,pm10,0.7
2019-10-17 14:47:04,pm2.5,0.3
2019-10-17 14:47:04,pm10,0.3
2019-10-17 14:48:03,pm2.5,0.3
2019-10-17 14:48:03,pm10,0.6
2019-10-17 14:49:03,pm2.5,0.3
2019-10-17 14:49:04,pm10,0.3
2019-10-17 14:50:03,pm2.5,0.3
2019-10-17 14:50:03,pm10,0.3
2019-10-17 14:51:04,pm2.5,0.3
2019-10-17 14:51:04,pm10,0.3
2019-10-17 14:52:04,pm2.5,0.3
2019-10-17 14:52:04,pm10,0.3
2019-10-17 14:53:04,pm2.5,0.3
2019-10-17 14:53:04,pm10,0.3
2019-10-17 14:54:04,pm2.5,0.3
2019-10-17 14:54:04,pm10,0.3
2019-10-17 14:55:04,pm2.5,0.2
2019-10-17 14:55:04,pm10,0.2
2019-10-17 14:56:04,pm2.5,0.3
2019-10-17 14:56:04,pm10,0.4
2019-10-17 14:57:04,pm2.5,0.3
2019-10-17 14:57:04,pm10,0.3
2019-10-17 14:58:04,pm2.5,0.2
2019-10-17 14:58:04,pm10,0.2
2019-10-17 14:59:03,pm2.5,0.3
2019-10-17 14:59:05,pm10,0.6
2019-10-17 15:00:03,pm2.5,0.3
2019-10-17 15:00:03,pm10,0.4
2019-10-17 15:01:03,pm2.5,0.3
2019-10-17 15:01:04,pm10,0.4
2019-10-17 15:02:03,pm2.5,0.3
2019-10-17 15:02:04,pm10,0.3
2019-10-17 15:03:04,pm2.5,0.3
2019-10-17 15:03:04,pm10,0.3
2019-10-17 15:04:04,pm2.5,0.3
2019-10-17 15:04:04,pm10,0.3
2019-10-17 15:05:04,pm2.5,0.3
2019-10-17 15:05:04,pm10,0.3
2019-10-17 15:06:04,pm2.5,0.3
2019-10-17 15:06:04,pm10,0.4
2019-10-17 15:07:04,pm2.5,0.3
2019-10-17 15:07:04,pm10,0.4
2019-10-17 15:08:04,pm2.5,0.3
2019-10-17 15:08:04,pm10,0.5
2019-10-17 15:09:04,pm2.5,0.3
2019-10-17 15:09:04,pm10,0.3
2019-10-17 15:10:03,pm2.5,0.3
2019-10-17 15:10:04,pm10,0.3
2019-10-17 15:11:03,pm2.5,0.2
2019-10-17 15:11:03,pm10,0.6
2019-10-17 15:12:03,pm2.5,0.2
2019-10-17 15:12:04,pm10,0.2
2019-10-17 15:13:03,pm2.5,0.3
2019-10-17 15:13:04,pm10,0.4
2019-10-17 15:14:04,pm2.5,0.3
2019-10-17 15:14:04,pm10,0.6
2019-10-17 15:15:04,pm2.5,0.3
2019-10-17 15:15:04,pm10,0.4
2019-10-17 15:16:04,pm2.5,0.3
2019-10-17 15:16:04,pm10,0.3
2019-10-17 15:17:04,pm2.5,0.2
2019-10-17 15:17:04,pm10,0.2
2019-10-17 15:18:04,pm2.5,0.2
2019-10-17 15:18:04,pm10,0.3
2019-10-17 15:19:04,pm2.5,0.3
2019-10-17 15:19:04,pm10,0.3
2019-10-17 15:20:04,pm2.5,0.3
2019-10-17 15:20:04,pm10,0.3
2019-10-17 15:21:03,pm2.5,0.3
2019-10-17 15:21:03,pm10,0.3
2019-10-17 15:22:03,pm2.5,0.3
2019-10-17 15:22:03,pm10,0.3
2019-10-17 15:23:03,pm2.5,0.2
2019-10-17 15:23:03,pm10,0.2
2019-10-17 15:24:03,pm2.5,0.2
2019-10-17 15:24:04,pm10,0.2
2019-10-17 15:25:03,pm2.5,0.3
2019-10-17 15:25:04,pm10,0.5
2019-10-17 15:26:04,pm2.5,0.2
2019-10-17 15:26:04,pm10,0.2
2019-10-17 15:27:04,pm2.5,0.3
2019-10-17 15:27:04,pm10,0.3
2019-10-17 15:28:04,pm2.5,0.3
2019-10-17 15:28:04,pm10,0.3
2019-10-17 15:29:04,pm2.5,0.2
2019-10-17 15:29:04,pm10,0.2
2019-10-17 15:30:04,pm2.5,0.3
2019-10-17 15:30:04,pm10,0.3
2019-10-17 15:31:04,pm2.5,0.2
2019-10-17 15:31:04,pm10,0.2
2019-10-17 15:32:04,pm2.5,0.2
2019-10-17 15:32:04,pm10,0.6
2019-10-17 15:33:03,pm2.5,0.2
2019-10-17 15:33:03,pm10,0.2
2019-10-17 15:34:03,pm2.5,0.2
2019-10-17 15:34:03,pm10,0.2
2019-10-17 15:35:03,pm2.5,0.2
2019-10-17 15:35:04,pm10,0.2
2019-10-17 15:36:03,pm2.5,0.2
2019-10-17 15:36:04,pm10,0.3
2019-10-17 15:37:04,pm2.5,0.2
2019-10-17 15:37:04,pm10,0.2
2019-10-17 15:38:04,pm2.5,0.3
2019-10-17 15:38:04,pm10,0.3
2019-10-17 15:39:04,pm2.5,0.2
2019-10-17 15:39:04,pm10,0.4
2019-10-17 15:40:04,pm2.5,0.2
2019-10-17 15:40:04,pm10,0.3
2019-10-17 15:41:04,pm2.5,0.2
2019-10-17 15:41:04,pm10,0.2
2019-10-17 15:42:04,pm2.5,0.1
2019-10-17 15:42:04,pm10,0.1
2019-10-17 15:43:04,pm2.5,0.2
2019-10-17 15:43:04,pm10,0.2
2019-10-17 15:44:03,pm2.5,0.1
2019-10-17 15:44:03,pm10,0.1
2019-10-17 15:45:03,pm2.5,0.2
2019-10-17 15:45:04,pm10,0.2
2019-10-17 15:46:03,pm2.5,0.1
2019-10-17 15:46:03,pm10,0.2
2019-10-17 15:47:03,pm2.5,0.2
2019-10-17 15:47:04,pm10,0.2
2019-10-17 15:48:03,pm2.5,0.2
2019-10-17 15:48:04,pm10,0.3
2019-10-17 15:49:04,pm2.5,0.2
2019-10-17 15:49:04,pm10,0.2
2019-10-17 15:50:04,pm2.5,0.2
2019-10-17 15:50:04,pm10,0.2
2019-10-17 15:51:04,pm2.5,0.1
2019-10-17 15:51:04,pm10,0.1
2019-10-17 15:52:04,pm2.5,0.2
2019-10-17 15:52:04,pm10,0.2
2019-10-17 15:53:04,pm2.5,0.2
2019-10-17 15:53:04,pm10,0.6
2019-10-17 15:54:04,pm2.5,0.1
2019-10-17 15:54:04,pm10,0.1
2019-10-17 15:55:04,pm2.5,0.2
2019-10-17 15:55:04,pm10,0.2
2019-10-17 15:56:03,pm2.5,0.2
2019-10-17 15:56:03,pm10,0.2
2019-10-17 15:57:03,pm2.5,0.1
2019-10-17 15:57:03,pm10,0.2
2019-10-17 15:58:03,pm2.5,0.2
2019-10-17 15:58:03,pm10,0.3
2019-10-17 15:59:03,pm2.5,0.1
2019-10-17 15:59:03,pm10,0.1
2019-10-17 16:00:03,pm2.5,0.1
2019-10-17 16:00:04,pm10,0.1
2019-10-17 16:01:04,pm2.5,0.1
2019-10-17 16:01:04,pm10,0.2
2019-10-17 16:02:04,pm2.5,0.1
2019-10-17 16:02:04,pm10,0.1
2019-10-17 16:03:04,pm2.5,0.2
2019-10-17 16:03:04,pm10,0.3
2019-10-17 16:04:04,pm2.5,0.1
2019-10-17 16:04:04,pm10,0.1
2019-10-17 16:05:04,pm2.5,0.2
2019-10-17 16:05:04,pm10,0.2
2019-10-17 16:06:04,pm2.5,0.2
2019-10-17 16:06:04,pm10,0.3
2019-10-17 16:07:04,pm2.5,0.2
2019-10-17 16:07:04,pm10,0.2
2019-10-17 16:08:03,pm2.5,0.2
2019-10-17 16:08:03,pm10,0.2
2019-10-17 16:09:03,pm2.5,0.1
2019-10-17 16:09:04,pm10,0.2
2019-10-17 16:10:03,pm2.5,0.1
2019-10-17 16:10:04,pm10,0.1
2019-10-17 16:11:03,pm2.5,0.1
2019-10-17 16:11:04,pm10,0.1
2019-10-17 16:12:04,pm2.5,0.1
2019-10-17 16:12:04,pm10,0.1
2019-10-17 16:13:04,pm2.5,0.2
2019-10-17 16:13:04,pm10,0.2
2019-10-17 16:14:04,pm2.5,0.1
2019-10-17 16:14:04,pm10,0.1
2019-10-17 16:15:04,pm2.5,0.1
2019-10-17 16:15:04,pm10,0.1
2019-10-17 16:16:04,pm2.5,0.1
2019-10-17 16:16:04,pm10,0.1
2019-10-17 16:17:04,pm2.5,0.2
2019-10-17 16:17:04,pm10,0.2
2019-10-17 16:18:04,pm2.5,0.1
2019-10-17 16:18:04,pm10,0.1
2019-10-17 16:19:03,pm2.5,0.2
2019-10-17 16:19:03,pm10,0.4
2019-10-17 16:20:03,pm2.5,0.1
2019-10-17 16:20:03,pm10,0.1
2019-10-17 16:21:03,pm2.5,0.2
2019-10-17 16:21:03,pm10,0.3
2019-10-17 16:22:03,pm2.5,0.1
2019-10-17 16:22:03,pm10,0.1
2019-10-17 16:23:03,pm2.5,0.1
2019-10-17 16:23:04,pm10,0.2
2019-10-17 16:24:03,pm2.5,0.1
2019-10-17 16:24:04,pm10,0.1
2019-10-17 16:25:04,pm2.5,0.1
2019-10-17 16:25:04,pm10,0.1
2019-10-17 16:26:04,pm2.5,0.1
2019-10-17 16:26:04,pm10,0.1
2019-10-17 16:27:04,pm2.5,0.1
2019-10-17 16:27:04,pm10,0.1
2019-10-17 16:28:04,pm2.5,0.1
2019-10-17 16:28:04,pm10,0.1
2019-10-17 16:29:04,pm2.5,0.1
2019-10-17 16:29:04,pm10,0.1
2019-10-17 16:30:04,pm2.5,0.1
2019-10-17 16:30:04,pm10,0.1
2019-10-17 16:31:03,pm2.5,0.1
2019-10-17 16:31:03,pm10,0.1
2019-10-17 16:32:03,pm2.5,0.1
2019-10-17 16:32:03,pm10,0.1
2019-10-17 16:33:03,pm2.5,0.1
2019-10-17 16:33:04,pm10,0.3
2019-10-17 16:34:03,pm2.5,0.1
2019-10-17 16:34:04,pm10,0.1
2019-10-17 16:35:04,pm2.5,0.1
2019-10-17 16:35:04,pm10,0.1
2019-10-17 16:36:04,pm2.5,0.1
2019-10-17 16:36:04,pm10,0.2
2019-10-17 16:37:04,pm2.5,0.2
2019-10-17 16:37:04,pm10,0.2
2019-10-17 16:38:04,pm2.5,0.1
2019-10-17 16:38:04,pm10,0.1
2019-10-17 16:39:04,pm2.5,0.1
2019-10-17 16:39:04,pm10,0.2
2019-10-17 16:40:04,pm2.5,0.1
2019-10-17 16:40:04,pm10,0.1
2019-10-17 16:41:04,pm2.5,0.1
2019-10-17 16:41:04,pm10,0.1
2019-10-17 16:42:04,pm2.5,0.1
2019-10-17 16:42:04,pm10,0.1
2019-10-17 16:43:03,pm2.5,0.1
2019-10-17 16:43:03,pm10,0.1
2019-10-17 16:44:03,pm2.5,0.1
2019-10-17 16:44:03,pm10,0.1
2019-10-17 16:45:03,pm2.5,0.1
2019-10-17 16:45:04,pm10,0.1
2019-10-17 16:46:03,pm2.5,0.1
2019-10-17 16:46:04,pm10,0.1
2019-10-17 16:47:04,pm2.5,0.1
2019-10-17 16:47:04,pm10,0.2
2019-10-17 16:48:03,pm2.5,0.1
2019-10-17 16:48:03,pm10,0.2
2019-10-17 16:49:04,pm2.5,0.1
2019-10-17 16:49:04,pm10,0.1
2019-10-17 16:50:04,pm2.5,0.1
2019-10-17 16:50:04,pm10,0.2
2019-10-17 16:51:04,pm2.5,0.1
2019-10-17 16:51:04,pm10,0.2
2019-10-17 16:52:04,pm2.5,0.1
2019-10-17 16:52:04,pm10,0.1
2019-10-17 16:53:04,pm2.5,0.1
2019-10-17 16:53:04,pm10,0.2
2019-10-17 16:54:03,pm2.5,0.1
2019-10-17 16:54:03,pm10,0.2
2019-10-17 16:55:03,pm2.5,0.1
2019-10-17 16:55:03,pm10,0.2
2019-10-17 16:56:03,pm2.5,0.1
2019-10-17 16:56:03,pm10,0.1
2019-10-17 16:57:03,pm2.5,0.1
2019-10-17 16:57:04,pm10,0.1
2019-10-17 16:58:03,pm2.5,0.1
2019-10-17 16:58:04,pm10,0.1
2019-10-17 16:59:04,pm2.5,0.2
2019-10-17 16:59:04,pm10,0.3
2019-10-17 17:00:05,pm2.5,0.1
2019-10-17 17:00:06,pm10,0.3
2019-10-17 17:01:04,pm2.5,0.1
2019-10-17 17:01:04,pm10,0.1
2019-10-17 17:02:04,pm2.5,0.1
2019-10-17 17:02:04,pm10,0.1
2019-10-17 17:03:04,pm2.5,0.1
2019-10-17 17:03:04,pm10,0.1
2019-10-17 17:04:04,pm2.5,0.1
2019-10-17 17:04:04,pm10,0.2
2019-10-17 17:05:03,pm2.5,0.1
2019-10-17 17:05:04,pm10,0.3
2019-10-17 17:06:03,pm2.5,0.1
2019-10-17 17:06:03,pm10,0.1
2019-10-17 17:07:03,pm2.5,0.1
2019-10-17 17:07:03,pm10,0.1
2019-10-17 17:08:03,pm2.5,0.2
2019-10-17 17:08:04,pm10,0.2
2019-10-17 17:09:04,pm2.5,0.0
2019-10-17 17:09:04,pm10,0.1
2019-10-17 17:10:04,pm2.5,0.1
2019-10-17 17:10:04,pm10,0.2
2019-10-17 17:11:04,pm2.5,0.1
2019-10-17 17:11:04,pm10,0.1
2019-10-17 17:12:04,pm2.5,0.1
2019-10-17 17:12:04,pm10,0.1
2019-10-17 17:13:04,pm2.5,0.1
2019-10-17 17:13:04,pm10,0.1
2019-10-17 17:14:04,pm2.5,0.1
2019-10-17 17:14:04,pm10,0.2
2019-10-17 17:15:04,pm2.5,0.1
2019-10-17 17:15:04,pm10,0.1
2019-10-17 17:16:04,pm2.5,0.0
2019-10-17 17:16:05,pm10,0.0
2019-10-17 17:17:03,pm2.5,0.1
2019-10-17 17:17:04,pm10,0.2
2019-10-17 17:18:03,pm2.5,0.2
2019-10-17 17:18:03,pm10,0.3
2019-10-17 17:19:03,pm2.5,0.1
2019-10-17 17:19:03,pm10,0.2
2019-10-17 17:20:03,pm2.5,0.1
2019-10-17 17:20:04,pm10,0.1
2019-10-17 17:21:03,pm2.5,0.1
2019-10-17 17:21:04,pm10,0.2
2019-10-17 17:22:04,pm2.5,0.1
2019-10-17 17:22:04,pm10,0.2
2019-10-17 17:23:04,pm2.5,0.1
2019-10-17 17:23:04,pm10,0.1
2019-10-17 17:24:04,pm2.5,0.1
2019-10-17 17:24:04,pm10,0.1
2019-10-17 17:25:04,pm2.5,0.1
2019-10-17 17:25:04,pm10,0.1
2019-10-17 17:26:04,pm2.5,0.1
2019-10-17 17:26:04,pm10,0.2
2019-10-17 17:27:04,pm2.5,0.1
2019-10-17 17:27:04,pm10,0.1
2019-10-17 17:28:03,pm2.5,0.1
2019-10-17 17:28:03,pm10,0.2
2019-10-17 17:29:03,pm2.5,0.1
2019-10-17 17:29:03,pm10,0.1
2019-10-17 17:30:03,pm2.5,0.1
2019-10-17 17:30:04,pm10,0.1
2019-10-17 17:31:03,pm2.5,0.1
2019-10-17 17:31:04,pm10,0.2
2019-10-17 17:32:04,pm2.5,0.2
2019-10-17 17:32:04,pm10,0.3
2019-10-17 17:33:04,pm2.5,0.1
2019-10-17 17:33:04,pm10,0.2
2019-10-17 17:34:04,pm2.5,0.1
2019-10-17 17:34:04,pm10,0.1
2019-10-17 17:35:04,pm2.5,0.1
2019-10-17 17:35:04,pm10,0.1
2019-10-17 17:36:04,pm2.5,0.1
2019-10-17 17:36:04,pm10,0.2
2019-10-17 17:37:04,pm2.5,0.1
2019-10-17 17:37:04,pm10,0.1
2019-10-17 17:38:04,pm2.5,0.1
2019-10-17 17:38:04,pm10,0.2
2019-10-17 17:40:03,pm2.5,0.1
2019-10-17 17:40:03,pm10,0.2
2019-10-17 17:41:03,pm2.5,0.1
2019-10-17 17:41:03,pm10,0.2
2019-10-17 17:42:03,pm2.5,0.1
2019-10-17 17:42:03,pm10,0.2
2019-10-17 17:43:04,pm2.5,0.1
2019-10-17 17:43:04,pm10,0.1
2019-10-17 17:44:03,pm2.5,0.1
2019-10-17 17:44:04,pm10,0.1
2019-10-17 17:45:04,pm2.5,0.1
2019-10-17 17:45:04,pm10,0.1
2019-10-17 17:46:04,pm2.5,0.1
2019-10-17 17:46:04,pm10,0.1
2019-10-17 17:47:04,pm2.5,0.2
2019-10-17 17:47:04,pm10,0.3
2019-10-17 17:48:04,pm2.5,0.1
2019-10-17 17:48:04,pm10,0.2
2019-10-17 17:49:04,pm2.5,0.1
2019-10-17 17:49:04,pm10,0.2
2019-10-17 17:50:04,pm2.5,0.2
2019-10-17 17:50:04,pm10,0.2
2019-10-17 17:51:04,pm2.5,0.1
2019-10-17 17:51:04,pm10,0.2
2019-10-17 17:52:03,pm2.5,0.1
2019-10-17 17:52:03,pm10,0.3
2019-10-17 17:53:03,pm2.5,0.1
2019-10-17 17:53:03,pm10,0.2
2019-10-17 17:54:03,pm2.5,0.1
2019-10-17 17:54:03,pm10,0.2
2019-10-17 17:55:03,pm2.5,0.2
2019-10-17 17:55:04,pm10,0.2
2019-10-17 17:56:04,pm2.5,0.1
2019-10-17 17:56:04,pm10,0.1
2019-10-17 17:57:04,pm2.5,0.1
2019-10-17 17:57:04,pm10,0.1
2019-10-17 17:58:04,pm2.5,0.1
2019-10-17 17:58:04,pm10,0.1
2019-10-17 17:59:04,pm2.5,0.1
2019-10-17 17:59:04,pm10,0.1
2019-10-17 18:00:04,pm2.5,0.1
2019-10-17 18:00:05,pm10,0.2
2019-10-17 18:01:04,pm2.5,0.1
2019-10-17 18:01:04,pm10,0.1
2019-10-17 18:02:04,pm2.5,0.1
2019-10-17 18:02:04,pm10,0.1
2019-10-17 18:03:03,pm2.5,0.1
2019-10-17 18:03:04,pm10,0.2
2019-10-17 18:04:03,pm2.5,0.1
2019-10-17 18:04:04,pm10,0.2
2019-10-17 18:05:03,pm2.5,0.1
2019-10-17 18:05:04,pm10,0.2
2019-10-17 18:06:03,pm2.5,0.1
2019-10-17 18:06:04,pm10,0.2
2019-10-17 18:07:04,pm2.5,0.1
2019-10-17 18:07:04,pm10,0.2
2019-10-17 18:08:04,pm2.5,0.1
2019-10-17 18:08:04,pm10,0.1
2019-10-17 18:09:04,pm2.5,0.1
2019-10-17 18:09:04,pm10,0.1
2019-10-17 18:10:04,pm2.5,0.1
2019-10-17 18:10:04,pm10,0.2
2019-10-17 18:11:04,pm2.5,0.1
2019-10-17 18:11:04,pm10,0.3
2019-10-17 18:12:04,pm2.5,0.1
2019-10-17 18:12:04,pm10,0.1
2019-10-17 18:13:04,pm2.5,0.2
2019-10-17 18:13:04,pm10,0.2
2019-10-17 18:14:03,pm2.5,0.1
2019-10-17 18:14:03,pm10,0.1
2019-10-17 18:15:03,pm2.5,0.1
2019-10-17 18:15:03,pm10,0.2
2019-10-17 18:16:03,pm2.5,0.1
2019-10-17 18:16:04,pm10,0.1
2019-10-17 18:17:03,pm2.5,0.1
2019-10-17 18:17:04,pm10,0.1
2019-10-17 18:18:03,pm2.5,0.1
2019-10-17 18:18:03,pm10,0.1
2019-10-17 18:19:04,pm2.5,0.1
2019-10-17 18:19:04,pm10,0.2
2019-10-17 18:20:04,pm2.5,0.1
2019-10-17 18:20:04,pm10,0.1
2019-10-17 18:21:04,pm2.5,0.1
2019-10-17 18:21:04,pm10,0.2
2019-10-17 18:22:04,pm2.5,0.1
2019-10-17 18:22:04,pm10,0.2
2019-10-17 18:23:04,pm2.5,0.1
2019-10-17 18:23:04,pm10,0.2
2019-10-17 18:24:04,pm2.5,0.1
2019-10-17 18:24:04,pm10,0.3
2019-10-17 18:26:03,pm2.5,0.1
2019-10-17 18:26:04,pm10,0.2
2019-10-17 18:27:03,pm2.5,0.1
2019-10-17 18:27:03,pm10,0.1
2019-10-17 18:28:03,pm2.5,0.1
2019-10-17 18:28:04,pm10,0.4
2019-10-17 18:29:04,pm2.5,0.1
2019-10-17 18:29:04,pm10,0.1
2019-10-17 18:30:04,pm2.5,0.1
2019-10-17 18:30:04,pm10,0.1
2019-10-17 18:31:04,pm2.5,0.1
2019-10-17 18:31:04,pm10,0.1
2019-10-17 18:32:04,pm2.5,0.1
2019-10-17 18:32:04,pm10,0.1
2019-10-17 18:33:04,pm2.5,0.1
2019-10-17 18:33:04,pm10,0.2
2019-10-17 18:34:04,pm2.5,0.1
2019-10-17 18:34:04,pm10,0.2
2019-10-17 18:35:04,pm2.5,0.1
2019-10-17 18:35:04,pm10,0.3
2019-10-17 18:36:04,pm2.5,0.1
2019-10-17 18:36:04,pm10,0.3
2019-10-17 18:37:03,pm2.5,0.1
2019-10-17 18:37:04,pm10,0.1
2019-10-17 18:38:03,pm2.5,0.1
2019-10-17 18:38:04,pm10,0.3
2019-10-17 18:39:03,pm2.5,0.1
2019-10-17 18:39:04,pm10,0.4
2019-10-17 18:40:03,pm2.5,0.1
2019-10-17 18:40:04,pm10,0.2
2019-10-17 18:41:04,pm2.5,0.1
2019-10-17 18:41:04,pm10,0.3
2019-10-17 18:42:04,pm2.5,0.1
2019-10-17 18:42:04,pm10,0.1
2019-10-17 18:43:04,pm2.5,0.1
2019-10-17 18:43:04,pm10,0.1
2019-10-17 18:44:04,pm2.5,0.1
2019-10-17 18:44:04,pm10,0.1
2019-10-17 18:45:04,pm2.5,0.1
2019-10-17 18:45:04,pm10,0.4
2019-10-17 18:46:04,pm2.5,0.1
2019-10-17 18:46:04,pm10,0.2
2019-10-17 18:47:04,pm2.5,0.1
2019-10-17 18:47:04,pm10,0.1
2019-10-17 18:48:03,pm2.5,0.1
2019-10-17 18:48:03,pm10,0.1
2019-10-17 18:49:03,pm2.5,0.1
2019-10-17 18:49:04,pm10,0.2
2019-10-17 18:50:03,pm2.5,0.1
2019-10-17 18:50:04,pm10,0.2
2019-10-17 18:51:04,pm2.5,0.1
2019-10-17 18:51:04,pm10,0.1
2019-10-17 18:52:04,pm2.5,0.1
2019-10-17 18:52:04,pm10,0.2
2019-10-17 18:53:04,pm2.5,0.1
2019-10-17 18:53:04,pm10,0.1
2019-10-17 18:54:04,pm2.5,0.1
2019-10-17 18:54:04,pm10,0.1
2019-10-17 18:55:04,pm2.5,0.1
2019-10-17 18:55:04,pm10,0.1
2019-10-17 18:56:04,pm2.5,0.2
2019-10-17 18:56:04,pm10,0.4
2019-10-17 18:57:04,pm2.5,0.1
2019-10-17 18:57:04,pm10,0.1
2019-10-17 18:59:03,pm2.5,0.2
2019-10-17 18:59:03,pm10,0.4
2019-10-17 19:00:03,pm2.5,0.1
2019-10-17 19:00:04,pm10,0.1
2019-10-17 19:01:03,pm2.5,0.1
2019-10-17 19:01:03,pm10,0.3
2019-10-17 19:02:03,pm2.5,0.1
2019-10-17 19:02:04,pm10,0.2
2019-10-17 19:03:04,pm2.5,0.1
2019-10-17 19:03:04,pm10,0.1
2019-10-17 19:04:04,pm2.5,0.1
2019-10-17 19:04:04,pm10,0.1
2019-10-17 19:05:04,pm2.5,0.1
2019-10-17 19:05:04,pm10,0.2
2019-10-17 19:06:04,pm2.5,0.1
2019-10-17 19:06:04,pm10,0.1
2019-10-17 19:07:04,pm2.5,0.2
2019-10-17 19:07:04,pm10,0.4
2019-10-17 19:08:04,pm2.5,0.2
2019-10-17 19:08:04,pm10,0.2
2019-10-17 19:09:04,pm2.5,0.2
2019-10-17 19:09:04,pm10,0.3
2019-10-17 19:10:03,pm2.5,0.1
2019-10-17 19:10:03,pm10,0.3
2019-10-17 19:11:03,pm2.5,0.2
2019-10-17 19:11:03,pm10,0.3
2019-10-17 19:12:03,pm2.5,0.2
2019-10-17 19:12:04,pm10,0.2
2019-10-17 19:13:03,pm2.5,0.1
2019-10-17 19:13:04,pm10,0.1
2019-10-17 19:14:04,pm2.5,0.2
2019-10-17 19:14:04,pm10,0.2
2019-10-17 19:15:04,pm2.5,0.1
2019-10-17 19:15:04,pm10,0.1
2019-10-17 19:16:04,pm2.5,0.1
2019-10-17 19:16:04,pm10,0.1
2019-10-17 19:17:04,pm2.5,0.1
2019-10-17 19:17:04,pm10,0.1
2019-10-17 19:18:04,pm2.5,0.0
2019-10-17 19:18:04,pm10,0.0
2019-10-17 19:19:04,pm2.5,0.1
2019-10-17 19:19:04,pm10,0.4
2019-10-17 19:20:04,pm2.5,0.1
2019-10-17 19:20:04,pm10,0.1
2019-10-17 19:21:03,pm2.5,0.1
2019-10-17 19:21:03,pm10,0.1
2019-10-17 19:22:03,pm2.5,0.1
2019-10-17 19:22:03,pm10,0.1
2019-10-17 19:23:03,pm2.5,0.1
2019-10-17 19:23:04,pm10,0.3
2019-10-17 19:24:03,pm2.5,0.2
2019-10-17 19:24:04,pm10,0.2
2019-10-17 19:25:03,pm2.5,0.1
2019-10-17 19:25:04,pm10,1.0
2019-10-17 19:26:04,pm2.5,0.2
2019-10-17 19:26:04,pm10,0.3
2019-10-17 19:27:04,pm2.5,0.1
2019-10-17 19:27:04,pm10,0.6
2019-10-17 19:28:04,pm2.5,0.2
2019-10-17 19:28:04,pm10,0.3
2019-10-17 19:29:04,pm2.5,0.2
2019-10-17 19:29:04,pm10,0.6
2019-10-17 19:30:04,pm2.5,0.3
2019-10-17 19:30:04,pm10,0.5