2019-10-19 13:52:30,pm2.5,2.2
2019-10-19 13:52:30,pm10,2.4
2019-10-19 13:53:30,pm2.5,2.0
2019-10-19 13:53:30,pm10,2.2
2019-10-19 13:54:30,pm2.5,2.2
2019-10-19 13:54:30,pm10,2.4
2019-10-19 13:55:30,pm2.5,2.0
2019-10-19 13:55:30,pm10,2.2
2019-10-19 13:56:30,pm2.5,1.8
2019-10-19 13:56:30,pm10,2.0
2019-10-19 13:57:30,pm2.5,1.7
2019-10-19 13:57:30,pm10,1.8
2019-10-19 13:58:30,pm2.5,1.9
2019-10-19 13:58:30,pm10,2.1
2019-10-19 13:59:30,pm2.5,1.9
2019-10-19 13:59:30,pm10,2.1
2019-10-19 14:00:30,pm2.5,1.8
2019-10-19 14:00:30,pm10,2.0
2019-10-19 14:01:30,pm2.5,355.9
2019-10-19 14:01:30,pm10,1183.1
2019-10-19 14:02:30,pm2.5,999.9
2019-10-19 14:02:31,pm10,1999.9
2019-10-19 14:03:30,pm2.5,999.9
2019-10-19 14:03:31,pm10,1999.9
2019-10-19 14:04:30,pm2.5,999.9
2019-10-19 14:04:31,pm10,1999.9
2019-10-19 14:05:30,pm2.5,999.9
2019-10-19 14:05:31,pm10,1999.9
2019-10-19 14:06:31,pm2.5,999.9
2019-10-19 14:06:31,pm10,1999.9
2019-10-19 14:07:30,pm2.5,999.9
2019-10-19 14:07:30,pm10,1999.9
2019-10-19 14:08:30,pm2.5,999.9
2019-10-19 14:08:30,pm10,1999.9
2019-10-19 14:09:30,pm2.5,999.9
2019-10-19 14:09:30,pm10,1999.9
2019-10-19 14:10:30,pm2.5,999.9
2019-10-19 14:10:30,pm10,1999.9
2019-10-19 14:11:30,pm2.5,999.9
2019-10-19 14:11:30,pm10,1999.9
2019-10-19 14:12:30,pm2.5,999.9
2019-10-19 14:12:30,pm10,1999.9
2019-10-19 14:13:30,pm2.5,999.9
2019-10-19 14:13:30,pm10,1999.9
2019-10-19 14:14:30,pm2.5,999.9
2019-10-19 14:14:30,pm10,1999.9
2019-10-19 14:15:30,pm2.5,999.9
2019-10-19 14:15:30,pm10,1999.9
2019-10-19 14:16:30,pm2.5,999.9
2019-10-19 14:16:30,pm10,1870.1
2019-10-19 14:17:30,pm2.5,999.9
2019-10-19 14:17:30,pm10,1687.0
2019-10-19 14:18:30,pm2.5,999.9
2019-10-19 14:18:30,pm10,1497.2
2019-10-19 14:19:30,pm2.5,971.5
2019-10-19 14:19:30,pm10,1335.6
2019-10-19 14:20:30,pm2.5,943.8
2019-10-19 14:20:30,pm10,1242.0
2019-10-19 14:21:30,pm2.5,936.2
2019-10-19 14:21:30,pm10,1228.7
2019-10-19 14:22:30,pm2.5,933.0
2019-10-19 14:22:30,pm10,1206.1
2019-10-19 14:23:30,pm2.5,927.3
2019-10-19 14:23:30,pm10,1192.4
2019-10-19 14:24:30,pm2.5,920.5
2019-10-19 14:24:30,pm10,1170.1
2019-10-19 14:25:30,pm2.5,918.0
2019-10-19 14:25:30,pm10,1168.5
2019-10-19 14:26:30,pm2.5,914.3
2019-10-19 14:26:30,pm10,1147.1
2019-10-19 14:27:30,pm2.5,910.1
2019-10-19 14:27:30,pm10,1140.0
2019-10-19 14:28:30,pm2.5,905.5
2019-10-19 14:28:30,pm10,1119.7
2019-10-19 14:29:30,pm2.5,900.5
2019-10-19 14:29:30,pm10,1104.8
2019-10-19 14:30:30,pm2.5,896.1
2019-10-19 14:30:30,pm10,1097.0
2019-10-19 14:31:30,pm2.5,892.5
2019-10-19 14:31:30,pm10,1083.7
2019-10-19 14:32:30,pm2.5,885.8
2019-10-19 14:32:30,pm10,1061.3
2019-10-19 14:33:30,pm2.5,882.2
2019-10-19 14:33:30,pm10,1056.3
2019-10-19 14:34:30,pm2.5,878.2
2019-10-19 14:34:30,pm10,1046.9
2019-10-19 14:35:30,pm2.5,874.8
2019-10-19 14:35:30,pm10,1028.9
2019-10-19 14:36:30,pm2.5,870.3
2019-10-19 14:36:30,pm10,1023.1
2019-10-19 14:37:30,pm2.5,867.8
2019-10-19 14:37:30,pm10,1012.1
2019-10-19 14:38:30,pm2.5,863.9
2019-10-19 14:38:30,pm10,1000.4
2019-10-19 14:39:30,pm2.5,858.9
2019-10-19 14:39:30,pm10,988.7
2019-10-19 14:40:30,pm2.5,852.7
2019-10-19 14:40:30,pm10,977.7
2019-10-19 14:41:30,pm2.5,849.7
2019-10-19 14:41:31,pm10,969.6
2019-10-19 14:42:30,pm2.5,845.7
2019-10-19 14:42:30,pm10,956.7
2019-10-19 14:43:30,pm2.5,841.7
2019-10-19 14:43:30,pm10,947.6
2019-10-19 14:44:30,pm2.5,839.9
2019-10-19 14:44:30,pm10,944.0
2019-10-19 14:45:30,pm2.5,836.6
2019-10-19 14:45:31,pm10,940.3
2019-10-19 14:46:30,pm2.5,832.0
2019-10-19 14:46:31,pm10,934.4
2019-10-19 14:47:30,pm2.5,826.2
2019-10-19 14:47:31,pm10,927.6
2019-10-19 14:48:30,pm2.5,823.6
2019-10-19 14:48:31,pm10,924.3
2019-10-19 14:49:31,pm2.5,817.8
2019-10-19 14:49:31,pm10,917.1
2019-10-19 14:50:30,pm2.5,816.9
2019-10-19 14:50:30,pm10,915.2
2019-10-19 14:51:30,pm2.5,812.1
2019-10-19 14:51:30,pm10,909.5
2019-10-19 14:52:30,pm2.5,806.0
2019-10-19 14:52:30,pm10,902.6
2019-10-19 14:53:30,pm2.5,803.0
2019-10-19 14:53:30,pm10,898.5
2019-10-19 14:54:30,pm2.5,799.2
2019-10-19 14:54:30,pm10,893.9
2019-10-19 14:55:30,pm2.5,793.3
2019-10-19 14:55:30,pm10,887.5
2019-10-19 14:56:30,pm2.5,786.2
2019-10-19 14:56:30,pm10,879.1
2019-10-19 14:57:30,pm2.5,786.0
2019-10-19 14:57:30,pm10,877.8
2019-10-19 14:58:30,pm2.5,779.6
2019-10-19 14:58:30,pm10,870.0
2019-10-19 14:59:30,pm2.5,775.0
2019-10-19 14:59:30,pm10,865.0
2019-10-19 15:00:30,pm2.5,774.5
2019-10-19 15:00:30,pm10,863.9
2019-10-19 15:01:30,pm2.5,767.2
2019-10-19 15:01:30,pm10,855.4
2019-10-19 15:02:30,pm2.5,766.3
2019-10-19 15:02:30,pm10,854.1
2019-10-19 15:03:30,pm2.5,760.8
2019-10-19 15:03:30,pm10,848.0
2019-10-19 15:04:30,pm2.5,754.9
2019-10-19 15:04:30,pm10,841.0
2019-10-19 15:05:30,pm2.5,751.2
2019-10-19 15:05:31,pm10,836.5
2019-10-19 15:06:30,pm2.5,747.7
2019-10-19 15:06:30,pm10,832.5
2019-10-19 15:07:30,pm2.5,746.5
2019-10-19 15:07:30,pm10,830.4
2019-10-19 15:08:30,pm2.5,738.7
2019-10-19 15:08:30,pm10,821.9
2019-10-19 15:09:30,pm2.5,734.5
2019-10-19 15:09:30,pm10,817.0
2019-10-19 15:10:30,pm2.5,731.3
2019-10-19 15:10:30,pm10,812.7
2019-10-19 15:11:30,pm2.5,725.6
2019-10-19 15:11:30,pm10,806.6
2019-10-19 15:12:30,pm2.5,725.2
2019-10-19 15:12:30,pm10,805.7
2019-10-19 15:13:30,pm2.5,716.8
2019-10-19 15:13:31,pm10,796.3
2019-10-19 15:14:30,pm2.5,717.1
2019-10-19 15:14:30,pm10,796.1
2019-10-19 15:15:30,pm2.5,710.6
2019-10-19 15:15:30,pm10,788.8
2019-10-19 15:16:30,pm2.5,706.9
2019-10-19 15:16:30,pm10,784.6
2019-10-19 15:17:30,pm2.5,702.6
2019-10-19 15:17:30,pm10,779.4
2019-10-19 15:18:30,pm2.5,698.8
2019-10-19 15:18:30,pm10,775.2
2019-10-19 15:19:30,pm2.5,694.0
2019-10-19 15:19:31,pm10,769.5
2019-10-19 15:20:30,pm2.5,687.3
2019-10-19 15:20:31,pm10,762.3
2019-10-19 15:21:30,pm2.5,685.2
2019-10-19 15:21:31,pm10,759.5
2019-10-19 15:22:31,pm2.5,677.1
2019-10-19 15:22:31,pm10,750.6
2019-10-19 15:23:30,pm2.5,674.0
2019-10-19 15:23:30,pm10,746.6
2019-10-19 15:24:30,pm2.5,671.4
2019-10-19 15:24:30,pm10,743.7
2019-10-19 15:25:30,pm2.5,665.8
2019-10-19 15:25:30,pm10,737.8
2019-10-19 15:26:30,pm2.5,660.2
2019-10-19 15:26:30,pm10,731.2
2019-10-19 15:27:30,pm2.5,656.5
2019-10-19 15:27:30,pm10,726.8
2019-10-19 15:28:30,pm2.5,652.0
2019-10-19 15:28:30,pm10,722.0
2019-10-19 15:29:30,pm2.5,649.8
2019-10-19 15:29:30,pm10,719.3
2019-10-19 15:30:30,pm2.5,646.7
2019-10-19 15:30:30,pm10,715.8
2019-10-19 15:31:30,pm2.5,641.4
2019-10-19 15:31:30,pm10,710.1
2019-10-19 15:32:30,pm2.5,637.8
2019-10-19 15:32:30,pm10,705.7
2019-10-19 15:33:30,pm2.5,631.9
2019-10-19 15:33:30,pm10,699.0
2019-10-19 15:34:30,pm2.5,626.9
2019-10-19 15:34:30,pm10,693.5
2019-10-19 15:35:30,pm2.5,621.1
2019-10-19 15:35:30,pm10,686.8
2019-10-19 15:36:30,pm2.5,618.0
2019-10-19 15:36:30,pm10,683.8
2019-10-19 15:37:30,pm2.5,614.8
2019-10-19 15:37:30,pm10,679.6
2019-10-19 15:38:30,pm2.5,608.9
2019-10-19 15:38:30,pm10,673.3
2019-10-19 15:39:30,pm2.5,605.0
2019-10-19 15:39:30,pm10,668.8
2019-10-19 15:40:30,pm2.5,603.4
2019-10-19 15:40:30,pm10,667.4
2019-10-19 15:41:30,pm2.5,593.7
2019-10-19 15:41:30,pm10,656.5
2019-10-19 15:42:30,pm2.5,590.3
2019-10-19 15:42:30,pm10,652.5
2019-10-19 15:43:30,pm2.5,584.6
2019-10-19 15:43:30,pm10,646.6
2019-10-19 15:44:30,pm2.5,581.9
2019-10-19 15:44:30,pm10,643.4
2019-10-19 15:45:30,pm2.5,577.5
2019-10-19 15:45:30,pm10,638.4
2019-10-19 15:46:30,pm2.5,574.7
2019-10-19 15:46:30,pm10,635.0
2019-10-19 15:47:30,pm2.5,570.2
2019-10-19 15:47:30,pm10,630.2
2019-10-19 15:48:30,pm2.5,565.2
2019-10-19 15:48:30,pm10,625.0
2019-10-19 15:49:30,pm2.5,561.5
2019-10-19 15:49:30,pm10,620.7
2019-10-19 15:50:30,pm2.5,555.9
2019-10-19 15:50:30,pm10,614.5
2019-10-19 15:51:30,pm2.5,551.3
2019-10-19 15:51:30,pm10,609.5
2019-10-19 15:52:30,pm2.5,544.5
2019-10-19 15:52:30,pm10,601.8
2019-10-19 15:53:30,pm2.5,541.8
2019-10-19 15:53:30,pm10,599.3
2019-10-19 15:54:30,pm2.5,540.6
2019-10-19 15:54:30,pm10,597.8
2019-10-19 15:55:30,pm2.5,536.3
2019-10-19 15:55:30,pm10,592.8
2019-10-19 15:56:30,pm2.5,528.8
2019-10-19 15:56:30,pm10,584.9
2019-10-19 15:57:30,pm2.5,525.2
2019-10-19 15:57:30,pm10,580.5
2019-10-19 15:58:30,pm2.5,522.3
2019-10-19 15:58:31,pm10,577.3
2019-10-19 15:59:30,pm2.5,515.4
2019-10-19 15:59:31,pm10,570.1
2019-10-19 16:00:30,pm2.5,513.8
2019-10-19 16:00:31,pm10,568.2
2019-10-19 16:01:30,pm2.5,505.1
2019-10-19 16:01:31,pm10,558.7
2019-10-19 16:02:31,pm2.5,503.3
2019-10-19 16:02:31,pm10,556.6
2019-10-19 16:03:31,pm2.5,499.0
2019-10-19 16:03:31,pm10,552.2
2019-10-19 16:05:30,pm2.5,494.0
2019-10-19 16:05:30,pm10,546.6
2019-10-19 16:06:30,pm2.5,484.9
2019-10-19 16:06:30,pm10,536.6
2019-10-19 16:07:30,pm2.5,480.5
2019-10-19 16:07:30,pm10,532.0
2019-10-19 16:08:30,pm2.5,478.5
2019-10-19 16:08:30,pm10,529.7
2019-10-19 16:09:30,pm2.5,469.7
2019-10-19 16:09:30,pm10,520.3
2019-10-19 16:10:30,pm2.5,469.7
2019-10-19 16:10:30,pm10,520.3
2019-10-19 16:11:30,pm2.5,463.9
2019-10-19 16:11:30,pm10,513.5
2019-10-19 16:12:30,pm2.5,459.4
2019-10-19 16:12:30,pm10,509.2
2019-10-19 16:13:30,pm2.5,453.5
2019-10-19 16:13:30,pm10,502.6
2019-10-19 16:14:30,pm2.5,450.7
2019-10-19 16:14:30,pm10,499.8
2019-10-19 16:15:30,pm2.5,452.8
2019-10-19 16:15:30,pm10,501.9
2019-10-19 16:16:30,pm2.5,445.5
2019-10-19 16:16:30,pm10,493.9
2019-10-19 16:17:30,pm2.5,440.5
2019-10-19 16:17:30,pm10,488.4
2019-10-19 16:18:30,pm2.5,434.1
2019-10-19 16:18:30,pm10,481.8
2019-10-19 16:19:30,pm2.5,429.7
2019-10-19 16:19:30,pm10,477.0
2019-10-19 16:20:30,pm2.5,425.7
2019-10-19 16:20:30,pm10,472.4
2019-10-19 16:21:30,pm2.5,419.7
2019-10-19 16:21:30,pm10,466.1
2019-10-19 16:22:30,pm2.5,413.9
2019-10-19 16:22:30,pm10,460.0
2019-10-19 16:23:30,pm2.5,409.4
2019-10-19 16:23:30,pm10,455.0
2019-10-19 16:24:30,pm2.5,407.7
2019-10-19 16:24:30,pm10,453.1
2019-10-19 16:25:30,pm2.5,405.0
2019-10-19 16:25:30,pm10,450.3
2019-10-19 16:26:30,pm2.5,398.8
2019-10-19 16:26:30,pm10,443.3
2019-10-19 16:27:30,pm2.5,394.1
2019-10-19 16:27:30,pm10,438.2
2019-10-19 16:28:30,pm2.5,392.9
2019-10-19 16:28:30,pm10,436.8
2019-10-19 16:29:30,pm2.5,389.2
2019-10-19 16:29:30,pm10,432.3
2019-10-19 16:30:30,pm2.5,384.4
2019-10-19 16:30:30,pm10,427.3
2019-10-19 16:31:30,pm2.5,383.7
2019-10-19 16:31:30,pm10,426.1
2019-10-19 16:32:30,pm2.5,373.7
2019-10-19 16:32:30,pm10,415.3
2019-10-19 16:33:30,pm2.5,378.7
2019-10-19 16:33:30,pm10,420.4
2019-10-19 16:34:30,pm2.5,369.3
2019-10-19 16:34:30,pm10,409.9
2019-10-19 16:35:30,pm2.5,366.4
2019-10-19 16:35:30,pm10,406.3
2019-10-19 16:36:30,pm2.5,364.4
2019-10-19 16:36:30,pm10,404.2
2019-10-19 16:37:30,pm2.5,361.2
2019-10-19 16:37:30,pm10,400.6
2019-10-19 16:38:30,pm2.5,353.8
2019-10-19 16:38:30,pm10,392.3
2019-10-19 16:39:30,pm2.5,354.5
2019-10-19 16:39:30,pm10,392.9
2019-10-19 16:40:30,pm2.5,351.8
2019-10-19 16:40:30,pm10,390.1
2019-10-19 16:41:30,pm2.5,346.3
2019-10-19 16:41:30,pm10,383.7
2019-10-19 16:42:30,pm2.5,342.6
2019-10-19 16:42:30,pm10,379.7
2019-10-19 16:43:30,pm2.5,337.7
2019-10-19 16:43:30,pm10,374.3
2019-10-19 16:44:30,pm2.5,335.9
2019-10-19 16:44:30,pm10,372.1
2019-10-19 16:45:30,pm2.5,333.8
2019-10-19 16:45:30,pm10,369.7
2019-10-19 16:46:30,pm2.5,330.3
2019-10-19 16:46:30,pm10,366.0
2019-10-19 16:47:30,pm2.5,325.1
2019-10-19 16:47:30,pm10,359.9
2019-10-19 16:48:30,pm2.5,322.3
2019-10-19 16:48:30,pm10,356.6
2019-10-19 16:49:30,pm2.5,318.1
2019-10-19 16:49:30,pm10,352.3
2019-10-19 16:50:30,pm2.5,315.8
2019-10-19 16:50:30,pm10,349.4
2019-10-19 16:51:30,pm2.5,310.5
2019-10-19 16:51:31,pm10,343.4
2019-10-19 16:52:30,pm2.5,311.1
2019-10-19 16:52:31,pm10,344.3
2019-10-19 16:53:30,pm2.5,306.2
2019-10-19 16:53:31,pm10,338.7
2019-10-19 16:54:30,pm2.5,301.7
2019-10-19 16:54:31,pm10,333.6
2019-10-19 16:55:31,pm2.5,300.2
2019-10-19 16:55:31,pm10,331.9
2019-10-19 16:56:31,pm2.5,297.4
2019-10-19 16:56:31,pm10,328.5
2019-10-19 16:58:30,pm2.5,291.6
2019-10-19 16:58:30,pm10,322.4
2019-10-19 16:59:30,pm2.5,285.3
2019-10-19 16:59:30,pm10,315.4
2019-10-19 17:00:30,pm2.5,284.1
2019-10-19 17:00:30,pm10,314.0
2019-10-19 17:01:30,pm2.5,280.5
2019-10-19 17:01:30,pm10,309.9
2019-10-19 17:02:30,pm2.5,279.8
2019-10-19 17:02:30,pm10,309.3
2019-10-19 17:03:30,pm2.5,275.4
2019-10-19 17:03:30,pm10,304.2
2019-10-19 17:04:30,pm2.5,270.8
2019-10-19 17:04:30,pm10,299.2
2019-10-19 17:05:30,pm2.5,268.7
2019-10-19 17:05:30,pm10,296.8
2019-10-19 17:06:30,pm2.5,265.2
2019-10-19 17:06:30,pm10,292.7
2019-10-19 17:07:30,pm2.5,262.8
2019-10-19 17:07:30,pm10,290.0
2019-10-19 17:08:30,pm2.5,259.8
2019-10-19 17:08:30,pm10,287.1
2019-10-19 17:09:30,pm2.5,256.3
2019-10-19 17:09:30,pm10,282.9
2019-10-19 17:10:30,pm2.5,254.8
2019-10-19 17:10:30,pm10,281.5
2019-10-19 17:11:30,pm2.5,251.1
2019-10-19 17:11:30,pm10,277.3
2019-10-19 17:12:30,pm2.5,247.0
2019-10-19 17:12:30,pm10,273.0
2019-10-19 17:13:30,pm2.5,245.0
2019-10-19 17:13:30,pm10,270.6
2019-10-19 17:14:30,pm2.5,244.4
2019-10-19 17:14:30,pm10,269.9
2019-10-19 17:15:30,pm2.5,240.7
2019-10-19 17:15:30,pm10,265.8
2019-10-19 17:16:30,pm2.5,236.5
2019-10-19 17:16:30,pm10,261.1
2019-10-19 17:17:30,pm2.5,234.8
2019-10-19 17:17:30,pm10,259.3
2019-10-19 17:18:30,pm2.5,230.0
2019-10-19 17:18:30,pm10,253.9
2019-10-19 17:19:30,pm2.5,230.8
2019-10-19 17:19:30,pm10,254.7
2019-10-19 17:20:30,pm2.5,225.5
2019-10-19 17:20:30,pm10,249.2
2019-10-19 17:21:30,pm2.5,223.1
2019-10-19 17:21:30,pm10,246.5
2019-10-19 17:22:30,pm2.5,220.3
2019-10-19 17:22:30,pm10,243.3
2019-10-19 17:23:30,pm2.5,218.1
2019-10-19 17:23:30,pm10,240.7
2019-10-19 17:24:30,pm2.5,216.4
2019-10-19 17:24:30,pm10,239.0
2019-10-19 17:25:30,pm2.5,210.2
2019-10-19 17:25:30,pm10,232.2
2019-10-19 17:26:30,pm2.5,210.1
2019-10-19 17:26:30,pm10,232.1
2019-10-19 17:27:30,pm2.5,209.7
2019-10-19 17:27:30,pm10,231.7
2019-10-19 17:28:30,pm2.5,207.1
2019-10-19 17:28:30,pm10,228.7
2019-10-19 17:29:30,pm2.5,202.8
2019-10-19 17:29:30,pm10,224.2
2019-10-19 17:30:30,pm2.5,199.3
2019-10-19 17:30:30,pm10,220.2
2019-10-19 17:31:30,pm2.5,197.1
2019-10-19 17:31:30,pm10,218.0
2019-10-19 17:32:30,pm2.5,194.5
2019-10-19 17:32:30,pm10,214.9
2019-10-19 17:33:30,pm2.5,195.1
2019-10-19 17:33:30,pm10,215.5
2019-10-19 17:34:30,pm2.5,188.0
2019-10-19 17:34:30,pm10,207.8
2019-10-19 17:35:30,pm2.5,186.9
2019-10-19 17:35:30,pm10,206.6
2019-10-19 17:36:30,pm2.5,184.4
2019-10-19 17:36:30,pm10,203.8
2019-10-19 17:37:30,pm2.5,184.5
2019-10-19 17:37:30,pm10,204.1
2019-10-19 17:38:30,pm2.5,180.0
2019-10-19 17:38:30,pm10,199.1
2019-10-19 17:39:30,pm2.5,179.7
2019-10-19 17:39:30,pm10,198.7
2019-10-19 17:40:30,pm2.5,174.4
2019-10-19 17:40:30,pm10,192.9
2019-10-19 17:41:30,pm2.5,175.1
2019-10-19 17:41:31,pm10,193.8
2019-10-19 17:42:30,pm2.5,171.3
2019-10-19 17:42:31,pm10,189.5
2019-10-19 17:43:30,pm2.5,168.5
2019-10-19 17:43:31,pm10,186.2
2019-10-19 17:44:30,pm2.5,166.4
2019-10-19 17:44:30,pm10,184.2
2019-10-19 17:45:30,pm2.5,164.3
2019-10-19 17:45:31,pm10,181.9
2019-10-19 17:46:30,pm2.5,161.4
2019-10-19 17:46:31,pm10,178.5
2019-10-19 17:47:30,pm2.5,161.8
2019-10-19 17:47:31,pm10,178.9
2019-10-19 17:48:30,pm2.5,159.4
2019-10-19 17:48:31,pm10,176.3
2019-10-19 17:49:30,pm2.5,156.8
2019-10-19 17:49:31,pm10,173.4
2019-10-19 17:50:30,pm2.5,154.4
2019-10-19 17:50:31,pm10,170.7
2019-10-19 17:51:30,pm2.5,154.1
2019-10-19 17:51:31,pm10,170.4
2019-10-19 17:52:31,pm2.5,151.9
2019-10-19 17:52:31,pm10,167.9
2019-10-19 17:53:31,pm2.5,151.7
2019-10-19 17:53:31,pm10,167.6
2019-10-19 17:54:30,pm2.5,147.6
2019-10-19 17:54:30,pm10,163.1
2019-10-19 17:55:30,pm2.5,145.6
2019-10-19 17:55:30,pm10,161.0
2019-10-19 17:56:30,pm2.5,144.9
2019-10-19 17:56:30,pm10,160.2
2019-10-19 17:57:30,pm2.5,142.8
2019-10-19 17:57:30,pm10,157.8
2019-10-19 17:58:30,pm2.5,140.2
2019-10-19 17:58:30,pm10,154.8
2019-10-19 17:59:30,pm2.5,140.2
2019-10-19 17:59:30,pm10,154.6
2019-10-19 18:00:30,pm2.5,136.9
2019-10-19 18:00:30,pm10,151.1
2019-10-19 18:01:30,pm2.5,135.8
2019-10-19 18:01:30,pm10,149.9
2019-10-19 18:02:30,pm2.5,138.1
2019-10-19 18:02:30,pm10,152.3
2019-10-19 18:03:30,pm2.5,133.4
2019-10-19 18:03:30,pm10,147.4
2019-10-19 18:04:30,pm2.5,132.7
2019-10-19 18:04:30,pm10,146.6
2019-10-19 18:05:30,pm2.5,130.0
2019-10-19 18:05:30,pm10,143.6
2019-10-19 18:06:30,pm2.5,128.9
2019-10-19 18:06:30,pm10,142.4
2019-10-19 18:07:30,pm2.5,130.2
2019-10-19 18:07:30,pm10,143.9
2019-10-19 18:08:30,pm2.5,127.9
2019-10-19 18:08:30,pm10,141.3
2019-10-19 18:09:30,pm2.5,125.6
2019-10-19 18:09:30,pm10,138.5
2019-10-19 18:10:30,pm2.5,124.2
2019-10-19 18:10:30,pm10,137.0
2019-10-19 18:11:30,pm2.5,122.4
2019-10-19 18:11:30,pm10,135.2
2019-10-19 18:12:30,pm2.5,121.4
2019-10-19 18:12:30,pm10,134.2
2019-10-19 18:13:30,pm2.5,118.5
2019-10-19 18:13:30,pm10,130.6
2019-10-19 18:14:30,pm2.5,120.0
2019-10-19 18:14:30,pm10,132.3
2019-10-19 18:15:30,pm2.5,118.2
2019-10-19 18:15:30,pm10,130.3
2019-10-19 18:16:30,pm2.5,117.8
2019-10-19 18:16:30,pm10,129.9
2019-10-19 18:17:30,pm2.5,114.8
2019-10-19 18:17:30,pm10,126.5
2019-10-19 18:18:30,pm2.5,112.8
2019-10-19 18:18:30,pm10,124.4
2019-10-19 18:19:30,pm2.5,114.9
2019-10-19 18:19:30,pm10,126.7
2019-10-19 18:20:30,pm2.5,111.4
2019-10-19 18:20:30,pm10,122.9
2019-10-19 18:21:30,pm2.5,111.1
2019-10-19 18:21:30,pm10,122.6
2019-10-19 18:22:30,pm2.5,109.5
2019-10-19 18:22:30,pm10,120.8
2019-10-19 18:23:30,pm2.5,109.3
2019-10-19 18:23:30,pm10,120.4
2019-10-19 18:24:30,pm2.5,106.4
2019-10-19 18:24:30,pm10,117.3
2019-10-19 18:25:30,pm2.5,107.0
2019-10-19 18:25:30,pm10,118.2
2019-10-19 18:26:30,pm2.5,103.8
2019-10-19 18:26:30,pm10,114.4
2019-10-19 18:27:30,pm2.5,103.4
2019-10-19 18:27:30,pm10,114.0
2019-10-19 18:28:30,pm2.5,103.2
2019-10-19 18:28:30,pm10,113.8
2019-10-19 18:29:30,pm2.5,103.2
2019-10-19 18:29:30,pm10,113.7
2019-10-19 18:30:30,pm2.5,98.1
2019-10-19 18:30:30,pm10,108.1
2019-10-19 18:31:30,pm2.5,97.8
2019-10-19 18:31:30,pm10,107.8
2019-10-19 18:32:30,pm2.5,97.2
2019-10-19 18:32:30,pm10,107.1
2019-10-19 18:33:30,pm2.5,96.6
2019-10-19 18:33:30,pm10,106.6
2019-10-19 18:34:30,pm2.5,95.8
2019-10-19 18:34:30,pm10,105.5
2019-10-19 18:35:30,pm2.5,93.1
2019-10-19 18:35:30,pm10,102.6
2019-10-19 18:36:30,pm2.5,93.7
2019-10-19 18:36:30,pm10,103.3
2019-10-19 18:37:30,pm2.5,90.6
2019-10-19 18:37:30,pm10,99.8
2019-10-19 18:38:30,pm2.5,90.8
2019-10-19 18:38:30,pm10,99.9
2019-10-19 18:39:30,pm2.5,88.4
2019-10-19 18:39:30,pm10,97.6
2019-10-19 18:40:30,pm2.5,90.0
2019-10-19 18:40:30,pm10,99.1
2019-10-19 18:41:30,pm2.5,87.1
2019-10-19 18:41:30,pm10,95.9
2019-10-19 18:42:30,pm2.5,86.7
2019-10-19 18:42:30,pm10,95.5
2019-10-19 18:43:30,pm2.5,86.8
2019-10-19 18:43:30,pm10,95.6
2019-10-19 18:44:30,pm2.5,86.7
2019-10-19 18:44:30,pm10,95.5
2019-10-19 18:45:30,pm2.5,84.3
2019-10-19 18:45:30,pm10,92.9
2019-10-19 18:46:30,pm2.5,83.7
2019-10-19 18:46:30,pm10,92.2
2019-10-19 18:47:30,pm2.5,80.7
2019-10-19 18:47:30,pm10,89.0
2019-10-19 18:48:30,pm2.5,80.6
2019-10-19 18:48:31,pm10,88.8
2019-10-19 18:49:30,pm2.5,80.5
2019-10-19 18:49:31,pm10,88.7
2019-10-19 18:50:30,pm2.5,79.3
2019-10-19 18:50:31,pm10,87.4
2019-10-19 18:51:30,pm2.5,78.8
2019-10-19 18:51:31,pm10,86.8
2019-10-19 18:52:30,pm2.5,77.6
2019-10-19 18:52:31,pm10,85.4
2019-10-19 18:53:30,pm2.5,77.1
2019-10-19 18:53:31,pm10,84.9
2019-10-19 18:54:30,pm2.5,74.9
2019-10-19 18:54:31,pm10,82.5
2019-10-19 18:55:30,pm2.5,75.0
2019-10-19 18:55:31,pm10,82.6
2019-10-19 18:56:31,pm2.5,73.9
2019-10-19 18:56:31,pm10,81.4
2019-10-19 18:57:31,pm2.5,73.5
2019-10-19 18:57:31,pm10,80.9
2019-10-19 18:58:30,pm2.5,71.8
2019-10-19 18:58:30,pm10,79.2
2019-10-19 18:59:30,pm2.5,69.5
2019-10-19 18:59:30,pm10,76.6
2019-10-19 19:00:30,pm2.5,69.8
2019-10-19 19:00:30,pm10,76.8
2019-10-19 19:01:30,pm2.5,68.9
2019-10-19 19:01:30,pm10,75.8
2019-10-19 19:02:30,pm2.5,68.7
2019-10-19 19:02:30,pm10,75.8
2019-10-19 19:03:30,pm2.5,66.2
2019-10-19 19:03:30,pm10,73.0
2019-10-19 19:04:30,pm2.5,66.6
2019-10-19 19:04:30,pm10,73.5
2019-10-19 19:05:30,pm2.5,66.7
2019-10-19 19:05:30,pm10,73.5
2019-10-19 19:06:30,pm2.5,64.3
2019-10-19 19:06:30,pm10,70.8
2019-10-19 19:07:30,pm2.5,64.3
2019-10-19 19:07:30,pm10,70.9
2019-10-19 19:08:30,pm2.5,63.5
2019-10-19 19:08:30,pm10,70.0
2019-10-19 19:09:30,pm2.5,63.1
2019-10-19 19:09:30,pm10,69.6
2019-10-19 19:10:30,pm2.5,63.1
2019-10-19 19:10:30,pm10,69.6
2019-10-19 19:11:30,pm2.5,61.7
2019-10-19 19:11:30,pm10,68.0
2019-10-19 19:12:30,pm2.5,60.9
2019-10-19 19:12:30,pm10,67.1
2019-10-19 19:13:30,pm2.5,59.8
2019-10-19 19:13:30,pm10,65.9
2019-10-19 19:14:30,pm2.5,59.9
2019-10-19 19:14:30,pm10,65.9
2019-10-19 19:15:30,pm2.5,58.0
2019-10-19 19:15:30,pm10,63.9
2019-10-19 19:16:30,pm2.5,58.1
2019-10-19 19:16:30,pm10,64.1
2019-10-19 19:17:30,pm2.5,57.3
2019-10-19 19:17:30,pm10,63.2
2019-10-19 19:18:30,pm2.5,56.0
2019-10-19 19:18:30,pm10,61.6
2019-10-19 19:19:30,pm2.5,55.6
2019-10-19 19:19:30,pm10,61.2
2019-10-19 19:20:30,pm2.5,56.0
2019-10-19 19:20:30,pm10,61.7
2019-10-19 19:21:30,pm2.5,55.6
2019-10-19 19:21:30,pm10,61.3
2019-10-19 19:22:30,pm2.5,54.9
2019-10-19 19:22:30,pm10,60.4
2019-10-19 19:23:30,pm2.5,53.6
2019-10-19 19:23:30,pm10,59.0
2019-10-19 19:24:30,pm2.5,54.1
2019-10-19 19:24:30,pm10,59.6
2019-10-19 19:25:30,pm2.5,52.5
2019-10-19 19:25:30,pm10,57.9
2019-10-19 19:26:30,pm2.5,51.2
2019-10-19 19:26:30,pm10,56.4
2019-10-19 19:27:30,pm2.5,52.2
2019-10-19 19:27:30,pm10,57.5
2019-10-19 19:28:30,pm2.5,50.9
2019-10-19 19:28:30,pm10,56.1
2019-10-19 19:29:30,pm2.5,50.4
2019-10-19 19:29:30,pm10,55.4
2019-10-19 19:30:30,pm2.5,50.6
2019-10-19 19:30:30,pm10,55.7
2019-10-19 19:31:30,pm2.5,50.3
2019-10-19 19:31:30,pm10,55.4
2019-10-19 19:32:30,pm2.5,49.1
2019-10-19 19:32:30,pm10,54.1
2019-10-19 19:33:30,pm2.5,48.3
2019-10-19 19:33:30,pm10,53.1
2019-10-19 19:34:30,pm2.5,47.4
2019-10-19 19:34:30,pm10,52.2
2019-10-19 19:35:30,pm2.5,46.6
2019-10-19 19:35:30,pm10,51.3
2019-10-19 19:36:30,pm2.5,46.5
2019-10-19 19:36:30,pm10,51.1
2019-10-19 19:37:30,pm2.5,45.5
2019-10-19 19:37:30,pm10,50.0
2019-10-19 19:38:30,pm2.5,44.6
2019-10-19 19:38:30,pm10,49.1
2019-10-19 19:39:30,pm2.5,45.9
2019-10-19 19:39:30,pm10,50.5
2019-10-19 19:40:30,pm2.5,45.5
2019-10-19 19:40:30,pm10,50.0
2019-10-19 19:41:30,pm2.5,44.2
2019-10-19 19:41:30,pm10,48.6
2019-10-19 19:42:30,pm2.5,44.1
2019-10-19 19:42:30,pm10,48.5
2019-10-19 19:43:30,pm2.5,43.4
2019-10-19 19:43:30,pm10,47.8
2019-10-19 19:44:30,pm2.5,42.3
2019-10-19 19:44:30,pm10,46.6
2019-10-19 19:45:30,pm2.5,42.2
2019-10-19 19:45:30,pm10,46.4
2019-10-19 19:46:30,pm2.5,41.5
2019-10-19 19:46:30,pm10,45.7
2019-10-19 19:47:30,pm2.5,41.1
2019-10-19 19:47:30,pm10,45.1
2019-10-19 19:48:30,pm2.5,41.2
2019-10-19 19:48:30,pm10,45.3
2019-10-19 19:49:30,pm2.5,39.9
2019-10-19 19:49:30,pm10,43.9
2019-10-19 19:50:30,pm2.5,40.3
2019-10-19 19:50:30,pm10,44.3
2019-10-19 19:51:30,pm2.5,39.3
2019-10-19 19:51:30,pm10,43.2
2019-10-19 19:52:30,pm2.5,39.9
2019-10-19 19:52:30,pm10,43.9
2019-10-19 19:53:30,pm2.5,38.5
2019-10-19 19:53:30,pm10,42.4
2019-10-19 19:54:30,pm2.5,38.4
2019-10-19 19:54:30,pm10,42.2
2019-10-19 19:55:30,pm2.5,38.4
2019-10-19 19:55:30,pm10,42.3
2019-10-19 19:56:30,pm2.5,38.3
2019-10-19 19:56:30,pm10,42.1
2019-10-19 19:57:30,pm2.5,37.0
2019-10-19 19:57:30,pm10,40.7
2019-10-19 19:58:30,pm2.5,37.2
2019-10-19 19:58:31,pm10,40.9
2019-10-19 19:59:30,pm2.5,36.6
2019-10-19 19:59:30,pm10,40.3
2019-10-19 20:00:30,pm2.5,35.8
2019-10-19 20:00:30,pm10,39.4
2019-10-19 20:01:30,pm2.5,34.9
2019-10-19 20:01:30,pm10,38.4
2019-10-19 20:02:30,pm2.5,35.8
2019-10-19 20:02:30,pm10,39.4
2019-10-19 20:03:30,pm2.5,34.6
2019-10-19 20:03:30,pm10,38.0
2019-10-19 20:04:30,pm2.5,34.4
2019-10-19 20:04:30,pm10,37.8
2019-10-19 20:05:30,pm2.5,33.7
2019-10-19 20:05:30,pm10,37.0
2019-10-19 20:06:30,pm2.5,33.3
2019-10-19 20:06:30,pm10,36.6
2019-10-19 20:07:30,pm2.5,32.5
2019-10-19 20:07:30,pm10,35.8
2019-10-19 20:08:30,pm2.5,32.8
2019-10-19 20:08:30,pm10,36.1
2019-10-19 20:09:30,pm2.5,32.3
2019-10-19 20:09:30,pm10,35.5
2019-10-19 20:10:30,pm2.5,31.8
2019-10-19 20:10:30,pm10,35.0
2019-10-19 20:11:30,pm2.5,31.4
2019-10-19 20:11:30,pm10,34.5
2019-10-19 20:12:30,pm2.5,31.2
2019-10-19 20:12:30,pm10,34.3
2019-10-19 20:13:30,pm2.5,31.2
2019-10-19 20:13:30,pm10,34.3
2019-10-19 20:14:30,pm2.5,29.9
2019-10-19 20:14:30,pm10,32.9
2019-10-19 20:15:30,pm2.5,30.9
2019-10-19 20:15:30,pm10,33.9
2019-10-19 20:16:30,pm2.5,29.8
2019-10-19 20:16:30,pm10,32.8
2019-10-19 20:17:30,pm2.5,29.8
2019-10-19 20:17:30,pm10,32.8
2019-10-19 20:18:30,pm2.5,29.4
2019-10-19 20:18:30,pm10,32.4
2019-10-19 20:19:30,pm2.5,30.0
2019-10-19 20:19:30,pm10,32.9
2019-10-19 20:20:30,pm2.5,28.8
2019-10-19 20:20:30,pm10,31.6
2019-10-19 20:21:30,pm2.5,29.3
2019-10-19 20:21:30,pm10,32.2
2019-10-19 20:22:30,pm2.5,28.4
2019-10-19 20:22:30,pm10,31.2
2019-10-19 20:23:30,pm2.5,26.7
2019-10-19 20:23:30,pm10,29.4
2019-10-19 20:24:30,pm2.5,27.4
2019-10-19 20:24:30,pm10,30.1
2019-10-19 20:25:30,pm2.5,27.1
2019-10-19 20:25:30,pm10,29.8
2019-10-19 20:26:30,pm2.5,26.4
2019-10-19 20:26:30,pm10,29.1
2019-10-19 20:27:30,pm2.5,25.9
2019-10-19 20:27:30,pm10,28.5
2019-10-19 20:28:30,pm2.5,26.1
2019-10-19 20:28:30,pm10,28.7
2019-10-19 20:29:30,pm2.5,26.5
2019-10-19 20:29:30,pm10,29.1
2019-10-19 20:30:30,pm2.5,25.6
2019-10-19 20:30:30,pm10,28.2
2019-10-19 20:31:30,pm2.5,25.1
2019-10-19 20:31:31,pm10,27.7
2019-10-19 20:32:30,pm2.5,24.6
2019-10-19 20:32:30,pm10,27.1
2019-10-19 20:33:30,pm2.5,24.7
2019-10-19 20:33:31,pm10,27.2
2019-10-19 20:34:30,pm2.5,24.2
2019-10-19 20:34:31,pm10,26.6
2019-10-19 20:35:30,pm2.5,24.7
2019-10-19 20:35:31,pm10,27.2
2019-10-19 20:36:30,pm2.5,23.3
2019-10-19 20:36:31,pm10,25.6
2019-10-19 20:37:30,pm2.5,23.7
2019-10-19 20:37:31,pm10,26.1
2019-10-19 20:38:30,pm2.5,22.7
2019-10-19 20:38:31,pm10,25.0
2019-10-19 20:39:30,pm2.5,22.8
2019-10-19 20:39:31,pm10,25.1
2019-10-19 20:40:30,pm2.5,22.4
2019-10-19 20:40:31,pm10,24.7
2019-10-19 20:41:30,pm2.5,22.9
2019-10-19 20:41:31,pm10,25.2
2019-10-19 20:42:30,pm2.5,22.5
2019-10-19 20:42:31,pm10,24.8
2019-10-19 20:43:30,pm2.5,22.7
2019-10-19 20:43:31,pm10,25.0
2019-10-19 20:44:30,pm2.5,21.3
2019-10-19 20:44:31,pm10,23.4
2019-10-19 20:45:31,pm2.5,21.7
2019-10-19 20:45:31,pm10,23.9
2019-10-19 20:46:31,pm2.5,21.1
2019-10-19 20:46:31,pm10,23.2
2019-10-19 20:47:31,pm2.5,21.4
2019-10-19 20:47:31,pm10,23.6
2019-10-19 20:49:30,pm2.5,21.3
2019-10-19 20:49:30,pm10,23.4
2019-10-19 20:50:30,pm2.5,21.1
2019-10-19 20:50:30,pm10,23.2
2019-10-19 20:51:30,pm2.5,20.6
2019-10-19 20:51:30,pm10,22.7
2019-10-19 20:52:30,pm2.5,20.4
2019-10-19 20:52:30,pm10,22.4
2019-10-19 20:53:30,pm2.5,20.2
2019-10-19 20:53:30,pm10,22.2
2019-10-19 20:54:30,pm2.5,19.8
2019-10-19 20:54:30,pm10,21.8
2019-10-19 20:55:30,pm2.5,19.1
2019-10-19 20:55:30,pm10,21.0
2019-10-19 20:56:30,pm2.5,18.8
2019-10-19 20:56:30,pm10,20.7
2019-10-19 20:57:30,pm2.5,19.1
2019-10-19 20:57:30,pm10,21.0
2019-10-19 20:58:30,pm2.5,18.5
2019-10-19 20:58:30,pm10,20.3
2019-10-19 20:59:30,pm2.5,18.1
2019-10-19 20:59:30,pm10,19.9
2019-10-19 21:00:30,pm2.5,18.7
2019-10-19 21:00:30,pm10,20.6
2019-10-19 21:01:30,pm2.5,17.7
2019-10-19 21:01:30,pm10,19.4
2019-10-19 21:02:30,pm2.5,18.1
2019-10-19 21:02:30,pm10,20.0
2019-10-19 21:03:30,pm2.5,17.8
2019-10-19 21:03:30,pm10,19.6
2019-10-19 21:04:30,pm2.5,17.2
2019-10-19 21:04:30,pm10,19.0
2019-10-19 21:05:30,pm2.5,17.8
2019-10-19 21:05:30,pm10,19.6
2019-10-19 21:06:30,pm2.5,16.5
2019-10-19 21:06:30,pm10,18.2
2019-10-19 21:07:30,pm2.5,17.1
2019-10-19 21:07:30,pm10,18.8
2019-10-19 21:08:30,pm2.5,16.5
2019-10-19 21:08:30,pm10,18.2
2019-10-19 21:09:30,pm2.5,16.7
2019-10-19 21:09:30,pm10,18.4
2019-10-19 21:10:30,pm2.5,16.2
2019-10-19 21:10:30,pm10,17.8
2019-10-19 21:11:30,pm2.5,16.7
2019-10-19 21:11:30,pm10,18.4
2019-10-19 21:12:30,pm2.5,15.6
2019-10-19 21:12:30,pm10,17.2
2019-10-19 21:13:30,pm2.5,16.4
2019-10-19 21:13:30,pm10,18.0
2019-10-19 21:14:30,pm2.5,16.0
2019-10-19 21:14:30,pm10,17.6
2019-10-19 21:15:30,pm2.5,15.7
2019-10-19 21:15:30,pm10,17.3
2019-10-19 21:16:30,pm2.5,15.6
2019-10-19 21:16:30,pm10,17.2
2019-10-19 21:17:30,pm2.5,15.2
2019-10-19 21:17:30,pm10,16.7
2019-10-19 21:18:30,pm2.5,14.8
2019-10-19 21:18:30,pm10,16.3
2019-10-19 21:19:30,pm2.5,15.2
2019-10-19 21:19:30,pm10,16.7
2019-10-19 21:20:30,pm2.5,14.9
2019-10-19 21:20:30,pm10,16.4
2019-10-19 21:21:30,pm2.5,15.1
2019-10-19 21:21:30,pm10,16.6
2019-10-19 21:22:30,pm2.5,14.2
2019-10-19 21:22:30,pm10,15.6
2019-10-19 21:23:30,pm2.5,13.8
2019-10-19 21:23:30,pm10,15.2
2019-10-19 21:24:30,pm2.5,13.6
2019-10-19 21:24:30,pm10,15.0
2019-10-19 21:25:30,pm2.5,14.0
2019-10-19 21:25:30,pm10,15.4
2019-10-19 21:26:30,pm2.5,13.9
2019-10-19 21:26:30,pm10,15.4
2019-10-19 21:27:30,pm2.5,13.9
2019-10-19 21:27:30,pm10,15.3
2019-10-19 21:28:30,pm2.5,13.1
2019-10-19 21:28:30,pm10,14.4
2019-10-19 21:29:30,pm2.5,13.1
2019-10-19 21:29:30,pm10,14.4
2019-10-19 21:30:30,pm2.5,13.0
2019-10-19 21:30:30,pm10,14.3
2019-10-19 21:31:30,pm2.5,12.9
2019-10-19 21:31:30,pm10,14.2
2019-10-19 21:32:30,pm2.5,13.2
2019-10-19 21:32:30,pm10,14.6
2019-10-19 21:33:30,pm2.5,12.5
2019-10-19 21:33:30,pm10,13.7
2019-10-19 21:34:30,pm2.5,12.9
2019-10-19 21:34:31,pm10,14.2
2019-10-19 21:35:30,pm2.5,12.2
2019-10-19 21:35:30,pm10,13.4
2019-10-19 21:36:30,pm2.5,12.3
2019-10-19 21:36:30,pm10,13.6
2019-10-19 21:37:30,pm2.5,12.7
2019-10-19 21:37:30,pm10,14.0
2019-10-19 21:38:30,pm2.5,12.7
2019-10-19 21:38:30,pm10,14.0
2019-10-19 21:39:30,pm2.5,12.3
2019-10-19 21:39:30,pm10,13.5
2019-10-19 21:40:30,pm2.5,11.7
2019-10-19 21:40:30,pm10,12.9
2019-10-19 21:41:30,pm2.5,12.0
2019-10-19 21:41:30,pm10,13.2
2019-10-19 21:42:30,pm2.5,11.6
2019-10-19 21:42:30,pm10,12.8
2019-10-19 21:43:30,pm2.5,11.2
2019-10-19 21:43:30,pm10,12.4
2019-10-19 21:44:30,pm2.5,11.9
2019-10-19 21:44:30,pm10,13.1
2019-10-19 21:45:30,pm2.5,11.3
2019-10-19 21:45:30,pm10,12.5
2019-10-19 21:46:30,pm2.5,11.5
2019-10-19 21:46:30,pm10,12.7
2019-10-19 21:47:30,pm2.5,10.8
2019-10-19 21:47:30,pm10,11.9
2019-10-19 21:48:30,pm2.5,10.6
2019-10-19 21:48:30,pm10,11.7
2019-10-19 21:49:30,pm2.5,10.5
2019-10-19 21:49:30,pm10,11.6
2019-10-19 21:50:30,pm2.5,10.9
2019-10-19 21:50:30,pm10,12.0
2019-10-19 21:51:30,pm2.5,10.7
2019-10-19 21:51:30,pm10,11.8
2019-10-19 21:52:30,pm2.5,10.7
2019-10-19 21:52:30,pm10,11.8
2019-10-19 21:53:30,pm2.5,10.3
2019-10-19 21:53:30,pm10,11.4
2019-10-19 21:54:30,pm2.5,9.8
2019-10-19 21:54:30,pm10,10.8
2019-10-19 21:55:30,pm2.5,10.2
2019-10-19 21:55:30,pm10,11.3
2019-10-19 21:56:30,pm2.5,9.3
2019-10-19 21:56:30,pm10,10.3
2019-10-19 21:57:30,pm2.5,9.9
2019-10-19 21:57:30,pm10,11.0
2019-10-19 21:58:30,pm2.5,9.8
2019-10-19 21:58:30,pm10,10.8
2019-10-19 21:59:30,pm2.5,9.8
2019-10-19 21:59:30,pm10,10.8
2019-10-19 22:00:30,pm2.5,9.4
2019-10-19 22:00:30,pm10,10.4
2019-10-19 22:01:30,pm2.5,9.4
2019-10-19 22:01:30,pm10,10.4
2019-10-19 22:02:30,pm2.5,9.2
2019-10-19 22:02:30,pm10,10.2
2019-10-19 22:03:30,pm2.5,9.0
2019-10-19 22:03:30,pm10,9.9
2019-10-19 22:04:30,pm2.5,8.6
2019-10-19 22:04:30,pm10,9.5
2019-10-19 22:05:30,pm2.5,8.8
2019-10-19 22:05:30,pm10,9.7
2019-10-19 22:06:30,pm2.5,8.8
2019-10-19 22:06:30,pm10,9.7
2019-10-19 22:07:30,pm2.5,8.5
2019-10-19 22:07:30,pm10,9.4
2019-10-19 22:08:30,pm2.5,8.9
2019-10-19 22:08:30,pm10,9.8
2019-10-19 22:09:30,pm2.5,8.4
2019-10-19 22:09:30,pm10,9.3
2019-10-19 22:10:30,pm2.5,8.4
2019-10-19 22:10:30,pm10,9.3
2019-10-19 22:11:30,pm2.5,8.6
2019-10-19 22:11:30,pm10,9.5
2019-10-19 22:12:30,pm2.5,7.5
2019-10-19 22:12:30,pm10,8.3
2019-10-19 22:13:30,pm2.5,8.2
2019-10-19 22:13:30,pm10,9.0
2019-10-19 22:14:30,pm2.5,8.4
2019-10-19 22:14:30,pm10,9.3
2019-10-19 22:15:30,pm2.5,7.7
2019-10-19 22:15:30,pm10,8.5
2019-10-19 22:16:30,pm2.5,7.9
2019-10-19 22:16:30,pm10,8.7
2019-10-19 22:17:30,pm2.5,7.9
2019-10-19 22:17:30,pm10,8.7
2019-10-19 22:18:30,pm2.5,8.0
2019-10-19 22:18:30,pm10,8.9
2019-10-19 22:19:30,pm2.5,7.5
2019-10-19 22:19:30,pm10,8.3
2019-10-19 22:20:30,pm2.5,7.6
2019-10-19 22:20:30,pm10,8.4
2019-10-19 22:21:30,pm2.5,7.5
2019-10-19 22:21:30,pm10,8.3
2019-10-19 22:22:30,pm2.5,7.2
2019-10-19 22:22:30,pm10,8.0
2019-10-19 22:23:30,pm2.5,7.3
2019-10-19 22:23:30,pm10,8.1
2019-10-19 22:24:30,pm2.5,7.1
2019-10-19 22:24:30,pm10,7.9
2019-10-19 22:25:30,pm2.5,7.2
2019-10-19 22:25:30,pm10,8.0
2019-10-19 22:26:30,pm2.5,7.2
2019-10-19 22:26:30,pm10,8.0
2019-10-19 22:27:30,pm2.5,6.9
2019-10-19 22:27:30,pm10,7.6
2019-10-19 22:28:30,pm2.5,6.9
2019-10-19 22:28:30,pm10,7.6
2019-10-19 22:29:30,pm2.5,6.6
2019-10-19 22:29:30,pm10,7.3
2019-10-19 22:30:30,pm2.5,6.6
2019-10-19 22:30:30,pm10,7.3
2019-10-19 22:31:30,pm2.5,6.5
2019-10-19 22:31:30,pm10,7.2
2019-10-19 22:32:30,pm2.5,6.5
2019-10-19 22:32:30,pm10,7.2
2019-10-19 22:33:30,pm2.5,6.5
2019-10-19 22:33:30,pm10,7.2
2019-10-19 22:34:30,pm2.5,6.4
2019-10-19 22:34:30,pm10,7.1
2019-10-19 22:35:30,pm2.5,6.6
2019-10-19 22:35:30,pm10,7.3
2019-10-19 22:36:30,pm2.5,6.5
2019-10-19 22:36:30,pm10,7.2
2019-10-19 22:37:30,pm2.5,6.0
2019-10-19 22:37:30,pm10,6.6
2019-10-19 22:38:30,pm2.5,5.9
2019-10-19 22:38:30,pm10,6.5
2019-10-19 22:39:30,pm2.5,5.9
2019-10-19 22:39:30,pm10,6.6
2019-10-19 22:40:30,pm2.5,6.3
2019-10-19 22:40:30,pm10,7.0
2019-10-19 22:41:30,pm2.5,5.7
2019-10-19 22:41:30,pm10,6.3
2019-10-19 22:42:30,pm2.5,6.0
2019-10-19 22:42:30,pm10,6.6
2019-10-19 22:43:30,pm2.5,5.9
2019-10-19 22:43:30,pm10,6.5
2019-10-19 22:44:30,pm2.5,5.7
2019-10-19 22:44:30,pm10,6.3
2019-10-19 22:45:30,pm2.5,5.7
2019-10-19 22:45:30,pm10,6.3
2019-10-19 22:46:30,pm2.5,5.5
2019-10-19 22:46:30,pm10,6.1
2019-10-19 22:47:30,pm2.5,5.2
2019-10-19 22:47:30,pm10,5.8
2019-10-19 22:48:30,pm2.5,5.5
2019-10-19 22:48:30,pm10,6.1
2019-10-19 22:49:30,pm2.5,5.5
2019-10-19 22:49:30,pm10,6.1
2019-10-19 22:50:30,pm2.5,5.4
2019-10-19 22:50:30,pm10,6.0
2019-10-19 22:51:30,pm2.5,5.8
2019-10-19 22:51:30,pm10,6.4
2019-10-19 22:52:30,pm2.5,5.1
2019-10-19 22:52:30,pm10,5.7
2019-10-19 22:53:30,pm2.5,5.4
2019-10-19 22:53:30,pm10,6.0
2019-10-19 22:54:30,pm2.5,5.3
2019-10-19 22:54:30,pm10,5.9
2019-10-19 22:55:30,pm2.5,5.1
2019-10-19 22:55:30,pm10,5.6
2019-10-19 22:56:30,pm2.5,5.1
2019-10-19 22:56:30,pm10,5.7
2019-10-19 22:57:30,pm2.5,5.0
2019-10-19 22:57:31,pm10,5.5
2019-10-19 22:58:30,pm2.5,4.9
2019-10-19 22:58:30,pm10,5.5
2019-10-19 22:59:30,pm2.5,5.0
2019-10-19 22:59:30,pm10,5.5
2019-10-19 23:00:30,pm2.5,4.9
2019-10-19 23:00:30,pm10,5.4
2019-10-19 23:01:30,pm2.5,4.6
2019-10-19 23:01:30,pm10,5.1
2019-10-19 23:02:30,pm2.5,4.6
2019-10-19 23:02:30,pm10,5.1
2019-10-19 23:03:30,pm2.5,4.6
2019-10-19 23:03:30,pm10,5.1
2019-10-19 23:04:30,pm2.5,4.8
2019-10-19 23:04:30,pm10,5.3
2019-10-19 23:05:30,pm2.5,4.5
2019-10-19 23:05:30,pm10,5.0
2019-10-19 23:06:30,pm2.5,4.2
2019-10-19 23:06:30,pm10,4.6
2019-10-19 23:07:30,pm2.5,4.6
2019-10-19 23:07:31,pm10,5.1
2019-10-19 23:08:30,pm2.5,4.3
2019-10-19 23:08:30,pm10,4.7
2019-10-19 23:09:30,pm2.5,4.3
2019-10-19 23:09:30,pm10,4.7
2019-10-19 23:10:30,pm2.5,4.4
2019-10-19 23:10:30,pm10,4.9
2019-10-19 23:11:30,pm2.5,4.6
2019-10-19 23:11:30,pm10,5.1
2019-10-19 23:12:30,pm2.5,4.2
2019-10-19 23:12:30,pm10,4.6
2019-10-19 23:13:30,pm2.5,4.4
2019-10-19 23:13:30,pm10,4.9
2019-10-19 23:14:30,pm2.5,3.9
2019-10-19 23:14:30,pm10,4.3
2019-10-19 23:15:30,pm2.5,4.0
2019-10-19 23:15:30,pm10,4.4
2019-10-19 23:16:30,pm2.5,4.1
2019-10-19 23:16:30,pm10,4.5
2019-10-19 23:17:30,pm2.5,4.2
2019-10-19 23:17:30,pm10,4.6
2019-10-19 23:18:30,pm2.5,3.8
2019-10-19 23:18:30,pm10,4.2
2019-10-19 23:19:30,pm2.5,3.8
2019-10-19 23:19:30,pm10,4.2
2019-10-19 23:20:30,pm2.5,4.1
2019-10-19 23:20:30,pm10,4.5
2019-10-19 23:21:30,pm2.5,3.6
2019-10-19 23:21:30,pm10,3.9
2019-10-19 23:22:30,pm2.5,3.5
2019-10-19 23:22:30,pm10,3.8
2019-10-19 23:23:30,pm2.5,3.6
2019-10-19 23:23:30,pm10,3.9
2019-10-19 23:24:30,pm2.5,3.7
2019-10-19 23:24:30,pm10,4.1
2019-10-19 23:25:30,pm2.5,3.7
2019-10-19 23:25:30,pm10,4.1
2019-10-19 23:26:30,pm2.5,3.9
2019-10-19 23:26:30,pm10,4.3
2019-10-19 23:27:30,pm2.5,3.5
2019-10-19 23:27:30,pm10,3.9
2019-10-19 23:28:30,pm2.5,3.7
2019-10-19 23:28:30,pm10,4.1
2019-10-19 23:29:30,pm2.5,3.6
2019-10-19 23:29:30,pm10,4.0
2019-10-19 23:30:30,pm2.5,3.4
2019-10-19 23:30:30,pm10,3.8
2019-10-19 23:31:30,pm2.5,3.4
2019-10-19 23:31:31,pm10,3.7
2019-10-19 23:32:30,pm2.5,3.5
2019-10-19 23:32:30,pm10,3.8
2019-10-19 23:33:30,pm2.5,3.3
2019-10-19 23:33:30,pm10,3.6
2019-10-19 23:34:30,pm2.5,3.1
2019-10-19 23:34:30,pm10,3.4
2019-10-19 23:35:30,pm2.5,3.4
2019-10-19 23:35:30,pm10,3.7
2019-10-19 23:36:30,pm2.5,3.3
2019-10-19 23:36:30,pm10,3.7
2019-10-19 23:37:30,pm2.5,3.2
2019-10-19 23:37:30,pm10,3.5
2019-10-19 23:38:30,pm2.5,3.0
2019-10-19 23:38:30,pm10,3.3
2019-10-19 23:39:30,pm2.5,3.0
2019-10-19 23:39:31,pm10,3.3
2019-10-19 23:40:30,pm2.5,3.3
2019-10-19 23:40:30,pm10,3.6
2019-10-19 23:41:30,pm2.5,3.0
2019-10-19 23:41:30,pm10,3.3
2019-10-19 23:42:30,pm2.5,2.9
2019-10-19 23:42:30,pm10,3.2
2019-10-19 23:43:30,pm2.5,3.0
2019-10-19 23:43:30,pm10,3.3
2019-10-19 23:44:30,pm2.5,3.0
2019-10-19 23:44:30,pm10,3.3
2019-10-19 23:45:30,pm2.5,3.0
2019-10-19 23:45:30,pm10,3.3
2019-10-19 23:46:30,pm2.5,2.8
2019-10-19 23:46:30,pm10,3.1
2019-10-19 23:47:30,pm2.5,2.8
2019-10-19 23:47:30,pm10,3.1
2019-10-19 23:48:30,pm2.5,3.0
2019-10-19 23:48:30,pm10,3.3
2019-10-19 23:49:30,pm2.5,2.8
2019-10-19 23:49:30,pm10,3.1
2019-10-19 23:50:30,pm2.5,2.8
2019-10-19 23:50:30,pm10,3.1
2019-10-19 23:51:30,pm2.5,2.7
2019-10-19 23:51:30,pm10,3.0
2019-10-19 23:52:30,pm2.5,2.7
2019-10-19 23:52:30,pm10,2.9
2019-10-19 23:53:30,pm2.5,2.7
2019-10-19 23:53:31,pm10,3.0
2019-10-19 23:54:30,pm2.5,2.6
2019-10-19 23:54:30,pm10,2.8
2019-10-19 23:55:30,pm2.5,2.7
2019-10-19 23:55:31,pm10,3.0
2019-10-19 23:56:30,pm2.5,2.5
2019-10-19 23:56:30,pm10,2.7
2019-10-19 23:57:30,pm2.5,2.9
2019-10-19 23:57:30,pm10,3.2
2019-10-19 23:58:30,pm2.5,2.6
2019-10-19 23:58:30,pm10,2.8
2019-10-19 23:59:30,pm2.5,2.3
2019-10-19 23:59:30,pm10,2.5
2019-10-20 00:00:30,pm2.5,2.5
2019-10-20 00:00:31,pm10,2.7
2019-10-20 00:01:30,pm2.5,2.5
2019-10-20 00:01:30,pm10,2.7
2019-10-20 00:02:30,pm2.5,2.4
2019-10-20 00:02:30,pm10,2.6
2019-10-20 00:03:30,pm2.5,2.3
2019-10-20 00:03:30,pm10,2.5
2019-10-20 00:04:30,pm2.5,2.3
2019-10-20 00:04:30,pm10,2.5
2019-10-20 00:05:30,pm2.5,2.3
2019-10-20 00:05:30,pm10,2.5
2019-10-20 00:06:30,pm2.5,2.4
2019-10-20 00:06:30,pm10,2.6
2019-10-20 00:07:30,pm2.5,2.3
2019-10-20 00:07:30,pm10,2.5
2019-10-20 00:08:30,pm2.5,2.1
2019-10-20 00:08:30,pm10,2.3
2019-10-20 00:09:30,pm2.5,2.1
2019-10-20 00:09:30,pm10,2.3
2019-10-20 00:10:30,pm2.5,2.3
2019-10-20 00:10:30,pm10,2.5
2019-10-20 00:11:30,pm2.5,2.2
2019-10-20 00:11:30,pm10,2.4
2019-10-20 00:12:30,pm2.5,2.3
2019-10-20 00:12:30,pm10,2.5
2019-10-20 00:13:30,pm2.5,2.3
2019-10-20 00:13:30,pm10,2.5
2019-10-20 00:14:30,pm2.5,2.0
2019-10-20 00:14:30,pm10,2.2
2019-10-20 00:15:30,pm2.5,2.2
2019-10-20 00:15:30,pm10,2.4
2019-10-20 00:16:30,pm2.5,2.0
2019-10-20 00:16:30,pm10,2.2
2019-10-20 00:17:30,pm2.5,2.1
2019-10-20 00:17:30,pm10,2.3
2019-10-20 00:18:30,pm2.5,2.1
2019-10-20 00:18:30,pm10,2.3
2019-10-20 00:19:30,pm2.5,1.9
2019-10-20 00:19:30,pm10,2.1
2019-10-20 00:20:30,pm2.5,2.1
2019-10-20 00:20:30,pm10,2.3
2019-10-20 00:21:30,pm2.5,2.0
2019-10-20 00:21:30,pm10,2.2
2019-10-20 00:22:30,pm2.5,2.0
2019-10-20 00:22:30,pm10,2.2
2019-10-20 00:23:30,pm2.5,2.0
2019-10-20 00:23:30,pm10,2.2
2019-10-20 00:24:30,pm2.5,1.8
2019-10-20 00:24:30,pm10,2.0
2019-10-20 00:25:30,pm2.5,1.9
2019-10-20 00:25:30,pm10,2.1
2019-10-20 00:26:30,pm2.5,1.8
2019-10-20 00:26:30,pm10,2.0
2019-10-20 00:27:30,pm2.5,1.9
2019-10-20 00:27:30,pm10,2.1
2019-10-20 00:28:30,pm2.5,1.9
2019-10-20 00:28:30,pm10,2.1
2019-10-20 00:29:30,pm2.5,1.6
2019-10-20 00:29:30,pm10,1.7
2019-10-20 00:30:30,pm2.5,1.8
2019-10-20 00:30:31,pm10,2.0
2019-10-20 00:31:30,pm2.5,1.6
2019-10-20 00:31:30,pm10,1.7
2019-10-20 00:32:30,pm2.5,1.8
2019-10-20 00:32:30,pm10,2.0
2019-10-20 00:33:30,pm2.5,1.7
2019-10-20 00:33:30,pm10,1.8
2019-10-20 00:34:30,pm2.5,1.7
2019-10-20 00:34:30,pm10,1.8
2019-10-20 00:35:30,pm2.5,1.6
2019-10-20 00:35:30,pm10,1.7
2019-10-20 00:36:30,pm2.5,1.6
2019-10-20 00:36:30,pm10,1.7
2019-10-20 00:37:30,pm2.5,1.6
2019-10-20 00:37:30,pm10,1.7
2019-10-20 00:38:30,pm2.5,1.5
2019-10-20 00:38:30,pm10,1.6
2019-10-20 00:39:30,pm2.5,1.5
2019-10-20 00:39:30,pm10,1.6
2019-10-20 00:40:30,pm2.5,1.4
2019-10-20 00:40:30,pm10,1.5
2019-10-20 00:41:30,pm2.5,1.6
2019-10-20 00:41:30,pm10,1.7
2019-10-20 00:42:30,pm2.5,1.7
2019-10-20 00:42:30,pm10,1.8
2019-10-20 00:43:30,pm2.5,1.5
2019-10-20 00:43:30,pm10,1.6
2019-10-20 00:44:30,pm2.5,1.6
2019-10-20 00:44:30,pm10,1.7
2019-10-20 00:45:30,pm2.5,1.4
2019-10-20 00:45:30,pm10,1.5
2019-10-20 00:46:30,pm2.5,1.5
2019-10-20 00:46:30,pm10,1.6
2019-10-20 00:47:30,pm2.5,1.4
2019-10-20 00:47:31,pm10,1.5
2019-10-20 00:48:30,pm2.5,1.4
2019-10-20 00:48:30,pm10,1.5
2019-10-20 00:49:30,pm2.5,1.5
2019-10-20 00:49:30,pm10,1.6
2019-10-20 00:50:30,pm2.5,1.7
2019-10-20 00:50:30,pm10,1.8
2019-10-20 00:51:30,pm2.5,1.3
2019-10-20 00:51:30,pm10,1.4
2019-10-20 00:52:30,pm2.5,1.7
2019-10-20 00:52:30,pm10,1.8
2019-10-20 00:53:30,pm2.5,1.6
2019-10-20 00:53:30,pm10,1.7
2019-10-20 00:54:30,pm2.5,1.3
2019-10-20 00:54:30,pm10,1.4
2019-10-20 00:55:30,pm2.5,1.5
2019-10-20 00:55:30,pm10,1.6
2019-10-20 00:56:30,pm2.5,1.5
2019-10-20 00:56:30,pm10,1.6
2019-10-20 00:57:30,pm2.5,1.2
2019-10-20 00:57:30,pm10,1.3
2019-10-20 00:58:30,pm2.5,1.3
2019-10-20 00:58:30,pm10,1.4
2019-10-20 00:59:30,pm2.5,1.3
2019-10-20 00:59:30,pm10,1.4
2019-10-20 01:00:30,pm2.5,1.3
2019-10-20 01:00:30,pm10,1.4
2019-10-20 01:01:30,pm2.5,1.2
2019-10-20 01:01:30,pm10,1.3
2019-10-20 01:02:30,pm2.5,1.1
2019-10-20 01:02:30,pm10,1.2
2019-10-20 01:03:30,pm2.5,1.4
2019-10-20 01:03:31,pm10,1.5
2019-10-20 01:04:30,pm2.5,1.1
2019-10-20 01:04:30,pm10,1.2
2019-10-20 01:05:30,pm2.5,1.1
2019-10-20 01:05:30,pm10,1.2
2019-10-20 01:06:30,pm2.5,1.1
2019-10-20 01:06:30,pm10,1.2
2019-10-20 01:07:30,pm2.5,1.2
2019-10-20 01:07:30,pm10,1.3
2019-10-20 01:08:30,pm2.5,1.3
2019-10-20 01:08:30,pm10,1.4
2019-10-20 01:09:30,pm2.5,1.2
2019-10-20 01:09:30,pm10,1.3
2019-10-20 01:10:30,pm2.5,1.2
2019-10-20 01:10:30,pm10,1.3
2019-10-20 01:11:30,pm2.5,1.3
2019-10-20 01:11:30,pm10,1.4
2019-10-20 01:12:30,pm2.5,1.1
2019-10-20 01:12:30,pm10,1.2
2019-10-20 01:13:30,pm2.5,1.2
2019-10-20 01:13:30,pm10,1.3
2019-10-20 01:14:30,pm2.5,1.1
2019-10-20 01:14:30,pm10,1.2
2019-10-20 01:15:30,pm2.5,1.2
2019-10-20 01:15:30,pm10,1.3
2019-10-20 01:16:30,pm2.5,1.1
2019-10-20 01:16:30,pm10,1.2
2019-10-20 01:17:30,pm2.5,1.1
2019-10-20 01:17:30,pm10,1.2
2019-10-20 01:18:30,pm2.5,1.0
2019-10-20 01:18:30,pm10,1.1
2019-10-20 01:19:30,pm2.5,1.0
2019-10-20 01:19:30,pm10,1.1
2019-10-20 01:20:30,pm2.5,1.0
2019-10-20 01:20:30,pm10,1.1
2019-10-20 01:21:30,pm2.5,1.2
2019-10-20 01:21:30,pm10,1.3
2019-10-20 01:22:30,pm2.5,1.1
2019-10-20 01:22:30,pm10,1.2
2019-10-20 01:23:30,pm2.5,1.1
2019-10-20 01:23:30,pm10,1.2
2019-10-20 01:24:30,pm2.5,1.1
2019-10-20 01:24:30,pm10,1.2
2019-10-20 01:25:30,pm2.5,1.1
2019-10-20 01:25:30,pm10,1.2
2019-10-20 01:26:30,pm2.5,0.9
2019-10-20 01:26:30,pm10,1.0
2019-10-20 01:27:30,pm2.5,1.1
2019-10-20 01:27:30,pm10,1.2
2019-10-20 01:28:30,pm2.5,0.9
2019-10-20 01:28:30,pm10,0.9
2019-10-20 01:29:30,pm2.5,1.0
2019-10-20 01:29:30,pm10,1.1
2019-10-20 01:30:30,pm2.5,1.0
2019-10-20 01:30:30,pm10,1.1
2019-10-20 01:31:30,pm2.5,0.9
2019-10-20 01:31:30,pm10,1.0
2019-10-20 01:32:30,pm2.5,0.9
2019-10-20 01:32:30,pm10,1.0
2019-10-20 01:33:30,pm2.5,1.0
2019-10-20 01:33:30,pm10,1.1
2019-10-20 01:34:30,pm2.5,1.0
2019-10-20 01:34:30,pm10,1.1
2019-10-20 01:35:30,pm2.5,1.0
2019-10-20 01:35:30,pm10,1.1
2019-10-20 01:36:30,pm2.5,0.8
2019-10-20 01:36:30,pm10,0.8
2019-10-20 01:37:30,pm2.5,0.8
2019-10-20 01:37:30,pm10,0.8
2019-10-20 01:38:30,pm2.5,0.9
2019-10-20 01:38:30,pm10,1.0
2019-10-20 01:39:30,pm2.5,0.8
2019-10-20 01:39:30,pm10,0.8
2019-10-20 01:40:30,pm2.5,0.8
2019-10-20 01:40:30,pm10,0.8
2019-10-20 01:41:30,pm2.5,0.8
2019-10-20 01:41:30,pm10,0.8
2019-10-20 01:42:30,pm2.5,1.0
2019-10-20 01:42:30,pm10,1.1
2019-10-20 01:43:30,pm2.5,0.8
2019-10-20 01:43:30,pm10,0.8
2019-10-20 01:44:30,pm2.5,0.8
2019-10-20 01:44:31,pm10,0.8
2019-10-20 01:45:30,pm2.5,0.8
2019-10-20 01:45:30,pm10,0.8
2019-10-20 01:46:30,pm2.5,0.9
2019-10-20 01:46:30,pm10,1.0
2019-10-20 01:47:30,pm2.5,0.8
2019-10-20 01:47:30,pm10,0.8
2019-10-20 01:48:30,pm2.5,0.8
2019-10-20 01:48:30,pm10,0.8
2019-10-20 01:49:30,pm2.5,0.8
2019-10-20 01:49:30,pm10,0.8
2019-10-20 01:50:30,pm2.5,0.9
2019-10-20 01:50:30,pm10,1.0
2019-10-20 01:51:30,pm2.5,0.7
2019-10-20 01:51:30,pm10,0.7
2019-10-20 01:52:30,pm2.5,0.8
2019-10-20 01:52:30,pm10,0.8
2019-10-20 01:53:30,pm2.5,0.8
2019-10-20 01:53:30,pm10,0.8
2019-10-20 01:54:30,pm2.5,0.6
2019-10-20 01:54:30,pm10,0.6
2019-10-20 01:55:30,pm2.5,0.8
2019-10-20 01:55:30,pm10,0.8
2019-10-20 01:56:30,pm2.5,0.7
2019-10-20 01:56:30,pm10,0.7
2019-10-20 01:57:30,pm2.5,0.7
2019-10-20 01:57:30,pm10,0.7
2019-10-20 01:58:30,pm2.5,0.7
2019-10-20 01:58:30,pm10,0.7
2019-10-20 01:59:30,pm2.5,0.6
2019-10-20 01:59:30,pm10,0.6
2019-10-20 02:00:30,pm2.5,0.7
2019-10-20 02:00:30,pm10,0.7
2019-10-20 02:01:30,pm2.5,0.7
2019-10-20 02:01:30,pm10,0.7
2019-10-20 02:02:30,pm2.5,0.6
2019-10-20 02:02:30,pm10,0.6
2019-10-20 02:03:30,pm2.5,0.6
2019-10-20 02:03:30,pm10,0.6
2019-10-20 02:04:30,pm2.5,0.8
2019-10-20 02:04:30,pm10,0.8
2019-10-20 02:05:30,pm2.5,0.7
2019-10-20 02:05:31,pm10,0.7
2019-10-20 02:06:30,pm2.5,0.6
2019-10-20 02:06:30,pm10,0.6
2019-10-20 02:07:30,pm2.5,0.6
2019-10-20 02:07:30,pm10,0.6
2019-10-20 02:08:30,pm2.5,0.6
2019-10-20 02:08:30,pm10,0.6
2019-10-20 02:09:30,pm2.5,0.6
2019-10-20 02:09:30,pm10,0.6
2019-10-20 02:10:30,pm2.5,0.7
2019-10-20 02:10:30,pm10,0.7
2019-10-20 02:11:30,pm2.5,0.6
2019-10-20 02:11:30,pm10,0.6
2019-10-20 02:12:30,pm2.5,0.6
2019-10-20 02:12:30,pm10,0.6
2019-10-20 02:13:30,pm2.5,0.6
2019-10-20 02:13:30,pm10,0.6
2019-10-20 02:14:30,pm2.5,0.5
2019-10-20 02:14:30,pm10,0.5
2019-10-20 02:15:30,pm2.5,0.6
2019-10-20 02:15:30,pm10,0.6
2019-10-20 02:16:30,pm2.5,0.6
2019-10-20 02:16:30,pm10,0.6
2019-10-20 02:17:30,pm2.5,0.7
2019-10-20 02:17:30,pm10,0.7
2019-10-20 02:18:30,pm2.5,0.5
2019-10-20 02:18:30,pm10,0.5
2019-10-20 02:19:30,pm2.5,0.7
2019-10-20 02:19:30,pm10,0.7
2019-10-20 02:20:30,pm2.5,0.6
2019-10-20 02:20:30,pm10,0.6
2019-10-20 02:21:30,pm2.5,0.5
2019-10-20 02:21:30,pm10,0.5
2019-10-20 02:22:30,pm2.5,0.6
2019-10-20 02:22:30,pm10,0.6
2019-10-20 02:23:30,pm2.5,0.5
2019-10-20 02:23:30,pm10,0.5
2019-10-20 02:24:30,pm2.5,0.6
2019-10-20 02:24:30,pm10,0.6
2019-10-20 02:25:30,pm2.5,0.6
2019-10-20 02:25:30,pm10,0.6
2019-10-20 02:26:30,pm2.5,0.5
2019-10-20 02:26:30,pm10,0.5
2019-10-20 02:27:30,pm2.5,0.5
2019-10-20 02:27:30,pm10,0.5
2019-10-20 02:28:30,pm2.5,0.5
2019-10-20 02:28:30,pm10,0.5
2019-10-20 02:29:30,pm2.5,0.5
2019-10-20 02:29:30,pm10,0.5
2019-10-20 02:30:30,pm2.5,0.4
2019-10-20 02:30:30,pm10,0.4
2019-10-20 02:31:30,pm2.5,0.5
2019-10-20 02:31:30,pm10,0.5
2019-10-20 02:32:30,pm2.5,0.5
2019-10-20 02:32:30,pm10,0.5
2019-10-20 02:33:30,pm2.5,0.5
2019-10-20 02:33:30,pm10,0.5
2019-10-20 02:34:30,pm2.5,0.5
2019-10-20 02:34:30,pm10,0.5
2019-10-20 02:35:30,pm2.5,0.5
2019-10-20 02:35:30,pm10,0.5
2019-10-20 02:36:30,pm2.5,0.4
2019-10-20 02:36:30,pm10,0.4
2019-10-20 02:37:30,pm2.5,0.5
2019-10-20 02:37:30,pm10,0.5
2019-10-20 02:38:30,pm2.5,0.4
2019-10-20 02:38:30,pm10,0.4
2019-10-20 02:39:30,pm2.5,0.5
2019-10-20 02:39:30,pm10,0.5
2019-10-20 02:40:30,pm2.5,0.4
2019-10-20 02:40:30,pm10,0.4
2019-10-20 02:41:30,pm2.5,0.5
2019-10-20 02:41:30,pm10,0.5
2019-10-20 02:42:30,pm2.5,0.5
2019-10-20 02:42:30,pm10,0.5
2019-10-20 02:43:30,pm2.5,0.4
2019-10-20 02:43:30,pm10,0.4
2019-10-20 02:44:30,pm2.5,0.3
2019-10-20 02:44:30,pm10,0.3
2019-10-20 02:45:30,pm2.5,0.4
2019-10-20 02:45:30,pm10,0.4
2019-10-20 02:46:30,pm2.5,0.4
2019-10-20 02:46:30,pm10,0.4
2019-10-20 02:47:30,pm2.5,0.4
2019-10-20 02:47:30,pm10,0.4
2019-10-20 02:48:30,pm2.5,0.4
2019-10-20 02:48:30,pm10,0.4
2019-10-20 02:49:30,pm2.5,0.4
2019-10-20 02:49:30,pm10,0.4
2019-10-20 02:50:30,pm2.5,0.3
2019-10-20 02:50:30,pm10,0.3
2019-10-20 02:51:30,pm2.5,0.4
2019-10-20 02:51:30,pm10,0.4
2019-10-20 02:52:30,pm2.5,0.4
2019-10-20 02:52:30,pm10,0.4
2019-10-20 02:53:30,pm2.5,0.4
2019-10-20 02:53:30,pm10,0.4
2019-10-20 02:54:30,pm2.5,0.3
2019-10-20 02:54:30,pm10,0.3
2019-10-20 02:55:30,pm2.5,0.4
2019-10-20 02:55:30,pm10,0.4
2019-10-20 02:56:30,pm2.5,0.4
2019-10-20 02:56:30,pm10,0.4
2019-10-20 02:57:30,pm2.5,0.4
2019-10-20 02:57:30,pm10,0.4
2019-10-20 02:58:30,pm2.5,0.3
2019-10-20 02:58:30,pm10,0.3
2019-10-20 02:59:30,pm2.5,0.4
2019-10-20 02:59:30,pm10,0.4
2019-10-20 03:00:30,pm2.5,0.4
2019-10-20 03:00:30,pm10,0.4
2019-10-20 03:01:30,pm2.5,0.4
2019-10-20 03:01:30,pm10,0.4
2019-10-20 03:02:30,pm2.5,0.3
2019-10-20 03:02:31,pm10,0.3
2019-10-20 03:03:30,pm2.5,0.3
2019-10-20 03:03:31,pm10,0.3
2019-10-20 03:04:30,pm2.5,0.3
2019-10-20 03:04:30,pm10,0.3
2019-10-20 03:05:30,pm2.5,0.3
2019-10-20 03:05:31,pm10,0.3
2019-10-20 03:06:30,pm2.5,0.3
2019-10-20 03:06:31,pm10,0.3
2019-10-20 03:07:30,pm2.5,0.3
2019-10-20 03:07:30,pm10,0.3
2019-10-20 03:08:30,pm2.5,0.3
2019-10-20 03:08:30,pm10,0.3
2019-10-20 03:09:30,pm2.5,0.3
2019-10-20 03:09:30,pm10,0.3
2019-10-20 03:10:30,pm2.5,0.3
2019-10-20 03:10:31,pm10,0.3
2019-10-20 03:11:30,pm2.5,0.3
2019-10-20 03:11:30,pm10,0.3
2019-10-20 03:12:30,pm2.5,0.3
2019-10-20 03:12:31,pm10,0.3
2019-10-20 03:13:30,pm2.5,0.3
2019-10-20 03:13:31,pm10,0.3
2019-10-20 03:14:30,pm2.5,0.4
2019-10-20 03:14:31,pm10,0.4
2019-10-20 03:15:30,pm2.5,0.3
2019-10-20 03:15:31,pm10,0.3
2019-10-20 03:16:30,pm2.5,0.2
2019-10-20 03:16:31,pm10,0.2
2019-10-20 03:17:30,pm2.5,0.3
2019-10-20 03:17:31,pm10,0.3
2019-10-20 03:18:30,pm2.5,0.3
2019-10-20 03:18:31,pm10,0.3
2019-10-20 03:19:30,pm2.5,0.3
2019-10-20 03:19:31,pm10,0.3
2019-10-20 03:20:30,pm2.5,0.3
2019-10-20 03:20:31,pm10,0.3
2019-10-20 03:21:30,pm2.5,0.3
2019-10-20 03:21:31,pm10,0.3
2019-10-20 03:22:31,pm2.5,0.3
2019-10-20 03:22:31,pm10,0.3
2019-10-20 03:23:31,pm2.5,0.3
2019-10-20 03:23:31,pm10,0.3
2019-10-20 03:24:31,pm2.5,0.3
2019-10-20 03:24:31,pm10,0.3
2019-10-20 03:25:31,pm2.5,0.3
2019-10-20 03:25:31,pm10,0.3
2019-10-20 03:27:30,pm2.5,0.3
2019-10-20 03:27:30,pm10,0.3
2019-10-20 03:28:30,pm2.5,0.2
2019-10-20 03:28:30,pm10,0.2
2019-10-20 03:29:30,pm2.5,0.2
2019-10-20 03:29:30,pm10,0.2
2019-10-20 03:30:30,pm2.5,0.3
2019-10-20 03:30:30,pm10,0.3
2019-10-20 03:31:30,pm2.5,0.3
2019-10-20 03:31:30,pm10,0.3
2019-10-20 03:32:30,pm2.5,0.3
2019-10-20 03:32:30,pm10,0.3
2019-10-20 03:33:30,pm2.5,0.3
2019-10-20 03:33:30,pm10,0.3
2019-10-20 03:34:30,pm2.5,0.3
2019-10-20 03:34:30,pm10,0.3
2019-10-20 03:35:30,pm2.5,0.2
2019-10-20 03:35:30,pm10,0.2
2019-10-20 03:36:30,pm2.5,0.2
2019-10-20 03:36:30,pm10,0.2
2019-10-20 03:37:30,pm2.5,0.3
2019-10-20 03:37:30,pm10,0.3
2019-10-20 03:38:30,pm2.5,0.2
2019-10-20 03:38:30,pm10,0.2
2019-10-20 03:39:30,pm2.5,0.2
2019-10-20 03:39:30,pm10,0.2
2019-10-20 03:40:30,pm2.5,0.2
2019-10-20 03:40:30,pm10,0.2
2019-10-20 03:41:30,pm2.5,0.2
2019-10-20 03:41:30,pm10,0.2
2019-10-20 03:42:30,pm2.5,0.2
2019-10-20 03:42:30,pm10,0.2
2019-10-20 03:43:30,pm2.5,0.2
2019-10-20 03:43:30,pm10,0.2
2019-10-20 03:44:30,pm2.5,0.2
2019-10-20 03:44:30,pm10,0.2
2019-10-20 03:45:30,pm2.5,0.2
2019-10-20 03:45:30,pm10,0.2
2019-10-20 03:46:30,pm2.5,0.2
2019-10-20 03:46:30,pm10,0.2
2019-10-20 03:47:30,pm2.5,0.2
2019-10-20 03:47:30,pm10,0.2
2019-10-20 03:48:30,pm2.5,0.2
2019-10-20 03:48:30,pm10,0.2
2019-10-20 03:49:30,pm2.5,0.2
2019-10-20 03:49:30,pm10,0.2
2019-10-20 03:50:30,pm2.5,0.2
2019-10-20 03:50:30,pm10,0.2
2019-10-20 03:51:30,pm2.5,0.2
2019-10-20 03:51:30,pm10,0.2
2019-10-20 03:52:30,pm2.5,0.2
2019-10-20 03:52:30,pm10,0.2
2019-10-20 03:53:30,pm2.5,0.2
2019-10-20 03:53:30,pm10,0.2
2019-10-20 03:54:30,pm2.5,0.2
2019-10-20 03:54:30,pm10,0.2
2019-10-20 03:55:30,pm2.5,0.2
2019-10-20 03:55:30,pm10,0.2
2019-10-20 03:56:30,pm2.5,0.2
2019-10-20 03:56:30,pm10,0.2
2019-10-20 03:57:30,pm2.5,0.2
2019-10-20 03:57:30,pm10,0.2
2019-10-20 03:58:30,pm2.5,0.2
2019-10-20 03:58:30,pm10,0.2
2019-10-20 03:59:30,pm2.5,0.1
2019-10-20 03:59:30,pm10,0.1
2019-10-20 04:00:30,pm2.5,0.2
2019-10-20 04:00:30,pm10,0.2
2019-10-20 04:01:30,pm2.5,0.2
2019-10-20 04:01:30,pm10,0.2
2019-10-20 04:02:30,pm2.5,0.2
2019-10-20 04:02:30,pm10,0.2
2019-10-20 04:03:30,pm2.5,0.2
2019-10-20 04:03:30,pm10,0.2
2019-10-20 04:04:30,pm2.5,0.2
2019-10-20 04:04:30,pm10,0.2
2019-10-20 04:05:30,pm2.5,0.1
2019-10-20 04:05:30,pm10,0.1
2019-10-20 04:06:30,pm2.5,0.1
2019-10-20 04:06:30,pm10,0.1
2019-10-20 04:07:30,pm2.5,0.2
2019-10-20 04:07:30,pm10,0.2
2019-10-20 04:08:30,pm2.5,0.2
2019-10-20 04:08:30,pm10,0.2
2019-10-20 04:09:30,pm2.5,0.2
2019-10-20 04:09:30,pm10,0.2
2019-10-20 04:10:30,pm2.5,0.1
2019-10-20 04:10:30,pm10,0.1
2019-10-20 04:11:30,pm2.5,0.2
2019-10-20 04:11:30,pm10,0.2
2019-10-20 04:12:30,pm2.5,0.2
2019-10-20 04:12:30,pm10,0.2
2019-10-20 04:13:30,pm2.5,0.2
2019-10-20 04:13:30,pm10,0.2
2019-10-20 04:14:30,pm2.5,0.2
2019-10-20 04:14:30,pm10,0.2
2019-10-20 04:15:30,pm2.5,0.1
2019-10-20 04:15:30,pm10,0.1
2019-10-20 04:16:30,pm2.5,0.2
2019-10-20 04:16:30,pm10,0.2
2019-10-20 04:17:30,pm2.5,0.2
2019-10-20 04:17:30,pm10,0.2
2019-10-20 04:18:30,pm2.5,0.2
2019-10-20 04:18:30,pm10,0.2
2019-10-20 04:19:30,pm2.5,0.1
2019-10-20 04:19:30,pm10,0.1
2019-10-20 04:20:30,pm2.5,0.2
2019-10-20 04:20:30,pm10,0.2
2019-10-20 04:21:30,pm2.5,0.2
2019-10-20 04:21:30,pm10,0.2
2019-10-20 04:22:30,pm2.5,0.2
2019-10-20 04:22:30,pm10,0.2
2019-10-20 04:23:30,pm2.5,0.1
2019-10-20 04:23:30,pm10,0.1
2019-10-20 04:24:30,pm2.5,0.2
2019-10-20 04:24:30,pm10,0.2
2019-10-20 04:25:30,pm2.5,0.1
2019-10-20 04:25:30,pm10,0.1
2019-10-20 04:26:30,pm2.5,0.2
2019-10-20 04:26:30,pm10,0.2
2019-10-20 04:27:30,pm2.5,0.2
2019-10-20 04:27:30,pm10,0.5
2019-10-20 04:28:30,pm2.5,0.1
2019-10-20 04:28:30,pm10,0.1
2019-10-20 04:29:30,pm2.5,0.1
2019-10-20 04:29:30,pm10,0.1
2019-10-20 04:30:30,pm2.5,0.1
2019-10-20 04:30:30,pm10,0.1
2019-10-20 04:31:30,pm2.5,0.1
2019-10-20 04:31:30,pm10,0.1
2019-10-20 04:32:30,pm2.5,0.2
2019-10-20 04:32:30,pm10,0.2
2019-10-20 04:33:30,pm2.5,0.1
2019-10-20 04:33:30,pm10,0.1
2019-10-20 04:34:30,pm2.5,0.2
2019-10-20 04:34:30,pm10,0.2
2019-10-20 04:35:30,pm2.5,0.2
2019-10-20 04:35:30,pm10,0.2
2019-10-20 04:36:30,pm2.5,0.2
2019-10-20 04:36:30,pm10,0.2
2019-10-20 04:37:30,pm2.5,0.2
2019-10-20 04:37:30,pm10,0.2
2019-10-20 04:38:30,pm2.5,0.2
2019-10-20 04:38:30,pm10,0.2
2019-10-20 04:39:30,pm2.5,0.1
2019-10-20 04:39:30,pm10,0.1
2019-10-20 04:40:30,pm2.5,0.1
2019-10-20 04:40:30,pm10,0.1
2019-10-20 04:41:30,pm2.5,0.1
2019-10-20 04:41:30,pm10,0.1
2019-10-20 04:42:30,pm2.5,0.1
2019-10-20 04:42:30,pm10,0.1
2019-10-20 04:43:30,pm2.5,0.1
2019-10-20 04:43:30,pm10,0.1
2019-10-20 04:44:30,pm2.5,0.1
2019-10-20 04:44:30,pm10,0.1
2019-10-20 04:45:30,pm2.5,0.2
2019-10-20 04:45:30,pm10,0.2
2019-10-20 04:46:30,pm2.5,0.1
2019-10-20 04:46:30,pm10,0.1
2019-10-20 04:47:30,pm2.5,0.1
2019-10-20 04:47:30,pm10,0.1
2019-10-20 04:48:30,pm2.5,0.1
2019-10-20 04:48:30,pm10,0.1
2019-10-20 04:49:30,pm2.5,0.1
2019-10-20 04:49:30,pm10,0.1
2019-10-20 04:50:30,pm2.5,0.2
2019-10-20 04:50:30,pm10,0.2
2019-10-20 04:51:30,pm2.5,0.1
2019-10-20 04:51:30,pm10,0.1
2019-10-20 04:52:30,pm2.5,0.1
2019-10-20 04:52:30,pm10,0.1
2019-10-20 04:53:30,pm2.5,0.1
2019-10-20 04:53:30,pm10,0.1
2019-10-20 04:54:30,pm2.5,0.2
2019-10-20 04:54:30,pm10,0.2
2019-10-20 04:55:30,pm2.5,0.1
2019-10-20 04:55:30,pm10,0.1
2019-10-20 04:56:30,pm2.5,0.1
2019-10-20 04:56:30,pm10,0.1
2019-10-20 04:57:30,pm2.5,0.1
2019-10-20 04:57:30,pm10,0.1
2019-10-20 04:58:30,pm2.5,0.1
2019-10-20 04:58:30,pm10,0.1
2019-10-20 04:59:30,pm2.5,0.1
2019-10-20 04:59:30,pm10,0.1
2019-10-20 05:00:30,pm2.5,0.1
2019-10-20 05:00:30,pm10,0.1
2019-10-20 05:01:30,pm2.5,0.1
2019-10-20 05:01:30,pm10,0.1
2019-10-20 05:02:30,pm2.5,0.1
2019-10-20 05:02:30,pm10,0.1
2019-10-20 05:03:30,pm2.5,0.1
2019-10-20 05:03:30,pm10,0.1
2019-10-20 05:04:30,pm2.5,0.1
2019-10-20 05:04:30,pm10,0.1
2019-10-20 05:05:30,pm2.5,0.1
2019-10-20 05:05:30,pm10,0.1
2019-10-20 05:06:30,pm2.5,0.1
2019-10-20 05:06:30,pm10,0.1
2019-10-20 05:07:30,pm2.5,0.1
2019-10-20 05:07:30,pm10,0.1
2019-10-20 05:08:30,pm2.5,0.1
2019-10-20 05:08:30,pm10,0.1
2019-10-20 05:09:30,pm2.5,0.1
2019-10-20 05:09:30,pm10,0.1
2019-10-20 05:10:30,pm2.5,0.1
2019-10-20 05:10:30,pm10,0.1
2019-10-20 05:11:30,pm2.5,0.1
2019-10-20 05:11:30,pm10,0.1
2019-10-20 05:12:30,pm2.5,0.2
2019-10-20 05:12:30,pm10,0.2
2019-10-20 05:13:30,pm2.5,0.1
2019-10-20 05:13:30,pm10,0.1
2019-10-20 05:14:30,pm2.5,0.1
2019-10-20 05:14:30,pm10,0.1
2019-10-20 05:15:30,pm2.5,0.1
2019-10-20 05:15:30,pm10,0.1
2019-10-20 05:16:30,pm2.5,0.1
2019-10-20 05:16:30,pm10,0.1
2019-10-20 05:17:30,pm2.5,0.1
2019-10-20 05:17:30,pm10,0.1
2019-10-20 05:18:30,pm2.5,0.1
2019-10-20 05:18:30,pm10,0.1
2019-10-20 05:19:30,pm2.5,0.1
2019-10-20 05:19:30,pm10,0.1
2019-10-20 05:20:30,pm2.5,0.1
2019-10-20 05:20:30,pm10,0.1
2019-10-20 05:21:30,pm2.5,0.1
2019-10-20 05:21:30,pm10,0.1
2019-10-20 05:22:30,pm2.5,0.1
2019-10-20 05:22:30,pm10,0.1
2019-10-20 05:23:30,pm2.5,0.1
2019-10-20 05:23:30,pm10,0.1
2019-10-20 05:24:30,pm2.5,0.1
2019-10-20 05:24:30,pm10,0.1
2019-10-20 05:25:30,pm2.5,0.1
2019-10-20 05:25:30,pm10,0.1
2019-10-20 05:26:30,pm2.5,0.1
2019-10-20 05:26:30,pm10,0.1
2019-10-20 05:27:30,pm2.5,0.1
2019-10-20 05:27:30,pm10,0.1
2019-10-20 05:28:30,pm2.5,0.1
2019-10-20 05:28:30,pm10,0.1
2019-10-20 05:29:30,pm2.5,0.1
2019-10-20 05:29:30,pm10,0.1
2019-10-20 05:30:30,pm2.5,0.1
2019-10-20 05:30:30,pm10,0.1
2019-10-20 05:31:30,pm2.5,0.1
2019-10-20 05:31:30,pm10,0.1
2019-10-20 05:32:30,pm2.5,0.1
2019-10-20 05:32:30,pm10,0.1
2019-10-20 05:33:30,pm2.5,0.1
2019-10-20 05:33:30,pm10,0.1
2019-10-20 05:34:30,pm2.5,0.1
2019-10-20 05:34:30,pm10,0.1
2019-10-20 05:35:30,pm2.5,0.1
2019-10-20 05:35:31,pm10,0.1
2019-10-20 05:36:30,pm2.5,0.1
2019-10-20 05:36:30,pm10,0.1
2019-10-20 05:37:30,pm2.5,0.1
2019-10-20 05:37:30,pm10,0.1
2019-10-20 05:38:30,pm2.5,0.1
2019-10-20 05:38:30,pm10,0.1
2019-10-20 05:39:30,pm2.5,0.1
2019-10-20 05:39:30,pm10,0.1
2019-10-20 05:40:30,pm2.5,0.1
2019-10-20 05:40:30,pm10,0.1
2019-10-20 05:41:30,pm2.5,0.1
2019-10-20 05:41:30,pm10,0.1
2019-10-20 05:42:30,pm2.5,0.0
2019-10-20 05:42:30,pm10,0.0
2019-10-20 05:43:30,pm2.5,0.1
2019-10-20 05:43:31,pm10,0.1
2019-10-20 05:44:30,pm2.5,0.1
2019-10-20 05:44:30,pm10,0.1
2019-10-20 05:45:30,pm2.5,0.1
2019-10-20 05:45:30,pm10,0.1
2019-10-20 05:46:30,pm2.5,0.1
2019-10-20 05:46:30,pm10,0.1
2019-10-20 05:47:30,pm2.5,0.1
2019-10-20 05:47:30,pm10,0.3
2019-10-20 05:48:30,pm2.5,0.1
2019-10-20 05:48:30,pm10,0.1
2019-10-20 05:49:30,pm2.5,0.1
2019-10-20 05:49:30,pm10,0.1
2019-10-20 05:50:30,pm2.5,0.1
2019-10-20 05:50:30,pm10,0.1
2019-10-20 05:51:30,pm2.5,0.1
2019-10-20 05:51:31,pm10,0.1
2019-10-20 05:52:30,pm2.5,0.0
2019-10-20 05:52:30,pm10,0.0
2019-10-20 05:53:30,pm2.5,0.1
2019-10-20 05:53:30,pm10,0.1
2019-10-20 05:54:30,pm2.5,0.1
2019-10-20 05:54:30,pm10,0.1
2019-10-20 05:55:30,pm2.5,0.1
2019-10-20 05:55:31,pm10,0.1
2019-10-20 05:56:30,pm2.5,0.1
2019-10-20 05:56:31,pm10,0.1
2019-10-20 05:57:30,pm2.5,0.0
2019-10-20 05:57:31,pm10,0.0
2019-10-20 05:58:30,pm2.5,0.1
2019-10-20 05:58:30,pm10,0.1
2019-10-20 05:59:30,pm2.5,0.0
2019-10-20 05:59:31,pm10,0.0
2019-10-20 06:00:30,pm2.5,0.1
2019-10-20 06:00:30,pm10,0.1
2019-10-20 06:01:30,pm2.5,0.1
2019-10-20 06:01:30,pm10,0.1
2019-10-20 06:02:30,pm2.5,0.1
2019-10-20 06:02:30,pm10,0.1
2019-10-20 06:03:30,pm2.5,0.1
2019-10-20 06:03:30,pm10,0.1
2019-10-20 06:04:30,pm2.5,0.1
2019-10-20 06:04:30,pm10,0.1
2019-10-20 06:05:30,pm2.5,0.1
2019-10-20 06:05:31,pm10,0.1
2019-10-20 06:06:30,pm2.5,0.1
2019-10-20 06:06:31,pm10,0.1
2019-10-20 06:07:30,pm2.5,0.1
2019-10-20 06:07:31,pm10,0.1
2019-10-20 06:08:30,pm2.5,0.1
2019-10-20 06:08:30,pm10,0.1
2019-10-20 06:09:30,pm2.5,0.1
2019-10-20 06:09:31,pm10,0.1
2019-10-20 06:10:30,pm2.5,0.0
2019-10-20 06:10:31,pm10,0.0
2019-10-20 06:11:30,pm2.5,0.1
2019-10-20 06:11:31,pm10,0.1
2019-10-20 06:12:30,pm2.5,0.1
2019-10-20 06:12:31,pm10,0.1
2019-10-20 06:13:30,pm2.5,0.0
2019-10-20 06:13:31,pm10,0.0
2019-10-20 06:14:30,pm2.5,0.1
2019-10-20 06:14:31,pm10,0.1
2019-10-20 06:15:30,pm2.5,0.1
2019-10-20 06:15:31,pm10,0.1
2019-10-20 06:16:30,pm2.5,0.1
2019-10-20 06:16:31,pm10,0.1
2019-10-20 06:17:30,pm2.5,0.1
2019-10-20 06:17:31,pm10,0.1
2019-10-20 06:18:30,pm2.5,0.1
2019-10-20 06:18:31,pm10,0.1
2019-10-20 06:19:30,pm2.5,0.1
2019-10-20 06:19:31,pm10,0.1
2019-10-20 06:20:30,pm2.5,0.1
2019-10-20 06:20:31,pm10,0.1
2019-10-20 06:21:31,pm2.5,0.1
2019-10-20 06:21:31,pm10,0.1
2019-10-20 06:22:31,pm2.5,0.0
2019-10-20 06:22:31,pm10,0.0
2019-10-20 06:24:30,pm2.5,0.1
2019-10-20 06:24:30,pm10,0.1
2019-10-20 06:25:30,pm2.5,0.1
2019-10-20 06:25:30,pm10,0.1
2019-10-20 06:26:30,pm2.5,0.0
2019-10-20 06:26:30,pm10,0.0
2019-10-20 06:27:30,pm2.5,0.0
2019-10-20 06:27:30,pm10,0.0
2019-10-20 06:28:30,pm2.5,0.1
2019-10-20 06:28:30,pm10,0.1
2019-10-20 06:29:30,pm2.5,0.1
2019-10-20 06:29:30,pm10,0.1
2019-10-20 06:30:30,pm2.5,0.1
2019-10-20 06:30:30,pm10,0.1
2019-10-20 06:31:30,pm2.5,0.0
2019-10-20 06:31:30,pm10,0.0
2019-10-20 06:32:30,pm2.5,0.1
2019-10-20 06:32:30,pm10,0.1
2019-10-20 06:33:30,pm2.5,0.1
2019-10-20 06:33:30,pm10,0.1
2019-10-20 06:34:30,pm2.5,0.1
2019-10-20 06:34:30,pm10,0.1
2019-10-20 06:35:30,pm2.5,0.0
2019-10-20 06:35:30,pm10,0.0
2019-10-20 06:36:30,pm2.5,0.1
2019-10-20 06:36:30,pm10,0.1
2019-10-20 06:37:30,pm2.5,0.0
2019-10-20 06:37:30,pm10,0.0
2019-10-20 06:38:30,pm2.5,0.0
2019-10-20 06:38:30,pm10,0.0
2019-10-20 06:39:30,pm2.5,0.1
2019-10-20 06:39:30,pm10,0.1
2019-10-20 06:40:30,pm2.5,0.0
2019-10-20 06:40:30,pm10,0.0
2019-10-20 06:41:30,pm2.5,0.1
2019-10-20 06:41:30,pm10,0.1
2019-10-20 06:42:30,pm2.5,0.0
2019-10-20 06:42:30,pm10,0.0
2019-10-20 06:43:30,pm2.5,0.0
2019-10-20 06:43:30,pm10,0.0
2019-10-20 06:44:30,pm2.5,0.1
2019-10-20 06:44:30,pm10,0.1
2019-10-20 06:45:30,pm2.5,0.0
2019-10-20 06:45:30,pm10,0.0
2019-10-20 06:46:30,pm2.5,0.1
2019-10-20 06:46:30,pm10,0.1
2019-10-20 06:47:30,pm2.5,0.1
2019-10-20 06:47:30,pm10,0.1
2019-10-20 06:48:30,pm2.5,0.0
2019-10-20 06:48:30,pm10,0.0
2019-10-20 06:49:30,pm2.5,0.0
2019-10-20 06:49:30,pm10,0.0
2019-10-20 06:50:30,pm2.5,0.0
2019-10-20 06:50:30,pm10,0.0
2019-10-20 06:51:30,pm2.5,0.0
2019-10-20 06:51:30,pm10,0.0
2019-10-20 06:52:30,pm2.5,0.1
2019-10-20 06:52:30,pm10,0.1
2019-10-20 06:53:30,pm2.5,0.0
2019-10-20 06:53:30,pm10,0.0
2019-10-20 06:54:30,pm2.5,0.1
2019-10-20 06:54:30,pm10,0.1
2019-10-20 06:55:30,pm2.5,0.0
2019-10-20 06:55:30,pm10,0.0
2019-10-20 06:56:30,pm2.5,0.0
2019-10-20 06:56:30,pm10,0.0
2019-10-20 06:57:30,pm2.5,0.0
2019-10-20 06:57:30,pm10,0.0
2019-10-20 06:58:30,pm2.5,0.1
2019-10-20 06:58:30,pm10,0.1
2019-10-20 06:59:30,pm2.5,0.0
2019-10-20 06:59:30,pm10,0.0
2019-10-20 07:00:30,pm2.5,0.1
2019-10-20 07:00:30,pm10,0.1
2019-10-20 07:01:30,pm2.5,0.1
2019-10-20 07:01:30,pm10,0.1
2019-10-20 07:02:30,pm2.5,0.0
2019-10-20 07:02:30,pm10,0.0
2019-10-20 07:03:30,pm2.5,0.1
2019-10-20 07:03:30,pm10,0.1
2019-10-20 07:04:30,pm2.5,0.1
2019-10-20 07:04:30,pm10,0.1
2019-10-20 07:05:30,pm2.5,0.1
2019-10-20 07:05:30,pm10,0.1
2019-10-20 07:06:30,pm2.5,0.0
2019-10-20 07:06:30,pm10,0.0
2019-10-20 07:07:30,pm2.5,0.1
2019-10-20 07:07:30,pm10,0.1
2019-10-20 07:08:30,pm2.5,0.1
2019-10-20 07:08:30,pm10,0.1
2019-10-20 07:09:30,pm2.5,0.0
2019-10-20 07:09:30,pm10,0.0
2019-10-20 07:10:30,pm2.5,0.0
2019-10-20 07:10:30,pm10,0.0
2019-10-20 07:11:30,pm2.5,0.0
2019-10-20 07:11:30,pm10,0.0
2019-10-20 07:12:30,pm2.5,0.1
2019-10-20 07:12:30,pm10,0.1
2019-10-20 07:13:30,pm2.5,0.1
2019-10-20 07:13:30,pm10,0.1
2019-10-20 07:14:30,pm2.5,0.0
2019-10-20 07:14:30,pm10,0.0
2019-10-20 07:15:30,pm2.5,0.0
2019-10-20 07:15:30,pm10,0.0
2019-10-20 07:16:30,pm2.5,0.1
2019-10-20 07:16:30,pm10,0.1
2019-10-20 07:17:30,pm2.5,0.0
2019-10-20 07:17:30,pm10,0.0
2019-10-20 07:18:30,pm2.5,0.1
2019-10-20 07:18:30,pm10,0.1
2019-10-20 07:19:30,pm2.5,0.0
2019-10-20 07:19:30,pm10,0.0
2019-10-20 07:20:30,pm2.5,0.0
2019-10-20 07:20:30,pm10,0.0
2019-10-20 07:21:30,pm2.5,0.1
2019-10-20 07:21:30,pm10,0.1
2019-10-20 07:22:30,pm2.5,0.0
2019-10-20 07:22:30,pm10,0.0
2019-10-20 07:23:30,pm2.5,0.1
2019-10-20 07:23:30,pm10,0.1
2019-10-20 07:24:30,pm2.5,0.0
2019-10-20 07:24:30,pm10,0.0
2019-10-20 07:25:30,pm2.5,0.1
2019-10-20 07:25:30,pm10,0.1
2019-10-20 07:26:30,pm2.5,0.0
2019-10-20 07:26:30,pm10,0.0
2019-10-20 07:27:30,pm2.5,0.1
2019-10-20 07:27:30,pm10,0.1
2019-10-20 07:28:30,pm2.5,0.1
2019-10-20 07:28:30,pm10,0.1
2019-10-20 07:29:30,pm2.5,0.1
2019-10-20 07:29:30,pm10,0.1
2019-10-20 07:30:30,pm2.5,0.0
2019-10-20 07:30:30,pm10,0.0
2019-10-20 07:31:30,pm2.5,0.1
2019-10-20 07:31:30,pm10,0.1
2019-10-20 07:32:30,pm2.5,0.1
2019-10-20 07:32:30,pm10,0.1
2019-10-20 07:33:30,pm2.5,0.0
2019-10-20 07:33:30,pm10,0.0
2019-10-20 07:34:30,pm2.5,0.0
2019-10-20 07:34:30,pm10,0.0
2019-10-20 07:35:30,pm2.5,0.0
2019-10-20 07:35:30,pm10,0.0
2019-10-20 07:36:30,pm2.5,0.1
2019-10-20 07:36:30,pm10,0.1
2019-10-20 07:37:30,pm2.5,0.1
2019-10-20 07:37:30,pm10,0.1
2019-10-20 07:38:30,pm2.5,0.1
2019-10-20 07:38:30,pm10,0.1
2019-10-20 07:39:30,pm2.5,0.1
2019-10-20 07:39:30,pm10,0.1
2019-10-20 07:40:30,pm2.5,0.0
2019-10-20 07:40:30,pm10,0.0
2019-10-20 07:41:30,pm2.5,0.0
2019-10-20 07:41:30,pm10,0.0
2019-10-20 07:42:30,pm2.5,0.1
2019-10-20 07:42:30,pm10,0.1
2019-10-20 07:43:30,pm2.5,0.0
2019-10-20 07:43:30,pm10,0.0
2019-10-20 07:44:30,pm2.5,0.1
2019-10-20 07:44:30,pm10,0.1
2019-10-20 07:45:30,pm2.5,0.1
2019-10-20 07:45:30,pm10,0.1
2019-10-20 07:46:30,pm2.5,0.0
2019-10-20 07:46:30,pm10,0.0
2019-10-20 07:47:30,pm2.5,0.1
2019-10-20 07:47:30,pm10,0.1
2019-10-20 07:48:30,pm2.5,0.0
2019-10-20 07:48:30,pm10,0.0
2019-10-20 07:49:30,pm2.5,0.1
2019-10-20 07:49:30,pm10,0.1
2019-10-20 07:50:30,pm2.5,0.0
2019-10-20 07:50:30,pm10,0.0
2019-10-20 07:51:30,pm2.5,0.0
2019-10-20 07:51:30,pm10,0.0
2019-10-20 07:52:30,pm2.5,0.1
2019-10-20 07:52:30,pm10,0.1
2019-10-20 07:53:30,pm2.5,0.0
2019-10-20 07:53:30,pm10,0.0
2019-10-20 07:54:30,pm2.5,0.0
2019-10-20 07:54:30,pm10,0.0
2019-10-20 07:55:30,pm2.5,0.1
2019-10-20 07:55:30,pm10,0.1
2019-10-20 07:56:30,pm2.5,0.1
2019-10-20 07:56:30,pm10,0.1
2019-10-20 07:57:30,pm2.5,0.1
2019-10-20 07:57:30,pm10,0.1
2019-10-20 07:58:30,pm2.5,0.0
2019-10-20 07:58:30,pm10,0.0
2019-10-20 07:59:30,pm2.5,0.0
2019-10-20 07:59:30,pm10,0.0
2019-10-20 08:00:30,pm2.5,0.1
2019-10-20 08:00:30,pm10,0.1
2019-10-20 08:01:30,pm2.5,0.0
2019-10-20 08:01:30,pm10,0.0
2019-10-20 08:02:30,pm2.5,0.1
2019-10-20 08:02:30,pm10,0.1
2019-10-20 08:03:30,pm2.5,0.1
2019-10-20 08:03:30,pm10,0.1
2019-10-20 08:04:30,pm2.5,0.0
2019-10-20 08:04:30,pm10,0.0
2019-10-20 08:05:30,pm2.5,0.1
2019-10-20 08:05:30,pm10,0.1
2019-10-20 08:06:30,pm2.5,0.0
2019-10-20 08:06:30,pm10,0.0
2019-10-20 08:07:30,pm2.5,0.1
2019-10-20 08:07:30,pm10,0.1
2019-10-20 08:08:30,pm2.5,0.1
2019-10-20 08:08:30,pm10,0.1
2019-10-20 08:09:30,pm2.5,0.0
2019-10-20 08:09:30,pm10,0.0
2019-10-20 08:10:30,pm2.5,0.1
2019-10-20 08:10:30,pm10,0.1
2019-10-20 08:11:30,pm2.5,0.1
2019-10-20 08:11:30,pm10,0.1
2019-10-20 08:12:30,pm2.5,0.1
2019-10-20 08:12:30,pm10,0.1
2019-10-20 08:13:30,pm2.5,0.1
2019-10-20 08:13:30,pm10,0.1
2019-10-20 08:14:30,pm2.5,0.1
2019-10-20 08:14:30,pm10,0.1
2019-10-20 08:15:30,pm2.5,0.0
2019-10-20 08:15:30,pm10,0.0
2019-10-20 08:16:30,pm2.5,0.1
2019-10-20 08:16:30,pm10,0.1
2019-10-20 08:17:30,pm2.5,0.0
2019-10-20 08:17:30,pm10,0.0
2019-10-20 08:18:30,pm2.5,0.1
2019-10-20 08:18:30,pm10,0.1
2019-10-20 08:19:30,pm2.5,0.0
2019-10-20 08:19:30,pm10,0.0
2019-10-20 08:20:30,pm2.5,0.1
2019-10-20 08:20:30,pm10,0.1
2019-10-20 08:21:30,pm2.5,0.1
2019-10-20 08:21:30,pm10,0.1
2019-10-20 08:22:30,pm2.5,0.1
2019-10-20 08:22:30,pm10,0.1
2019-10-20 08:23:30,pm2.5,0.1
2019-10-20 08:23:30,pm10,0.1
2019-10-20 08:24:30,pm2.5,0.0
2019-10-20 08:24:30,pm10,0.0
2019-10-20 08:26:30,pm2.5,0.0
2019-10-20 08:26:30,pm10,0.0
2019-10-20 08:27:30,pm2.5,0.0
2019-10-20 08:27:30,pm10,0.0
2019-10-20 08:28:31,pm2.5,0.1
2019-10-20 08:28:31,pm10,0.1
2019-10-20 08:29:31,pm2.5,0.1
2019-10-20 08:29:31,pm10,0.1
2019-10-20 08:30:31,pm2.5,0.1
2019-10-20 08:30:31,pm10,0.1
2019-10-20 08:31:31,pm2.5,0.0
2019-10-20 08:31:31,pm10,0.0
2019-10-20 08:32:30,pm2.5,0.0
2019-10-20 08:32:31,pm10,0.0
2019-10-20 08:33:31,pm2.5,0.1
2019-10-20 08:33:31,pm10,0.1
2019-10-20 08:34:31,pm2.5,0.0
2019-10-20 08:34:31,pm10,0.0
2019-10-20 08:35:31,pm2.5,0.0
2019-10-20 08:35:31,pm10,0.0
2019-10-20 08:36:30,pm2.5,0.0
2019-10-20 08:36:31,pm10,0.0
2019-10-20 08:37:31,pm2.5,0.1
2019-10-20 08:37:31,pm10,0.1
2019-10-20 08:38:31,pm2.5,0.1
2019-10-20 08:38:31,pm10,0.1
2019-10-20 08:39:30,pm2.5,0.0
2019-10-20 08:39:31,pm10,0.0
2019-10-20 08:40:30,pm2.5,0.1
2019-10-20 08:40:31,pm10,0.1
2019-10-20 08:41:30,pm2.5,0.1
2019-10-20 08:41:31,pm10,0.1
2019-10-20 08:42:30,pm2.5,0.0
2019-10-20 08:42:31,pm10,0.0
2019-10-20 08:43:30,pm2.5,0.0
2019-10-20 08:43:31,pm10,0.0
2019-10-20 08:44:30,pm2.5,0.1
2019-10-20 08:44:31,pm10,0.1
2019-10-20 08:45:30,pm2.5,0.0
2019-10-20 08:45:31,pm10,0.0
2019-10-20 08:46:30,pm2.5,0.1
2019-10-20 08:46:31,pm10,0.1
2019-10-20 08:47:30,pm2.5,0.1
2019-10-20 08:47:31,pm10,0.1
2019-10-20 08:48:30,pm2.5,0.0
2019-10-20 08:48:31,pm10,0.0
2019-10-20 08:49:30,pm2.5,0.0
2019-10-20 08:49:31,pm10,0.0
2019-10-20 08:50:30,pm2.5,0.0
2019-10-20 08:50:31,pm10,0.0
2019-10-20 08:51:30,pm2.5,0.0
2019-10-20 08:51:31,pm10,0.0
2019-10-20 08:52:30,pm2.5,0.0
2019-10-20 08:52:30,pm10,0.0
2019-10-20 08:53:30,pm2.5,0.0
2019-10-20 08:53:30,pm10,0.0
2019-10-20 08:54:30,pm2.5,0.0
2019-10-20 08:54:30,pm10,0.0
2019-10-20 08:55:30,pm2.5,0.0
2019-10-20 08:55:30,pm10,0.0
2019-10-20 08:56:30,pm2.5,0.1
2019-10-20 08:56:30,pm10,0.1
2019-10-20 08:57:30,pm2.5,0.0
2019-10-20 08:57:30,pm10,0.0
2019-10-20 08:58:30,pm2.5,0.1
2019-10-20 08:58:30,pm10,0.1
2019-10-20 08:59:30,pm2.5,0.1
2019-10-20 08:59:30,pm10,0.1
2019-10-20 09:00:30,pm2.5,0.0
2019-10-20 09:00:30,pm10,0.0
2019-10-20 09:01:30,pm2.5,0.1
2019-10-20 09:01:30,pm10,0.1
2019-10-20 09:02:30,pm2.5,0.0
2019-10-20 09:02:30,pm10,0.0
2019-10-20 09:03:30,pm2.5,0.1
2019-10-20 09:03:30,pm10,0.1
2019-10-20 09:04:30,pm2.5,0.0
2019-10-20 09:04:30,pm10,0.0
2019-10-20 09:05:30,pm2.5,0.1
2019-10-20 09:05:30,pm10,0.1
2019-10-20 09:06:30,pm2.5,0.1
2019-10-20 09:06:30,pm10,0.1
2019-10-20 09:07:30,pm2.5,0.0
2019-10-20 09:07:30,pm10,0.0
2019-10-20 09:08:30,pm2.5,0.1
2019-10-20 09:08:30,pm10,0.1
2019-10-20 09:09:30,pm2.5,0.0
2019-10-20 09:09:30,pm10,0.0
2019-10-20 09:10:30,pm2.5,0.1
2019-10-20 09:10:30,pm10,0.1
2019-10-20 09:11:30,pm2.5,0.1
2019-10-20 09:11:30,pm10,0.1
2019-10-20 09:12:30,pm2.5,0.0
2019-10-20 09:12:30,pm10,0.0
2019-10-20 09:13:30,pm2.5,0.1
2019-10-20 09:13:30,pm10,0.1
2019-10-20 09:14:30,pm2.5,0.1
2019-10-20 09:14:31,pm10,0.1
2019-10-20 09:15:30,pm2.5,0.0
2019-10-20 09:15:30,pm10,0.0
2019-10-20 09:16:30,pm2.5,0.0
2019-10-20 09:16:30,pm10,0.0
2019-10-20 09:17:30,pm2.5,0.0
2019-10-20 09:17:30,pm10,0.1
2019-10-20 09:18:30,pm2.5,0.1
2019-10-20 09:18:30,pm10,0.1
2019-10-20 09:19:30,pm2.5,0.0
2019-10-20 09:19:30,pm10,0.0
2019-10-20 09:20:30,pm2.5,0.0
2019-10-20 09:20:30,pm10,0.0
2019-10-20 09:21:30,pm2.5,0.1
2019-10-20 09:21:30,pm10,0.1
2019-10-20 09:22:30,pm2.5,0.0
2019-10-20 09:22:30,pm10,0.0
2019-10-20 09:23:30,pm2.5,0.0
2019-10-20 09:23:30,pm10,0.0
2019-10-20 09:24:30,pm2.5,0.0
2019-10-20 09:24:30,pm10,0.0
2019-10-20 09:25:30,pm2.5,0.0
2019-10-20 09:25:30,pm10,0.0
2019-10-20 09:26:30,pm2.5,0.0
2019-10-20 09:26:30,pm10,0.0
2019-10-20 09:27:30,pm2.5,0.0
2019-10-20 09:27:30,pm10,0.0
2019-10-20 09:28:30,pm2.5,0.0
2019-10-20 09:28:30,pm10,0.0
2019-10-20 09:29:30,pm2.5,0.1
2019-10-20 09:29:30,pm10,0.1
2019-10-20 09:30:30,pm2.5,0.0
2019-10-20 09:30:30,pm10,0.0
2019-10-20 09:31:30,pm2.5,0.0
2019-10-20 09:31:30,pm10,0.0
2019-10-20 09:32:30,pm2.5,0.0
2019-10-20 09:32:30,pm10,0.0
2019-10-20 09:33:30,pm2.5,0.0
2019-10-20 09:33:30,pm10,0.0
2019-10-20 09:34:30,pm2.5,0.1
2019-10-20 09:34:30,pm10,0.1
2019-10-20 09:35:30,pm2.5,0.0
2019-10-20 09:35:30,pm10,0.0
2019-10-20 09:36:30,pm2.5,0.1
2019-10-20 09:36:30,pm10,0.1
2019-10-20 09:37:30,pm2.5,0.0
2019-10-20 09:37:30,pm10,0.0
2019-10-20 09:38:30,pm2.5,0.0
2019-10-20 09:38:30,pm10,0.0
2019-10-20 09:39:30,pm2.5,0.0
2019-10-20 09:39:30,pm10,0.0
2019-10-20 09:40:30,pm2.5,0.1
2019-10-20 09:40:30,pm10,0.1
2019-10-20 09:41:30,pm2.5,0.0
2019-10-20 09:41:30,pm10,0.0
2019-10-20 09:42:30,pm2.5,0.0
2019-10-20 09:42:30,pm10,0.0
2019-10-20 09:43:30,pm2.5,0.1
2019-10-20 09:43:30,pm10,0.1
2019-10-20 09:44:30,pm2.5,0.0
2019-10-20 09:44:30,pm10,0.0
2019-10-20 09:45:30,pm2.5,0.0
2019-10-20 09:45:30,pm10,0.0
2019-10-20 09:46:30,pm2.5,0.0
2019-10-20 09:46:30,pm10,0.0
2019-10-20 09:47:30,pm2.5,0.0
2019-10-20 09:47:30,pm10,0.0