2019-10-10 22:53:50,pm2.5,999.9
2019-10-10 22:53:50,pm10,1999.9
2019-10-10 22:54:51,pm2.5,999.9
2019-10-10 22:54:51,pm10,1999.9
2019-10-10 22:55:51,pm2.5,999.9
2019-10-10 22:55:51,pm10,1999.9
2019-10-10 22:56:51,pm2.5,999.9
2019-10-10 22:56:51,pm10,1999.9
2019-10-10 22:57:51,pm2.5,999.9
2019-10-10 22:57:51,pm10,1999.9
2019-10-10 22:58:56,pm2.5,999.9
2019-10-10 22:58:56,pm10,1999.9
2019-10-10 22:59:50,pm2.5,999.9
2019-10-10 22:59:50,pm10,1999.9
2019-10-10 23:00:51,pm2.5,999.9
2019-10-10 23:00:51,pm10,1999.9
2019-10-10 23:01:50,pm2.5,999.9
2019-10-10 23:01:50,pm10,1999.9
2019-10-10 23:02:51,pm2.5,999.9
2019-10-10 23:02:51,pm10,1999.9
2019-10-10 23:03:51,pm2.5,999.9
2019-10-10 23:03:51,pm10,1999.9
2019-10-10 23:04:51,pm2.5,999.9
2019-10-10 23:04:51,pm10,1934.0
2019-10-10 23:05:50,pm2.5,999.9
2019-10-10 23:05:51,pm10,1823.1
2019-10-10 23:06:50,pm2.5,999.9
2019-10-10 23:06:50,pm10,1705.3
2019-10-10 23:07:50,pm2.5,999.9
2019-10-10 23:07:50,pm10,1591.3
2019-10-10 23:08:50,pm2.5,999.9
2019-10-10 23:08:50,pm10,1479.3
2019-10-10 23:09:50,pm2.5,983.8
2019-10-10 23:09:50,pm10,1391.2
2019-10-10 23:10:50,pm2.5,961.5
2019-10-10 23:10:50,pm10,1292.0
2019-10-10 23:11:51,pm2.5,934.8
2019-10-10 23:11:51,pm10,1212.1
2019-10-10 23:12:50,pm2.5,909.0
2019-10-10 23:12:50,pm10,1140.0
2019-10-10 23:13:10,comment,sealed
2019-10-10 23:13:48,pm2.5,892.7
2019-10-10 23:13:48,pm10,1092.6
2019-10-10 23:14:48,pm2.5,891.6
2019-10-10 23:14:48,pm10,1080.3
2019-10-10 23:15:48,pm2.5,883.3
2019-10-10 23:15:48,pm10,1068.1
2019-10-10 23:16:49,pm2.5,881.2
2019-10-10 23:16:50,pm10,1056.2
2019-10-10 23:17:48,pm2.5,878.7
2019-10-10 23:17:49,pm10,1046.1
2019-10-10 23:18:49,pm2.5,875.5
2019-10-10 23:18:49,pm10,1036.6
2019-10-10 23:19:49,pm2.5,869.1
2019-10-10 23:19:49,pm10,1022.3
2019-10-10 23:20:48,pm2.5,865.5
2019-10-10 23:20:48,pm10,1016.4
2019-10-10 23:21:48,pm2.5,861.4
2019-10-10 23:21:48,pm10,1004.3
2019-10-10 23:22:49,pm2.5,855.9
2019-10-10 23:22:49,pm10,998.8
2019-10-10 23:23:48,pm2.5,856.3
2019-10-10 23:23:48,pm10,983.7
2019-10-10 23:24:48,pm2.5,848.5
2019-10-10 23:24:48,pm10,973.5
2019-10-10 23:25:48,pm2.5,846.2
2019-10-10 23:25:48,pm10,963.9
2019-10-10 23:26:48,pm2.5,843.5
2019-10-10 23:26:48,pm10,960.9
2019-10-10 23:27:48,pm2.5,838.4
2019-10-10 23:27:48,pm10,948.4
2019-10-10 23:28:48,pm2.5,836.4
2019-10-10 23:28:48,pm10,940.0
2019-10-10 23:29:47,pm2.5,831.5
2019-10-10 23:29:47,pm10,935.3
2019-10-10 23:30:48,pm2.5,830.0
2019-10-10 23:30:49,pm10,932.4
2019-10-10 23:31:49,pm2.5,827.9
2019-10-10 23:31:49,pm10,929.7
2019-10-10 23:32:49,pm2.5,818.9
2019-10-10 23:32:49,pm10,919.3
2019-10-10 23:33:49,pm2.5,815.9
2019-10-10 23:33:49,pm10,916.4
2019-10-10 23:34:50,pm2.5,815.2
2019-10-10 23:34:50,pm10,913.6
2019-10-10 23:35:48,pm2.5,813.7
2019-10-10 23:35:48,pm10,912.3
2019-10-10 23:36:48,pm2.5,807.1
2019-10-10 23:36:48,pm10,904.2
2019-10-10 23:37:48,pm2.5,806.0
2019-10-10 23:37:48,pm10,902.8
2019-10-10 23:38:48,pm2.5,800.3
2019-10-10 23:38:48,pm10,895.9
2019-10-10 23:39:48,pm2.5,797.9
2019-10-10 23:39:48,pm10,893.0
2019-10-10 23:40:48,pm2.5,794.1
2019-10-10 23:40:48,pm10,888.2
2019-10-10 23:41:49,pm2.5,790.0
2019-10-10 23:41:49,pm10,883.6
2019-10-10 23:42:50,pm2.5,786.4
2019-10-10 23:42:50,pm10,879.2
2019-10-10 23:43:48,pm2.5,787.9
2019-10-10 23:43:49,pm10,879.9
2019-10-10 23:44:49,pm2.5,780.4
2019-10-10 23:44:49,pm10,872.0
2019-10-10 23:45:50,pm2.5,774.8
2019-10-10 23:45:50,pm10,865.0
2019-10-10 23:46:49,pm2.5,773.2
2019-10-10 23:46:49,pm10,863.4
2019-10-10 23:47:48,pm2.5,770.6
2019-10-10 23:47:48,pm10,860.4
2019-10-10 23:48:49,pm2.5,766.7
2019-10-10 23:48:49,pm10,855.0
2019-10-10 23:49:48,pm2.5,759.6
2019-10-10 23:49:48,pm10,847.2
2019-10-10 23:50:47,pm2.5,759.0
2019-10-10 23:50:47,pm10,846.1
2019-10-10 23:51:49,pm2.5,755.5
2019-10-10 23:51:49,pm10,841.3
2019-10-10 23:52:48,pm2.5,750.5
2019-10-10 23:52:48,pm10,835.8
2019-10-10 23:53:48,pm2.5,744.1
2019-10-10 23:53:48,pm10,828.5
2019-10-10 23:54:47,pm2.5,743.4
2019-10-10 23:54:47,pm10,827.3
2019-10-10 23:55:47,pm2.5,738.1
2019-10-10 23:55:47,pm10,821.4
2019-10-10 23:56:47,pm2.5,734.9
2019-10-10 23:56:48,pm10,817.6
2019-10-10 23:57:47,pm2.5,729.1
2019-10-10 23:57:48,pm10,810.9
2019-10-10 23:58:49,pm2.5,728.1
2019-10-10 23:58:49,pm10,809.4
2019-10-10 23:59:49,pm2.5,725.7
2019-10-10 23:59:49,pm10,807.0
2019-10-11 00:00:49,pm2.5,720.9
2019-10-11 00:00:49,pm10,801.3
2019-10-11 00:01:49,pm2.5,718.0
2019-10-11 00:01:49,pm10,797.4
2019-10-11 00:02:49,pm2.5,714.2
2019-10-11 00:02:49,pm10,793.2
2019-10-11 00:03:49,pm2.5,706.9
2019-10-11 00:03:49,pm10,784.9
2019-10-11 00:04:49,pm2.5,703.9
2019-10-11 00:04:49,pm10,781.7
2019-10-11 00:05:48,pm2.5,703.3
2019-10-11 00:05:48,pm10,779.9
2019-10-11 00:06:48,pm2.5,696.5
2019-10-11 00:06:48,pm10,772.8
2019-10-11 00:07:48,pm2.5,694.2
2019-10-11 00:07:48,pm10,769.8
2019-10-11 00:08:48,pm2.5,690.4
2019-10-11 00:08:48,pm10,765.4
2019-10-11 00:09:50,pm2.5,687.2
2019-10-11 00:09:50,pm10,761.4
2019-10-11 00:10:49,pm2.5,682.0
2019-10-11 00:10:49,pm10,755.9
2019-10-11 00:11:48,pm2.5,675.3
2019-10-11 00:11:49,pm10,748.5
2019-10-11 00:12:49,pm2.5,674.7
2019-10-11 00:12:49,pm10,747.5
2019-10-11 00:13:49,pm2.5,673.5
2019-10-11 00:13:49,pm10,745.8
2019-10-11 00:14:50,pm2.5,664.5
2019-10-11 00:14:50,pm10,736.1
2019-10-11 00:15:49,pm2.5,662.8
2019-10-11 00:15:49,pm10,734.2
2019-10-11 00:16:49,pm2.5,656.6
2019-10-11 00:16:49,pm10,727.1
2019-10-11 00:17:49,pm2.5,653.3
2019-10-11 00:17:49,pm10,723.5
2019-10-11 00:18:48,pm2.5,649.2
2019-10-11 00:18:48,pm10,718.3
2019-10-11 00:19:49,pm2.5,646.3
2019-10-11 00:19:49,pm10,715.5
2019-10-11 00:20:48,pm2.5,640.4
2019-10-11 00:20:48,pm10,708.9
2019-10-11 00:21:48,pm2.5,637.3
2019-10-11 00:21:48,pm10,704.7
2019-10-11 00:22:49,pm2.5,631.4
2019-10-11 00:22:49,pm10,698.4
2019-10-11 00:23:47,pm2.5,624.7
2019-10-11 00:23:47,pm10,691.3
2019-10-11 00:24:48,pm2.5,624.7
2019-10-11 00:24:48,pm10,691.4
2019-10-11 00:25:49,pm2.5,618.9
2019-10-11 00:25:50,pm10,684.3
2019-10-11 00:26:49,pm2.5,616.8
2019-10-11 00:26:49,pm10,682.1
2019-10-11 00:27:49,pm2.5,616.5
2019-10-11 00:27:49,pm10,681.8
2019-10-11 00:28:50,pm2.5,607.8
2019-10-11 00:28:50,pm10,671.9
2019-10-11 00:29:49,pm2.5,601.7
2019-10-11 00:29:49,pm10,665.4
2019-10-11 00:30:49,pm2.5,597.5
2019-10-11 00:30:49,pm10,660.4
2019-10-11 00:31:50,pm2.5,598.2
2019-10-11 00:31:50,pm10,661.3
2019-10-11 00:32:49,pm2.5,591.5
2019-10-11 00:32:49,pm10,653.3
2019-10-11 00:33:47,pm2.5,588.9
2019-10-11 00:33:47,pm10,650.9
2019-10-11 00:34:49,pm2.5,585.6
2019-10-11 00:34:49,pm10,647.3
2019-10-11 00:35:48,pm2.5,581.0
2019-10-11 00:35:48,pm10,642.1
2019-10-11 00:36:48,pm2.5,579.4
2019-10-11 00:36:48,pm10,640.4
2019-10-11 00:37:48,pm2.5,575.0
2019-10-11 00:37:48,pm10,635.4
2019-10-11 00:38:48,pm2.5,572.7
2019-10-11 00:38:48,pm10,632.7
2019-10-11 00:39:48,pm2.5,562.7
2019-10-11 00:39:48,pm10,622.3
2019-10-11 00:40:48,pm2.5,562.2
2019-10-11 00:40:49,pm10,621.7
2019-10-11 00:41:50,pm2.5,557.4
2019-10-11 00:41:50,pm10,616.1
2019-10-11 00:42:49,pm2.5,553.3
2019-10-11 00:42:49,pm10,611.7
2019-10-11 00:43:49,pm2.5,548.1
2019-10-11 00:43:49,pm10,605.5
2019-10-11 00:44:49,pm2.5,543.8
2019-10-11 00:44:49,pm10,601.1
2019-10-11 00:45:49,pm2.5,540.7
2019-10-11 00:45:49,pm10,597.6
2019-10-11 00:46:49,pm2.5,531.4
2019-10-11 00:46:49,pm10,587.5
2019-10-11 00:47:50,pm2.5,530.0
2019-10-11 00:47:50,pm10,586.2
2019-10-11 00:48:49,pm2.5,526.6
2019-10-11 00:48:49,pm10,582.1
2019-10-11 00:49:48,pm2.5,522.2
2019-10-11 00:49:48,pm10,577.2
2019-10-11 00:50:48,pm2.5,519.4
2019-10-11 00:50:48,pm10,573.9
2019-10-11 00:51:48,pm2.5,510.7
2019-10-11 00:51:48,pm10,564.5
2019-10-11 00:52:48,pm2.5,511.2
2019-10-11 00:52:48,pm10,564.8
2019-10-11 00:53:48,pm2.5,506.5
2019-10-11 00:53:48,pm10,559.6
2019-10-11 00:54:48,pm2.5,502.7
2019-10-11 00:54:48,pm10,555.2
2019-10-11 00:55:48,pm2.5,499.5
2019-10-11 00:55:49,pm10,551.6
2019-10-11 00:56:48,pm2.5,492.9
2019-10-11 00:56:49,pm10,544.1
2019-10-11 00:57:50,pm2.5,491.6
2019-10-11 00:57:50,pm10,542.7
2019-10-11 00:58:50,pm2.5,480.6
2019-10-11 00:58:50,pm10,530.6
2019-10-11 00:59:49,pm2.5,482.0
2019-10-11 00:59:49,pm10,532.4
2019-10-11 01:00:48,pm2.5,477.9
2019-10-11 01:00:48,pm10,527.9
2019-10-11 01:01:49,pm2.5,474.0
2019-10-11 01:01:49,pm10,523.2
2019-10-11 01:02:50,pm2.5,469.3
2019-10-11 01:02:50,pm10,518.0
2019-10-11 01:03:48,pm2.5,466.2
2019-10-11 01:03:48,pm10,514.4
2019-10-11 01:04:50,pm2.5,456.9
2019-10-11 01:04:50,pm10,503.9
2019-10-11 01:05:47,pm2.5,455.1
2019-10-11 01:05:47,pm10,501.7
2019-10-11 01:06:47,pm2.5,453.0
2019-10-11 01:06:47,pm10,499.2
2019-10-11 01:07:47,pm2.5,447.1
2019-10-11 01:07:47,pm10,492.9
2019-10-11 01:08:47,pm2.5,444.5
2019-10-11 01:08:47,pm10,490.0
2019-10-11 01:09:48,pm2.5,439.6
2019-10-11 01:09:48,pm10,484.5
2019-10-11 01:10:49,pm2.5,432.2
2019-10-11 01:10:50,pm10,476.6
2019-10-11 01:11:48,pm2.5,428.1
2019-10-11 01:11:49,pm10,471.9
2019-10-11 01:12:49,pm2.5,425.8
2019-10-11 01:12:49,pm10,469.5
2019-10-11 01:13:49,pm2.5,422.6
2019-10-11 01:13:49,pm10,465.5
2019-10-11 01:14:49,pm2.5,420.1
2019-10-11 01:14:49,pm10,462.5
2019-10-11 01:15:49,pm2.5,412.5
2019-10-11 01:15:49,pm10,454.3
2019-10-11 01:16:49,pm2.5,408.5
2019-10-11 01:16:49,pm10,449.8
2019-10-11 01:17:49,pm2.5,404.2
2019-10-11 01:17:49,pm10,445.1
2019-10-11 01:18:49,pm2.5,403.0
2019-10-11 01:18:49,pm10,443.7
2019-10-11 01:19:49,pm2.5,397.8
2019-10-11 01:19:49,pm10,437.9
2019-10-11 01:20:49,pm2.5,391.4
2019-10-11 01:20:49,pm10,430.9
2019-10-11 01:21:49,pm2.5,390.5
2019-10-11 01:21:49,pm10,429.8
2019-10-11 01:22:48,pm2.5,386.3
2019-10-11 01:22:48,pm10,425.1
2019-10-11 01:23:48,pm2.5,385.2
2019-10-11 01:23:48,pm10,423.7
2019-10-11 01:24:48,pm2.5,378.1
2019-10-11 01:24:48,pm10,415.7
2019-10-11 01:25:48,pm2.5,376.4
2019-10-11 01:25:48,pm10,413.9
2019-10-11 01:26:48,pm2.5,370.9
2019-10-11 01:26:49,pm10,407.8
2019-10-11 01:27:49,pm2.5,368.6
2019-10-11 01:27:49,pm10,405.1
2019-10-11 01:28:50,pm2.5,366.6
2019-10-11 01:28:50,pm10,402.9
2019-10-11 01:29:48,pm2.5,365.9
2019-10-11 01:29:48,pm10,402.3
2019-10-11 01:30:48,pm2.5,357.2
2019-10-11 01:30:48,pm10,393.1
2019-10-11 01:31:48,pm2.5,356.0
2019-10-11 01:31:48,pm10,390.8
2019-10-11 01:32:48,pm2.5,352.3
2019-10-11 01:32:48,pm10,387.0
2019-10-11 01:33:48,pm2.5,347.9
2019-10-11 01:33:48,pm10,382.0
2019-10-11 01:34:48,pm2.5,346.6
2019-10-11 01:34:48,pm10,380.6
2019-10-11 01:35:49,pm2.5,342.7
2019-10-11 01:35:49,pm10,376.3
2019-10-11 01:36:48,pm2.5,340.4
2019-10-11 01:36:48,pm10,373.9
2019-10-11 01:37:49,pm2.5,335.1
2019-10-11 01:37:49,pm10,368.0
2019-10-11 01:38:48,pm2.5,332.5
2019-10-11 01:38:48,pm10,364.9
2019-10-11 01:39:47,pm2.5,328.8
2019-10-11 01:39:47,pm10,360.9
2019-10-11 01:40:48,pm2.5,325.4
2019-10-11 01:40:48,pm10,357.2
2019-10-11 01:41:47,pm2.5,322.3
2019-10-11 01:41:48,pm10,353.6
2019-10-11 01:42:48,pm2.5,321.6
2019-10-11 01:42:48,pm10,353.0
2019-10-11 01:43:49,pm2.5,314.8
2019-10-11 01:43:49,pm10,345.2
2019-10-11 01:44:48,pm2.5,314.4
2019-10-11 01:44:48,pm10,345.0
2019-10-11 01:45:49,pm2.5,310.1
2019-10-11 01:45:49,pm10,340.1
2019-10-11 01:46:49,pm2.5,306.0
2019-10-11 01:46:49,pm10,335.5
2019-10-11 01:47:49,pm2.5,302.7
2019-10-11 01:47:49,pm10,332.0
2019-10-11 01:48:51,pm2.5,296.6
2019-10-11 01:48:51,pm10,325.3
2019-10-11 01:49:50,pm2.5,296.6
2019-10-11 01:49:50,pm10,325.4
2019-10-11 01:50:51,pm2.5,289.8
2019-10-11 01:50:51,pm10,317.7
2019-10-11 01:51:49,pm2.5,287.6
2019-10-11 01:51:49,pm10,315.3
2019-10-11 01:52:49,pm2.5,285.4
2019-10-11 01:52:49,pm10,313.0
2019-10-11 01:53:48,pm2.5,283.7
2019-10-11 01:53:48,pm10,311.0
2019-10-11 01:54:47,pm2.5,280.5
2019-10-11 01:54:47,pm10,307.6
2019-10-11 01:55:47,pm2.5,278.4
2019-10-11 01:55:48,pm10,305.2
2019-10-11 01:56:49,pm2.5,272.8
2019-10-11 01:56:49,pm10,299.0
2019-10-11 01:57:49,pm2.5,271.8
2019-10-11 01:57:49,pm10,298.2
2019-10-11 01:58:50,pm2.5,268.1
2019-10-11 01:58:50,pm10,293.9
2019-10-11 01:59:48,pm2.5,267.1
2019-10-11 01:59:48,pm10,292.7
2019-10-11 02:00:49,pm2.5,262.0
2019-10-11 02:00:49,pm10,287.1
2019-10-11 02:01:48,pm2.5,259.8
2019-10-11 02:01:48,pm10,284.8
2019-10-11 02:02:49,pm2.5,257.1
2019-10-11 02:02:49,pm10,282.0
2019-10-11 02:03:49,pm2.5,255.3
2019-10-11 02:03:49,pm10,279.7
2019-10-11 02:04:48,pm2.5,251.0
2019-10-11 02:04:48,pm10,275.4
2019-10-11 02:05:48,pm2.5,247.6
2019-10-11 02:05:48,pm10,271.3
2019-10-11 02:06:48,pm2.5,245.8
2019-10-11 02:06:48,pm10,269.6
2019-10-11 02:07:49,pm2.5,240.2
2019-10-11 02:07:49,pm10,263.3
2019-10-11 02:08:48,pm2.5,237.2
2019-10-11 02:08:48,pm10,260.1
2019-10-11 02:09:48,pm2.5,237.9
2019-10-11 02:09:49,pm10,261.0
2019-10-11 02:10:48,pm2.5,232.6
2019-10-11 02:10:48,pm10,255.0
2019-10-11 02:11:48,pm2.5,230.9
2019-10-11 02:11:48,pm10,253.0
2019-10-11 02:12:48,pm2.5,226.1
2019-10-11 02:12:48,pm10,247.9
2019-10-11 02:13:48,pm2.5,222.3
2019-10-11 02:13:48,pm10,243.9
2019-10-11 02:14:49,pm2.5,221.7
2019-10-11 02:14:49,pm10,243.2
2019-10-11 02:15:49,pm2.5,219.5
2019-10-11 02:15:49,pm10,240.6
2019-10-11 02:16:49,pm2.5,217.7
2019-10-11 02:16:49,pm10,238.6
2019-10-11 02:17:49,pm2.5,213.0
2019-10-11 02:17:49,pm10,233.4
2019-10-11 02:18:49,pm2.5,208.7
2019-10-11 02:18:49,pm10,228.9
2019-10-11 02:19:48,pm2.5,206.3
2019-10-11 02:19:48,pm10,226.1
2019-10-11 02:20:49,pm2.5,204.3
2019-10-11 02:20:49,pm10,224.3
2019-10-11 02:21:48,pm2.5,201.8
2019-10-11 02:21:48,pm10,221.2
2019-10-11 02:22:49,pm2.5,201.7
2019-10-11 02:22:50,pm10,221.2
2019-10-11 02:23:49,pm2.5,196.6
2019-10-11 02:23:49,pm10,215.5
2019-10-11 02:24:50,pm2.5,192.7
2019-10-11 02:24:50,pm10,211.5
2019-10-11 02:25:49,pm2.5,192.0
2019-10-11 02:25:49,pm10,210.6
2019-10-11 02:26:48,pm2.5,189.1
2019-10-11 02:26:48,pm10,207.2
2019-10-11 02:27:48,pm2.5,184.6
2019-10-11 02:27:48,pm10,202.6
2019-10-11 02:28:48,pm2.5,183.5
2019-10-11 02:28:48,pm10,201.2
2019-10-11 02:29:49,pm2.5,181.7
2019-10-11 02:29:49,pm10,199.4
2019-10-11 02:30:48,pm2.5,176.4
2019-10-11 02:30:48,pm10,193.8
2019-10-11 02:31:49,pm2.5,174.7
2019-10-11 02:31:49,pm10,191.9
2019-10-11 02:32:48,pm2.5,176.2
2019-10-11 02:32:48,pm10,193.3
2019-10-11 02:33:49,pm2.5,171.3
2019-10-11 02:33:49,pm10,188.2
2019-10-11 02:34:48,pm2.5,171.4
2019-10-11 02:34:48,pm10,188.2
2019-10-11 02:35:48,pm2.5,167.2
2019-10-11 02:35:48,pm10,183.6
2019-10-11 02:36:48,pm2.5,164.4
2019-10-11 02:36:49,pm10,180.5
2019-10-11 02:37:49,pm2.5,163.9
2019-10-11 02:37:49,pm10,180.1
2019-10-11 02:38:49,pm2.5,160.6
2019-10-11 02:38:49,pm10,176.4
2019-10-11 02:39:49,pm2.5,157.1
2019-10-11 02:39:49,pm10,172.7
2019-10-11 02:40:48,pm2.5,158.0
2019-10-11 02:40:48,pm10,173.6
2019-10-11 02:41:48,pm2.5,156.4
2019-10-11 02:41:48,pm10,171.7
2019-10-11 02:42:48,pm2.5,155.1
2019-10-11 02:42:48,pm10,170.2
2019-10-11 02:43:48,pm2.5,151.5
2019-10-11 02:43:48,pm10,166.3
2019-10-11 02:44:48,pm2.5,150.5
2019-10-11 02:44:48,pm10,165.2
2019-10-11 02:45:48,pm2.5,149.3
2019-10-11 02:45:48,pm10,164.0
2019-10-11 02:46:48,pm2.5,145.4
2019-10-11 02:46:48,pm10,159.6
2019-10-11 02:47:48,pm2.5,143.6
2019-10-11 02:47:48,pm10,157.6
2019-10-11 02:48:48,pm2.5,143.1
2019-10-11 02:48:48,pm10,157.0
2019-10-11 02:49:48,pm2.5,141.0
2019-10-11 02:49:49,pm10,154.7
2019-10-11 02:50:49,pm2.5,140.2
2019-10-11 02:50:49,pm10,153.7
2019-10-11 02:51:49,pm2.5,138.6
2019-10-11 02:51:49,pm10,152.0
2019-10-11 02:52:50,pm2.5,135.9
2019-10-11 02:52:50,pm10,149.2
2019-10-11 02:53:49,pm2.5,135.2
2019-10-11 02:53:49,pm10,148.3
2019-10-11 02:54:48,pm2.5,134.4
2019-10-11 02:54:48,pm10,147.4
2019-10-11 02:55:47,pm2.5,132.1
2019-10-11 02:55:47,pm10,144.9
2019-10-11 02:56:49,pm2.5,131.6
2019-10-11 02:56:49,pm10,144.5
2019-10-11 02:57:48,pm2.5,128.2
2019-10-11 02:57:48,pm10,140.5
2019-10-11 02:58:48,pm2.5,128.9
2019-10-11 02:58:48,pm10,141.4
2019-10-11 02:59:48,pm2.5,127.0
2019-10-11 02:59:48,pm10,139.2
2019-10-11 03:00:48,pm2.5,121.8
2019-10-11 03:00:48,pm10,133.5
2019-10-11 03:01:48,pm2.5,122.8
2019-10-11 03:01:48,pm10,134.7
2019-10-11 03:02:48,pm2.5,121.9
2019-10-11 03:02:49,pm10,133.6
2019-10-11 03:03:49,pm2.5,120.2
2019-10-11 03:03:49,pm10,131.9
2019-10-11 03:04:49,pm2.5,118.8
2019-10-11 03:04:49,pm10,130.3
2019-10-11 03:05:49,pm2.5,117.8
2019-10-11 03:05:49,pm10,129.2
2019-10-11 03:06:49,pm2.5,116.0
2019-10-11 03:06:49,pm10,127.2
2019-10-11 03:07:49,pm2.5,115.8
2019-10-11 03:07:49,pm10,126.9
2019-10-11 03:08:49,pm2.5,113.2
2019-10-11 03:08:49,pm10,124.1
2019-10-11 03:09:47,pm2.5,109.9
2019-10-11 03:09:47,pm10,120.4
2019-10-11 03:10:49,pm2.5,109.1
2019-10-11 03:10:49,pm10,119.6
2019-10-11 03:11:48,pm2.5,108.3
2019-10-11 03:11:48,pm10,118.7
2019-10-11 03:12:48,pm2.5,107.3
2019-10-11 03:12:48,pm10,117.6
2019-10-11 03:13:48,pm2.5,106.5
2019-10-11 03:13:48,pm10,116.6
2019-10-11 03:14:48,pm2.5,105.6
2019-10-11 03:14:48,pm10,115.7
2019-10-11 03:15:48,pm2.5,105.1
2019-10-11 03:15:48,pm10,115.1
2019-10-11 03:16:49,pm2.5,103.6
2019-10-11 03:16:50,pm10,113.6
2019-10-11 03:17:50,pm2.5,101.4
2019-10-11 03:17:50,pm10,111.2
2019-10-11 03:18:51,pm2.5,100.2
2019-10-11 03:18:51,pm10,109.7
2019-10-11 03:19:51,pm2.5,99.2
2019-10-11 03:19:51,pm10,108.8
2019-10-11 03:20:50,pm2.5,98.6
2019-10-11 03:20:50,pm10,108.0
2019-10-11 03:21:48,pm2.5,96.5
2019-10-11 03:21:48,pm10,105.8
2019-10-11 03:22:48,pm2.5,95.3
2019-10-11 03:22:48,pm10,104.3
2019-10-11 03:23:49,pm2.5,95.4
2019-10-11 03:23:49,pm10,104.6
2019-10-11 03:24:47,pm2.5,93.2
2019-10-11 03:24:47,pm10,102.0
2019-10-11 03:25:47,pm2.5,92.6
2019-10-11 03:25:47,pm10,101.5
2019-10-11 03:26:47,pm2.5,91.2
2019-10-11 03:26:47,pm10,100.1
2019-10-11 03:27:49,pm2.5,90.5
2019-10-11 03:27:49,pm10,99.1
2019-10-11 03:28:48,pm2.5,87.2
2019-10-11 03:28:48,pm10,95.6
2019-10-11 03:29:48,pm2.5,88.1
2019-10-11 03:29:49,pm10,96.5
2019-10-11 03:30:49,pm2.5,87.1
2019-10-11 03:30:49,pm10,95.4
2019-10-11 03:31:49,pm2.5,85.1
2019-10-11 03:31:49,pm10,93.3
2019-10-11 03:32:49,pm2.5,83.6
2019-10-11 03:32:49,pm10,91.6
2019-10-11 03:33:49,pm2.5,84.6
2019-10-11 03:33:49,pm10,92.7
2019-10-11 03:34:49,pm2.5,81.7
2019-10-11 03:34:49,pm10,89.5
2019-10-11 03:35:50,pm2.5,80.8
2019-10-11 03:35:50,pm10,88.6
2019-10-11 03:36:49,pm2.5,80.2
2019-10-11 03:36:49,pm10,87.9
2019-10-11 03:37:49,pm2.5,78.0
2019-10-11 03:37:49,pm10,85.5
2019-10-11 03:38:47,pm2.5,78.5
2019-10-11 03:38:47,pm10,86.0
2019-10-11 03:39:48,pm2.5,77.5
2019-10-11 03:39:48,pm10,85.0
2019-10-11 03:40:48,pm2.5,75.9
2019-10-11 03:40:48,pm10,83.1
2019-10-11 03:41:48,pm2.5,74.7
2019-10-11 03:41:48,pm10,81.8
2019-10-11 03:42:49,pm2.5,74.2
2019-10-11 03:42:50,pm10,81.2
2019-10-11 03:43:49,pm2.5,73.2
2019-10-11 03:43:49,pm10,80.2
2019-10-11 03:44:49,pm2.5,71.8
2019-10-11 03:44:49,pm10,78.7
2019-10-11 03:45:49,pm2.5,71.6
2019-10-11 03:45:49,pm10,78.4
2019-10-11 03:46:49,pm2.5,70.2
2019-10-11 03:46:49,pm10,77.0
2019-10-11 03:47:48,pm2.5,70.3
2019-10-11 03:47:48,pm10,77.0
2019-10-11 03:48:49,pm2.5,69.5
2019-10-11 03:48:49,pm10,76.3
2019-10-11 03:49:48,pm2.5,67.6
2019-10-11 03:49:48,pm10,74.0
2019-10-11 03:51:50,pm2.5,65.4
2019-10-11 03:51:50,pm10,71.7
2019-10-11 03:52:50,pm2.5,64.9
2019-10-11 03:52:50,pm10,71.2
2019-10-11 03:53:49,pm2.5,64.7
2019-10-11 03:53:49,pm10,71.0
2019-10-11 03:54:48,pm2.5,63.7
2019-10-11 03:54:48,pm10,69.8
2019-10-11 03:55:48,pm2.5,62.6
2019-10-11 03:55:49,pm10,68.6
2019-10-11 03:56:48,pm2.5,61.1
2019-10-11 03:56:48,pm10,66.9
2019-10-11 03:57:48,pm2.5,62.6
2019-10-11 03:57:48,pm10,68.6
2019-10-11 03:58:50,pm2.5,60.6
2019-10-11 03:58:50,pm10,66.5
2019-10-11 03:59:49,pm2.5,61.1
2019-10-11 03:59:49,pm10,66.9
2019-10-11 04:00:48,pm2.5,58.4
2019-10-11 04:00:48,pm10,64.0
2019-10-11 04:01:49,pm2.5,58.0
2019-10-11 04:01:49,pm10,63.5
2019-10-11 04:02:49,pm2.5,57.0
2019-10-11 04:02:49,pm10,62.5
2019-10-11 04:03:49,pm2.5,58.0
2019-10-11 04:03:49,pm10,63.7
2019-10-11 04:04:49,pm2.5,56.0
2019-10-11 04:04:49,pm10,61.3
2019-10-11 04:05:50,pm2.5,55.8
2019-10-11 04:05:50,pm10,61.2
2019-10-11 04:06:50,pm2.5,54.8
2019-10-11 04:06:50,pm10,60.0
2019-10-11 04:07:49,pm2.5,54.7
2019-10-11 04:07:49,pm10,59.9
2019-10-11 04:08:49,pm2.5,53.0
2019-10-11 04:08:50,pm10,58.1
2019-10-11 04:09:50,pm2.5,52.8
2019-10-11 04:09:50,pm10,57.9
2019-10-11 04:10:49,pm2.5,52.2
2019-10-11 04:10:49,pm10,57.1
2019-10-11 04:11:49,pm2.5,52.0
2019-10-11 04:11:49,pm10,57.0
2019-10-11 04:12:50,pm2.5,50.5
2019-10-11 04:12:50,pm10,55.3
2019-10-11 04:13:48,pm2.5,50.5
2019-10-11 04:13:48,pm10,55.2
2019-10-11 04:15:00,pm2.5,49.1
2019-10-11 04:15:00,pm10,53.8
2019-10-11 04:15:49,pm2.5,50.5
2019-10-11 04:15:49,pm10,55.3
2019-10-11 04:17:49,pm2.5,48.0
2019-10-11 04:17:49,pm10,52.6
2019-10-11 04:18:49,pm2.5,47.7
2019-10-11 04:18:49,pm10,52.2
2019-10-11 04:19:48,pm2.5,47.7
2019-10-11 04:19:48,pm10,52.2
2019-10-11 04:20:49,pm2.5,47.0
2019-10-11 04:20:49,pm10,51.4
2019-10-11 04:21:48,pm2.5,46.0
2019-10-11 04:21:49,pm10,50.3
2019-10-11 04:22:51,pm2.5,46.4
2019-10-11 04:22:51,pm10,50.8
2019-10-11 04:23:51,pm2.5,45.6
2019-10-11 04:23:51,pm10,49.9
2019-10-11 04:24:49,pm2.5,44.9
2019-10-11 04:24:49,pm10,49.1
2019-10-11 04:25:49,pm2.5,43.5
2019-10-11 04:25:49,pm10,47.6
2019-10-11 04:26:48,pm2.5,44.3
2019-10-11 04:26:48,pm10,48.4
2019-10-11 04:27:48,pm2.5,43.4
2019-10-11 04:27:48,pm10,47.5
2019-10-11 04:28:48,pm2.5,42.3
2019-10-11 04:28:48,pm10,46.3
2019-10-11 04:29:48,pm2.5,41.8
2019-10-11 04:29:48,pm10,45.7
2019-10-11 04:30:48,pm2.5,41.5
2019-10-11 04:30:48,pm10,45.4
2019-10-11 04:31:48,pm2.5,41.0
2019-10-11 04:31:48,pm10,44.9
2019-10-11 04:32:48,pm2.5,40.9
2019-10-11 04:32:48,pm10,44.8
2019-10-11 04:33:48,pm2.5,41.0
2019-10-11 04:33:48,pm10,44.9
2019-10-11 04:34:48,pm2.5,38.6
2019-10-11 04:34:49,pm10,42.2
2019-10-11 04:35:49,pm2.5,38.6
2019-10-11 04:35:49,pm10,42.2
2019-10-11 04:36:49,pm2.5,38.4
2019-10-11 04:36:49,pm10,41.9
2019-10-11 04:37:48,pm2.5,37.6
2019-10-11 04:37:48,pm10,41.2
2019-10-11 04:38:49,pm2.5,37.3
2019-10-11 04:38:49,pm10,40.8
2019-10-11 04:39:49,pm2.5,36.2
2019-10-11 04:39:49,pm10,39.6
2019-10-11 04:40:49,pm2.5,36.6
2019-10-11 04:40:49,pm10,40.0
2019-10-11 04:41:49,pm2.5,36.1
2019-10-11 04:41:49,pm10,39.5
2019-10-11 04:42:49,pm2.5,35.4
2019-10-11 04:42:49,pm10,38.7
2019-10-11 04:43:47,pm2.5,35.5
2019-10-11 04:43:47,pm10,38.8
2019-10-11 04:44:49,pm2.5,35.0
2019-10-11 04:44:50,pm10,38.3
2019-10-11 04:45:48,pm2.5,34.1
2019-10-11 04:45:48,pm10,37.3
2019-10-11 04:46:48,pm2.5,34.4
2019-10-11 04:46:48,pm10,37.6
2019-10-11 04:47:48,pm2.5,33.7
2019-10-11 04:47:48,pm10,36.8
2019-10-11 04:48:50,pm2.5,32.7
2019-10-11 04:48:50,pm10,35.8
2019-10-11 04:49:49,pm2.5,32.8
2019-10-11 04:49:49,pm10,35.8
2019-10-11 04:50:49,pm2.5,32.2
2019-10-11 04:50:49,pm10,35.2
2019-10-11 04:51:49,pm2.5,31.9
2019-10-11 04:51:49,pm10,34.8
2019-10-11 04:52:49,pm2.5,31.2
2019-10-11 04:52:49,pm10,34.2
2019-10-11 04:53:50,pm2.5,30.9
2019-10-11 04:53:50,pm10,33.8
2019-10-11 04:54:49,pm2.5,31.1
2019-10-11 04:54:49,pm10,34.0
2019-10-11 04:55:49,pm2.5,30.0
2019-10-11 04:55:49,pm10,32.8
2019-10-11 04:56:49,pm2.5,30.1
2019-10-11 04:56:49,pm10,32.9
2019-10-11 04:57:48,pm2.5,29.7
2019-10-11 04:57:48,pm10,32.5
2019-10-11 04:58:49,pm2.5,30.5
2019-10-11 04:58:49,pm10,33.4
2019-10-11 04:59:48,pm2.5,29.1
2019-10-11 04:59:49,pm10,31.8
2019-10-11 05:00:48,pm2.5,29.1
2019-10-11 05:00:48,pm10,31.8
2019-10-11 05:01:49,pm2.5,28.4
2019-10-11 05:01:49,pm10,31.0
2019-10-11 05:02:50,pm2.5,27.9
2019-10-11 05:02:50,pm10,30.5
2019-10-11 05:03:50,pm2.5,28.2
2019-10-11 05:03:50,pm10,30.9
2019-10-11 05:04:49,pm2.5,27.4
2019-10-11 05:04:49,pm10,30.0
2019-10-11 05:05:48,pm2.5,26.1
2019-10-11 05:05:48,pm10,28.5
2019-10-11 05:06:48,pm2.5,26.9
2019-10-11 05:06:48,pm10,29.4
2019-10-11 05:07:48,pm2.5,26.9
2019-10-11 05:07:48,pm10,29.4
2019-10-11 05:08:52,pm2.5,25.6
2019-10-11 05:08:52,pm10,27.9
2019-10-11 05:09:48,pm2.5,25.7
2019-10-11 05:09:48,pm10,28.1
2019-10-11 05:10:48,pm2.5,25.1
2019-10-11 05:10:48,pm10,27.5
2019-10-11 05:11:48,pm2.5,24.8
2019-10-11 05:11:49,pm10,27.1
2019-10-11 05:12:47,pm2.5,24.9
2019-10-11 05:12:48,pm10,27.2
2019-10-11 05:13:48,pm2.5,24.5
2019-10-11 05:13:48,pm10,26.7
2019-10-11 05:15:07,pm2.5,24.2
2019-10-11 05:15:07,pm10,26.4
2019-10-11 05:15:49,pm2.5,23.6
2019-10-11 05:15:49,pm10,25.7
2019-10-11 05:16:49,pm2.5,24.0
2019-10-11 05:16:49,pm10,26.2
2019-10-11 05:17:49,pm2.5,23.6
2019-10-11 05:17:49,pm10,25.8
2019-10-11 05:18:50,pm2.5,22.9
2019-10-11 05:18:50,pm10,25.0
2019-10-11 05:19:49,pm2.5,23.3
2019-10-11 05:19:49,pm10,25.5
2019-10-11 05:20:49,pm2.5,23.1
2019-10-11 05:20:49,pm10,25.3
2019-10-11 05:21:50,pm2.5,22.5
2019-10-11 05:21:50,pm10,24.6
2019-10-11 05:22:49,pm2.5,22.2
2019-10-11 05:22:49,pm10,24.3
2019-10-11 05:23:48,pm2.5,21.6
2019-10-11 05:23:49,pm10,23.6
2019-10-11 05:24:49,pm2.5,21.5
2019-10-11 05:24:49,pm10,23.5
2019-10-11 05:25:49,pm2.5,21.5
2019-10-11 05:25:49,pm10,23.5
2019-10-11 05:26:48,pm2.5,21.9
2019-10-11 05:26:48,pm10,23.9
2019-10-11 05:27:49,pm2.5,20.9
2019-10-11 05:27:49,pm10,22.8
2019-10-11 05:28:49,pm2.5,20.3
2019-10-11 05:28:49,pm10,22.2
2019-10-11 05:29:49,pm2.5,20.5
2019-10-11 05:29:49,pm10,22.4
2019-10-11 05:30:49,pm2.5,20.4
2019-10-11 05:30:49,pm10,22.3
2019-10-11 05:31:48,pm2.5,19.4
2019-10-11 05:31:48,pm10,21.2
2019-10-11 05:32:49,pm2.5,19.9
2019-10-11 05:32:49,pm10,21.7
2019-10-11 05:33:49,pm2.5,18.9
2019-10-11 05:33:49,pm10,20.6
2019-10-11 05:34:48,pm2.5,18.7
2019-10-11 05:34:48,pm10,20.4
2019-10-11 05:35:48,pm2.5,19.0
2019-10-11 05:35:49,pm10,20.7
2019-10-11 05:36:50,pm2.5,18.1
2019-10-11 05:36:50,pm10,19.7
2019-10-11 05:37:50,pm2.5,18.3
2019-10-11 05:37:50,pm10,20.0
2019-10-11 05:38:48,pm2.5,18.2
2019-10-11 05:38:48,pm10,19.9
2019-10-11 05:39:48,pm2.5,18.2
2019-10-11 05:39:48,pm10,19.9
2019-10-11 05:40:48,pm2.5,17.7
2019-10-11 05:40:48,pm10,19.3
2019-10-11 05:41:48,pm2.5,17.5
2019-10-11 05:41:48,pm10,19.1
2019-10-11 05:42:50,pm2.5,17.2
2019-10-11 05:42:50,pm10,18.8
2019-10-11 05:43:49,pm2.5,16.6
2019-10-11 05:43:49,pm10,18.1
2019-10-11 05:44:49,pm2.5,16.8
2019-10-11 05:44:49,pm10,18.3
2019-10-11 05:45:48,pm2.5,16.2
2019-10-11 05:45:48,pm10,17.7
2019-10-11 05:46:49,pm2.5,16.0
2019-10-11 05:46:49,pm10,17.5
2019-10-11 05:47:48,pm2.5,16.7
2019-10-11 05:47:48,pm10,18.2
2019-10-11 05:48:47,pm2.5,16.0
2019-10-11 05:48:48,pm10,17.5
2019-10-11 05:49:50,pm2.5,15.9
2019-10-11 05:49:50,pm10,17.4
2019-10-11 05:50:50,pm2.5,15.3
2019-10-11 05:50:50,pm10,16.7
2019-10-11 05:51:49,pm2.5,15.5
2019-10-11 05:51:49,pm10,16.9
2019-10-11 05:52:50,pm2.5,15.4
2019-10-11 05:52:50,pm10,16.8
2019-10-11 05:53:48,pm2.5,15.1
2019-10-11 05:53:48,pm10,16.5
2019-10-11 05:54:49,pm2.5,14.7
2019-10-11 05:54:49,pm10,16.0
2019-10-11 05:55:48,pm2.5,15.0
2019-10-11 05:55:48,pm10,16.4
2019-10-11 05:56:48,pm2.5,14.5
2019-10-11 05:56:48,pm10,15.8
2019-10-11 05:57:48,pm2.5,14.6
2019-10-11 05:57:48,pm10,16.0
2019-10-11 05:58:48,pm2.5,14.5
2019-10-11 05:58:48,pm10,15.8
2019-10-11 05:59:48,pm2.5,14.1
2019-10-11 05:59:48,pm10,15.4
2019-10-11 06:00:49,pm2.5,13.8
2019-10-11 06:00:50,pm10,15.1
2019-10-11 06:01:52,pm2.5,14.0
2019-10-11 06:01:52,pm10,15.2
2019-10-11 06:02:49,pm2.5,13.6
2019-10-11 06:02:49,pm10,14.8
2019-10-11 06:03:50,pm2.5,13.2
2019-10-11 06:03:50,pm10,14.4
2019-10-11 06:04:49,pm2.5,13.2
2019-10-11 06:04:49,pm10,14.4
2019-10-11 06:05:48,pm2.5,13.1
2019-10-11 06:05:48,pm10,14.3
2019-10-11 06:06:50,pm2.5,12.5
2019-10-11 06:06:50,pm10,13.6
2019-10-11 06:07:49,pm2.5,12.1
2019-10-11 06:07:49,pm10,13.2
2019-10-11 06:08:49,pm2.5,12.2
2019-10-11 06:08:49,pm10,13.3
2019-10-11 06:09:48,pm2.5,12.7
2019-10-11 06:09:48,pm10,13.9
2019-10-11 06:10:48,pm2.5,12.2
2019-10-11 06:10:48,pm10,13.3
2019-10-11 06:11:48,pm2.5,12.4
2019-10-11 06:11:48,pm10,13.5
2019-10-11 06:12:48,pm2.5,12.0
2019-10-11 06:12:48,pm10,13.1
2019-10-11 06:13:48,pm2.5,11.6
2019-10-11 06:13:49,pm10,12.6
2019-10-11 06:14:49,pm2.5,11.5
2019-10-11 06:14:49,pm10,12.5
2019-10-11 06:15:50,pm2.5,11.1
2019-10-11 06:15:50,pm10,12.1
2019-10-11 06:16:49,pm2.5,11.4
2019-10-11 06:16:49,pm10,12.4
2019-10-11 06:17:50,pm2.5,11.1
2019-10-11 06:17:50,pm10,12.2
2019-10-11 06:18:52,pm2.5,11.2
2019-10-11 06:18:52,pm10,12.2
2019-10-11 06:19:50,pm2.5,10.9
2019-10-11 06:19:50,pm10,11.9
2019-10-11 06:20:49,pm2.5,11.0
2019-10-11 06:20:49,pm10,12.0
2019-10-11 06:21:48,pm2.5,10.5
2019-10-11 06:21:48,pm10,11.4
2019-10-11 06:22:47,pm2.5,10.5
2019-10-11 06:22:47,pm10,11.4
2019-10-11 06:23:48,pm2.5,10.4
2019-10-11 06:23:48,pm10,11.4
2019-10-11 06:24:48,pm2.5,10.7
2019-10-11 06:24:48,pm10,11.7
2019-10-11 06:25:48,pm2.5,10.5
2019-10-11 06:25:48,pm10,11.5
2019-10-11 06:26:48,pm2.5,10.4
2019-10-11 06:26:49,pm10,11.4
2019-10-11 06:27:49,pm2.5,9.9
2019-10-11 06:27:49,pm10,10.8
2019-10-11 06:28:49,pm2.5,10.5
2019-10-11 06:28:49,pm10,11.5
2019-10-11 06:29:49,pm2.5,9.7
2019-10-11 06:29:49,pm10,10.6
2019-10-11 06:30:49,pm2.5,9.7
2019-10-11 06:30:49,pm10,10.6
2019-10-11 06:31:49,pm2.5,9.5
2019-10-11 06:31:49,pm10,10.4
2019-10-11 06:32:49,pm2.5,9.5
2019-10-11 06:32:49,pm10,10.4
2019-10-11 06:33:49,pm2.5,9.3
2019-10-11 06:33:49,pm10,10.2
2019-10-11 06:34:49,pm2.5,8.8
2019-10-11 06:34:49,pm10,9.6
2019-10-11 06:35:49,pm2.5,9.2
2019-10-11 06:35:49,pm10,10.0
2019-10-11 06:36:49,pm2.5,8.9
2019-10-11 06:36:50,pm10,9.7
2019-10-11 06:37:48,pm2.5,8.9
2019-10-11 06:37:48,pm10,9.7
2019-10-11 06:38:48,pm2.5,8.9
2019-10-11 06:38:48,pm10,9.7
2019-10-11 06:39:48,pm2.5,8.4
2019-10-11 06:39:49,pm10,9.2
2019-10-11 06:40:49,pm2.5,8.4
2019-10-11 06:40:49,pm10,9.2
2019-10-11 06:41:55,pm2.5,8.7
2019-10-11 06:41:55,pm10,9.5
2019-10-11 06:42:49,pm2.5,8.1
2019-10-11 06:42:49,pm10,8.9
2019-10-11 06:43:49,pm2.5,8.2
2019-10-11 06:43:49,pm10,8.9
2019-10-11 06:44:49,pm2.5,8.2
2019-10-11 06:44:49,pm10,9.0
2019-10-11 06:45:48,pm2.5,8.1
2019-10-11 06:45:48,pm10,8.8
2019-10-11 06:46:48,pm2.5,7.8
2019-10-11 06:46:48,pm10,8.5
2019-10-11 06:47:48,pm2.5,8.1
2019-10-11 06:47:48,pm10,8.8
2019-10-11 06:48:48,pm2.5,7.8
2019-10-11 06:48:48,pm10,8.5
2019-10-11 06:49:49,pm2.5,7.6
2019-10-11 06:49:49,pm10,8.3
2019-10-11 06:50:48,pm2.5,7.6
2019-10-11 06:50:48,pm10,8.3
2019-10-11 06:51:48,pm2.5,7.4
2019-10-11 06:51:48,pm10,8.1
2019-10-11 06:52:47,pm2.5,7.3
2019-10-11 06:52:48,pm10,8.0
2019-10-11 06:53:48,pm2.5,7.8
2019-10-11 06:53:48,pm10,8.6
2019-10-11 06:54:49,pm2.5,7.3
2019-10-11 06:54:49,pm10,8.0
2019-10-11 06:55:48,pm2.5,7.4
2019-10-11 06:55:48,pm10,8.1
2019-10-11 06:56:48,pm2.5,7.4
2019-10-11 06:56:48,pm10,8.1
2019-10-11 06:57:48,pm2.5,7.1
2019-10-11 06:57:48,pm10,7.8
2019-10-11 06:58:49,pm2.5,6.8
2019-10-11 06:58:49,pm10,7.4
2019-10-11 06:59:49,pm2.5,7.1
2019-10-11 06:59:49,pm10,7.8
2019-10-11 07:00:49,pm2.5,6.6
2019-10-11 07:00:49,pm10,7.2
2019-10-11 07:01:49,pm2.5,6.5
2019-10-11 07:01:49,pm10,7.1
2019-10-11 07:02:49,pm2.5,6.4
2019-10-11 07:02:49,pm10,7.0
2019-10-11 07:03:49,pm2.5,6.3
2019-10-11 07:03:49,pm10,6.9
2019-10-11 07:04:49,pm2.5,6.4
2019-10-11 07:04:49,pm10,7.0
2019-10-11 07:05:50,pm2.5,6.3
2019-10-11 07:05:50,pm10,6.9
2019-10-11 07:06:49,pm2.5,6.2
2019-10-11 07:06:49,pm10,6.8
2019-10-11 07:07:49,pm2.5,6.2
2019-10-11 07:07:49,pm10,6.8
2019-10-11 07:08:49,pm2.5,6.0
2019-10-11 07:08:49,pm10,6.6
2019-10-11 07:09:49,pm2.5,5.9
2019-10-11 07:09:49,pm10,6.4
2019-10-11 07:10:50,pm2.5,5.8
2019-10-11 07:10:50,pm10,6.3
2019-10-11 07:12:48,pm2.5,5.6
2019-10-11 07:12:48,pm10,6.1
2019-10-11 07:13:48,pm2.5,5.6
2019-10-11 07:13:48,pm10,6.1
2019-10-11 07:14:49,pm2.5,5.4
2019-10-11 07:14:49,pm10,5.9
2019-10-11 07:15:48,pm2.5,5.6
2019-10-11 07:15:48,pm10,6.1
2019-10-11 07:16:48,pm2.5,5.6
2019-10-11 07:16:48,pm10,6.1
2019-10-11 07:17:48,pm2.5,5.7
2019-10-11 07:17:48,pm10,6.2
2019-10-11 07:18:48,pm2.5,5.5
2019-10-11 07:18:49,pm10,6.0
2019-10-11 07:19:50,pm2.5,5.7
2019-10-11 07:19:50,pm10,6.2
2019-10-11 07:20:49,pm2.5,5.5
2019-10-11 07:20:49,pm10,6.0
2019-10-11 07:21:48,pm2.5,5.4
2019-10-11 07:21:48,pm10,5.9
2019-10-11 07:22:48,pm2.5,5.3
2019-10-11 07:22:48,pm10,5.8
2019-10-11 07:23:49,pm2.5,5.3
2019-10-11 07:23:49,pm10,5.8
2019-10-11 07:24:49,pm2.5,5.2
2019-10-11 07:24:49,pm10,5.7
2019-10-11 07:25:49,pm2.5,5.2
2019-10-11 07:25:49,pm10,5.7
2019-10-11 07:26:49,pm2.5,5.0
2019-10-11 07:26:49,pm10,5.5
2019-10-11 07:27:48,pm2.5,5.0
2019-10-11 07:27:48,pm10,5.5
2019-10-11 07:28:49,pm2.5,4.9
2019-10-11 07:28:49,pm10,5.4
2019-10-11 07:29:49,pm2.5,5.1
2019-10-11 07:29:49,pm10,5.6
2019-10-11 07:30:49,pm2.5,4.7
2019-10-11 07:30:49,pm10,5.1
2019-10-11 07:31:49,pm2.5,4.7
2019-10-11 07:31:49,pm10,5.1
2019-10-11 07:32:50,pm2.5,4.5
2019-10-11 07:32:50,pm10,4.9
2019-10-11 07:33:50,pm2.5,4.3
2019-10-11 07:33:50,pm10,4.7
2019-10-11 07:34:50,pm2.5,4.5
2019-10-11 07:34:50,pm10,4.9
2019-10-11 07:35:49,pm2.5,4.2
2019-10-11 07:35:49,pm10,4.6
2019-10-11 07:36:49,pm2.5,4.4
2019-10-11 07:36:49,pm10,4.8
2019-10-11 07:37:50,pm2.5,4.2
2019-10-11 07:37:50,pm10,4.6
2019-10-11 07:38:49,pm2.5,4.3
2019-10-11 07:38:49,pm10,4.7
2019-10-11 07:39:48,pm2.5,4.1
2019-10-11 07:39:48,pm10,4.5
2019-10-11 07:40:48,pm2.5,4.3
2019-10-11 07:40:48,pm10,4.7
2019-10-11 07:42:50,pm2.5,4.0
2019-10-11 07:42:50,pm10,4.4
2019-10-11 07:43:49,pm2.5,4.3
2019-10-11 07:43:50,pm10,4.7
2019-10-11 07:44:48,pm2.5,3.9
2019-10-11 07:44:49,pm10,4.2
2019-10-11 07:45:48,pm2.5,3.9
2019-10-11 07:45:48,pm10,4.3
2019-10-11 07:46:50,pm2.5,4.4
2019-10-11 07:46:50,pm10,4.8
2019-10-11 07:47:49,pm2.5,3.9
2019-10-11 07:47:49,pm10,4.3
2019-10-11 07:48:49,pm2.5,3.8
2019-10-11 07:48:49,pm10,4.1
2019-10-11 07:49:49,pm2.5,3.7
2019-10-11 07:49:49,pm10,4.0
2019-10-11 07:50:49,pm2.5,4.0
2019-10-11 07:50:49,pm10,4.4
2019-10-11 07:51:48,pm2.5,3.4
2019-10-11 07:51:48,pm10,3.7
2019-10-11 07:52:48,pm2.5,3.6
2019-10-11 07:52:48,pm10,3.9
2019-10-11 07:53:48,pm2.5,4.0
2019-10-11 07:53:48,pm10,4.4
2019-10-11 07:54:49,pm2.5,3.6
2019-10-11 07:54:49,pm10,4.0
2019-10-11 07:55:49,pm2.5,3.4
2019-10-11 07:55:49,pm10,3.7
2019-10-11 07:56:48,pm2.5,3.5
2019-10-11 07:56:48,pm10,3.9
2019-10-11 07:57:49,pm2.5,3.4
2019-10-11 07:57:50,pm10,3.7
2019-10-11 07:58:49,pm2.5,3.3
2019-10-11 07:58:49,pm10,3.6
2019-10-11 07:59:50,pm2.5,3.5
2019-10-11 07:59:50,pm10,3.8
2019-10-11 08:00:49,pm2.5,3.1
2019-10-11 08:00:49,pm10,3.4
2019-10-11 08:01:49,pm2.5,3.3
2019-10-11 08:01:49,pm10,3.6
2019-10-11 08:02:50,pm2.5,3.3
2019-10-11 08:02:50,pm10,3.6
2019-10-11 08:03:50,pm2.5,3.2
2019-10-11 08:03:50,pm10,3.5
2019-10-11 08:04:50,pm2.5,3.1
2019-10-11 08:04:50,pm10,3.4
2019-10-11 08:05:49,pm2.5,3.1
2019-10-11 08:05:49,pm10,3.4
2019-10-11 08:06:47,pm2.5,3.4
2019-10-11 08:06:47,pm10,3.7
2019-10-11 08:08:49,pm2.5,2.9
2019-10-11 08:08:49,pm10,3.2
2019-10-11 08:09:48,pm2.5,3.1
2019-10-11 08:09:48,pm10,3.4
2019-10-11 08:10:48,pm2.5,2.9
2019-10-11 08:10:48,pm10,3.2
2019-10-11 08:11:48,pm2.5,2.7
2019-10-11 08:11:48,pm10,3.0
2019-10-11 08:12:50,pm2.5,2.9
2019-10-11 08:12:50,pm10,3.2
2019-10-11 08:13:50,pm2.5,2.9
2019-10-11 08:13:50,pm10,3.2
2019-10-11 08:14:49,pm2.5,2.7
2019-10-11 08:14:49,pm10,3.0
2019-10-11 08:15:49,pm2.5,2.6
2019-10-11 08:15:49,pm10,2.9
2019-10-11 08:16:50,pm2.5,2.7
2019-10-11 08:16:50,pm10,3.0
2019-10-11 08:17:49,pm2.5,2.5
2019-10-11 08:17:49,pm10,2.7
2019-10-11 08:18:50,pm2.5,2.5
2019-10-11 08:18:50,pm10,2.7
2019-10-11 08:19:49,pm2.5,2.6
2019-10-11 08:19:49,pm10,2.8
2019-10-11 08:20:48,pm2.5,2.5
2019-10-11 08:20:48,pm10,2.7
2019-10-11 08:21:48,pm2.5,2.5
2019-10-11 08:21:48,pm10,2.7
2019-10-11 08:22:48,pm2.5,2.3
2019-10-11 08:22:48,pm10,2.5
2019-10-11 08:23:48,pm2.5,2.4
2019-10-11 08:23:48,pm10,2.6
2019-10-11 08:24:49,pm2.5,2.4
2019-10-11 08:24:49,pm10,2.6
2019-10-11 08:25:48,pm2.5,2.4
2019-10-11 08:25:48,pm10,2.6
2019-10-11 08:26:49,pm2.5,2.4
2019-10-11 08:26:50,pm10,2.6
2019-10-11 08:27:49,pm2.5,2.4
2019-10-11 08:27:49,pm10,2.6
2019-10-11 08:28:50,pm2.5,2.3
2019-10-11 08:28:50,pm10,2.5
2019-10-11 08:29:49,pm2.5,2.4
2019-10-11 08:29:49,pm10,2.6
2019-10-11 08:30:50,pm2.5,2.2
2019-10-11 08:30:50,pm10,2.4
2019-10-11 08:31:49,pm2.5,2.4
2019-10-11 08:31:49,pm10,2.6
2019-10-11 08:32:48,pm2.5,2.2
2019-10-11 08:32:48,pm10,2.4
2019-10-11 08:33:49,pm2.5,2.1
2019-10-11 08:33:50,pm10,2.3
2019-10-11 08:34:49,pm2.5,2.5
2019-10-11 08:34:49,pm10,2.7
2019-10-11 08:35:50,pm2.5,2.2
2019-10-11 08:35:50,pm10,2.4
2019-10-11 08:36:49,pm2.5,2.2
2019-10-11 08:36:49,pm10,2.4
2019-10-11 08:37:47,pm2.5,2.1
2019-10-11 08:37:47,pm10,2.3
2019-10-11 08:38:48,pm2.5,2.0
2019-10-11 08:38:48,pm10,2.2
2019-10-11 08:39:47,pm2.5,1.9
2019-10-11 08:39:47,pm10,2.1
2019-10-11 08:40:47,pm2.5,1.9
2019-10-11 08:40:47,pm10,2.1
2019-10-11 08:41:48,pm2.5,2.0
2019-10-11 08:41:49,pm10,2.2
2019-10-11 08:42:51,pm2.5,2.0
2019-10-11 08:42:51,pm10,2.3
2019-10-11 08:43:49,pm2.5,2.2
2019-10-11 08:43:49,pm10,2.4
2019-10-11 08:44:49,pm2.5,1.8
2019-10-11 08:44:49,pm10,2.1
2019-10-11 08:45:49,pm2.5,1.9
2019-10-11 08:45:49,pm10,2.2
2019-10-11 08:46:49,pm2.5,2.1
2019-10-11 08:46:49,pm10,2.4
2019-10-11 08:47:49,pm2.5,2.0
2019-10-11 08:47:49,pm10,2.2
2019-10-11 08:48:50,pm2.5,1.9
2019-10-11 08:48:50,pm10,2.2
2019-10-11 08:49:49,pm2.5,1.7
2019-10-11 08:49:49,pm10,1.9
2019-10-11 08:50:49,pm2.5,1.9
2019-10-11 08:50:49,pm10,2.1
2019-10-11 08:51:49,pm2.5,1.6
2019-10-11 08:51:49,pm10,1.8
2019-10-11 08:52:49,pm2.5,1.7
2019-10-11 08:52:49,pm10,2.0
2019-10-11 08:53:48,pm2.5,1.7
2019-10-11 08:53:48,pm10,1.9
2019-10-11 08:54:49,pm2.5,1.8
2019-10-11 08:54:49,pm10,2.0
2019-10-11 08:55:48,pm2.5,1.8
2019-10-11 08:55:49,pm10,2.0
2019-10-11 08:56:49,pm2.5,1.6
2019-10-11 08:56:49,pm10,1.8
2019-10-11 08:57:49,pm2.5,1.7
2019-10-11 08:57:49,pm10,1.9
2019-10-11 08:58:49,pm2.5,1.8
2019-10-11 08:58:49,pm10,2.0
2019-10-11 08:59:49,pm2.5,1.6
2019-10-11 08:59:49,pm10,2.0
2019-10-11 09:00:49,pm2.5,1.6
2019-10-11 09:00:49,pm10,2.0
2019-10-11 09:01:49,pm2.5,1.5
2019-10-11 09:01:49,pm10,1.8
2019-10-11 09:02:49,pm2.5,1.6
2019-10-11 09:02:49,pm10,1.9
2019-10-11 09:03:50,pm2.5,1.5
2019-10-11 09:03:50,pm10,1.7
2019-10-11 09:04:49,pm2.5,1.6
2019-10-11 09:04:49,pm10,1.9
2019-10-11 09:05:50,pm2.5,1.5
2019-10-11 09:05:50,pm10,1.6
2019-10-11 09:06:49,pm2.5,1.4
2019-10-11 09:06:49,pm10,1.6
2019-10-11 09:07:49,pm2.5,1.4
2019-10-11 09:07:49,pm10,1.6
2019-10-11 09:08:49,pm2.5,1.5
2019-10-11 09:08:49,pm10,1.7
2019-10-11 09:09:48,pm2.5,1.4
2019-10-11 09:09:48,pm10,1.7
2019-10-11 09:10:49,pm2.5,1.4
2019-10-11 09:10:50,pm10,1.6
2019-10-11 09:11:50,pm2.5,1.3
2019-10-11 09:11:50,pm10,1.5
2019-10-11 09:12:49,pm2.5,1.4
2019-10-11 09:12:49,pm10,1.6
2019-10-11 09:13:49,pm2.5,1.4
2019-10-11 09:13:49,pm10,1.6
2019-10-11 09:14:49,pm2.5,1.5
2019-10-11 09:14:49,pm10,1.8
2019-10-11 09:15:50,pm2.5,1.3
2019-10-11 09:15:50,pm10,1.7
2019-10-11 09:16:49,pm2.5,1.3
2019-10-11 09:16:49,pm10,1.7
2019-10-11 09:17:49,pm2.5,1.4
2019-10-11 09:17:49,pm10,1.7
2019-10-11 09:18:51,pm2.5,1.3
2019-10-11 09:18:51,pm10,1.5
2019-10-11 09:19:49,pm2.5,1.1
2019-10-11 09:19:49,pm10,1.4
2019-10-11 09:20:49,pm2.5,1.2
2019-10-11 09:20:49,pm10,1.4
2019-10-11 09:21:49,pm2.5,1.3
2019-10-11 09:21:49,pm10,1.6
2019-10-11 09:22:48,pm2.5,1.1
2019-10-11 09:22:48,pm10,1.3
2019-10-11 09:23:48,pm2.5,1.2
2019-10-11 09:23:48,pm10,1.5
2019-10-11 09:24:48,pm2.5,1.2
2019-10-11 09:24:48,pm10,1.4
2019-10-11 09:25:48,pm2.5,1.2
2019-10-11 09:25:49,pm10,1.5
2019-10-11 09:26:49,pm2.5,1.3
2019-10-11 09:26:49,pm10,1.5
2019-10-11 09:27:50,pm2.5,1.2
2019-10-11 09:27:50,pm10,1.6
2019-10-11 09:28:49,pm2.5,1.2
2019-10-11 09:28:49,pm10,1.5
2019-10-11 09:29:49,pm2.5,1.2
2019-10-11 09:29:49,pm10,1.5
2019-10-11 09:30:49,pm2.5,1.2
2019-10-11 09:30:49,pm10,1.5
2019-10-11 09:31:50,pm2.5,1.1
2019-10-11 09:31:50,pm10,1.4
2019-10-11 09:32:49,pm2.5,1.1
2019-10-11 09:32:49,pm10,1.3
2019-10-11 09:33:49,pm2.5,0.9
2019-10-11 09:33:49,pm10,1.2
2019-10-11 09:34:50,pm2.5,0.9
2019-10-11 09:34:50,pm10,1.1
2019-10-11 09:35:48,pm2.5,1.0
2019-10-11 09:35:48,pm10,1.2
2019-10-11 09:36:48,pm2.5,1.0
2019-10-11 09:36:48,pm10,1.2
2019-10-11 09:37:49,pm2.5,1.1
2019-10-11 09:37:49,pm10,1.4
2019-10-11 09:39:49,pm2.5,1.1
2019-10-11 09:39:50,pm10,1.4
2019-10-11 09:40:49,pm2.5,1.0
2019-10-11 09:40:49,pm10,1.2
2019-10-11 09:41:48,pm2.5,0.9
2019-10-11 09:41:48,pm10,1.2
2019-10-11 09:42:49,pm2.5,0.9
2019-10-11 09:42:49,pm10,1.1
2019-10-11 09:43:50,pm2.5,1.0
2019-10-11 09:43:50,pm10,1.2
2019-10-11 09:44:49,pm2.5,0.8
2019-10-11 09:44:49,pm10,1.0
2019-10-11 09:45:49,pm2.5,0.9
2019-10-11 09:45:49,pm10,1.1
2019-10-11 09:46:49,pm2.5,0.8
2019-10-11 09:46:49,pm10,0.9
2019-10-11 09:47:50,pm2.5,0.8
2019-10-11 09:47:50,pm10,1.0
2019-10-11 09:48:49,pm2.5,0.9
2019-10-11 09:48:49,pm10,1.1
2019-10-11 09:49:49,pm2.5,0.9
2019-10-11 09:49:50,pm10,1.2
2019-10-11 09:50:49,pm2.5,0.9
2019-10-11 09:50:49,pm10,1.1
2019-10-11 09:51:49,pm2.5,0.9
2019-10-11 09:51:49,pm10,1.1
2019-10-11 09:52:49,pm2.5,0.8
2019-10-11 09:52:49,pm10,1.0
2019-10-11 09:53:49,pm2.5,0.9
2019-10-11 09:53:49,pm10,1.1
2019-10-11 09:54:49,pm2.5,0.9
2019-10-11 09:54:50,pm10,1.1
2019-10-11 09:55:48,pm2.5,1.0
2019-10-11 09:55:48,pm10,1.2
2019-10-11 09:56:49,pm2.5,0.8
2019-10-11 09:56:49,pm10,1.0
2019-10-11 09:57:48,pm2.5,0.9
2019-10-11 09:57:48,pm10,1.2
2019-10-11 09:58:51,pm2.5,0.8
2019-10-11 09:58:51,pm10,0.9
2019-10-11 09:59:50,pm2.5,0.8
2019-10-11 09:59:50,pm10,1.0
2019-10-11 10:00:49,pm2.5,0.9
2019-10-11 10:00:49,pm10,1.0
2019-10-11 10:01:50,pm2.5,0.7
2019-10-11 10:01:50,pm10,0.9
2019-10-11 10:02:48,pm2.5,0.7
2019-10-11 10:02:48,pm10,0.8
2019-10-11 10:03:48,pm2.5,0.8
2019-10-11 10:03:48,pm10,1.1
2019-10-11 10:04:49,pm2.5,0.7
2019-10-11 10:04:49,pm10,0.9
2019-10-11 10:05:48,pm2.5,0.7
2019-10-11 10:05:48,pm10,0.9
2019-10-11 10:06:54,pm2.5,0.8
2019-10-11 10:06:54,pm10,1.0
2019-10-11 10:07:49,pm2.5,0.7
2019-10-11 10:07:49,pm10,0.8
2019-10-11 10:08:50,pm2.5,0.7
2019-10-11 10:08:50,pm10,0.9
2019-10-11 10:09:50,pm2.5,0.7
2019-10-11 10:09:50,pm10,0.9
2019-10-11 10:10:50,pm2.5,0.7
2019-10-11 10:10:50,pm10,0.9
2019-10-11 10:11:49,pm2.5,0.8
2019-10-11 10:11:49,pm10,1.0
2019-10-11 10:12:49,pm2.5,0.7
2019-10-11 10:12:49,pm10,0.8
2019-10-11 10:13:49,pm2.5,0.7
2019-10-11 10:13:49,pm10,1.1
2019-10-11 10:14:49,pm2.5,0.6
2019-10-11 10:14:49,pm10,0.8
2019-10-11 10:15:50,pm2.5,0.7
2019-10-11 10:15:51,pm10,0.9
2019-10-11 10:16:54,pm2.5,0.6
2019-10-11 10:16:54,pm10,0.8
2019-10-11 10:17:49,pm2.5,0.6
2019-10-11 10:17:49,pm10,0.8