2019-10-15 20:50:51,pm2.5,3.0
2019-10-15 20:50:51,pm10,4.7
2019-10-15 20:51:51,pm2.5,3.0
2019-10-15 20:51:51,pm10,4.4
2019-10-15 20:52:51,pm2.5,3.2
2019-10-15 20:52:51,pm10,4.8
2019-10-15 20:53:51,pm2.5,999.9
2019-10-15 20:53:51,pm10,1999.9
2019-10-15 20:54:51,pm2.5,999.9
2019-10-15 20:54:51,pm10,1999.9
2019-10-15 20:55:51,pm2.5,999.9
2019-10-15 20:55:51,pm10,1999.9
2019-10-15 20:56:51,pm2.5,999.9
2019-10-15 20:56:51,pm10,1999.9
2019-10-15 20:57:51,pm2.5,999.9
2019-10-15 20:57:51,pm10,1999.9
2019-10-15 20:58:51,pm2.5,999.9
2019-10-15 20:58:51,pm10,1999.9
2019-10-15 20:59:51,pm2.5,999.9
2019-10-15 20:59:51,pm10,1999.9
2019-10-15 21:00:51,pm2.5,999.9
2019-10-15 21:00:51,pm10,1999.9
2019-10-15 21:01:51,pm2.5,999.9
2019-10-15 21:01:51,pm10,1999.9
2019-10-15 21:02:51,pm2.5,999.9
2019-10-15 21:02:51,pm10,1999.9
2019-10-15 21:03:51,pm2.5,999.9
2019-10-15 21:03:51,pm10,1999.9
2019-10-15 21:04:51,pm2.5,999.9
2019-10-15 21:04:51,pm10,1999.9
2019-10-15 21:05:51,pm2.5,999.9
2019-10-15 21:05:51,pm10,1999.9
2019-10-15 21:06:51,pm2.5,999.9
2019-10-15 21:06:51,pm10,1999.9
2019-10-15 21:07:51,pm2.5,999.9
2019-10-15 21:07:51,pm10,1999.9
2019-10-15 21:08:51,pm2.5,999.9
2019-10-15 21:08:51,pm10,1999.9
2019-10-15 21:09:51,pm2.5,999.9
2019-10-15 21:09:51,pm10,1999.9
2019-10-15 21:10:51,pm2.5,999.9
2019-10-15 21:10:51,pm10,1999.9
2019-10-15 21:11:51,pm2.5,999.9
2019-10-15 21:11:51,pm10,1999.9
2019-10-15 21:12:51,pm2.5,999.9
2019-10-15 21:12:51,pm10,1999.9
2019-10-15 21:13:51,pm2.5,999.9
2019-10-15 21:13:51,pm10,1999.9
2019-10-15 21:14:51,pm2.5,999.9
2019-10-15 21:14:51,pm10,1999.9
2019-10-15 21:15:51,pm2.5,999.9
2019-10-15 21:15:51,pm10,1999.9
2019-10-15 21:16:51,pm2.5,999.9
2019-10-15 21:16:51,pm10,1999.9
2019-10-15 21:17:51,pm2.5,999.9
2019-10-15 21:17:51,pm10,1999.9
2019-10-15 21:18:51,pm2.5,999.9
2019-10-15 21:18:51,pm10,1999.9
2019-10-15 21:19:51,pm2.5,999.9
2019-10-15 21:19:51,pm10,1999.9
2019-10-15 21:20:51,pm2.5,999.9
2019-10-15 21:20:51,pm10,1999.9
2019-10-15 21:21:51,pm2.5,999.9
2019-10-15 21:21:51,pm10,1999.9
2019-10-15 21:22:51,pm2.5,999.9
2019-10-15 21:22:51,pm10,1999.9
2019-10-15 21:23:51,pm2.5,999.9
2019-10-15 21:23:51,pm10,1999.9
2019-10-15 21:24:51,pm2.5,999.9
2019-10-15 21:24:51,pm10,1999.9
2019-10-15 21:25:51,pm2.5,999.9
2019-10-15 21:25:51,pm10,1999.9
2019-10-15 21:26:51,pm2.5,999.9
2019-10-15 21:26:51,pm10,1999.9
2019-10-15 21:27:51,pm2.5,999.9
2019-10-15 21:27:51,pm10,1999.9
2019-10-15 21:28:51,pm2.5,999.9
2019-10-15 21:28:51,pm10,1999.9
2019-10-15 21:29:51,pm2.5,999.9
2019-10-15 21:29:51,pm10,1999.9
2019-10-15 21:30:51,pm2.5,999.9
2019-10-15 21:30:51,pm10,1999.9
2019-10-15 21:31:51,pm2.5,999.9
2019-10-15 21:31:51,pm10,1999.9
2019-10-15 21:32:51,pm2.5,999.9
2019-10-15 21:32:51,pm10,1999.9
2019-10-15 21:33:51,pm2.5,999.9
2019-10-15 21:33:51,pm10,1999.9
2019-10-15 21:34:51,pm2.5,999.9
2019-10-15 21:34:51,pm10,1999.9
2019-10-15 21:35:51,pm2.5,999.9
2019-10-15 21:35:51,pm10,1999.9
2019-10-15 21:36:51,pm2.5,999.9
2019-10-15 21:36:51,pm10,1999.9
2019-10-15 21:37:51,pm2.5,999.9
2019-10-15 21:37:51,pm10,1999.9
2019-10-15 21:38:51,pm2.5,999.9
2019-10-15 21:38:51,pm10,1999.9
2019-10-15 21:39:51,pm2.5,999.9
2019-10-15 21:39:51,pm10,1999.9
2019-10-15 21:40:51,pm2.5,999.9
2019-10-15 21:40:51,pm10,1999.9
2019-10-15 21:41:51,pm2.5,999.9
2019-10-15 21:41:51,pm10,1999.9
2019-10-15 21:42:51,pm2.5,999.9
2019-10-15 21:42:51,pm10,1999.9
2019-10-15 21:43:51,pm2.5,999.9
2019-10-15 21:43:51,pm10,1999.9
2019-10-15 21:44:51,pm2.5,999.9
2019-10-15 21:44:51,pm10,1999.9
2019-10-15 21:45:51,pm2.5,999.9
2019-10-15 21:45:51,pm10,1999.9
2019-10-15 21:46:51,pm2.5,999.9
2019-10-15 21:46:52,pm10,1999.9
2019-10-15 21:47:51,pm2.5,999.9
2019-10-15 21:47:51,pm10,1999.9
2019-10-15 21:48:51,pm2.5,999.9
2019-10-15 21:48:51,pm10,1999.9
2019-10-15 21:49:51,pm2.5,999.9
2019-10-15 21:49:51,pm10,1999.9
2019-10-15 21:50:51,pm2.5,999.9
2019-10-15 21:50:51,pm10,1999.9
2019-10-15 21:51:51,pm2.5,999.9
2019-10-15 21:51:51,pm10,1999.9
2019-10-15 21:52:51,pm2.5,999.9
2019-10-15 21:52:51,pm10,1999.9
2019-10-15 21:53:51,pm2.5,999.9
2019-10-15 21:53:51,pm10,1999.9
2019-10-15 21:54:51,pm2.5,999.9
2019-10-15 21:54:51,pm10,1999.9
2019-10-15 21:55:51,pm2.5,999.9
2019-10-15 21:55:51,pm10,1999.9
2019-10-15 21:56:51,pm2.5,999.9
2019-10-15 21:56:51,pm10,1999.9
2019-10-15 21:57:51,pm2.5,999.9
2019-10-15 21:57:51,pm10,1999.9
2019-10-15 21:58:51,pm2.5,999.9
2019-10-15 21:58:51,pm10,1999.9
2019-10-15 21:59:51,pm2.5,999.9
2019-10-15 21:59:51,pm10,1999.9
2019-10-15 22:00:51,pm2.5,999.9
2019-10-15 22:00:51,pm10,1999.9
2019-10-15 22:01:51,pm2.5,999.9
2019-10-15 22:01:51,pm10,1999.9
2019-10-15 22:02:51,pm2.5,999.9
2019-10-15 22:02:51,pm10,1999.9
2019-10-15 22:03:51,pm2.5,999.9
2019-10-15 22:03:51,pm10,1999.9
2019-10-15 22:04:51,pm2.5,999.9
2019-10-15 22:04:51,pm10,1999.9
2019-10-15 22:05:51,pm2.5,999.9
2019-10-15 22:05:51,pm10,1999.9
2019-10-15 22:06:51,pm2.5,999.9
2019-10-15 22:06:51,pm10,1999.9
2019-10-15 22:07:51,pm2.5,999.9
2019-10-15 22:07:51,pm10,1999.9
2019-10-15 22:08:51,pm2.5,999.9
2019-10-15 22:08:51,pm10,1999.9
2019-10-15 22:09:51,pm2.5,999.9
2019-10-15 22:09:51,pm10,1999.9
2019-10-15 22:10:51,pm2.5,999.9
2019-10-15 22:10:51,pm10,1999.9
2019-10-15 22:11:51,pm2.5,999.9
2019-10-15 22:11:51,pm10,1999.9
2019-10-15 22:12:51,pm2.5,999.9
2019-10-15 22:12:51,pm10,1999.9
2019-10-15 22:13:51,pm2.5,999.9
2019-10-15 22:13:51,pm10,1999.9
2019-10-15 22:14:51,pm2.5,999.9
2019-10-15 22:14:51,pm10,1999.9
2019-10-15 22:15:51,pm2.5,999.9
2019-10-15 22:15:51,pm10,1999.9
2019-10-15 22:16:51,pm2.5,999.9
2019-10-15 22:16:51,pm10,1999.9
2019-10-15 22:17:51,pm2.5,999.9
2019-10-15 22:17:51,pm10,1999.9
2019-10-15 22:18:51,pm2.5,999.9
2019-10-15 22:18:51,pm10,1999.9
2019-10-15 22:19:51,pm2.5,999.9
2019-10-15 22:19:51,pm10,1986.8
2019-10-15 22:20:51,pm2.5,999.9
2019-10-15 22:20:51,pm10,1929.2
2019-10-15 22:21:51,pm2.5,999.9
2019-10-15 22:21:51,pm10,1880.1
2019-10-15 22:22:51,pm2.5,999.9
2019-10-15 22:22:51,pm10,1854.7
2019-10-15 22:23:51,pm2.5,999.9
2019-10-15 22:23:51,pm10,1805.4
2019-10-15 22:24:51,pm2.5,999.9
2019-10-15 22:24:51,pm10,1754.1
2019-10-15 22:25:51,pm2.5,999.9
2019-10-15 22:25:51,pm10,1713.7
2019-10-15 22:26:51,pm2.5,999.9
2019-10-15 22:26:51,pm10,1677.6
2019-10-15 22:27:51,pm2.5,999.9
2019-10-15 22:27:51,pm10,1632.9
2019-10-15 22:28:51,pm2.5,999.9
2019-10-15 22:28:51,pm10,1595.7
2019-10-15 22:29:51,pm2.5,999.9
2019-10-15 22:29:51,pm10,1559.8
2019-10-15 22:30:51,pm2.5,999.9
2019-10-15 22:30:51,pm10,1521.1
2019-10-15 22:31:51,pm2.5,999.9
2019-10-15 22:31:51,pm10,1477.6
2019-10-15 22:32:51,pm2.5,999.9
2019-10-15 22:32:51,pm10,1451.0
2019-10-15 22:33:51,pm2.5,999.9
2019-10-15 22:33:51,pm10,1409.9
2019-10-15 22:34:51,pm2.5,988.8
2019-10-15 22:34:51,pm10,1369.2
2019-10-15 22:35:51,pm2.5,981.9
2019-10-15 22:35:51,pm10,1336.8
2019-10-15 22:36:51,pm2.5,972.6
2019-10-15 22:36:51,pm10,1313.6
2019-10-15 22:37:51,pm2.5,964.1
2019-10-15 22:37:51,pm10,1278.8
2019-10-15 22:38:51,pm2.5,952.5
2019-10-15 22:38:51,pm10,1245.5
2019-10-15 22:39:51,pm2.5,940.7
2019-10-15 22:39:51,pm10,1214.3
2019-10-15 22:40:51,pm2.5,935.3
2019-10-15 22:40:51,pm10,1194.0
2019-10-15 22:41:51,pm2.5,922.3
2019-10-15 22:41:51,pm10,1156.8
2019-10-15 22:42:51,pm2.5,911.3
2019-10-15 22:42:51,pm10,1129.7
2019-10-15 22:43:51,pm2.5,902.8
2019-10-15 22:43:51,pm10,1101.9
2019-10-15 22:44:51,pm2.5,891.4
2019-10-15 22:44:51,pm10,1078.2
2019-10-15 22:45:51,pm2.5,881.6
2019-10-15 22:45:51,pm10,1045.0
2019-10-15 22:46:51,pm2.5,870.5
2019-10-15 22:46:51,pm10,1022.8
2019-10-15 22:47:51,pm2.5,859.7
2019-10-15 22:47:51,pm10,997.1
2019-10-15 22:48:51,pm2.5,848.7
2019-10-15 22:48:51,pm10,976.1
2019-10-15 22:49:51,pm2.5,836.6
2019-10-15 22:49:51,pm10,951.6
2019-10-15 22:50:51,pm2.5,826.5
2019-10-15 22:50:51,pm10,929.7
2019-10-15 22:51:51,pm2.5,809.2
2019-10-15 22:51:51,pm10,908.8
2019-10-15 22:52:51,pm2.5,804.4
2019-10-15 22:52:51,pm10,902.4
2019-10-15 22:53:51,pm2.5,788.2
2019-10-15 22:53:51,pm10,883.4
2019-10-15 22:54:51,pm2.5,772.6
2019-10-15 22:54:51,pm10,865.5
2019-10-15 22:55:51,pm2.5,764.1
2019-10-15 22:55:51,pm10,855.1
2019-10-15 22:56:51,pm2.5,753.5
2019-10-15 22:56:51,pm10,842.4
2019-10-15 22:57:51,pm2.5,736.5
2019-10-15 22:57:51,pm10,823.0
2019-10-15 22:58:51,pm2.5,723.6
2019-10-15 22:58:51,pm10,807.6
2019-10-15 22:59:51,pm2.5,710.2
2019-10-15 22:59:51,pm10,792.5
2019-10-15 23:00:51,pm2.5,697.4
2019-10-15 23:00:51,pm10,777.9
2019-10-15 23:01:51,pm2.5,687.0
2019-10-15 23:01:51,pm10,765.9
2019-10-15 23:02:51,pm2.5,672.1
2019-10-15 23:02:51,pm10,748.9
2019-10-15 23:03:51,pm2.5,660.9
2019-10-15 23:03:51,pm10,736.0
2019-10-15 23:04:51,pm2.5,644.7
2019-10-15 23:04:51,pm10,717.6
2019-10-15 23:05:51,pm2.5,631.2
2019-10-15 23:05:51,pm10,702.3
2019-10-15 23:06:51,pm2.5,620.1
2019-10-15 23:06:51,pm10,689.7
2019-10-15 23:07:51,pm2.5,601.7
2019-10-15 23:07:51,pm10,669.7
2019-10-15 23:08:51,pm2.5,593.4
2019-10-15 23:08:51,pm10,660.2
2019-10-15 23:09:51,pm2.5,577.9
2019-10-15 23:09:51,pm10,643.0
2019-10-15 23:10:51,pm2.5,563.4
2019-10-15 23:10:51,pm10,626.8
2019-10-15 23:11:51,pm2.5,549.3
2019-10-15 23:11:51,pm10,611.0
2019-10-15 23:12:51,pm2.5,535.8
2019-10-15 23:12:51,pm10,596.8
2019-10-15 23:13:51,pm2.5,526.9
2019-10-15 23:13:52,pm10,586.7
2019-10-15 23:14:51,pm2.5,509.8
2019-10-15 23:14:51,pm10,567.8
2019-10-15 23:15:51,pm2.5,496.4
2019-10-15 23:15:51,pm10,552.9
2019-10-15 23:16:51,pm2.5,478.7
2019-10-15 23:16:51,pm10,534.1
2019-10-15 23:17:51,pm2.5,469.3
2019-10-15 23:17:51,pm10,523.9
2019-10-15 23:18:51,pm2.5,456.1
2019-10-15 23:18:51,pm10,509.1
2019-10-15 23:19:51,pm2.5,436.4
2019-10-15 23:19:51,pm10,488.1
2019-10-15 23:20:51,pm2.5,430.7
2019-10-15 23:20:51,pm10,481.9
2019-10-15 23:21:51,pm2.5,415.6
2019-10-15 23:21:51,pm10,465.5
2019-10-15 23:22:51,pm2.5,401.8
2019-10-15 23:22:51,pm10,450.2
2019-10-15 23:23:51,pm2.5,391.0
2019-10-15 23:23:51,pm10,438.8
2019-10-15 23:24:51,pm2.5,383.4
2019-10-15 23:24:51,pm10,430.3
2019-10-15 23:25:51,pm2.5,371.6
2019-10-15 23:25:51,pm10,417.4
2019-10-15 23:26:51,pm2.5,360.5
2019-10-15 23:26:51,pm10,405.2
2019-10-15 23:27:51,pm2.5,349.7
2019-10-15 23:27:51,pm10,392.8
2019-10-15 23:28:51,pm2.5,338.1
2019-10-15 23:28:51,pm10,379.8
2019-10-15 23:29:51,pm2.5,328.8
2019-10-15 23:29:51,pm10,368.8
2019-10-15 23:30:51,pm2.5,318.1
2019-10-15 23:30:51,pm10,356.9
2019-10-15 23:31:51,pm2.5,310.2
2019-10-15 23:31:51,pm10,348.3
2019-10-15 23:32:51,pm2.5,299.2
2019-10-15 23:32:51,pm10,335.8
2019-10-15 23:33:51,pm2.5,292.1
2019-10-15 23:33:51,pm10,327.6
2019-10-15 23:34:51,pm2.5,282.2
2019-10-15 23:34:51,pm10,316.2
2019-10-15 23:35:51,pm2.5,274.2
2019-10-15 23:35:51,pm10,307.7
2019-10-15 23:36:51,pm2.5,262.4
2019-10-15 23:36:51,pm10,294.0
2019-10-15 23:37:51,pm2.5,254.4
2019-10-15 23:37:51,pm10,285.1
2019-10-15 23:38:51,pm2.5,245.0
2019-10-15 23:38:51,pm10,274.5
2019-10-15 23:39:51,pm2.5,235.9
2019-10-15 23:39:51,pm10,264.3
2019-10-15 23:40:51,pm2.5,230.9
2019-10-15 23:40:51,pm10,258.7
2019-10-15 23:41:51,pm2.5,221.3
2019-10-15 23:41:51,pm10,248.0
2019-10-15 23:42:51,pm2.5,212.0
2019-10-15 23:42:51,pm10,237.7
2019-10-15 23:43:51,pm2.5,203.1
2019-10-15 23:43:51,pm10,227.8
2019-10-15 23:44:54,pm2.5,197.9
2019-10-15 23:44:54,pm10,221.8
2019-10-15 23:45:51,pm2.5,188.7
2019-10-15 23:45:51,pm10,211.6
2019-10-15 23:46:51,pm2.5,181.8
2019-10-15 23:46:51,pm10,204.1
2019-10-15 23:47:51,pm2.5,174.3
2019-10-15 23:47:51,pm10,195.7
2019-10-15 23:48:51,pm2.5,169.5
2019-10-15 23:48:51,pm10,190.3
2019-10-15 23:49:51,pm2.5,163.1
2019-10-15 23:49:51,pm10,184.1
2019-10-15 23:50:51,pm2.5,157.9
2019-10-15 23:50:51,pm10,177.2
2019-10-15 23:51:51,pm2.5,153.6
2019-10-15 23:51:51,pm10,172.3
2019-10-15 23:52:51,pm2.5,147.0
2019-10-15 23:52:51,pm10,165.1
2019-10-15 23:53:51,pm2.5,141.1
2019-10-15 23:53:51,pm10,158.4
2019-10-15 23:54:51,pm2.5,136.0
2019-10-15 23:54:51,pm10,152.8
2019-10-15 23:55:51,pm2.5,134.8
2019-10-15 23:55:51,pm10,151.2
2019-10-15 23:56:51,pm2.5,129.4
2019-10-15 23:56:51,pm10,145.1
2019-10-15 23:57:51,pm2.5,125.8
2019-10-15 23:57:51,pm10,141.1
2019-10-15 23:58:51,pm2.5,118.9
2019-10-15 23:58:51,pm10,133.4
2019-10-15 23:59:51,pm2.5,117.3
2019-10-15 23:59:51,pm10,131.4
2019-10-16 00:00:51,pm2.5,111.9
2019-10-16 00:00:51,pm10,125.5
2019-10-16 00:01:51,pm2.5,109.9
2019-10-16 00:01:51,pm10,123.1
2019-10-16 00:02:51,pm2.5,104.7
2019-10-16 00:02:51,pm10,117.2
2019-10-16 00:03:51,pm2.5,98.9
2019-10-16 00:03:51,pm10,110.7
2019-10-16 00:04:51,pm2.5,97.9
2019-10-16 00:04:51,pm10,109.7
2019-10-16 00:05:51,pm2.5,94.3
2019-10-16 00:05:51,pm10,105.7
2019-10-16 00:06:51,pm2.5,90.0
2019-10-16 00:06:51,pm10,100.8
2019-10-16 00:07:51,pm2.5,86.7
2019-10-16 00:07:51,pm10,97.1
2019-10-16 00:08:51,pm2.5,84.2
2019-10-16 00:08:51,pm10,94.3
2019-10-16 00:09:51,pm2.5,81.9
2019-10-16 00:09:51,pm10,91.7
2019-10-16 00:10:50,pm2.5,78.5
2019-10-16 00:10:51,pm10,87.8
2019-10-16 00:11:50,pm2.5,77.0
2019-10-16 00:11:51,pm10,86.1
2019-10-16 00:12:50,pm2.5,72.8
2019-10-16 00:12:51,pm10,81.4
2019-10-16 00:13:50,pm2.5,72.2
2019-10-16 00:13:51,pm10,80.8
2019-10-16 00:14:50,pm2.5,68.4
2019-10-16 00:14:51,pm10,76.7
2019-10-16 00:15:50,pm2.5,66.0
2019-10-16 00:15:51,pm10,73.8
2019-10-16 00:16:50,pm2.5,63.5
2019-10-16 00:16:51,pm10,71.1
2019-10-16 00:17:50,pm2.5,59.8
2019-10-16 00:17:51,pm10,67.0
2019-10-16 00:18:50,pm2.5,59.1
2019-10-16 00:18:51,pm10,66.2
2019-10-16 00:19:50,pm2.5,56.8
2019-10-16 00:19:51,pm10,63.6
2019-10-16 00:20:50,pm2.5,55.4
2019-10-16 00:20:51,pm10,61.9
2019-10-16 00:21:50,pm2.5,53.7
2019-10-16 00:21:51,pm10,60.2
2019-10-16 00:22:50,pm2.5,50.8
2019-10-16 00:22:51,pm10,56.9
2019-10-16 00:23:50,pm2.5,49.0
2019-10-16 00:23:51,pm10,54.9
2019-10-16 00:24:50,pm2.5,49.0
2019-10-16 00:24:51,pm10,54.7
2019-10-16 00:25:50,pm2.5,46.0
2019-10-16 00:25:51,pm10,51.3
2019-10-16 00:26:50,pm2.5,44.9
2019-10-16 00:26:50,pm10,50.2
2019-10-16 00:27:50,pm2.5,43.4
2019-10-16 00:27:50,pm10,48.5
2019-10-16 00:28:50,pm2.5,42.3
2019-10-16 00:28:51,pm10,47.2
2019-10-16 00:29:50,pm2.5,40.7
2019-10-16 00:29:50,pm10,45.4
2019-10-16 00:30:50,pm2.5,39.3
2019-10-16 00:30:50,pm10,43.9
2019-10-16 00:31:50,pm2.5,38.7
2019-10-16 00:31:50,pm10,43.2
2019-10-16 00:32:50,pm2.5,36.8
2019-10-16 00:32:50,pm10,41.2
2019-10-16 00:34:51,pm2.5,34.4
2019-10-16 00:34:51,pm10,38.5
2019-10-16 00:35:51,pm2.5,33.2
2019-10-16 00:35:51,pm10,37.1
2019-10-16 00:36:51,pm2.5,32.1
2019-10-16 00:36:51,pm10,35.9
2019-10-16 00:37:51,pm2.5,30.5
2019-10-16 00:37:51,pm10,34.0
2019-10-16 00:38:51,pm2.5,30.0
2019-10-16 00:38:51,pm10,33.6
2019-10-16 00:39:51,pm2.5,28.8
2019-10-16 00:39:51,pm10,32.2
2019-10-16 00:40:51,pm2.5,28.6
2019-10-16 00:40:51,pm10,31.9
2019-10-16 00:41:51,pm2.5,28.0
2019-10-16 00:41:51,pm10,31.2
2019-10-16 00:42:51,pm2.5,26.2
2019-10-16 00:42:51,pm10,29.2
2019-10-16 00:43:51,pm2.5,25.0
2019-10-16 00:43:51,pm10,28.0
2019-10-16 00:44:51,pm2.5,24.3
2019-10-16 00:44:51,pm10,27.1
2019-10-16 00:45:51,pm2.5,23.8
2019-10-16 00:45:51,pm10,26.6
2019-10-16 00:46:51,pm2.5,22.7
2019-10-16 00:46:51,pm10,25.4
2019-10-16 00:47:51,pm2.5,22.5
2019-10-16 00:47:51,pm10,25.1
2019-10-16 00:48:51,pm2.5,21.0
2019-10-16 00:48:51,pm10,23.5
2019-10-16 00:49:51,pm2.5,21.0
2019-10-16 00:49:52,pm10,23.5
2019-10-16 00:50:51,pm2.5,21.0
2019-10-16 00:50:51,pm10,23.5
2019-10-16 00:51:51,pm2.5,18.9
2019-10-16 00:51:51,pm10,21.1
2019-10-16 00:52:51,pm2.5,18.7
2019-10-16 00:52:51,pm10,20.9
2019-10-16 00:53:51,pm2.5,18.2
2019-10-16 00:53:51,pm10,20.3
2019-10-16 00:54:51,pm2.5,17.6
2019-10-16 00:54:51,pm10,19.6
2019-10-16 00:55:51,pm2.5,16.8
2019-10-16 00:55:51,pm10,18.8
2019-10-16 00:56:51,pm2.5,16.1
2019-10-16 00:56:51,pm10,18.0
2019-10-16 00:57:51,pm2.5,15.8
2019-10-16 00:57:51,pm10,17.6
2019-10-16 00:58:51,pm2.5,15.3
2019-10-16 00:58:51,pm10,17.1
2019-10-16 00:59:51,pm2.5,15.2
2019-10-16 00:59:51,pm10,17.3
2019-10-16 01:00:51,pm2.5,14.1
2019-10-16 01:00:51,pm10,15.8
2019-10-16 01:01:51,pm2.5,13.8
2019-10-16 01:01:51,pm10,15.4
2019-10-16 01:02:50,pm2.5,13.9
2019-10-16 01:02:50,pm10,15.5
2019-10-16 01:03:51,pm2.5,13.4
2019-10-16 01:03:51,pm10,15.0
2019-10-16 01:05:19,pm2.5,12.2
2019-10-16 01:05:19,pm10,13.7
2019-10-16 01:12:37,pm2.5,9.4
2019-10-16 01:12:37,pm10,10.7
2019-10-16 01:12:56,pm2.5,9.7
2019-10-16 01:12:56,pm10,10.9
2019-10-16 01:13:13,pm2.5,9.9
2019-10-16 01:13:13,pm10,11.1
2019-10-16 01:13:30,pm2.5,9.5
2019-10-16 01:13:30,pm10,11.0
2019-10-16 01:13:48,pm2.5,9.4
2019-10-16 01:13:48,pm10,10.6
2019-10-16 01:14:07,pm2.5,9.5
2019-10-16 01:14:07,pm10,10.6
2019-10-16 01:14:20,pm2.5,9.3
2019-10-16 01:14:20,pm10,10.4
2019-10-16 01:14:37,pm2.5,9.2
2019-10-16 01:14:37,pm10,10.5
2019-10-16 01:14:58,pm2.5,9.0
2019-10-16 01:14:58,pm10,10.3
2019-10-16 01:15:16,pm2.5,9.0
2019-10-16 01:15:16,pm10,10.1
2019-10-16 01:15:51,pm2.5,8.9
2019-10-16 01:15:51,pm10,10.1
2019-10-16 01:16:51,pm2.5,8.7
2019-10-16 01:16:51,pm10,9.9
2019-10-16 01:17:51,pm2.5,8.7
2019-10-16 01:17:51,pm10,9.7
2019-10-16 01:18:51,pm2.5,8.3
2019-10-16 01:18:51,pm10,9.6
2019-10-16 01:19:51,pm2.5,8.1
2019-10-16 01:19:51,pm10,9.3
2019-10-16 01:20:51,pm2.5,7.6
2019-10-16 01:20:51,pm10,8.7
2019-10-16 01:21:51,pm2.5,7.6
2019-10-16 01:21:51,pm10,8.9
2019-10-16 01:22:51,pm2.5,7.1
2019-10-16 01:22:51,pm10,8.5
2019-10-16 01:23:51,pm2.5,7.0
2019-10-16 01:23:51,pm10,8.3
2019-10-16 01:24:51,pm2.5,6.7
2019-10-16 01:24:51,pm10,7.5
2019-10-16 01:25:51,pm2.5,6.5
2019-10-16 01:25:51,pm10,7.7
2019-10-16 01:26:51,pm2.5,6.6
2019-10-16 01:26:51,pm10,7.6
2019-10-16 01:27:51,pm2.5,6.0
2019-10-16 01:27:51,pm10,7.0
2019-10-16 01:28:51,pm2.5,6.2
2019-10-16 01:28:51,pm10,7.3
2019-10-16 01:29:51,pm2.5,5.5
2019-10-16 01:29:51,pm10,6.5
2019-10-16 01:30:51,pm2.5,5.6
2019-10-16 01:30:51,pm10,6.7
2019-10-16 01:31:51,pm2.5,5.6
2019-10-16 01:31:51,pm10,6.9
2019-10-16 01:32:51,pm2.5,5.2
2019-10-16 01:32:51,pm10,6.3
2019-10-16 01:33:51,pm2.5,5.1
2019-10-16 01:33:51,pm10,6.3
2019-10-16 01:34:51,pm2.5,4.7
2019-10-16 01:34:51,pm10,5.7
2019-10-16 01:35:51,pm2.5,4.7
2019-10-16 01:35:51,pm10,6.0
2019-10-16 01:36:51,pm2.5,4.6
2019-10-16 01:36:51,pm10,5.3
2019-10-16 01:37:51,pm2.5,4.5
2019-10-16 01:37:51,pm10,5.5
2019-10-16 01:38:51,pm2.5,4.5
2019-10-16 01:38:51,pm10,5.4
2019-10-16 01:39:51,pm2.5,4.1
2019-10-16 01:39:51,pm10,4.8
2019-10-16 01:40:51,pm2.5,4.3
2019-10-16 01:40:51,pm10,5.5
2019-10-16 01:41:51,pm2.5,4.0
2019-10-16 01:41:51,pm10,4.7
2019-10-16 01:42:51,pm2.5,4.0
2019-10-16 01:42:51,pm10,4.7
2019-10-16 01:43:51,pm2.5,3.8
2019-10-16 01:43:51,pm10,4.4
2019-10-16 01:44:51,pm2.5,3.5
2019-10-16 01:44:51,pm10,4.4
2019-10-16 01:45:51,pm2.5,3.6
2019-10-16 01:45:51,pm10,4.3
2019-10-16 01:46:51,pm2.5,3.4
2019-10-16 01:46:51,pm10,4.6
2019-10-16 01:47:51,pm2.5,3.2
2019-10-16 01:47:51,pm10,3.5
2019-10-16 01:48:51,pm2.5,3.2
2019-10-16 01:48:51,pm10,3.8
2019-10-16 01:49:51,pm2.5,2.9
2019-10-16 01:49:51,pm10,3.8
2019-10-16 01:50:51,pm2.5,3.0
2019-10-16 01:50:51,pm10,3.3
2019-10-16 01:51:51,pm2.5,3.1
2019-10-16 01:51:51,pm10,3.9
2019-10-16 01:52:51,pm2.5,2.9
2019-10-16 01:52:51,pm10,3.6
2019-10-16 01:53:51,pm2.5,2.9
2019-10-16 01:53:51,pm10,3.5
2019-10-16 01:54:51,pm2.5,2.7
2019-10-16 01:54:51,pm10,3.3
2019-10-16 01:55:50,pm2.5,2.5
2019-10-16 01:55:51,pm10,2.9
2019-10-16 01:56:50,pm2.5,2.5
2019-10-16 01:56:51,pm10,2.8
2019-10-16 01:57:50,pm2.5,2.5
2019-10-16 01:57:51,pm10,3.0
2019-10-16 01:58:50,pm2.5,2.3
2019-10-16 01:58:51,pm10,3.0
2019-10-16 01:59:50,pm2.5,2.4
2019-10-16 01:59:51,pm10,2.7
2019-10-16 02:00:50,pm2.5,2.3
2019-10-16 02:00:50,pm10,2.8
2019-10-16 02:01:50,pm2.5,2.3
2019-10-16 02:01:50,pm10,2.7
2019-10-16 02:02:50,pm2.5,2.0
2019-10-16 02:02:50,pm10,2.5
2019-10-16 02:03:50,pm2.5,2.2
2019-10-16 02:03:50,pm10,2.5
2019-10-16 02:04:50,pm2.5,2.0
2019-10-16 02:04:50,pm10,2.5
2019-10-16 02:05:51,pm2.5,2.1
2019-10-16 02:05:51,pm10,2.5
2019-10-16 02:06:51,pm2.5,1.9
2019-10-16 02:06:51,pm10,2.1
2019-10-16 02:07:51,pm2.5,1.9
2019-10-16 02:07:51,pm10,2.2
2019-10-16 02:08:51,pm2.5,1.9
2019-10-16 02:08:51,pm10,2.6
2019-10-16 02:09:51,pm2.5,1.8
2019-10-16 02:09:51,pm10,2.1
2019-10-16 02:10:51,pm2.5,1.6
2019-10-16 02:10:51,pm10,1.7
2019-10-16 02:11:51,pm2.5,1.8
2019-10-16 02:11:51,pm10,2.2
2019-10-16 02:12:51,pm2.5,1.6
2019-10-16 02:12:51,pm10,2.2
2019-10-16 02:13:51,pm2.5,1.7
2019-10-16 02:13:51,pm10,1.9
2019-10-16 02:14:51,pm2.5,1.7
2019-10-16 02:14:51,pm10,2.1
2019-10-16 02:15:51,pm2.5,1.5
2019-10-16 02:15:51,pm10,2.0
2019-10-16 02:16:51,pm2.5,1.7
2019-10-16 02:16:51,pm10,2.0
2019-10-16 02:17:51,pm2.5,1.6
2019-10-16 02:17:51,pm10,1.9
2019-10-16 02:18:51,pm2.5,1.4
2019-10-16 02:18:51,pm10,1.5
2019-10-16 02:19:51,pm2.5,1.6
2019-10-16 02:19:51,pm10,2.1
2019-10-16 02:20:51,pm2.5,1.6
2019-10-16 02:20:51,pm10,1.9
2019-10-16 02:21:51,pm2.5,1.6
2019-10-16 02:21:51,pm10,1.8
2019-10-16 02:22:51,pm2.5,1.4
2019-10-16 02:22:51,pm10,1.5
2019-10-16 02:23:51,pm2.5,1.3
2019-10-16 02:23:51,pm10,1.5
2019-10-16 02:24:51,pm2.5,1.4
2019-10-16 02:24:51,pm10,1.5
2019-10-16 02:25:51,pm2.5,1.3
2019-10-16 02:25:51,pm10,1.6
2019-10-16 02:26:51,pm2.5,1.4
2019-10-16 02:26:51,pm10,1.5
2019-10-16 02:27:51,pm2.5,1.2
2019-10-16 02:27:51,pm10,1.3
2019-10-16 02:28:51,pm2.5,1.1
2019-10-16 02:28:51,pm10,1.2
2019-10-16 02:29:51,pm2.5,1.2
2019-10-16 02:29:51,pm10,1.3
2019-10-16 02:30:51,pm2.5,1.2
2019-10-16 02:30:51,pm10,1.4
2019-10-16 02:31:51,pm2.5,1.2
2019-10-16 02:31:51,pm10,1.4
2019-10-16 02:32:51,pm2.5,1.2
2019-10-16 02:32:51,pm10,1.5
2019-10-16 02:33:51,pm2.5,1.1
2019-10-16 02:33:51,pm10,1.2
2019-10-16 02:34:51,pm2.5,1.2
2019-10-16 02:34:51,pm10,1.3
2019-10-16 02:35:51,pm2.5,1.0
2019-10-16 02:35:51,pm10,1.1
2019-10-16 02:36:51,pm2.5,1.1
2019-10-16 02:36:51,pm10,1.2
2019-10-16 02:37:51,pm2.5,1.0
2019-10-16 02:37:51,pm10,1.1
2019-10-16 02:38:51,pm2.5,1.1
2019-10-16 02:38:51,pm10,1.4
2019-10-16 02:39:51,pm2.5,1.0
2019-10-16 02:39:51,pm10,1.1
2019-10-16 02:40:51,pm2.5,1.1
2019-10-16 02:40:51,pm10,1.2
2019-10-16 02:41:51,pm2.5,1.2
2019-10-16 02:41:51,pm10,1.6
2019-10-16 02:42:51,pm2.5,1.0
2019-10-16 02:42:51,pm10,1.2
2019-10-16 02:43:51,pm2.5,1.0
2019-10-16 02:43:51,pm10,1.1
2019-10-16 02:44:51,pm2.5,1.1
2019-10-16 02:44:51,pm10,1.2
2019-10-16 02:45:51,pm2.5,1.1
2019-10-16 02:45:51,pm10,1.2
2019-10-16 02:46:51,pm2.5,1.1
2019-10-16 02:46:51,pm10,1.5
2019-10-16 02:47:51,pm2.5,1.1
2019-10-16 02:47:51,pm10,1.2
2019-10-16 02:48:51,pm2.5,1.0
2019-10-16 02:48:51,pm10,1.1
2019-10-16 02:49:51,pm2.5,1.1
2019-10-16 02:49:51,pm10,1.4
2019-10-16 02:50:51,pm2.5,1.1
2019-10-16 02:50:51,pm10,1.4
2019-10-16 02:51:51,pm2.5,1.1
2019-10-16 02:51:51,pm10,1.2
2019-10-16 02:52:51,pm2.5,0.8
2019-10-16 02:52:51,pm10,0.9
2019-10-16 02:53:51,pm2.5,1.3
2019-10-16 02:53:51,pm10,1.4
2019-10-16 02:54:51,pm2.5,1.0
2019-10-16 02:54:51,pm10,1.1
2019-10-16 02:55:51,pm2.5,1.1
2019-10-16 02:55:51,pm10,1.2
2019-10-16 02:56:51,pm2.5,1.2
2019-10-16 02:56:51,pm10,1.4
2019-10-16 02:57:51,pm2.5,1.0
2019-10-16 02:57:51,pm10,1.1
2019-10-16 02:58:51,pm2.5,1.1
2019-10-16 02:58:51,pm10,1.2
2019-10-16 02:59:51,pm2.5,1.0
2019-10-16 02:59:51,pm10,1.1
2019-10-16 03:00:51,pm2.5,1.1
2019-10-16 03:00:51,pm10,1.3
2019-10-16 03:01:51,pm2.5,1.1
2019-10-16 03:01:51,pm10,1.2
2019-10-16 03:02:51,pm2.5,1.1
2019-10-16 03:02:51,pm10,1.2
2019-10-16 03:03:51,pm2.5,1.1
2019-10-16 03:03:51,pm10,1.2
2019-10-16 03:04:51,pm2.5,1.2
2019-10-16 03:04:51,pm10,1.3
2019-10-16 03:05:51,pm2.5,1.1
2019-10-16 03:05:51,pm10,1.2
2019-10-16 03:06:51,pm2.5,1.1
2019-10-16 03:06:51,pm10,1.2
2019-10-16 03:07:51,pm2.5,1.0
2019-10-16 03:07:51,pm10,1.1
2019-10-16 03:08:51,pm2.5,1.2
2019-10-16 03:08:51,pm10,1.3
2019-10-16 03:09:50,pm2.5,1.3
2019-10-16 03:09:50,pm10,1.4
2019-10-16 03:10:51,pm2.5,1.0
2019-10-16 03:10:51,pm10,1.1
2019-10-16 03:11:51,pm2.5,1.1
2019-10-16 03:11:51,pm10,1.2
2019-10-16 03:12:51,pm2.5,1.2
2019-10-16 03:12:51,pm10,1.5
2019-10-16 03:13:51,pm2.5,1.1
2019-10-16 03:13:51,pm10,1.2
2019-10-16 03:14:51,pm2.5,1.1
2019-10-16 03:14:51,pm10,1.2
2019-10-16 03:15:51,pm2.5,1.2
2019-10-16 03:15:51,pm10,1.4
2019-10-16 03:16:51,pm2.5,1.1
2019-10-16 03:16:51,pm10,1.2
2019-10-16 03:17:51,pm2.5,1.2
2019-10-16 03:17:51,pm10,1.3
2019-10-16 03:18:51,pm2.5,1.1
2019-10-16 03:18:51,pm10,1.3
2019-10-16 03:19:51,pm2.5,1.3
2019-10-16 03:19:51,pm10,1.7
2019-10-16 03:20:51,pm2.5,1.0
2019-10-16 03:20:51,pm10,1.1
2019-10-16 03:21:51,pm2.5,1.2
2019-10-16 03:21:51,pm10,1.3
2019-10-16 03:22:51,pm2.5,1.5
2019-10-16 03:22:51,pm10,1.9
2019-10-16 03:23:51,pm2.5,1.2
2019-10-16 03:23:51,pm10,1.3
2019-10-16 03:24:51,pm2.5,1.3
2019-10-16 03:24:51,pm10,1.4
2019-10-16 03:25:51,pm2.5,1.1
2019-10-16 03:25:51,pm10,1.2
2019-10-16 03:26:51,pm2.5,1.3
2019-10-16 03:26:51,pm10,1.4
2019-10-16 03:27:51,pm2.5,1.3
2019-10-16 03:27:52,pm10,1.4
2019-10-16 03:28:51,pm2.5,1.4
2019-10-16 03:28:51,pm10,1.7
2019-10-16 03:29:51,pm2.5,1.3
2019-10-16 03:29:51,pm10,1.4
2019-10-16 03:30:51,pm2.5,1.3
2019-10-16 03:30:51,pm10,1.4
2019-10-16 03:31:51,pm2.5,1.4
2019-10-16 03:31:51,pm10,1.7
2019-10-16 03:32:51,pm2.5,1.4
2019-10-16 03:32:51,pm10,1.7
2019-10-16 03:33:51,pm2.5,1.4
2019-10-16 03:33:51,pm10,1.5
2019-10-16 03:34:51,pm2.5,1.2
2019-10-16 03:34:51,pm10,1.3
2019-10-16 03:35:51,pm2.5,1.5
2019-10-16 03:35:51,pm10,1.8
2019-10-16 03:36:51,pm2.5,1.3
2019-10-16 03:36:51,pm10,1.4
2019-10-16 03:37:51,pm2.5,1.4
2019-10-16 03:37:51,pm10,1.8
2019-10-16 03:38:51,pm2.5,1.4
2019-10-16 03:38:51,pm10,1.5
2019-10-16 03:39:51,pm2.5,1.4
2019-10-16 03:39:51,pm10,1.6
2019-10-16 03:40:51,pm2.5,1.4
2019-10-16 03:40:51,pm10,1.6
2019-10-16 03:41:51,pm2.5,1.4
2019-10-16 03:41:51,pm10,1.5
2019-10-16 03:42:51,pm2.5,1.5
2019-10-16 03:42:51,pm10,1.7
2019-10-16 03:43:51,pm2.5,1.4
2019-10-16 03:43:51,pm10,1.5
2019-10-16 03:44:51,pm2.5,1.5
2019-10-16 03:44:51,pm10,1.6
2019-10-16 03:45:51,pm2.5,1.4
2019-10-16 03:45:51,pm10,1.5
2019-10-16 03:46:51,pm2.5,1.5
2019-10-16 03:46:51,pm10,1.6
2019-10-16 03:47:51,pm2.5,1.6
2019-10-16 03:47:51,pm10,2.5
2019-10-16 03:48:51,pm2.5,1.5
2019-10-16 03:48:51,pm10,1.6
2019-10-16 03:49:51,pm2.5,1.5
2019-10-16 03:49:51,pm10,1.7
2019-10-16 03:50:51,pm2.5,1.4
2019-10-16 03:50:51,pm10,1.5
2019-10-16 03:51:51,pm2.5,1.6
2019-10-16 03:51:51,pm10,1.7
2019-10-16 03:52:51,pm2.5,1.5
2019-10-16 03:52:51,pm10,1.6
2019-10-16 03:53:51,pm2.5,1.5
2019-10-16 03:53:51,pm10,1.8
2019-10-16 03:54:51,pm2.5,1.7
2019-10-16 03:54:51,pm10,1.8
2019-10-16 03:55:51,pm2.5,1.5
2019-10-16 03:55:51,pm10,1.7
2019-10-16 03:56:51,pm2.5,1.6
2019-10-16 03:56:51,pm10,2.3
2019-10-16 03:57:51,pm2.5,1.7
2019-10-16 03:57:51,pm10,1.9
2019-10-16 03:58:51,pm2.5,1.5
2019-10-16 03:58:51,pm10,1.6
2019-10-16 03:59:51,pm2.5,1.7
2019-10-16 03:59:51,pm10,1.8
2019-10-16 04:00:51,pm2.5,1.4
2019-10-16 04:00:51,pm10,1.5
2019-10-16 04:01:51,pm2.5,1.7
2019-10-16 04:01:51,pm10,1.8
2019-10-16 04:02:51,pm2.5,1.7
2019-10-16 04:02:51,pm10,2.0
2019-10-16 04:03:51,pm2.5,1.7
2019-10-16 04:03:51,pm10,1.8
2019-10-16 04:04:51,pm2.5,1.6
2019-10-16 04:04:51,pm10,1.7
2019-10-16 04:05:51,pm2.5,1.8
2019-10-16 04:05:51,pm10,2.0
2019-10-16 04:06:51,pm2.5,1.7
2019-10-16 04:06:51,pm10,1.8
2019-10-16 04:07:51,pm2.5,1.5
2019-10-16 04:07:51,pm10,1.6
2019-10-16 04:08:51,pm2.5,1.9
2019-10-16 04:08:51,pm10,2.1
2019-10-16 04:09:51,pm2.5,1.7
2019-10-16 04:09:51,pm10,1.9
2019-10-16 04:10:51,pm2.5,1.7
2019-10-16 04:10:51,pm10,2.0
2019-10-16 04:11:51,pm2.5,2.0
2019-10-16 04:11:51,pm10,2.4
2019-10-16 04:12:51,pm2.5,1.7
2019-10-16 04:12:51,pm10,1.9
2019-10-16 04:13:51,pm2.5,1.8
2019-10-16 04:13:51,pm10,2.0
2019-10-16 04:14:51,pm2.5,1.9
2019-10-16 04:14:51,pm10,2.2
2019-10-16 04:15:51,pm2.5,1.8
2019-10-16 04:15:51,pm10,2.2
2019-10-16 04:16:51,pm2.5,1.9
2019-10-16 04:16:51,pm10,2.1
2019-10-16 04:17:51,pm2.5,1.7
2019-10-16 04:17:51,pm10,2.2
2019-10-16 04:18:51,pm2.5,1.8
2019-10-16 04:18:51,pm10,2.0
2019-10-16 04:19:51,pm2.5,2.0
2019-10-16 04:19:51,pm10,2.3
2019-10-16 04:20:51,pm2.5,1.6
2019-10-16 04:20:51,pm10,2.1
2019-10-16 04:21:51,pm2.5,1.9
2019-10-16 04:21:51,pm10,2.0
2019-10-16 04:22:51,pm2.5,2.0
2019-10-16 04:22:51,pm10,2.2
2019-10-16 04:23:51,pm2.5,1.8
2019-10-16 04:23:51,pm10,2.0
2019-10-16 04:24:51,pm2.5,1.8
2019-10-16 04:24:51,pm10,2.0
2019-10-16 04:25:51,pm2.5,2.0
2019-10-16 04:25:51,pm10,2.2
2019-10-16 04:26:51,pm2.5,1.9
2019-10-16 04:26:51,pm10,2.2
2019-10-16 04:27:51,pm2.5,1.8
2019-10-16 04:27:51,pm10,2.0
2019-10-16 04:28:51,pm2.5,1.8
2019-10-16 04:28:51,pm10,2.0
2019-10-16 04:29:50,pm2.5,1.8
2019-10-16 04:29:50,pm10,2.0
2019-10-16 04:30:51,pm2.5,1.9
2019-10-16 04:30:51,pm10,2.2
2019-10-16 04:31:51,pm2.5,2.1
2019-10-16 04:31:51,pm10,3.1
2019-10-16 04:32:51,pm2.5,2.0
2019-10-16 04:32:51,pm10,2.2
2019-10-16 04:33:51,pm2.5,2.0
2019-10-16 04:33:51,pm10,2.2
2019-10-16 04:34:51,pm2.5,1.9
2019-10-16 04:34:51,pm10,2.1
2019-10-16 04:35:51,pm2.5,2.0
2019-10-16 04:35:51,pm10,2.2
2019-10-16 04:36:51,pm2.5,2.0
2019-10-16 04:36:51,pm10,2.6
2019-10-16 04:37:51,pm2.5,1.9
2019-10-16 04:37:51,pm10,2.3
2019-10-16 04:38:51,pm2.5,2.1
2019-10-16 04:38:52,pm10,2.3
2019-10-16 04:39:51,pm2.5,2.1
2019-10-16 04:39:51,pm10,2.8
2019-10-16 04:40:51,pm2.5,1.7
2019-10-16 04:40:51,pm10,2.3
2019-10-16 04:41:51,pm2.5,2.0
2019-10-16 04:41:51,pm10,2.3
2019-10-16 04:42:51,pm2.5,2.0
2019-10-16 04:42:51,pm10,2.2
2019-10-16 04:43:51,pm2.5,2.2
2019-10-16 04:43:51,pm10,3.0
2019-10-16 04:44:51,pm2.5,2.1
2019-10-16 04:44:51,pm10,2.3
2019-10-16 04:45:51,pm2.5,2.0
2019-10-16 04:45:51,pm10,2.2
2019-10-16 04:46:51,pm2.5,2.0
2019-10-16 04:46:51,pm10,2.2
2019-10-16 04:47:51,pm2.5,2.2
2019-10-16 04:47:51,pm10,2.4
2019-10-16 04:48:51,pm2.5,2.2
2019-10-16 04:48:51,pm10,2.4
2019-10-16 04:49:51,pm2.5,2.2
2019-10-16 04:49:51,pm10,2.4
2019-10-16 04:50:51,pm2.5,2.2
2019-10-16 04:50:51,pm10,2.8
2019-10-16 04:51:51,pm2.5,2.3
2019-10-16 04:51:51,pm10,2.5
2019-10-16 04:52:51,pm2.5,2.2
2019-10-16 04:52:51,pm10,2.4
2019-10-16 04:53:51,pm2.5,2.0
2019-10-16 04:53:51,pm10,2.2
2019-10-16 04:54:51,pm2.5,2.2
2019-10-16 04:54:51,pm10,2.4
2019-10-16 04:55:51,pm2.5,2.2
2019-10-16 04:55:51,pm10,2.5
2019-10-16 04:56:51,pm2.5,2.1
2019-10-16 04:56:51,pm10,2.5
2019-10-16 04:57:51,pm2.5,2.1
2019-10-16 04:57:51,pm10,2.3
2019-10-16 04:58:51,pm2.5,2.4
2019-10-16 04:58:51,pm10,2.7
2019-10-16 04:59:51,pm2.5,2.2
2019-10-16 04:59:51,pm10,2.4
2019-10-16 05:00:51,pm2.5,2.2
2019-10-16 05:00:51,pm10,2.7
2019-10-16 05:01:51,pm2.5,2.7
2019-10-16 05:01:51,pm10,3.0
2019-10-16 05:02:51,pm2.5,2.4
2019-10-16 05:02:51,pm10,2.7
2019-10-16 05:03:51,pm2.5,2.4
2019-10-16 05:03:51,pm10,2.8
2019-10-16 05:04:51,pm2.5,2.4
2019-10-16 05:04:51,pm10,2.6
2019-10-16 05:05:51,pm2.5,2.3
2019-10-16 05:05:51,pm10,2.5
2019-10-16 05:06:51,pm2.5,2.6
2019-10-16 05:06:51,pm10,3.0
2019-10-16 05:07:51,pm2.5,2.3
2019-10-16 05:07:51,pm10,2.5
2019-10-16 05:08:51,pm2.5,2.6
2019-10-16 05:08:51,pm10,2.9
2019-10-16 05:09:51,pm2.5,2.3
2019-10-16 05:09:51,pm10,2.9
2019-10-16 05:10:51,pm2.5,2.2
2019-10-16 05:10:51,pm10,2.5
2019-10-16 05:11:51,pm2.5,2.5
2019-10-16 05:11:51,pm10,2.7
2019-10-16 05:12:51,pm2.5,2.2
2019-10-16 05:12:51,pm10,3.0
2019-10-16 05:13:51,pm2.5,2.5
2019-10-16 05:13:51,pm10,3.1
2019-10-16 05:14:51,pm2.5,2.2
2019-10-16 05:14:51,pm10,3.1
2019-10-16 05:15:51,pm2.5,2.3
2019-10-16 05:15:51,pm10,2.5
2019-10-16 05:16:51,pm2.5,2.6
2019-10-16 05:16:51,pm10,2.9
2019-10-16 05:17:51,pm2.5,2.4
2019-10-16 05:17:51,pm10,2.7
2019-10-16 05:18:51,pm2.5,2.3
2019-10-16 05:18:51,pm10,2.6
2019-10-16 05:19:51,pm2.5,2.4
2019-10-16 05:19:51,pm10,2.6
2019-10-16 05:20:51,pm2.5,2.2
2019-10-16 05:20:51,pm10,2.4
2019-10-16 05:21:51,pm2.5,2.3
2019-10-16 05:21:51,pm10,2.5
2019-10-16 05:22:51,pm2.5,2.6
2019-10-16 05:22:51,pm10,2.9
2019-10-16 05:23:51,pm2.5,2.5
2019-10-16 05:23:51,pm10,2.7
2019-10-16 05:24:50,pm2.5,2.6
2019-10-16 05:24:50,pm10,3.7
2019-10-16 05:25:50,pm2.5,2.4
2019-10-16 05:25:50,pm10,2.6
2019-10-16 05:26:50,pm2.5,2.5
2019-10-16 05:26:50,pm10,2.7
2019-10-16 05:27:50,pm2.5,2.5
2019-10-16 05:27:50,pm10,2.8
2019-10-16 05:28:50,pm2.5,2.6
2019-10-16 05:28:50,pm10,3.2
2019-10-16 05:29:50,pm2.5,2.5
2019-10-16 05:29:50,pm10,2.8
2019-10-16 05:30:50,pm2.5,2.4
2019-10-16 05:30:50,pm10,2.6
2019-10-16 05:31:50,pm2.5,2.8
2019-10-16 05:31:50,pm10,3.1
2019-10-16 05:32:50,pm2.5,2.7
2019-10-16 05:32:50,pm10,3.0
2019-10-16 05:33:50,pm2.5,2.6
2019-10-16 05:33:51,pm10,2.9
2019-10-16 05:34:50,pm2.5,2.8
2019-10-16 05:34:50,pm10,3.1
2019-10-16 05:35:50,pm2.5,2.7
2019-10-16 05:35:51,pm10,3.5
2019-10-16 05:36:50,pm2.5,2.7
2019-10-16 05:36:51,pm10,3.2
2019-10-16 05:37:50,pm2.5,2.6
2019-10-16 05:37:50,pm10,2.9
2019-10-16 05:38:50,pm2.5,2.6
2019-10-16 05:38:51,pm10,2.9
2019-10-16 05:39:50,pm2.5,2.6
2019-10-16 05:39:51,pm10,2.9
2019-10-16 05:40:50,pm2.5,2.8
2019-10-16 05:40:51,pm10,3.1
2019-10-16 05:41:50,pm2.5,2.6
2019-10-16 05:41:51,pm10,2.9
2019-10-16 05:42:50,pm2.5,2.6
2019-10-16 05:42:51,pm10,2.8
2019-10-16 05:43:50,pm2.5,2.8
2019-10-16 05:43:51,pm10,3.2
2019-10-16 05:44:50,pm2.5,2.4
2019-10-16 05:44:51,pm10,2.6
2019-10-16 05:45:50,pm2.5,2.6
2019-10-16 05:45:51,pm10,2.9
2019-10-16 05:46:50,pm2.5,2.8
2019-10-16 05:46:51,pm10,3.1
2019-10-16 05:47:50,pm2.5,2.8
2019-10-16 05:47:51,pm10,3.1
2019-10-16 05:48:50,pm2.5,2.7
2019-10-16 05:48:51,pm10,3.0
2019-10-16 05:49:51,pm2.5,2.8
2019-10-16 05:49:51,pm10,3.1
2019-10-16 05:50:51,pm2.5,2.8
2019-10-16 05:50:51,pm10,3.2
2019-10-16 05:51:51,pm2.5,2.8
2019-10-16 05:51:51,pm10,3.1
2019-10-16 05:52:51,pm2.5,2.7
2019-10-16 05:52:51,pm10,3.0
2019-10-16 05:53:51,pm2.5,2.8
2019-10-16 05:53:51,pm10,3.1
2019-10-16 05:54:51,pm2.5,2.7
2019-10-16 05:54:51,pm10,3.0
2019-10-16 05:55:51,pm2.5,2.8
2019-10-16 05:55:51,pm10,3.1
2019-10-16 05:56:51,pm2.5,3.1
2019-10-16 05:56:51,pm10,3.4
2019-10-16 05:57:51,pm2.5,2.8
2019-10-16 05:57:51,pm10,3.1
2019-10-16 05:58:51,pm2.5,2.7
2019-10-16 05:58:51,pm10,3.0
2019-10-16 05:59:51,pm2.5,2.7
2019-10-16 05:59:51,pm10,3.0
2019-10-16 06:00:51,pm2.5,2.8
2019-10-16 06:00:51,pm10,3.1
2019-10-16 06:01:51,pm2.5,3.0
2019-10-16 06:01:51,pm10,3.3
2019-10-16 06:02:51,pm2.5,2.9
2019-10-16 06:02:51,pm10,3.2
2019-10-16 06:03:51,pm2.5,2.7
2019-10-16 06:03:51,pm10,3.2
2019-10-16 06:04:51,pm2.5,2.8
2019-10-16 06:04:51,pm10,3.1
2019-10-16 06:05:51,pm2.5,2.9
2019-10-16 06:05:51,pm10,3.2
2019-10-16 06:06:51,pm2.5,2.8
2019-10-16 06:06:51,pm10,3.1
2019-10-16 06:07:51,pm2.5,3.0
2019-10-16 06:07:51,pm10,3.3
2019-10-16 06:08:51,pm2.5,2.9
2019-10-16 06:08:51,pm10,3.2
2019-10-16 06:09:51,pm2.5,2.9
2019-10-16 06:09:51,pm10,3.2
2019-10-16 06:10:51,pm2.5,2.8
2019-10-16 06:10:51,pm10,3.2
2019-10-16 06:11:51,pm2.5,3.0
2019-10-16 06:11:51,pm10,3.4
2019-10-16 06:12:51,pm2.5,2.8
2019-10-16 06:12:51,pm10,3.1
2019-10-16 06:13:51,pm2.5,3.1
2019-10-16 06:13:51,pm10,3.4
2019-10-16 06:14:51,pm2.5,2.9
2019-10-16 06:14:51,pm10,3.2
2019-10-16 06:15:51,pm2.5,3.1
2019-10-16 06:15:51,pm10,3.4
2019-10-16 06:16:51,pm2.5,3.0
2019-10-16 06:16:51,pm10,3.6
2019-10-16 06:17:51,pm2.5,2.9
2019-10-16 06:17:51,pm10,3.2
2019-10-16 06:18:51,pm2.5,3.0
2019-10-16 06:18:51,pm10,3.3
2019-10-16 06:19:51,pm2.5,2.9
2019-10-16 06:19:51,pm10,3.2
2019-10-16 06:20:51,pm2.5,3.1
2019-10-16 06:20:51,pm10,3.4
2019-10-16 06:21:51,pm2.5,3.1
2019-10-16 06:21:51,pm10,3.6
2019-10-16 06:22:51,pm2.5,2.8
2019-10-16 06:22:51,pm10,3.2
2019-10-16 06:23:51,pm2.5,3.2
2019-10-16 06:23:51,pm10,3.5
2019-10-16 06:24:51,pm2.5,3.4
2019-10-16 06:24:51,pm10,3.8
2019-10-16 06:25:51,pm2.5,3.0
2019-10-16 06:25:51,pm10,3.3
2019-10-16 06:26:51,pm2.5,3.0
2019-10-16 06:26:51,pm10,3.3
2019-10-16 06:27:51,pm2.5,2.9
2019-10-16 06:27:51,pm10,3.3
2019-10-16 06:28:51,pm2.5,3.0
2019-10-16 06:28:51,pm10,3.3
2019-10-16 06:29:51,pm2.5,3.2
2019-10-16 06:29:51,pm10,3.5
2019-10-16 06:30:51,pm2.5,3.0
2019-10-16 06:30:51,pm10,3.5
2019-10-16 06:31:51,pm2.5,3.2
2019-10-16 06:31:51,pm10,3.5
2019-10-16 06:32:51,pm2.5,3.2
2019-10-16 06:32:51,pm10,3.5
2019-10-16 06:33:51,pm2.5,3.4
2019-10-16 06:33:51,pm10,3.8
2019-10-16 06:34:51,pm2.5,3.2
2019-10-16 06:34:51,pm10,3.5
2019-10-16 06:35:51,pm2.5,3.1
2019-10-16 06:35:51,pm10,3.4
2019-10-16 06:36:51,pm2.5,3.1
2019-10-16 06:36:51,pm10,3.4
2019-10-16 06:37:51,pm2.5,3.1
2019-10-16 06:37:51,pm10,3.4
2019-10-16 06:38:51,pm2.5,3.3
2019-10-16 06:38:51,pm10,3.6
2019-10-16 06:39:51,pm2.5,3.1
2019-10-16 06:39:51,pm10,3.4
2019-10-16 06:40:51,pm2.5,3.4
2019-10-16 06:40:51,pm10,3.8
2019-10-16 06:41:51,pm2.5,3.3
2019-10-16 06:41:51,pm10,3.7
2019-10-16 06:42:51,pm2.5,3.4
2019-10-16 06:42:51,pm10,4.1
2019-10-16 06:43:51,pm2.5,3.3
2019-10-16 06:43:51,pm10,3.7
2019-10-16 06:44:51,pm2.5,3.1
2019-10-16 06:44:51,pm10,3.4
2019-10-16 06:45:51,pm2.5,3.4
2019-10-16 06:45:51,pm10,3.8
2019-10-16 06:46:51,pm2.5,3.3
2019-10-16 06:46:51,pm10,3.6
2019-10-16 06:47:51,pm2.5,3.2
2019-10-16 06:47:51,pm10,4.1
2019-10-16 06:48:51,pm2.5,3.1
2019-10-16 06:48:51,pm10,3.4
2019-10-16 06:49:51,pm2.5,3.2
2019-10-16 06:49:51,pm10,3.5
2019-10-16 06:50:51,pm2.5,3.3
2019-10-16 06:50:51,pm10,3.6
2019-10-16 06:51:51,pm2.5,2.9
2019-10-16 06:51:51,pm10,3.2
2019-10-16 06:52:51,pm2.5,3.7
2019-10-16 06:52:51,pm10,4.1
2019-10-16 06:53:51,pm2.5,3.2
2019-10-16 06:53:51,pm10,3.5
2019-10-16 06:54:51,pm2.5,3.4
2019-10-16 06:54:51,pm10,3.7
2019-10-16 06:55:51,pm2.5,3.2
2019-10-16 06:55:51,pm10,3.5
2019-10-16 06:56:51,pm2.5,3.3
2019-10-16 06:56:51,pm10,3.6
2019-10-16 06:57:51,pm2.5,3.4
2019-10-16 06:57:51,pm10,3.7
2019-10-16 06:58:51,pm2.5,3.1
2019-10-16 06:58:51,pm10,3.4
2019-10-16 06:59:51,pm2.5,3.5
2019-10-16 06:59:51,pm10,4.0
2019-10-16 07:00:51,pm2.5,3.6
2019-10-16 07:00:51,pm10,4.0
2019-10-16 07:01:51,pm2.5,3.5
2019-10-16 07:01:51,pm10,3.8
2019-10-16 07:02:51,pm2.5,3.4
2019-10-16 07:02:51,pm10,3.8
2019-10-16 07:03:51,pm2.5,3.4
2019-10-16 07:03:51,pm10,3.7
2019-10-16 07:04:51,pm2.5,3.4
2019-10-16 07:04:51,pm10,3.8
2019-10-16 07:05:51,pm2.5,3.3
2019-10-16 07:05:52,pm10,3.6
2019-10-16 07:06:51,pm2.5,3.4
2019-10-16 07:06:51,pm10,3.7
2019-10-16 07:07:51,pm2.5,3.1
2019-10-16 07:07:51,pm10,3.6
2019-10-16 07:08:51,pm2.5,3.6
2019-10-16 07:08:51,pm10,4.0
2019-10-16 07:09:51,pm2.5,3.3
2019-10-16 07:09:51,pm10,3.7
2019-10-16 07:10:51,pm2.5,3.6
2019-10-16 07:10:51,pm10,3.9
2019-10-16 07:11:51,pm2.5,3.2
2019-10-16 07:11:51,pm10,3.5
2019-10-16 07:12:51,pm2.5,3.3
2019-10-16 07:12:51,pm10,3.6
2019-10-16 07:13:51,pm2.5,3.3
2019-10-16 07:13:51,pm10,3.6
2019-10-16 07:14:51,pm2.5,3.6
2019-10-16 07:14:51,pm10,4.0
2019-10-16 07:15:51,pm2.5,3.2
2019-10-16 07:15:51,pm10,3.5
2019-10-16 07:16:51,pm2.5,3.6
2019-10-16 07:16:51,pm10,4.0
2019-10-16 07:17:51,pm2.5,3.5
2019-10-16 07:17:51,pm10,3.9
2019-10-16 07:18:51,pm2.5,3.5
2019-10-16 07:18:51,pm10,3.9
2019-10-16 07:19:51,pm2.5,3.3
2019-10-16 07:19:51,pm10,3.9
2019-10-16 07:20:51,pm2.5,3.3
2019-10-16 07:20:51,pm10,3.6
2019-10-16 07:21:51,pm2.5,3.6
2019-10-16 07:21:51,pm10,4.0
2019-10-16 07:22:51,pm2.5,3.5
2019-10-16 07:22:51,pm10,3.8
2019-10-16 07:23:51,pm2.5,3.4
2019-10-16 07:23:51,pm10,3.7
2019-10-16 07:24:51,pm2.5,3.6
2019-10-16 07:24:51,pm10,4.0
2019-10-16 07:25:51,pm2.5,3.7
2019-10-16 07:25:51,pm10,4.1
2019-10-16 07:26:51,pm2.5,3.5
2019-10-16 07:26:51,pm10,3.9
2019-10-16 07:27:51,pm2.5,3.7
2019-10-16 07:27:51,pm10,4.1
2019-10-16 07:28:51,pm2.5,3.5
2019-10-16 07:28:51,pm10,3.9
2019-10-16 07:29:51,pm2.5,3.5
2019-10-16 07:29:51,pm10,3.9
2019-10-16 07:30:51,pm2.5,3.4
2019-10-16 07:30:51,pm10,3.7
2019-10-16 07:31:51,pm2.5,3.3
2019-10-16 07:31:51,pm10,3.6
2019-10-16 07:32:51,pm2.5,3.4
2019-10-16 07:32:51,pm10,3.7
2019-10-16 07:33:51,pm2.5,3.3
2019-10-16 07:33:51,pm10,3.6
2019-10-16 07:34:51,pm2.5,3.7
2019-10-16 07:34:51,pm10,4.1
2019-10-16 07:35:51,pm2.5,3.2
2019-10-16 07:35:51,pm10,3.5
2019-10-16 07:36:51,pm2.5,3.0
2019-10-16 07:36:51,pm10,3.3
2019-10-16 07:37:51,pm2.5,3.4
2019-10-16 07:37:51,pm10,3.7
2019-10-16 07:38:51,pm2.5,3.2
2019-10-16 07:38:51,pm10,3.5
2019-10-16 07:39:51,pm2.5,3.0
2019-10-16 07:39:51,pm10,3.3
2019-10-16 07:40:51,pm2.5,3.4
2019-10-16 07:40:52,pm10,4.3
2019-10-16 07:41:51,pm2.5,2.9
2019-10-16 07:41:51,pm10,3.2
2019-10-16 07:42:51,pm2.5,3.1
2019-10-16 07:42:51,pm10,3.4
2019-10-16 07:43:51,pm2.5,2.9
2019-10-16 07:43:51,pm10,3.2
2019-10-16 07:44:51,pm2.5,2.7
2019-10-16 07:44:51,pm10,2.9
2019-10-16 07:45:51,pm2.5,2.9
2019-10-16 07:45:51,pm10,3.4
2019-10-16 07:46:51,pm2.5,2.4
2019-10-16 07:46:51,pm10,2.6
2019-10-16 07:47:51,pm2.5,2.9
2019-10-16 07:47:52,pm10,3.2
2019-10-16 07:48:51,pm2.5,2.6
2019-10-16 07:48:51,pm10,2.9
2019-10-16 07:49:51,pm2.5,2.7
2019-10-16 07:49:51,pm10,2.9
2019-10-16 07:50:51,pm2.5,2.6
2019-10-16 07:50:51,pm10,2.9
2019-10-16 07:51:51,pm2.5,2.6
2019-10-16 07:51:51,pm10,2.9
2019-10-16 07:52:51,pm2.5,2.5
2019-10-16 07:52:51,pm10,2.7
2019-10-16 07:53:51,pm2.5,2.4
2019-10-16 07:53:51,pm10,2.6
2019-10-16 07:54:51,pm2.5,2.6
2019-10-16 07:54:51,pm10,2.8
2019-10-16 07:55:50,pm2.5,2.6
2019-10-16 07:55:50,pm10,2.8
2019-10-16 07:56:51,pm2.5,2.4
2019-10-16 07:56:51,pm10,2.6
2019-10-16 07:57:51,pm2.5,2.2
2019-10-16 07:57:51,pm10,2.4
2019-10-16 07:58:51,pm2.5,2.1
2019-10-16 07:58:51,pm10,2.3
2019-10-16 07:59:51,pm2.5,2.4
2019-10-16 07:59:51,pm10,2.7
2019-10-16 08:00:51,pm2.5,2.0
2019-10-16 08:00:51,pm10,2.2
2019-10-16 08:01:51,pm2.5,2.1
2019-10-16 08:01:51,pm10,2.3
2019-10-16 08:02:51,pm2.5,2.0
2019-10-16 08:02:51,pm10,2.2
2019-10-16 08:03:51,pm2.5,2.1
2019-10-16 08:03:51,pm10,2.6
2019-10-16 08:04:51,pm2.5,1.8
2019-10-16 08:04:51,pm10,2.0
2019-10-16 08:07:50,pm2.5,1.8
2019-10-16 08:07:51,pm10,1.9
2019-10-16 08:08:50,pm2.5,1.9
2019-10-16 08:08:50,pm10,2.1
2019-10-16 08:09:50,pm2.5,1.7
2019-10-16 08:09:50,pm10,1.8
2019-10-16 08:10:50,pm2.5,1.8
2019-10-16 08:10:50,pm10,1.9
2019-10-16 08:11:50,pm2.5,1.5
2019-10-16 08:11:50,pm10,1.6
2019-10-16 08:12:50,pm2.5,1.6
2019-10-16 08:12:50,pm10,1.7
2019-10-16 08:13:50,pm2.5,1.8
2019-10-16 08:13:50,pm10,1.9
2019-10-16 08:14:50,pm2.5,1.5
2019-10-16 08:14:50,pm10,1.6
2019-10-16 08:15:50,pm2.5,1.6
2019-10-16 08:15:50,pm10,1.7
2019-10-16 08:16:50,pm2.5,1.6
2019-10-16 08:16:50,pm10,1.7
2019-10-16 08:17:50,pm2.5,1.6
2019-10-16 08:17:50,pm10,1.7
2019-10-16 08:18:50,pm2.5,1.5
2019-10-16 08:18:50,pm10,1.8
2019-10-16 08:19:50,pm2.5,1.4
2019-10-16 08:19:50,pm10,1.5
2019-10-16 08:20:50,pm2.5,1.4
2019-10-16 08:20:51,pm10,1.5
2019-10-16 08:21:50,pm2.5,1.2
2019-10-16 08:21:50,pm10,1.3
2019-10-16 08:22:50,pm2.5,1.2
2019-10-16 08:22:50,pm10,1.3
2019-10-16 08:23:50,pm2.5,1.4
2019-10-16 08:23:50,pm10,1.5
2019-10-16 08:24:50,pm2.5,1.3
2019-10-16 08:24:50,pm10,1.8
2019-10-16 08:25:50,pm2.5,1.4
2019-10-16 08:25:50,pm10,1.5
2019-10-16 08:26:50,pm2.5,1.4
2019-10-16 08:26:50,pm10,1.5
2019-10-16 08:27:50,pm2.5,1.3
2019-10-16 08:27:50,pm10,1.4
2019-10-16 08:28:50,pm2.5,1.2
2019-10-16 08:28:51,pm10,1.3
2019-10-16 08:29:50,pm2.5,1.4
2019-10-16 08:29:50,pm10,2.5
2019-10-16 08:30:50,pm2.5,1.4
2019-10-16 08:30:50,pm10,1.5
2019-10-16 08:31:50,pm2.5,1.3
2019-10-16 08:31:51,pm10,1.4
2019-10-16 08:32:50,pm2.5,1.1
2019-10-16 08:32:50,pm10,1.4
2019-10-16 08:33:50,pm2.5,1.3
2019-10-16 08:33:51,pm10,1.4
2019-10-16 08:34:50,pm2.5,1.2
2019-10-16 08:34:51,pm10,1.3
2019-10-16 08:35:50,pm2.5,1.3
2019-10-16 08:35:51,pm10,1.4
2019-10-16 08:36:50,pm2.5,1.1
2019-10-16 08:36:51,pm10,1.2
2019-10-16 08:37:50,pm2.5,1.2
2019-10-16 08:37:51,pm10,1.3
2019-10-16 08:38:50,pm2.5,1.0
2019-10-16 08:38:51,pm10,1.1
2019-10-16 08:39:50,pm2.5,1.2
2019-10-16 08:39:51,pm10,1.3
2019-10-16 08:40:50,pm2.5,1.1
2019-10-16 08:40:51,pm10,1.2
2019-10-16 08:41:50,pm2.5,1.1
2019-10-16 08:41:51,pm10,1.2
2019-10-16 08:42:50,pm2.5,1.0
2019-10-16 08:42:51,pm10,1.2
2019-10-16 08:43:50,pm2.5,1.2
2019-10-16 08:43:51,pm10,1.4
2019-10-16 08:44:50,pm2.5,1.0
2019-10-16 08:44:51,pm10,1.1
2019-10-16 08:45:50,pm2.5,1.1
2019-10-16 08:45:51,pm10,1.3
2019-10-16 08:46:50,pm2.5,1.1
2019-10-16 08:46:51,pm10,1.2
2019-10-16 08:47:50,pm2.5,1.1
2019-10-16 08:47:51,pm10,1.3
2019-10-16 08:48:50,pm2.5,1.1
2019-10-16 08:48:51,pm10,1.3
2019-10-16 08:49:50,pm2.5,1.0
2019-10-16 08:49:51,pm10,1.1
2019-10-16 08:50:50,pm2.5,1.0
2019-10-16 08:50:51,pm10,1.5
2019-10-16 08:51:50,pm2.5,1.2
2019-10-16 08:51:51,pm10,1.5
2019-10-16 08:52:50,pm2.5,1.0
2019-10-16 08:52:51,pm10,1.1
2019-10-16 08:53:50,pm2.5,1.1
2019-10-16 08:53:50,pm10,1.5
2019-10-16 08:54:50,pm2.5,0.9
2019-10-16 08:54:51,pm10,1.0
2019-10-16 08:55:50,pm2.5,1.0
2019-10-16 08:55:50,pm10,1.1
2019-10-16 08:56:50,pm2.5,0.9
2019-10-16 08:56:50,pm10,1.1
2019-10-16 08:57:50,pm2.5,1.0
2019-10-16 08:57:50,pm10,1.1
2019-10-16 08:58:50,pm2.5,1.1
2019-10-16 08:58:50,pm10,1.2
2019-10-16 08:59:50,pm2.5,1.1
2019-10-16 08:59:50,pm10,1.4
2019-10-16 09:00:50,pm2.5,1.0
2019-10-16 09:00:50,pm10,1.0
2019-10-16 09:01:50,pm2.5,0.9
2019-10-16 09:01:50,pm10,1.0
2019-10-16 09:03:06,pm2.5,0.9
2019-10-16 09:03:06,pm10,1.0
2019-10-16 09:03:52,pm2.5,0.9
2019-10-16 09:03:52,pm10,1.0
2019-10-16 09:04:50,pm2.5,1.1
2019-10-16 09:04:50,pm10,1.2
2019-10-16 09:05:50,pm2.5,0.8
2019-10-16 09:05:50,pm10,0.9
2019-10-16 09:06:50,pm2.5,1.0
2019-10-16 09:06:50,pm10,1.3
2019-10-16 09:07:50,pm2.5,0.9
2019-10-16 09:07:50,pm10,0.9
2019-10-16 09:08:50,pm2.5,1.1
2019-10-16 09:08:50,pm10,1.5
2019-10-16 09:09:50,pm2.5,0.9
2019-10-16 09:09:50,pm10,1.0
2019-10-16 09:10:50,pm2.5,0.8
2019-10-16 09:10:50,pm10,0.9
2019-10-16 09:11:50,pm2.5,1.0
2019-10-16 09:11:51,pm10,1.1
2019-10-16 09:12:50,pm2.5,0.9
2019-10-16 09:12:50,pm10,1.1
2019-10-16 09:13:50,pm2.5,0.8
2019-10-16 09:13:50,pm10,1.3
2019-10-16 09:15:51,pm2.5,0.9
2019-10-16 09:15:51,pm10,1.0
2019-10-16 09:16:51,pm2.5,0.9
2019-10-16 09:16:51,pm10,1.0
2019-10-16 09:17:51,pm2.5,0.9
2019-10-16 09:17:51,pm10,1.1
2019-10-16 09:18:51,pm2.5,0.9
2019-10-16 09:18:51,pm10,1.4
2019-10-16 09:19:51,pm2.5,0.8
2019-10-16 09:19:51,pm10,1.0
2019-10-16 09:20:51,pm2.5,0.8
2019-10-16 09:20:51,pm10,1.0
2019-10-16 09:21:51,pm2.5,0.9
2019-10-16 09:21:51,pm10,1.2
2019-10-16 09:22:51,pm2.5,0.8
2019-10-16 09:22:51,pm10,0.8
2019-10-16 09:23:51,pm2.5,1.0
2019-10-16 09:23:51,pm10,1.1
2019-10-16 09:24:51,pm2.5,0.9
2019-10-16 09:24:51,pm10,1.4
2019-10-16 09:25:51,pm2.5,0.9
2019-10-16 09:25:51,pm10,0.9
2019-10-16 09:26:51,pm2.5,0.9
2019-10-16 09:26:51,pm10,0.9
2019-10-16 09:27:51,pm2.5,0.7
2019-10-16 09:27:51,pm10,0.7
2019-10-16 09:28:51,pm2.5,1.0
2019-10-16 09:28:51,pm10,1.1
2019-10-16 09:29:51,pm2.5,0.8
2019-10-16 09:29:51,pm10,1.0
2019-10-16 09:30:51,pm2.5,0.9
2019-10-16 09:30:51,pm10,1.0
2019-10-16 09:31:51,pm2.5,0.9
2019-10-16 09:31:51,pm10,1.0