2019-10-16 23:55:02,pm2.5,0.7
2019-10-16 23:55:03,pm10,2.5
2019-10-16 23:56:02,pm2.5,0.9
2019-10-16 23:56:02,pm10,3.0
2019-10-16 23:58:01,pm2.5,0.7
2019-10-16 23:58:02,pm10,1.7
2019-10-16 23:59:01,pm2.5,0.7
2019-10-16 23:59:01,pm10,2.8
2019-10-17 00:00:01,pm2.5,0.6
2019-10-17 00:00:01,pm10,0.7
2019-10-17 00:01:01,pm2.5,0.7
2019-10-17 00:01:01,pm10,1.4
2019-10-17 00:02:01,pm2.5,0.8
2019-10-17 00:02:01,pm10,2.1
2019-10-17 00:03:01,pm2.5,0.5
2019-10-17 00:03:02,pm10,0.9
2019-10-17 00:04:01,pm2.5,0.6
2019-10-17 00:04:02,pm10,1.7
2019-10-17 00:05:01,pm2.5,0.7
2019-10-17 00:05:02,pm10,1.7
2019-10-17 00:06:01,pm2.5,0.6
2019-10-17 00:06:02,pm10,1.4
2019-10-17 00:07:02,pm2.5,0.9
2019-10-17 00:07:02,pm10,7.3
2019-10-17 00:08:02,pm2.5,362.1
2019-10-17 00:08:02,pm10,775.1
2019-10-17 00:09:02,pm2.5,999.9
2019-10-17 00:09:02,pm10,1999.9
2019-10-17 00:10:02,pm2.5,999.9
2019-10-17 00:10:02,pm10,1999.9
2019-10-17 00:11:01,pm2.5,999.9
2019-10-17 00:11:01,pm10,1999.9
2019-10-17 00:12:02,pm2.5,999.9
2019-10-17 00:12:02,pm10,1999.9
2019-10-17 00:13:02,pm2.5,999.9
2019-10-17 00:13:02,pm10,1999.9
2019-10-17 00:14:02,pm2.5,999.9
2019-10-17 00:14:02,pm10,1999.9
2019-10-17 00:15:02,pm2.5,999.9
2019-10-17 00:15:02,pm10,1999.9
2019-10-17 00:16:02,pm2.5,999.9
2019-10-17 00:16:03,pm10,1999.9
2019-10-17 00:17:02,pm2.5,999.9
2019-10-17 00:17:02,pm10,1999.9
2019-10-17 00:18:02,pm2.5,999.9
2019-10-17 00:18:02,pm10,1999.9
2019-10-17 00:19:02,pm2.5,999.9
2019-10-17 00:19:02,pm10,1999.9
2019-10-17 00:20:02,pm2.5,999.9
2019-10-17 00:20:02,pm10,1999.9
2019-10-17 00:21:02,pm2.5,999.9
2019-10-17 00:21:02,pm10,1999.9
2019-10-17 00:22:02,pm2.5,999.9
2019-10-17 00:22:02,pm10,1999.9
2019-10-17 00:23:02,pm2.5,999.9
2019-10-17 00:23:03,pm10,1999.9
2019-10-17 00:24:02,pm2.5,999.9
2019-10-17 00:24:02,pm10,1999.9
2019-10-17 00:25:02,pm2.5,999.9
2019-10-17 00:25:02,pm10,1999.9
2019-10-17 00:26:02,pm2.5,999.9
2019-10-17 00:26:02,pm10,1999.9
2019-10-17 00:27:02,pm2.5,999.9
2019-10-17 00:27:02,pm10,1999.9
2019-10-17 00:28:02,pm2.5,999.9
2019-10-17 00:28:02,pm10,1999.9
2019-10-17 00:29:02,pm2.5,999.9
2019-10-17 00:29:02,pm10,1999.9
2019-10-17 00:30:01,pm2.5,999.9
2019-10-17 00:30:02,pm10,1999.9
2019-10-17 00:31:01,pm2.5,999.9
2019-10-17 00:31:01,pm10,1999.9
2019-10-17 00:32:01,pm2.5,999.9
2019-10-17 00:32:02,pm10,1999.9
2019-10-17 00:33:01,pm2.5,999.9
2019-10-17 00:33:01,pm10,1999.9
2019-10-17 00:34:01,pm2.5,999.9
2019-10-17 00:34:02,pm10,1999.9
2019-10-17 00:35:01,pm2.5,999.9
2019-10-17 00:35:02,pm10,1999.9
2019-10-17 00:36:01,pm2.5,999.9
2019-10-17 00:36:02,pm10,1999.9
2019-10-17 00:37:02,pm2.5,999.9
2019-10-17 00:37:02,pm10,1999.9
2019-10-17 00:38:02,pm2.5,999.9
2019-10-17 00:38:02,pm10,1999.9
2019-10-17 00:39:01,pm2.5,999.9
2019-10-17 00:39:02,pm10,1999.9
2019-10-17 00:40:02,pm2.5,999.9
2019-10-17 00:40:02,pm10,1999.9
2019-10-17 00:41:02,pm2.5,999.9
2019-10-17 00:41:02,pm10,1999.9
2019-10-17 00:42:02,pm2.5,999.9
2019-10-17 00:42:02,pm10,1999.9
2019-10-17 00:43:02,pm2.5,999.9
2019-10-17 00:43:02,pm10,1999.9
2019-10-17 00:44:02,pm2.5,999.9
2019-10-17 00:44:02,pm10,1999.9
2019-10-17 00:45:02,pm2.5,999.9
2019-10-17 00:45:02,pm10,1999.9
2019-10-17 00:46:02,pm2.5,999.9
2019-10-17 00:46:02,pm10,1999.9
2019-10-17 00:47:02,pm2.5,999.9
2019-10-17 00:47:02,pm10,1999.9
2019-10-17 00:48:02,pm2.5,999.9
2019-10-17 00:48:02,pm10,1999.9
2019-10-17 00:49:02,pm2.5,999.9
2019-10-17 00:49:02,pm10,1999.9
2019-10-17 00:50:02,pm2.5,999.9
2019-10-17 00:50:02,pm10,1999.9
2019-10-17 00:51:02,pm2.5,999.9
2019-10-17 00:51:02,pm10,1999.9
2019-10-17 00:52:02,pm2.5,999.9
2019-10-17 00:52:02,pm10,1999.9
2019-10-17 00:53:03,pm2.5,999.9
2019-10-17 00:53:03,pm10,1999.9
2019-10-17 00:54:02,pm2.5,999.9
2019-10-17 00:54:02,pm10,1999.9
2019-10-17 00:55:02,pm2.5,999.9
2019-10-17 00:55:02,pm10,1999.9
2019-10-17 00:56:02,pm2.5,999.9
2019-10-17 00:56:02,pm10,1999.9
2019-10-17 00:57:02,pm2.5,999.9
2019-10-17 00:57:02,pm10,1999.9
2019-10-17 00:58:02,pm2.5,999.9
2019-10-17 00:58:02,pm10,1999.9
2019-10-17 00:59:02,pm2.5,999.9
2019-10-17 00:59:03,pm10,1999.9
2019-10-17 01:00:02,pm2.5,999.9
2019-10-17 01:00:02,pm10,1999.9
2019-10-17 01:01:02,pm2.5,999.9
2019-10-17 01:01:02,pm10,1999.9
2019-10-17 01:02:02,pm2.5,999.9
2019-10-17 01:02:02,pm10,1999.9
2019-10-17 01:03:02,pm2.5,999.9
2019-10-17 01:03:02,pm10,1999.9
2019-10-17 01:04:02,pm2.5,999.9
2019-10-17 01:04:02,pm10,1999.9
2019-10-17 01:05:02,pm2.5,999.9
2019-10-17 01:05:02,pm10,1999.9
2019-10-17 01:06:02,pm2.5,999.9
2019-10-17 01:06:02,pm10,1999.9
2019-10-17 01:07:01,pm2.5,999.9
2019-10-17 01:07:01,pm10,1999.9
2019-10-17 01:08:01,pm2.5,999.9
2019-10-17 01:08:01,pm10,1999.9
2019-10-17 01:09:01,pm2.5,999.9
2019-10-17 01:09:01,pm10,1999.9
2019-10-17 01:10:01,pm2.5,999.9
2019-10-17 01:10:01,pm10,1999.9
2019-10-17 01:11:01,pm2.5,999.9
2019-10-17 01:11:01,pm10,1999.9
2019-10-17 01:12:01,pm2.5,999.9
2019-10-17 01:12:02,pm10,1999.9
2019-10-17 01:13:01,pm2.5,999.9
2019-10-17 01:13:02,pm10,1999.9
2019-10-17 01:14:02,pm2.5,999.9
2019-10-17 01:14:02,pm10,1999.9
2019-10-17 01:15:01,pm2.5,999.9
2019-10-17 01:15:02,pm10,1999.9
2019-10-17 01:16:02,pm2.5,999.9
2019-10-17 01:16:02,pm10,1999.9
2019-10-17 01:17:02,pm2.5,999.9
2019-10-17 01:17:02,pm10,1999.9
2019-10-17 01:18:02,pm2.5,999.9
2019-10-17 01:18:02,pm10,1999.9
2019-10-17 01:19:02,pm2.5,999.9
2019-10-17 01:19:02,pm10,1999.9
2019-10-17 01:20:02,pm2.5,999.9
2019-10-17 01:20:02,pm10,1999.9
2019-10-17 01:21:02,pm2.5,999.9
2019-10-17 01:21:02,pm10,1999.9
2019-10-17 01:22:02,pm2.5,999.9
2019-10-17 01:22:02,pm10,1999.9
2019-10-17 01:23:02,pm2.5,999.9
2019-10-17 01:23:02,pm10,1999.9
2019-10-17 01:24:02,pm2.5,999.9
2019-10-17 01:24:02,pm10,1999.9
2019-10-17 01:25:02,pm2.5,999.9
2019-10-17 01:25:02,pm10,1999.9
2019-10-17 01:26:02,pm2.5,999.9
2019-10-17 01:26:02,pm10,1999.9
2019-10-17 01:27:02,pm2.5,999.9
2019-10-17 01:27:03,pm10,1999.9
2019-10-17 01:28:02,pm2.5,999.9
2019-10-17 01:28:02,pm10,1999.9
2019-10-17 01:29:02,pm2.5,999.9
2019-10-17 01:29:02,pm10,1999.9
2019-10-17 01:30:02,pm2.5,999.9
2019-10-17 01:30:02,pm10,1999.9
2019-10-17 01:31:02,pm2.5,999.9
2019-10-17 01:31:02,pm10,1999.9
2019-10-17 01:32:02,pm2.5,999.9
2019-10-17 01:32:02,pm10,1999.9
2019-10-17 01:33:02,pm2.5,999.9
2019-10-17 01:33:02,pm10,1999.9
2019-10-17 01:34:02,pm2.5,999.9
2019-10-17 01:34:02,pm10,1999.9
2019-10-17 01:35:02,pm2.5,999.9
2019-10-17 01:35:02,pm10,1999.9
2019-10-17 01:36:02,pm2.5,999.9
2019-10-17 01:36:02,pm10,1999.9
2019-10-17 01:37:02,pm2.5,999.9
2019-10-17 01:37:02,pm10,1999.9
2019-10-17 01:38:02,pm2.5,999.9
2019-10-17 01:38:02,pm10,1999.9
2019-10-17 01:39:02,pm2.5,999.9
2019-10-17 01:39:02,pm10,1999.9
2019-10-17 01:40:02,pm2.5,999.9
2019-10-17 01:40:02,pm10,1999.9
2019-10-17 01:41:02,pm2.5,999.9
2019-10-17 01:41:02,pm10,1999.9
2019-10-17 01:42:02,pm2.5,999.9
2019-10-17 01:42:02,pm10,1999.9
2019-10-17 01:43:02,pm2.5,999.9
2019-10-17 01:43:02,pm10,1999.9
2019-10-17 01:44:02,pm2.5,999.9
2019-10-17 01:44:02,pm10,1999.9
2019-10-17 01:45:02,pm2.5,999.9
2019-10-17 01:45:02,pm10,1999.9
2019-10-17 01:46:02,pm2.5,999.9
2019-10-17 01:46:02,pm10,1999.9
2019-10-17 01:47:02,pm2.5,999.9
2019-10-17 01:47:03,pm10,1999.9
2019-10-17 01:48:02,pm2.5,999.9
2019-10-17 01:48:02,pm10,1999.9
2019-10-17 01:49:02,pm2.5,999.9
2019-10-17 01:49:03,pm10,1999.9
2019-10-17 01:50:01,pm2.5,999.9
2019-10-17 01:50:01,pm10,1999.9
2019-10-17 01:51:01,pm2.5,999.9
2019-10-17 01:51:02,pm10,1999.9
2019-10-17 01:52:01,pm2.5,999.9
2019-10-17 01:52:02,pm10,1999.9
2019-10-17 01:53:01,pm2.5,999.9
2019-10-17 01:53:02,pm10,1999.9
2019-10-17 01:54:01,pm2.5,999.9
2019-10-17 01:54:02,pm10,1999.9
2019-10-17 01:55:02,pm2.5,999.9
2019-10-17 01:55:02,pm10,1999.9
2019-10-17 01:56:01,pm2.5,999.9
2019-10-17 01:56:02,pm10,1999.9
2019-10-17 01:57:01,pm2.5,999.9
2019-10-17 01:57:02,pm10,1999.9
2019-10-17 01:58:01,pm2.5,999.9
2019-10-17 01:58:01,pm10,1999.9
2019-10-17 01:59:01,pm2.5,999.9
2019-10-17 01:59:02,pm10,1999.9
2019-10-17 02:00:01,pm2.5,999.9
2019-10-17 02:00:02,pm10,1999.9
2019-10-17 02:01:02,pm2.5,999.9
2019-10-17 02:01:02,pm10,1999.9
2019-10-17 02:02:01,pm2.5,999.9
2019-10-17 02:02:02,pm10,1999.9
2019-10-17 02:03:02,pm2.5,999.9
2019-10-17 02:03:02,pm10,1999.9
2019-10-17 02:04:02,pm2.5,999.9
2019-10-17 02:04:02,pm10,1999.9
2019-10-17 02:05:02,pm2.5,999.9
2019-10-17 02:05:02,pm10,1999.9
2019-10-17 02:06:02,pm2.5,999.9
2019-10-17 02:06:02,pm10,1999.9
2019-10-17 02:07:02,pm2.5,999.9
2019-10-17 02:07:02,pm10,1999.9
2019-10-17 02:08:02,pm2.5,999.9
2019-10-17 02:08:02,pm10,1999.9
2019-10-17 02:09:02,pm2.5,999.9
2019-10-17 02:09:02,pm10,1999.9
2019-10-17 02:10:02,pm2.5,999.9
2019-10-17 02:10:02,pm10,1994.1
2019-10-17 02:11:02,pm2.5,999.9
2019-10-17 02:11:02,pm10,1959.8
2019-10-17 02:12:02,pm2.5,999.9
2019-10-17 02:12:02,pm10,1919.9
2019-10-17 02:13:02,pm2.5,999.9
2019-10-17 02:13:02,pm10,1895.2
2019-10-17 02:14:02,pm2.5,999.9
2019-10-17 02:14:02,pm10,1864.9
2019-10-17 02:15:02,pm2.5,999.9
2019-10-17 02:15:02,pm10,1827.4
2019-10-17 02:16:02,pm2.5,999.9
2019-10-17 02:16:02,pm10,1795.7
2019-10-17 02:17:02,pm2.5,999.9
2019-10-17 02:17:02,pm10,1761.8
2019-10-17 02:18:02,pm2.5,999.9
2019-10-17 02:18:02,pm10,1738.3
2019-10-17 02:19:02,pm2.5,999.9
2019-10-17 02:19:02,pm10,1706.3
2019-10-17 02:20:02,pm2.5,999.9
2019-10-17 02:20:02,pm10,1670.5
2019-10-17 02:21:02,pm2.5,999.9
2019-10-17 02:21:02,pm10,1638.5
2019-10-17 02:22:02,pm2.5,999.9
2019-10-17 02:22:02,pm10,1618.5
2019-10-17 02:23:02,pm2.5,999.9
2019-10-17 02:23:02,pm10,1594.7
2019-10-17 02:24:02,pm2.5,999.9
2019-10-17 02:24:02,pm10,1562.4
2019-10-17 02:25:02,pm2.5,999.9
2019-10-17 02:25:02,pm10,1550.8
2019-10-17 02:26:02,pm2.5,999.9
2019-10-17 02:26:02,pm10,1509.8
2019-10-17 02:27:02,pm2.5,999.9
2019-10-17 02:27:02,pm10,1484.7
2019-10-17 02:28:02,pm2.5,999.9
2019-10-17 02:28:02,pm10,1459.4
2019-10-17 02:29:02,pm2.5,999.9
2019-10-17 02:29:02,pm10,1440.5
2019-10-17 02:30:02,pm2.5,997.6
2019-10-17 02:30:02,pm10,1404.3
2019-10-17 02:31:02,pm2.5,992.5
2019-10-17 02:31:02,pm10,1388.2
2019-10-17 02:32:02,pm2.5,988.6
2019-10-17 02:32:03,pm10,1374.3
2019-10-17 02:33:02,pm2.5,979.2
2019-10-17 02:33:02,pm10,1333.3
2019-10-17 02:34:02,pm2.5,974.8
2019-10-17 02:34:02,pm10,1318.6
2019-10-17 02:35:02,pm2.5,965.9
2019-10-17 02:35:02,pm10,1304.4
2019-10-17 02:36:02,pm2.5,957.5
2019-10-17 02:36:02,pm10,1271.8
2019-10-17 02:37:02,pm2.5,952.3
2019-10-17 02:37:02,pm10,1256.8
2019-10-17 02:38:01,pm2.5,945.4
2019-10-17 02:38:01,pm10,1234.9
2019-10-17 02:39:01,pm2.5,932.4
2019-10-17 02:39:01,pm10,1218.7
2019-10-17 02:40:01,pm2.5,926.2
2019-10-17 02:40:02,pm10,1186.1
2019-10-17 02:41:01,pm2.5,919.9
2019-10-17 02:41:02,pm10,1169.8
2019-10-17 02:42:01,pm2.5,916.5
2019-10-17 02:42:02,pm10,1155.0
2019-10-17 02:43:01,pm2.5,905.9
2019-10-17 02:43:02,pm10,1136.8
2019-10-17 02:44:01,pm2.5,896.1
2019-10-17 02:44:02,pm10,1105.2
2019-10-17 02:45:02,pm2.5,891.2
2019-10-17 02:45:02,pm10,1090.8
2019-10-17 02:46:01,pm2.5,884.1
2019-10-17 02:46:02,pm10,1076.0
2019-10-17 02:47:02,pm2.5,876.2
2019-10-17 02:47:02,pm10,1058.5
2019-10-17 02:48:02,pm2.5,867.3
2019-10-17 02:48:02,pm10,1041.8
2019-10-17 02:49:02,pm2.5,860.0
2019-10-17 02:49:02,pm10,1023.8
2019-10-17 02:50:02,pm2.5,848.0
2019-10-17 02:50:02,pm10,1006.7
2019-10-17 02:51:02,pm2.5,843.6
2019-10-17 02:51:02,pm10,989.5
2019-10-17 02:52:02,pm2.5,832.4
2019-10-17 02:52:02,pm10,974.2
2019-10-17 02:53:02,pm2.5,827.0
2019-10-17 02:53:02,pm10,956.7
2019-10-17 02:54:03,pm2.5,821.3
2019-10-17 02:54:03,pm10,943.6
2019-10-17 02:55:02,pm2.5,810.9
2019-10-17 02:55:02,pm10,928.1
2019-10-17 02:56:02,pm2.5,804.2
2019-10-17 02:56:02,pm10,907.5
2019-10-17 02:57:02,pm2.5,798.8
2019-10-17 02:57:02,pm10,898.7
2019-10-17 02:58:02,pm2.5,786.8
2019-10-17 02:58:02,pm10,884.4
2019-10-17 02:59:02,pm2.5,777.9
2019-10-17 02:59:02,pm10,873.9
2019-10-17 03:00:02,pm2.5,772.2
2019-10-17 03:00:02,pm10,867.5
2019-10-17 03:01:02,pm2.5,761.0
2019-10-17 03:01:02,pm10,854.4
2019-10-17 03:02:02,pm2.5,754.7
2019-10-17 03:02:02,pm10,846.8
2019-10-17 03:03:02,pm2.5,740.4
2019-10-17 03:03:02,pm10,830.4
2019-10-17 03:04:02,pm2.5,734.8
2019-10-17 03:04:02,pm10,823.6
2019-10-17 03:05:02,pm2.5,726.9
2019-10-17 03:05:02,pm10,814.1
2019-10-17 03:06:02,pm2.5,714.4
2019-10-17 03:06:03,pm10,800.2
2019-10-17 03:07:02,pm2.5,710.7
2019-10-17 03:07:03,pm10,794.9
2019-10-17 03:08:02,pm2.5,697.2
2019-10-17 03:08:02,pm10,779.2
2019-10-17 03:09:02,pm2.5,694.0
2019-10-17 03:09:02,pm10,775.3
2019-10-17 03:10:02,pm2.5,683.6
2019-10-17 03:10:02,pm10,764.4
2019-10-17 03:11:02,pm2.5,677.1
2019-10-17 03:11:02,pm10,756.5
2019-10-17 03:12:02,pm2.5,662.7
2019-10-17 03:12:03,pm10,740.1
2019-10-17 03:13:02,pm2.5,655.3
2019-10-17 03:13:02,pm10,731.2
2019-10-17 03:15:01,pm2.5,639.6
2019-10-17 03:15:01,pm10,713.6
2019-10-17 03:16:01,pm2.5,630.0
2019-10-17 03:16:01,pm10,702.4
2019-10-17 03:17:01,pm2.5,620.8
2019-10-17 03:17:02,pm10,692.0
2019-10-17 03:18:01,pm2.5,610.2
2019-10-17 03:18:02,pm10,680.2
2019-10-17 03:19:01,pm2.5,605.6
2019-10-17 03:19:01,pm10,674.8
2019-10-17 03:20:01,pm2.5,592.6
2019-10-17 03:20:02,pm10,660.5
2019-10-17 03:21:01,pm2.5,587.5
2019-10-17 03:21:02,pm10,654.6
2019-10-17 03:22:01,pm2.5,574.0
2019-10-17 03:22:02,pm10,639.8
2019-10-17 03:23:02,pm2.5,574.4
2019-10-17 03:23:02,pm10,639.8
2019-10-17 03:24:01,pm2.5,565.0
2019-10-17 03:24:02,pm10,629.3
2019-10-17 03:25:02,pm2.5,547.9
2019-10-17 03:25:02,pm10,610.3
2019-10-17 03:26:02,pm2.5,542.1
2019-10-17 03:26:02,pm10,604.1
2019-10-17 03:27:02,pm2.5,531.4
2019-10-17 03:27:02,pm10,592.2
2019-10-17 03:28:02,pm2.5,526.8
2019-10-17 03:28:02,pm10,587.0
2019-10-17 03:29:02,pm2.5,517.4
2019-10-17 03:29:02,pm10,576.3
2019-10-17 03:30:02,pm2.5,509.3
2019-10-17 03:30:02,pm10,567.3
2019-10-17 03:31:02,pm2.5,501.7
2019-10-17 03:31:02,pm10,559.0
2019-10-17 03:32:02,pm2.5,489.1
2019-10-17 03:32:02,pm10,545.3
2019-10-17 03:33:02,pm2.5,486.1
2019-10-17 03:33:02,pm10,541.7
2019-10-17 03:34:02,pm2.5,474.8
2019-10-17 03:34:02,pm10,529.3
2019-10-17 03:35:02,pm2.5,463.3
2019-10-17 03:35:02,pm10,516.9
2019-10-17 03:36:02,pm2.5,457.1
2019-10-17 03:36:02,pm10,510.0
2019-10-17 03:37:02,pm2.5,447.2
2019-10-17 03:37:02,pm10,499.0
2019-10-17 03:38:02,pm2.5,441.1
2019-10-17 03:38:02,pm10,492.4
2019-10-17 03:39:02,pm2.5,432.2
2019-10-17 03:39:02,pm10,482.6
2019-10-17 03:40:02,pm2.5,425.1
2019-10-17 03:40:02,pm10,474.6
2019-10-17 03:41:02,pm2.5,417.3
2019-10-17 03:41:02,pm10,466.0
2019-10-17 03:42:02,pm2.5,409.4
2019-10-17 03:42:02,pm10,457.9
2019-10-17 03:43:02,pm2.5,401.2
2019-10-17 03:43:02,pm10,448.6
2019-10-17 03:44:02,pm2.5,388.5
2019-10-17 03:44:02,pm10,435.1
2019-10-17 03:45:02,pm2.5,384.5
2019-10-17 03:45:02,pm10,430.6
2019-10-17 03:46:02,pm2.5,376.6
2019-10-17 03:46:02,pm10,421.7
2019-10-17 03:47:02,pm2.5,365.8
2019-10-17 03:47:02,pm10,410.0
2019-10-17 03:48:02,pm2.5,365.5
2019-10-17 03:48:02,pm10,409.1
2019-10-17 03:49:02,pm2.5,356.7
2019-10-17 03:49:02,pm10,399.4
2019-10-17 03:50:02,pm2.5,348.8
2019-10-17 03:50:02,pm10,390.5
2019-10-17 03:51:02,pm2.5,339.4
2019-10-17 03:51:03,pm10,380.1
2019-10-17 03:52:02,pm2.5,334.8
2019-10-17 03:52:02,pm10,374.5
2019-10-17 03:53:02,pm2.5,324.4
2019-10-17 03:53:03,pm10,363.0
2019-10-17 03:54:01,pm2.5,320.1
2019-10-17 03:54:01,pm10,357.8
2019-10-17 03:55:01,pm2.5,310.6
2019-10-17 03:55:01,pm10,347.5
2019-10-17 03:56:01,pm2.5,307.7
2019-10-17 03:56:01,pm10,343.9
2019-10-17 03:57:01,pm2.5,298.8
2019-10-17 03:57:02,pm10,334.0
2019-10-17 03:58:01,pm2.5,288.1
2019-10-17 03:58:01,pm10,322.2
2019-10-17 03:59:01,pm2.5,287.3
2019-10-17 03:59:02,pm10,320.8
2019-10-17 04:00:02,pm2.5,279.4
2019-10-17 04:00:02,pm10,312.1
2019-10-17 04:01:01,pm2.5,272.9
2019-10-17 04:01:02,pm10,305.1
2019-10-17 04:02:02,pm2.5,268.3
2019-10-17 04:02:02,pm10,300.1
2019-10-17 04:03:02,pm2.5,262.0
2019-10-17 04:03:02,pm10,292.9
2019-10-17 04:04:02,pm2.5,255.5
2019-10-17 04:04:02,pm10,285.3
2019-10-17 04:05:02,pm2.5,248.7
2019-10-17 04:05:02,pm10,278.0
2019-10-17 04:06:02,pm2.5,242.5
2019-10-17 04:06:02,pm10,270.7
2019-10-17 04:07:02,pm2.5,236.9
2019-10-17 04:07:02,pm10,264.6
2019-10-17 04:08:02,pm2.5,232.3
2019-10-17 04:08:02,pm10,259.4
2019-10-17 04:09:02,pm2.5,224.4
2019-10-17 04:09:02,pm10,250.9
2019-10-17 04:10:02,pm2.5,220.2
2019-10-17 04:10:02,pm10,246.0
2019-10-17 04:11:02,pm2.5,215.1
2019-10-17 04:11:02,pm10,240.4
2019-10-17 04:12:02,pm2.5,208.3
2019-10-17 04:12:02,pm10,232.8
2019-10-17 04:13:02,pm2.5,206.5
2019-10-17 04:13:02,pm10,230.7
2019-10-17 04:14:02,pm2.5,199.1
2019-10-17 04:14:02,pm10,222.5
2019-10-17 04:15:02,pm2.5,195.5
2019-10-17 04:15:02,pm10,218.5
2019-10-17 04:16:02,pm2.5,191.0
2019-10-17 04:16:02,pm10,213.4
2019-10-17 04:17:02,pm2.5,186.5
2019-10-17 04:17:02,pm10,208.4
2019-10-17 04:18:02,pm2.5,179.7
2019-10-17 04:18:02,pm10,201.2
2019-10-17 04:19:02,pm2.5,174.4
2019-10-17 04:19:02,pm10,194.9
2019-10-17 04:20:02,pm2.5,172.5
2019-10-17 04:20:02,pm10,193.0
2019-10-17 04:21:02,pm2.5,164.7
2019-10-17 04:21:02,pm10,184.3
2019-10-17 04:22:02,pm2.5,163.1
2019-10-17 04:22:02,pm10,182.3
2019-10-17 04:23:02,pm2.5,158.3
2019-10-17 04:23:02,pm10,177.1
2019-10-17 04:24:02,pm2.5,156.3
2019-10-17 04:24:02,pm10,174.8
2019-10-17 04:25:02,pm2.5,152.7
2019-10-17 04:25:02,pm10,170.9
2019-10-17 04:26:02,pm2.5,150.0
2019-10-17 04:26:02,pm10,167.9
2019-10-17 04:27:02,pm2.5,145.3
2019-10-17 04:27:03,pm10,162.5
2019-10-17 04:28:02,pm2.5,141.6
2019-10-17 04:28:02,pm10,158.3
2019-10-17 04:29:01,pm2.5,138.7
2019-10-17 04:29:02,pm10,155.0
2019-10-17 04:30:01,pm2.5,132.7
2019-10-17 04:30:02,pm10,148.6
2019-10-17 04:31:01,pm2.5,132.2
2019-10-17 04:31:02,pm10,147.8
2019-10-17 04:32:02,pm2.5,127.8
2019-10-17 04:32:02,pm10,142.9
2019-10-17 04:33:01,pm2.5,125.9
2019-10-17 04:33:02,pm10,140.6
2019-10-17 04:34:01,pm2.5,121.5
2019-10-17 04:34:01,pm10,135.8
2019-10-17 04:35:01,pm2.5,120.5
2019-10-17 04:35:02,pm10,134.8
2019-10-17 04:36:01,pm2.5,117.4
2019-10-17 04:36:02,pm10,131.0
2019-10-17 04:37:02,pm2.5,113.0
2019-10-17 04:37:02,pm10,126.2
2019-10-17 04:38:02,pm2.5,111.2
2019-10-17 04:38:02,pm10,124.2
2019-10-17 04:39:02,pm2.5,108.8
2019-10-17 04:39:02,pm10,121.3
2019-10-17 04:40:02,pm2.5,106.5
2019-10-17 04:40:02,pm10,118.9
2019-10-17 04:41:02,pm2.5,103.7
2019-10-17 04:41:02,pm10,115.9
2019-10-17 04:42:02,pm2.5,101.1
2019-10-17 04:42:02,pm10,112.8
2019-10-17 04:43:02,pm2.5,98.2
2019-10-17 04:43:02,pm10,109.7
2019-10-17 04:44:02,pm2.5,92.3
2019-10-17 04:44:02,pm10,103.1
2019-10-17 04:45:02,pm2.5,94.2
2019-10-17 04:45:02,pm10,105.3
2019-10-17 04:46:02,pm2.5,90.6
2019-10-17 04:46:02,pm10,101.1
2019-10-17 04:47:02,pm2.5,89.2
2019-10-17 04:47:02,pm10,99.5
2019-10-17 04:48:02,pm2.5,85.9
2019-10-17 04:48:02,pm10,95.8
2019-10-17 04:49:02,pm2.5,84.6
2019-10-17 04:49:02,pm10,94.2
2019-10-17 04:50:02,pm2.5,83.1
2019-10-17 04:50:02,pm10,92.7
2019-10-17 04:51:02,pm2.5,80.5
2019-10-17 04:51:02,pm10,89.9
2019-10-17 04:52:02,pm2.5,77.8
2019-10-17 04:52:02,pm10,86.8
2019-10-17 04:53:02,pm2.5,75.6
2019-10-17 04:53:02,pm10,84.3
2019-10-17 04:54:01,pm2.5,75.3
2019-10-17 04:54:01,pm10,84.0
2019-10-17 04:55:02,pm2.5,72.3
2019-10-17 04:55:02,pm10,80.6
2019-10-17 04:56:02,pm2.5,72.0
2019-10-17 04:56:02,pm10,80.4
2019-10-17 04:57:02,pm2.5,69.3
2019-10-17 04:57:02,pm10,77.4
2019-10-17 04:58:02,pm2.5,68.7
2019-10-17 04:58:02,pm10,76.8
2019-10-17 04:59:02,pm2.5,65.6
2019-10-17 04:59:02,pm10,73.1
2019-10-17 05:00:02,pm2.5,63.6
2019-10-17 05:00:02,pm10,71.0
2019-10-17 05:01:02,pm2.5,62.7
2019-10-17 05:01:02,pm10,70.1
2019-10-17 05:02:02,pm2.5,59.5
2019-10-17 05:02:03,pm10,66.4
2019-10-17 05:03:02,pm2.5,59.3
2019-10-17 05:03:02,pm10,66.2
2019-10-17 05:05:01,pm2.5,55.8
2019-10-17 05:05:02,pm10,62.3
2019-10-17 05:06:01,pm2.5,57.3
2019-10-17 05:06:02,pm10,64.0
2019-10-17 05:07:01,pm2.5,55.1
2019-10-17 05:07:01,pm10,61.4
2019-10-17 05:08:01,pm2.5,52.1
2019-10-17 05:08:02,pm10,58.2
2019-10-17 05:09:02,pm2.5,52.2
2019-10-17 05:09:02,pm10,58.3
2019-10-17 05:10:01,pm2.5,50.4
2019-10-17 05:10:02,pm10,56.2
2019-10-17 05:11:02,pm2.5,50.6
2019-10-17 05:11:02,pm10,56.4
2019-10-17 05:12:02,pm2.5,47.8
2019-10-17 05:12:02,pm10,53.4
2019-10-17 05:13:02,pm2.5,46.9
2019-10-17 05:13:02,pm10,52.4
2019-10-17 05:14:02,pm2.5,46.0
2019-10-17 05:14:02,pm10,51.4
2019-10-17 05:15:02,pm2.5,44.4
2019-10-17 05:15:02,pm10,49.6
2019-10-17 05:16:02,pm2.5,44.2
2019-10-17 05:16:02,pm10,49.4
2019-10-17 05:17:02,pm2.5,42.7
2019-10-17 05:17:02,pm10,47.8
2019-10-17 05:18:02,pm2.5,42.2
2019-10-17 05:18:02,pm10,47.1
2019-10-17 05:19:02,pm2.5,41.0
2019-10-17 05:19:02,pm10,45.8
2019-10-17 05:20:02,pm2.5,39.6
2019-10-17 05:20:02,pm10,44.2
2019-10-17 05:21:02,pm2.5,38.6
2019-10-17 05:21:02,pm10,43.1
2019-10-17 05:22:02,pm2.5,37.5
2019-10-17 05:22:02,pm10,41.9
2019-10-17 05:23:02,pm2.5,37.9
2019-10-17 05:23:02,pm10,42.3
2019-10-17 05:24:02,pm2.5,35.4
2019-10-17 05:24:02,pm10,39.5
2019-10-17 05:25:02,pm2.5,35.5
2019-10-17 05:25:02,pm10,39.7
2019-10-17 05:26:02,pm2.5,34.2
2019-10-17 05:26:02,pm10,38.3
2019-10-17 05:27:02,pm2.5,34.2
2019-10-17 05:27:02,pm10,38.3
2019-10-17 05:28:02,pm2.5,32.4
2019-10-17 05:28:02,pm10,36.3
2019-10-17 05:29:02,pm2.5,31.7
2019-10-17 05:29:02,pm10,35.4
2019-10-17 05:30:02,pm2.5,30.6
2019-10-17 05:30:03,pm10,34.3
2019-10-17 05:31:02,pm2.5,30.1
2019-10-17 05:31:02,pm10,33.7
2019-10-17 05:32:02,pm2.5,30.6
2019-10-17 05:32:02,pm10,34.3
2019-10-17 05:33:02,pm2.5,29.4
2019-10-17 05:33:03,pm10,33.0
2019-10-17 05:35:01,pm2.5,27.5
2019-10-17 05:35:02,pm10,30.9
2019-10-17 05:36:01,pm2.5,27.9
2019-10-17 05:36:02,pm10,31.3
2019-10-17 05:37:01,pm2.5,26.8
2019-10-17 05:37:02,pm10,30.3
2019-10-17 05:38:01,pm2.5,26.0
2019-10-17 05:38:02,pm10,29.4
2019-10-17 05:39:02,pm2.5,24.4
2019-10-17 05:39:02,pm10,27.4
2019-10-17 05:40:01,pm2.5,24.1
2019-10-17 05:40:02,pm10,27.0
2019-10-17 05:41:01,pm2.5,23.2
2019-10-17 05:41:02,pm10,26.4
2019-10-17 05:42:02,pm2.5,22.5
2019-10-17 05:42:02,pm10,25.5
2019-10-17 05:43:02,pm2.5,22.2
2019-10-17 05:43:02,pm10,25.3
2019-10-17 05:44:02,pm2.5,22.4
2019-10-17 05:44:02,pm10,25.5
2019-10-17 05:45:02,pm2.5,22.2
2019-10-17 05:45:02,pm10,25.7
2019-10-17 05:46:02,pm2.5,21.0
2019-10-17 05:46:02,pm10,23.8
2019-10-17 05:47:02,pm2.5,20.3
2019-10-17 05:47:02,pm10,23.1
2019-10-17 05:48:02,pm2.5,19.7
2019-10-17 05:48:02,pm10,23.3
2019-10-17 05:49:02,pm2.5,19.4
2019-10-17 05:49:02,pm10,22.5
2019-10-17 05:50:02,pm2.5,19.0
2019-10-17 05:50:02,pm10,22.0
2019-10-17 05:51:02,pm2.5,19.3
2019-10-17 05:51:02,pm10,22.5
2019-10-17 05:52:02,pm2.5,18.1
2019-10-17 05:52:02,pm10,21.5
2019-10-17 05:53:02,pm2.5,18.2
2019-10-17 05:53:02,pm10,21.5
2019-10-17 05:54:02,pm2.5,17.8
2019-10-17 05:54:02,pm10,21.3
2019-10-17 05:55:03,pm2.5,17.4
2019-10-17 05:55:03,pm10,20.2
2019-10-17 05:56:02,pm2.5,16.6
2019-10-17 05:56:02,pm10,19.7
2019-10-17 05:57:02,pm2.5,16.5
2019-10-17 05:57:02,pm10,20.2
2019-10-17 05:58:02,pm2.5,16.2
2019-10-17 05:58:02,pm10,20.0
2019-10-17 05:59:02,pm2.5,15.6
2019-10-17 05:59:02,pm10,19.0
2019-10-17 06:00:02,pm2.5,14.9
2019-10-17 06:00:02,pm10,18.0
2019-10-17 06:01:02,pm2.5,14.5
2019-10-17 06:01:02,pm10,17.8
2019-10-17 06:02:02,pm2.5,14.6
2019-10-17 06:02:02,pm10,18.0
2019-10-17 06:03:02,pm2.5,14.4
2019-10-17 06:03:02,pm10,17.9
2019-10-17 06:04:02,pm2.5,14.0
2019-10-17 06:04:02,pm10,17.1
2019-10-17 06:05:02,pm2.5,13.8
2019-10-17 06:05:02,pm10,17.2
2019-10-17 06:06:02,pm2.5,13.4
2019-10-17 06:06:02,pm10,16.9
2019-10-17 06:07:01,pm2.5,13.2
2019-10-17 06:07:02,pm10,16.6
2019-10-17 06:08:01,pm2.5,12.4
2019-10-17 06:08:01,pm10,15.8
2019-10-17 06:09:01,pm2.5,12.1
2019-10-17 06:09:01,pm10,15.6
2019-10-17 06:10:01,pm2.5,12.4
2019-10-17 06:10:02,pm10,15.9
2019-10-17 06:11:01,pm2.5,11.8
2019-10-17 06:11:02,pm10,15.6
2019-10-17 06:12:01,pm2.5,11.6
2019-10-17 06:12:02,pm10,15.0
2019-10-17 06:13:01,pm2.5,11.5
2019-10-17 06:13:02,pm10,15.1
2019-10-17 06:14:02,pm2.5,11.4
2019-10-17 06:14:02,pm10,14.9
2019-10-17 06:15:02,pm2.5,10.9
2019-10-17 06:15:02,pm10,14.4
2019-10-17 06:16:02,pm2.5,10.7
2019-10-17 06:16:02,pm10,14.3
2019-10-17 06:17:02,pm2.5,9.9
2019-10-17 06:17:02,pm10,14.0
2019-10-17 06:18:02,pm2.5,9.8
2019-10-17 06:18:02,pm10,13.5
2019-10-17 06:19:02,pm2.5,10.3
2019-10-17 06:19:02,pm10,13.8
2019-10-17 06:20:02,pm2.5,9.6
2019-10-17 06:20:02,pm10,13.3
2019-10-17 06:21:02,pm2.5,9.1
2019-10-17 06:21:02,pm10,12.7
2019-10-17 06:22:02,pm2.5,8.9
2019-10-17 06:22:02,pm10,12.7
2019-10-17 06:23:02,pm2.5,9.0
2019-10-17 06:23:02,pm10,12.7
2019-10-17 06:24:02,pm2.5,9.3
2019-10-17 06:24:02,pm10,13.2
2019-10-17 06:25:03,pm2.5,8.6
2019-10-17 06:25:03,pm10,12.2
2019-10-17 06:26:02,pm2.5,8.3
2019-10-17 06:26:02,pm10,12.1
2019-10-17 06:27:02,pm2.5,7.8
2019-10-17 06:27:02,pm10,11.9
2019-10-17 06:28:02,pm2.5,7.5
2019-10-17 06:28:02,pm10,11.3
2019-10-17 06:29:02,pm2.5,7.6
2019-10-17 06:29:02,pm10,11.3
2019-10-17 06:30:02,pm2.5,7.6
2019-10-17 06:30:02,pm10,11.3
2019-10-17 06:31:02,pm2.5,7.6
2019-10-17 06:31:02,pm10,11.6
2019-10-17 06:32:02,pm2.5,7.4
2019-10-17 06:32:02,pm10,11.3
2019-10-17 06:33:02,pm2.5,7.2
2019-10-17 06:33:02,pm10,11.1
2019-10-17 06:34:02,pm2.5,7.2
2019-10-17 06:34:02,pm10,11.1
2019-10-17 06:35:02,pm2.5,6.9
2019-10-17 06:35:02,pm10,10.8
2019-10-17 06:36:02,pm2.5,6.9
2019-10-17 06:36:02,pm10,10.8
2019-10-17 06:37:02,pm2.5,6.4
2019-10-17 06:37:02,pm10,10.5
2019-10-17 06:38:02,pm2.5,6.2
2019-10-17 06:38:03,pm10,10.0
2019-10-17 06:39:01,pm2.5,5.9
2019-10-17 06:39:02,pm10,9.7
2019-10-17 06:40:01,pm2.5,6.3
2019-10-17 06:40:01,pm10,10.5
2019-10-17 06:41:01,pm2.5,5.8
2019-10-17 06:41:02,pm10,9.8
2019-10-17 06:42:01,pm2.5,5.8
2019-10-17 06:42:01,pm10,9.5
2019-10-17 06:43:01,pm2.5,6.0
2019-10-17 06:43:02,pm10,9.8
2019-10-17 06:44:01,pm2.5,5.9
2019-10-17 06:44:02,pm10,9.8
2019-10-17 06:45:01,pm2.5,5.4
2019-10-17 06:45:02,pm10,9.2
2019-10-17 06:46:01,pm2.5,5.4
2019-10-17 06:46:02,pm10,9.6
2019-10-17 06:47:02,pm2.5,5.4
2019-10-17 06:47:02,pm10,9.2
2019-10-17 06:48:02,pm2.5,5.4
2019-10-17 06:48:02,pm10,9.6
2019-10-17 06:49:01,pm2.5,5.4
2019-10-17 06:49:01,pm10,9.6
2019-10-17 06:50:02,pm2.5,5.1
2019-10-17 06:50:02,pm10,8.8
2019-10-17 06:51:02,pm2.5,5.2
2019-10-17 06:51:02,pm10,9.2
2019-10-17 06:52:02,pm2.5,4.8
2019-10-17 06:52:02,pm10,8.7
2019-10-17 06:53:02,pm2.5,4.6
2019-10-17 06:53:02,pm10,8.5
2019-10-17 06:54:02,pm2.5,4.8
2019-10-17 06:54:02,pm10,9.0
2019-10-17 06:55:02,pm2.5,4.6
2019-10-17 06:55:02,pm10,9.5
2019-10-17 06:56:02,pm2.5,4.0
2019-10-17 06:56:02,pm10,8.2
2019-10-17 06:57:02,pm2.5,4.3
2019-10-17 06:57:02,pm10,8.6
2019-10-17 06:58:02,pm2.5,4.1
2019-10-17 06:58:02,pm10,8.3
2019-10-17 06:59:02,pm2.5,3.8
2019-10-17 06:59:02,pm10,7.9
2019-10-17 07:00:02,pm2.5,4.0
2019-10-17 07:00:02,pm10,8.2
2019-10-17 07:01:02,pm2.5,4.0
2019-10-17 07:01:02,pm10,8.1
2019-10-17 07:02:02,pm2.5,3.6
2019-10-17 07:02:02,pm10,7.7
2019-10-17 07:03:02,pm2.5,3.8
2019-10-17 07:03:02,pm10,8.0
2019-10-17 07:04:02,pm2.5,3.5
2019-10-17 07:04:02,pm10,7.8
2019-10-17 07:05:02,pm2.5,3.7
2019-10-17 07:05:02,pm10,7.6
2019-10-17 07:06:02,pm2.5,3.4
2019-10-17 07:06:02,pm10,7.3
2019-10-17 07:07:02,pm2.5,3.5
2019-10-17 07:07:02,pm10,7.3
2019-10-17 07:09:01,pm2.5,3.3
2019-10-17 07:09:01,pm10,7.3
2019-10-17 07:10:01,pm2.5,3.3
2019-10-17 07:10:02,pm10,8.3
2019-10-17 07:11:01,pm2.5,3.1
2019-10-17 07:11:02,pm10,7.0
2019-10-17 07:12:01,pm2.5,3.0
2019-10-17 07:12:02,pm10,7.0
2019-10-17 07:13:02,pm2.5,3.0
2019-10-17 07:13:02,pm10,7.0
2019-10-17 07:14:02,pm2.5,2.9
2019-10-17 07:14:02,pm10,7.2
2019-10-17 07:15:02,pm2.5,3.2
2019-10-17 07:15:02,pm10,7.5
2019-10-17 07:16:02,pm2.5,2.8
2019-10-17 07:16:02,pm10,6.9
2019-10-17 07:17:02,pm2.5,3.0
2019-10-17 07:17:02,pm10,7.0
2019-10-17 07:18:02,pm2.5,2.8
2019-10-17 07:18:02,pm10,6.5
2019-10-17 07:19:02,pm2.5,2.6
2019-10-17 07:19:02,pm10,6.5
2019-10-17 07:20:02,pm2.5,2.5
2019-10-17 07:20:02,pm10,6.3
2019-10-17 07:21:02,pm2.5,2.5
2019-10-17 07:21:02,pm10,6.5
2019-10-17 07:22:02,pm2.5,2.6
2019-10-17 07:22:02,pm10,6.3
2019-10-17 07:23:02,pm2.5,2.6
2019-10-17 07:23:02,pm10,6.5
2019-10-17 07:24:02,pm2.5,2.7
2019-10-17 07:24:02,pm10,6.5
2019-10-17 07:25:02,pm2.5,2.4
2019-10-17 07:25:02,pm10,6.1
2019-10-17 07:26:02,pm2.5,2.5
2019-10-17 07:26:02,pm10,6.3
2019-10-17 07:27:02,pm2.5,2.2
2019-10-17 07:27:02,pm10,5.7
2019-10-17 07:28:02,pm2.5,2.2
2019-10-17 07:28:02,pm10,5.6
2019-10-17 07:29:02,pm2.5,2.1
2019-10-17 07:29:02,pm10,5.4
2019-10-17 07:30:02,pm2.5,2.2
2019-10-17 07:30:02,pm10,5.5
2019-10-17 07:31:02,pm2.5,2.1
2019-10-17 07:31:02,pm10,5.3
2019-10-17 07:32:02,pm2.5,2.2
2019-10-17 07:32:02,pm10,5.6
2019-10-17 07:33:02,pm2.5,2.0
2019-10-17 07:33:02,pm10,5.1
2019-10-17 07:34:02,pm2.5,2.1
2019-10-17 07:34:02,pm10,5.1
2019-10-17 07:35:01,pm2.5,2.1
2019-10-17 07:35:01,pm10,5.2
2019-10-17 07:36:02,pm2.5,1.9
2019-10-17 07:36:02,pm10,4.9
2019-10-17 07:37:01,pm2.5,1.9
2019-10-17 07:37:02,pm10,4.7
2019-10-17 07:38:01,pm2.5,2.0
2019-10-17 07:38:02,pm10,4.7
2019-10-17 07:39:01,pm2.5,1.8
2019-10-17 07:39:02,pm10,4.4
2019-10-17 07:40:01,pm2.5,1.9
2019-10-17 07:40:02,pm10,5.0
2019-10-17 07:41:02,pm2.5,1.8
2019-10-17 07:41:02,pm10,4.7
2019-10-17 07:42:02,pm2.5,1.7
2019-10-17 07:42:02,pm10,4.3
2019-10-17 07:43:02,pm2.5,1.7
2019-10-17 07:43:02,pm10,4.4
2019-10-17 07:44:02,pm2.5,1.6
2019-10-17 07:44:02,pm10,4.1
2019-10-17 07:45:02,pm2.5,1.8
2019-10-17 07:45:02,pm10,4.6
2019-10-17 07:46:02,pm2.5,1.7
2019-10-17 07:46:02,pm10,4.2
2019-10-17 07:47:02,pm2.5,1.5
2019-10-17 07:47:02,pm10,3.7
2019-10-17 07:48:02,pm2.5,1.8
2019-10-17 07:48:02,pm10,4.6
2019-10-17 07:49:02,pm2.5,1.6
2019-10-17 07:49:02,pm10,3.8
2019-10-17 07:50:02,pm2.5,1.4
2019-10-17 07:50:02,pm10,3.4
2019-10-17 07:51:02,pm2.5,1.4
2019-10-17 07:51:02,pm10,3.6
2019-10-17 07:52:02,pm2.5,1.6
2019-10-17 07:52:02,pm10,4.0
2019-10-17 07:53:02,pm2.5,1.3
2019-10-17 07:53:03,pm10,3.1
2019-10-17 07:54:02,pm2.5,1.5
2019-10-17 07:54:02,pm10,3.5
2019-10-17 07:55:02,pm2.5,1.4
2019-10-17 07:55:02,pm10,3.7
2019-10-17 07:56:03,pm2.5,1.4
2019-10-17 07:56:03,pm10,3.5
2019-10-17 07:57:02,pm2.5,1.4
2019-10-17 07:57:02,pm10,3.4
2019-10-17 07:58:02,pm2.5,1.5
2019-10-17 07:58:02,pm10,3.4
2019-10-17 07:59:02,pm2.5,1.1
2019-10-17 07:59:02,pm10,2.7
2019-10-17 08:00:02,pm2.5,1.4
2019-10-17 08:00:02,pm10,3.3
2019-10-17 08:01:02,pm2.5,1.1
2019-10-17 08:01:03,pm10,2.6
2019-10-17 08:02:01,pm2.5,1.2
2019-10-17 08:02:01,pm10,2.7
2019-10-17 08:03:01,pm2.5,1.3
2019-10-17 08:03:01,pm10,3.4
2019-10-17 08:04:01,pm2.5,1.2
2019-10-17 08:04:01,pm10,2.9
2019-10-17 08:05:01,pm2.5,1.2
2019-10-17 08:05:01,pm10,2.9
2019-10-17 08:06:01,pm2.5,1.2
2019-10-17 08:06:01,pm10,3.0
2019-10-17 08:07:02,pm2.5,1.2
2019-10-17 08:07:02,pm10,3.3
2019-10-17 08:08:01,pm2.5,1.2
2019-10-17 08:08:02,pm10,2.8
2019-10-17 08:09:02,pm2.5,1.1
2019-10-17 08:09:02,pm10,2.5
2019-10-17 08:10:02,pm2.5,1.1
2019-10-17 08:10:02,pm10,2.8
2019-10-17 08:11:02,pm2.5,1.0
2019-10-17 08:11:02,pm10,2.2
2019-10-17 08:12:02,pm2.5,1.2
2019-10-17 08:12:02,pm10,2.8
2019-10-17 08:13:02,pm2.5,1.0
2019-10-17 08:13:02,pm10,3.0
2019-10-17 08:14:02,pm2.5,1.0
2019-10-17 08:14:02,pm10,2.3
2019-10-17 08:15:02,pm2.5,1.0
2019-10-17 08:15:02,pm10,2.8
2019-10-17 08:16:02,pm2.5,1.3
2019-10-17 08:16:02,pm10,3.5
2019-10-17 08:17:02,pm2.5,1.2
2019-10-17 08:17:02,pm10,2.4
2019-10-17 08:18:02,pm2.5,1.1
2019-10-17 08:18:02,pm10,2.3
2019-10-17 08:19:02,pm2.5,1.0
2019-10-17 08:19:02,pm10,2.2
2019-10-17 08:20:02,pm2.5,1.0
2019-10-17 08:20:02,pm10,2.0
2019-10-17 08:21:02,pm2.5,0.9
2019-10-17 08:21:02,pm10,2.3
2019-10-17 08:22:02,pm2.5,0.9
2019-10-17 08:22:02,pm10,1.9
2019-10-17 08:23:02,pm2.5,0.8
2019-10-17 08:23:02,pm10,1.8
2019-10-17 08:24:02,pm2.5,0.9
2019-10-17 08:24:02,pm10,1.8
2019-10-17 08:25:02,pm2.5,1.0
2019-10-17 08:25:02,pm10,2.4
2019-10-17 08:26:02,pm2.5,0.9
2019-10-17 08:26:02,pm10,1.9
2019-10-17 08:27:01,pm2.5,0.9
2019-10-17 08:27:02,pm10,1.9
2019-10-17 08:28:02,pm2.5,0.9
2019-10-17 08:28:02,pm10,2.7
2019-10-17 08:29:02,pm2.5,0.8
2019-10-17 08:29:02,pm10,1.8
2019-10-17 08:30:02,pm2.5,0.9
2019-10-17 08:30:02,pm10,1.8
2019-10-17 08:31:02,pm2.5,0.8
2019-10-17 08:31:02,pm10,1.8
2019-10-17 08:32:02,pm2.5,0.9
2019-10-17 08:32:02,pm10,1.9
2019-10-17 08:33:02,pm2.5,0.8
2019-10-17 08:33:03,pm10,1.8
2019-10-17 08:35:01,pm2.5,0.8
2019-10-17 08:35:02,pm10,1.8
2019-10-17 08:36:01,pm2.5,0.8
2019-10-17 08:36:01,pm10,1.6
2019-10-17 08:37:01,pm2.5,0.7
2019-10-17 08:37:02,pm10,1.7
2019-10-17 08:38:01,pm2.5,0.7
2019-10-17 08:38:02,pm10,1.6
2019-10-17 08:39:01,pm2.5,0.8
2019-10-17 08:39:02,pm10,1.5
2019-10-17 08:40:01,pm2.5,0.8
2019-10-17 08:40:02,pm10,1.8
2019-10-17 08:41:01,pm2.5,0.8
2019-10-17 08:41:02,pm10,1.4
2019-10-17 08:42:02,pm2.5,0.8
2019-10-17 08:42:02,pm10,1.9
2019-10-17 08:43:02,pm2.5,0.8
2019-10-17 08:43:02,pm10,1.6
2019-10-17 08:44:02,pm2.5,0.8
2019-10-17 08:44:02,pm10,1.4
2019-10-17 08:45:02,pm2.5,0.7
2019-10-17 08:45:02,pm10,1.8
2019-10-17 08:46:02,pm2.5,0.7
2019-10-17 08:46:02,pm10,1.3
2019-10-17 08:47:02,pm2.5,0.7
2019-10-17 08:47:02,pm10,1.2
2019-10-17 08:48:02,pm2.5,0.8
2019-10-17 08:48:02,pm10,1.4
2019-10-17 08:49:02,pm2.5,0.6
2019-10-17 08:49:02,pm10,1.0
2019-10-17 08:50:02,pm2.5,0.7
2019-10-17 08:50:02,pm10,1.5
2019-10-17 08:51:02,pm2.5,0.7
2019-10-17 08:51:02,pm10,1.7
2019-10-17 08:52:02,pm2.5,0.7
2019-10-17 08:52:02,pm10,1.6
2019-10-17 08:53:02,pm2.5,0.6
2019-10-17 08:53:02,pm10,0.7
2019-10-17 08:54:02,pm2.5,0.7
2019-10-17 08:54:02,pm10,1.5
2019-10-17 08:55:02,pm2.5,0.6
2019-10-17 08:55:02,pm10,1.1
2019-10-17 08:56:02,pm2.5,0.7
2019-10-17 08:56:02,pm10,1.4
2019-10-17 08:57:02,pm2.5,0.6
2019-10-17 08:57:02,pm10,1.3
2019-10-17 08:58:02,pm2.5,0.7
2019-10-17 08:58:02,pm10,1.1
2019-10-17 08:59:02,pm2.5,0.6
2019-10-17 08:59:02,pm10,1.2
2019-10-17 09:00:02,pm2.5,0.5
2019-10-17 09:00:02,pm10,0.5
2019-10-17 09:01:02,pm2.5,0.7
2019-10-17 09:01:02,pm10,1.2
2019-10-17 09:02:02,pm2.5,0.5
2019-10-17 09:02:02,pm10,1.0
2019-10-17 09:03:02,pm2.5,0.6
2019-10-17 09:03:02,pm10,1.1
2019-10-17 09:04:02,pm2.5,0.5
2019-10-17 09:04:02,pm10,0.7
2019-10-17 09:05:02,pm2.5,0.6
2019-10-17 09:05:02,pm10,1.3
2019-10-17 09:06:01,pm2.5,0.6
2019-10-17 09:06:01,pm10,1.2
2019-10-17 09:07:01,pm2.5,0.5
2019-10-17 09:07:01,pm10,0.8
2019-10-17 09:08:01,pm2.5,0.6
2019-10-17 09:08:01,pm10,1.2
2019-10-17 09:09:01,pm2.5,0.6
2019-10-17 09:09:01,pm10,1.1
2019-10-17 09:10:01,pm2.5,0.5
2019-10-17 09:10:02,pm10,1.0
2019-10-17 09:11:01,pm2.5,0.5
2019-10-17 09:11:02,pm10,1.1
2019-10-17 09:12:01,pm2.5,0.5
2019-10-17 09:12:02,pm10,0.7
2019-10-17 09:13:01,pm2.5,0.5
2019-10-17 09:13:02,pm10,0.7
2019-10-17 09:14:02,pm2.5,0.6
2019-10-17 09:14:03,pm10,0.9
2019-10-17 09:15:02,pm2.5,0.5
2019-10-17 09:15:02,pm10,0.9
2019-10-17 09:16:02,pm2.5,0.6
2019-10-17 09:16:02,pm10,1.0
2019-10-17 09:17:02,pm2.5,0.5
2019-10-17 09:17:02,pm10,0.9
2019-10-17 09:18:01,pm2.5,0.5
2019-10-17 09:18:02,pm10,0.8
2019-10-17 09:19:02,pm2.5,0.5
2019-10-17 09:19:02,pm10,0.7
2019-10-17 09:20:02,pm2.5,0.5
2019-10-17 09:20:02,pm10,0.7
2019-10-17 09:21:02,pm2.5,0.5
2019-10-17 09:21:02,pm10,1.1
2019-10-17 09:22:02,pm2.5,0.4
2019-10-17 09:22:02,pm10,0.4
2019-10-17 09:23:02,pm2.5,0.5
2019-10-17 09:23:02,pm10,0.7
2019-10-17 09:24:02,pm2.5,0.4
2019-10-17 09:24:02,pm10,0.5
2019-10-17 09:25:02,pm2.5,0.5
2019-10-17 09:25:02,pm10,0.7
2019-10-17 09:26:02,pm2.5,0.4
2019-10-17 09:26:03,pm10,0.5
2019-10-17 09:27:02,pm2.5,0.4
2019-10-17 09:27:02,pm10,0.5
2019-10-17 09:28:02,pm2.5,0.5
2019-10-17 09:28:02,pm10,1.1
2019-10-17 09:29:02,pm2.5,0.4
2019-10-17 09:29:02,pm10,0.5
2019-10-17 09:30:02,pm2.5,0.5
2019-10-17 09:30:02,pm10,0.9
2019-10-17 09:31:02,pm2.5,0.4
2019-10-17 09:31:02,pm10,0.8
2019-10-17 09:32:02,pm2.5,0.5
2019-10-17 09:32:02,pm10,0.8
2019-10-17 09:33:02,pm2.5,0.5
2019-10-17 09:33:02,pm10,0.8
2019-10-17 09:34:02,pm2.5,0.5
2019-10-17 09:34:02,pm10,0.8
2019-10-17 09:35:02,pm2.5,0.5
2019-10-17 09:35:02,pm10,1.0
2019-10-17 09:36:02,pm2.5,0.5
2019-10-17 09:36:02,pm10,0.9
2019-10-17 09:37:02,pm2.5,0.4
2019-10-17 09:37:02,pm10,0.6
2019-10-17 09:38:02,pm2.5,0.4
2019-10-17 09:38:02,pm10,1.1
2019-10-17 09:39:02,pm2.5,0.3
2019-10-17 09:39:02,pm10,0.5
2019-10-17 09:40:02,pm2.5,0.3
2019-10-17 09:40:02,pm10,0.4
2019-10-17 09:41:02,pm2.5,0.4
2019-10-17 09:41:02,pm10,0.8
2019-10-17 09:42:02,pm2.5,0.5
2019-10-17 09:42:02,pm10,0.8
2019-10-17 09:43:02,pm2.5,0.3
2019-10-17 09:43:02,pm10,0.3
2019-10-17 09:44:02,pm2.5,0.4
2019-10-17 09:44:02,pm10,0.5
2019-10-17 09:45:02,pm2.5,0.3
2019-10-17 09:45:02,pm10,0.5
2019-10-17 09:46:02,pm2.5,0.5
2019-10-17 09:46:02,pm10,0.9
2019-10-17 09:47:02,pm2.5,0.4
2019-10-17 09:47:02,pm10,1.0
2019-10-17 09:48:02,pm2.5,0.3
2019-10-17 09:48:02,pm10,0.4
2019-10-17 09:49:01,pm2.5,0.4
2019-10-17 09:49:01,pm10,0.5
2019-10-17 09:50:01,pm2.5,0.4
2019-10-17 09:50:01,pm10,0.8
2019-10-17 09:51:01,pm2.5,0.4
2019-10-17 09:51:01,pm10,0.5
2019-10-17 09:52:01,pm2.5,0.4
2019-10-17 09:52:02,pm10,0.5
2019-10-17 09:53:01,pm2.5,0.3
2019-10-17 09:53:02,pm10,0.3
2019-10-17 09:54:01,pm2.5,0.3
2019-10-17 09:54:02,pm10,0.4
2019-10-17 09:55:01,pm2.5,0.4
2019-10-17 09:55:01,pm10,1.1
2019-10-17 09:56:02,pm2.5,0.4
2019-10-17 09:56:02,pm10,0.7
2019-10-17 09:57:02,pm2.5,0.4
2019-10-17 09:57:03,pm10,0.4
2019-10-17 09:58:01,pm2.5,0.3
2019-10-17 09:58:02,pm10,0.4
2019-10-17 09:59:02,pm2.5,0.4
2019-10-17 09:59:02,pm10,0.5
2019-10-17 10:00:02,pm2.5,0.3
2019-10-17 10:00:02,pm10,0.5
2019-10-17 10:01:02,pm2.5,0.3
2019-10-17 10:01:02,pm10,0.5
2019-10-17 10:02:02,pm2.5,0.3
2019-10-17 10:02:02,pm10,0.3
2019-10-17 10:03:02,pm2.5,0.3
2019-10-17 10:03:02,pm10,0.3
2019-10-17 10:04:02,pm2.5,0.3
2019-10-17 10:04:02,pm10,0.5
2019-10-17 10:05:02,pm2.5,0.3
2019-10-17 10:05:02,pm10,0.4
2019-10-17 10:06:02,pm2.5,0.3
2019-10-17 10:06:02,pm10,0.3
2019-10-17 10:07:02,pm2.5,0.4
2019-10-17 10:07:02,pm10,0.5
2019-10-17 10:08:02,pm2.5,0.3
2019-10-17 10:08:02,pm10,0.4
2019-10-17 10:09:02,pm2.5,0.4
2019-10-17 10:09:02,pm10,0.4
2019-10-17 10:10:02,pm2.5,0.3
2019-10-17 10:10:02,pm10,0.4
2019-10-17 10:11:02,pm2.5,0.3
2019-10-17 10:11:02,pm10,0.4
2019-10-17 10:12:02,pm2.5,0.3
2019-10-17 10:12:02,pm10,0.3
2019-10-17 10:13:02,pm2.5,0.4
2019-10-17 10:13:02,pm10,0.5
2019-10-17 10:14:02,pm2.5,0.3
2019-10-17 10:14:02,pm10,0.6
2019-10-17 10:15:02,pm2.5,0.4
2019-10-17 10:15:02,pm10,0.5
2019-10-17 10:16:02,pm2.5,0.3
2019-10-17 10:16:02,pm10,0.3
2019-10-17 10:17:02,pm2.5,0.4
2019-10-17 10:17:02,pm10,0.4
2019-10-17 10:18:02,pm2.5,0.4
2019-10-17 10:18:02,pm10,0.6
2019-10-17 10:19:02,pm2.5,0.4
2019-10-17 10:19:02,pm10,0.5
2019-10-17 10:20:02,pm2.5,0.3
2019-10-17 10:20:02,pm10,0.4
2019-10-17 10:21:02,pm2.5,0.3
2019-10-17 10:21:02,pm10,0.3
2019-10-17 10:22:02,pm2.5,0.4
2019-10-17 10:22:02,pm10,0.6
2019-10-17 10:23:02,pm2.5,0.3
2019-10-17 10:23:02,pm10,0.3
2019-10-17 10:24:02,pm2.5,0.3
2019-10-17 10:24:02,pm10,0.3
2019-10-17 10:25:02,pm2.5,0.3
2019-10-17 10:25:02,pm10,0.6
2019-10-17 10:26:01,pm2.5,0.3
2019-10-17 10:26:01,pm10,0.3
2019-10-17 10:27:01,pm2.5,0.3
2019-10-17 10:27:01,pm10,0.3
2019-10-17 10:28:01,pm2.5,0.3
2019-10-17 10:28:02,pm10,0.3
2019-10-17 10:29:01,pm2.5,0.3
2019-10-17 10:29:01,pm10,0.3
2019-10-17 10:30:01,pm2.5,0.4
2019-10-17 10:30:02,pm10,0.5
2019-10-17 10:31:01,pm2.5,0.4
2019-10-17 10:31:02,pm10,0.4
2019-10-17 10:32:02,pm2.5,0.2
2019-10-17 10:32:02,pm10,0.2
2019-10-17 10:33:01,pm2.5,0.3
2019-10-17 10:33:02,pm10,0.7
2019-10-17 10:34:02,pm2.5,0.3
2019-10-17 10:34:02,pm10,0.6
2019-10-17 10:35:02,pm2.5,0.3
2019-10-17 10:35:02,pm10,0.3
2019-10-17 10:36:02,pm2.5,0.4
2019-10-17 10:36:02,pm10,0.4
2019-10-17 10:37:02,pm2.5,0.4
2019-10-17 10:37:02,pm10,0.4
2019-10-17 10:38:02,pm2.5,0.3
2019-10-17 10:38:02,pm10,0.3
2019-10-17 10:39:02,pm2.5,0.3
2019-10-17 10:39:02,pm10,0.3
2019-10-17 10:40:02,pm2.5,0.3
2019-10-17 10:40:02,pm10,0.3
2019-10-17 10:41:02,pm2.5,0.4
2019-10-17 10:41:02,pm10,0.6
2019-10-17 10:42:02,pm2.5,0.3
2019-10-17 10:42:02,pm10,0.5
2019-10-17 10:43:02,pm2.5,0.3
2019-10-17 10:43:02,pm10,0.3
2019-10-17 10:44:02,pm2.5,0.3
2019-10-17 10:44:02,pm10,0.3
2019-10-17 10:45:02,pm2.5,0.2
2019-10-17 10:45:02,pm10,0.2
2019-10-17 10:46:02,pm2.5,0.3
2019-10-17 10:46:02,pm10,0.5
2019-10-17 10:47:02,pm2.5,0.2
2019-10-17 10:47:02,pm10,0.2
2019-10-17 10:48:02,pm2.5,0.3
2019-10-17 10:48:02,pm10,0.4
2019-10-17 10:49:02,pm2.5,0.4
2019-10-17 10:49:02,pm10,0.4
2019-10-17 10:50:02,pm2.5,0.3
2019-10-17 10:50:02,pm10,0.3
2019-10-17 10:51:02,pm2.5,0.3
2019-10-17 10:51:02,pm10,0.3
2019-10-17 10:52:02,pm2.5,0.4
2019-10-17 10:52:02,pm10,0.5
2019-10-17 10:53:02,pm2.5,0.2
2019-10-17 10:53:02,pm10,0.2
2019-10-17 10:54:02,pm2.5,0.3
2019-10-17 10:54:02,pm10,0.3
2019-10-17 10:55:02,pm2.5,0.3
2019-10-17 10:55:02,pm10,0.5
2019-10-17 10:56:02,pm2.5,0.3
2019-10-17 10:56:02,pm10,0.4
2019-10-17 10:57:02,pm2.5,0.3
2019-10-17 10:57:02,pm10,0.3
2019-10-17 10:58:02,pm2.5,0.2
2019-10-17 10:58:02,pm10,0.2
2019-10-17 10:59:02,pm2.5,0.2
2019-10-17 10:59:02,pm10,0.2
2019-10-17 11:00:02,pm2.5,0.3
2019-10-17 11:00:03,pm10,0.4
2019-10-17 11:01:02,pm2.5,0.3
2019-10-17 11:01:02,pm10,0.6
2019-10-17 11:02:01,pm2.5,0.4
2019-10-17 11:02:01,pm10,0.5
2019-10-17 11:03:01,pm2.5,0.2
2019-10-17 11:03:02,pm10,0.2
2019-10-17 11:04:01,pm2.5,0.2
2019-10-17 11:04:01,pm10,0.2
2019-10-17 11:05:01,pm2.5,0.2
2019-10-17 11:05:02,pm10,0.3
2019-10-17 11:06:02,pm2.5,0.3
2019-10-17 11:06:02,pm10,0.6
2019-10-17 11:07:01,pm2.5,0.2
2019-10-17 11:07:01,pm10,0.2
2019-10-17 11:08:01,pm2.5,0.3
2019-10-17 11:08:02,pm10,0.7
2019-10-17 11:09:02,pm2.5,0.2
2019-10-17 11:09:02,pm10,0.2
2019-10-17 11:10:01,pm2.5,0.2
2019-10-17 11:10:02,pm10,0.2
2019-10-17 11:11:01,pm2.5,0.2
2019-10-17 11:11:02,pm10,0.2
2019-10-17 11:12:01,pm2.5,0.3
2019-10-17 11:12:02,pm10,0.3
2019-10-17 11:13:02,pm2.5,0.3
2019-10-17 11:13:02,pm10,0.6
2019-10-17 11:14:02,pm2.5,0.2
2019-10-17 11:14:02,pm10,0.2
2019-10-17 11:15:02,pm2.5,0.3
2019-10-17 11:15:02,pm10,0.5
2019-10-17 11:16:02,pm2.5,0.2
2019-10-17 11:16:02,pm10,0.2
2019-10-17 11:17:02,pm2.5,0.3
2019-10-17 11:17:02,pm10,0.3
2019-10-17 11:18:02,pm2.5,0.3
2019-10-17 11:18:02,pm10,0.8
2019-10-17 11:19:02,pm2.5,0.2
2019-10-17 11:19:02,pm10,0.2
2019-10-17 11:20:02,pm2.5,0.3
2019-10-17 11:20:02,pm10,0.3
2019-10-17 11:21:02,pm2.5,0.2
2019-10-17 11:21:02,pm10,0.2
2019-10-17 11:22:02,pm2.5,0.3
2019-10-17 11:22:02,pm10,0.4
2019-10-17 11:23:02,pm2.5,0.3
2019-10-17 11:23:02,pm10,0.3
2019-10-17 11:24:02,pm2.5,0.2
2019-10-17 11:24:02,pm10,0.3
2019-10-17 11:25:02,pm2.5,0.3
2019-10-17 11:25:02,pm10,0.3
2019-10-17 11:26:02,pm2.5,0.3
2019-10-17 11:26:02,pm10,0.4
2019-10-17 11:27:02,pm2.5,0.3
2019-10-17 11:27:02,pm10,0.3
2019-10-17 11:28:02,pm2.5,0.3
2019-10-17 11:28:02,pm10,0.4
2019-10-17 11:29:02,pm2.5,0.2
2019-10-17 11:29:02,pm10,0.2
2019-10-17 11:30:02,pm2.5,0.2
2019-10-17 11:30:02,pm10,0.4
2019-10-17 11:31:02,pm2.5,0.3
2019-10-17 11:31:02,pm10,0.3
2019-10-17 11:32:02,pm2.5,0.3
2019-10-17 11:32:02,pm10,0.5
2019-10-17 11:33:02,pm2.5,0.3
2019-10-17 11:33:02,pm10,0.7
2019-10-17 11:34:02,pm2.5,0.3
2019-10-17 11:34:02,pm10,0.3
2019-10-17 11:35:02,pm2.5,0.2
2019-10-17 11:35:02,pm10,0.2
2019-10-17 11:36:02,pm2.5,0.3
2019-10-17 11:36:02,pm10,0.3
2019-10-17 11:37:02,pm2.5,0.3
2019-10-17 11:37:02,pm10,0.4
2019-10-17 11:38:02,pm2.5,0.2
2019-10-17 11:38:02,pm10,0.4
2019-10-17 11:39:02,pm2.5,0.2
2019-10-17 11:39:02,pm10,0.2
2019-10-17 11:40:03,pm2.5,0.2
2019-10-17 11:40:03,pm10,0.2
2019-10-17 11:41:01,pm2.5,0.3
2019-10-17 11:41:01,pm10,0.3
2019-10-17 11:42:02,pm2.5,0.2
2019-10-17 11:42:03,pm10,0.2
2019-10-17 11:43:01,pm2.5,0.2
2019-10-17 11:43:01,pm10,0.2
2019-10-17 11:44:01,pm2.5,0.2
2019-10-17 11:44:01,pm10,0.2
2019-10-17 11:45:01,pm2.5,0.2
2019-10-17 11:45:02,pm10,0.3
2019-10-17 11:46:01,pm2.5,0.3
2019-10-17 11:46:02,pm10,0.3
2019-10-17 11:47:01,pm2.5,0.3
2019-10-17 11:47:02,pm10,0.3
2019-10-17 11:48:01,pm2.5,0.3
2019-10-17 11:48:02,pm10,0.3
2019-10-17 11:49:01,pm2.5,0.2
2019-10-17 11:49:02,pm10,0.2
2019-10-17 11:50:01,pm2.5,0.2
2019-10-17 11:50:02,pm10,0.2
2019-10-17 11:51:02,pm2.5,0.2
2019-10-17 11:51:02,pm10,0.3
2019-10-17 11:52:01,pm2.5,0.3
2019-10-17 11:52:02,pm10,0.3
2019-10-17 11:53:02,pm2.5,0.2
2019-10-17 11:53:02,pm10,0.3
2019-10-17 11:54:02,pm2.5,0.3
2019-10-17 11:54:02,pm10,0.4
2019-10-17 11:55:02,pm2.5,0.2
2019-10-17 11:55:02,pm10,0.3
2019-10-17 11:56:02,pm2.5,0.2
2019-10-17 11:56:02,pm10,0.2
2019-10-17 11:57:02,pm2.5,0.2
2019-10-17 11:57:02,pm10,0.2
2019-10-17 11:58:03,pm2.5,0.3
2019-10-17 11:58:03,pm10,0.5
2019-10-17 11:59:02,pm2.5,0.2
2019-10-17 11:59:02,pm10,0.2
2019-10-17 12:00:02,pm2.5,0.3
2019-10-17 12:00:02,pm10,0.3
2019-10-17 12:01:02,pm2.5,0.3
2019-10-17 12:01:02,pm10,0.3
2019-10-17 12:02:02,pm2.5,0.3
2019-10-17 12:02:02,pm10,0.3
2019-10-17 12:03:02,pm2.5,0.2
2019-10-17 12:03:02,pm10,0.2
2019-10-17 12:04:02,pm2.5,0.3
2019-10-17 12:04:02,pm10,0.4
2019-10-17 12:05:02,pm2.5,0.2
2019-10-17 12:05:02,pm10,0.2
2019-10-17 12:06:02,pm2.5,0.2
2019-10-17 12:06:02,pm10,0.5
2019-10-17 12:07:02,pm2.5,0.3
2019-10-17 12:07:02,pm10,0.3
2019-10-17 12:08:02,pm2.5,0.3
2019-10-17 12:08:02,pm10,0.3
2019-10-17 12:09:02,pm2.5,0.2
2019-10-17 12:09:02,pm10,0.2
2019-10-17 12:10:02,pm2.5,0.3
2019-10-17 12:10:02,pm10,0.5
2019-10-17 12:11:02,pm2.5,0.4
2019-10-17 12:11:02,pm10,0.7
2019-10-17 12:12:02,pm2.5,0.3
2019-10-17 12:12:02,pm10,0.3
2019-10-17 12:13:02,pm2.5,0.2
2019-10-17 12:13:02,pm10,0.2
2019-10-17 12:14:02,pm2.5,0.3
2019-10-17 12:14:02,pm10,0.3
2019-10-17 12:15:02,pm2.5,0.3
2019-10-17 12:15:02,pm10,0.3
2019-10-17 12:16:02,pm2.5,0.2
2019-10-17 12:16:02,pm10,0.2
2019-10-17 12:17:02,pm2.5,0.3
2019-10-17 12:17:02,pm10,0.6
2019-10-17 12:18:02,pm2.5,0.2
2019-10-17 12:18:02,pm10,0.2
2019-10-17 12:19:02,pm2.5,0.2
2019-10-17 12:19:02,pm10,0.2
2019-10-17 12:20:02,pm2.5,0.3
2019-10-17 12:20:02,pm10,0.3
2019-10-17 12:21:02,pm2.5,0.3
2019-10-17 12:21:02,pm10,0.3
2019-10-17 12:22:03,pm2.5,0.3
2019-10-17 12:22:03,pm10,0.5
2019-10-17 12:23:02,pm2.5,0.3
2019-10-17 12:23:02,pm10,0.3
2019-10-17 12:25:01,pm2.5,0.3
2019-10-17 12:25:01,pm10,0.3
2019-10-17 12:26:01,pm2.5,0.3
2019-10-17 12:26:02,pm10,0.3
2019-10-17 12:27:01,pm2.5,0.3
2019-10-17 12:27:01,pm10,0.3
2019-10-17 12:28:01,pm2.5,0.3
2019-10-17 12:28:02,pm10,0.3
2019-10-17 12:29:01,pm2.5,0.3
2019-10-17 12:29:02,pm10,0.3
2019-10-17 12:30:01,pm2.5,0.3
2019-10-17 12:30:02,pm10,0.6
2019-10-17 12:31:01,pm2.5,0.3
2019-10-17 12:31:02,pm10,0.3
2019-10-17 12:32:01,pm2.5,0.3
2019-10-17 12:32:02,pm10,0.3
2019-10-17 12:33:02,pm2.5,0.2
2019-10-17 12:33:02,pm10,0.2
2019-10-17 12:34:01,pm2.5,0.2
2019-10-17 12:34:01,pm10,0.2
2019-10-17 12:35:02,pm2.5,0.3
2019-10-17 12:35:02,pm10,0.4
2019-10-17 12:36:02,pm2.5,0.4
2019-10-17 12:36:02,pm10,0.8
2019-10-17 12:37:02,pm2.5,0.3
2019-10-17 12:37:02,pm10,0.3
2019-10-17 12:38:02,pm2.5,0.4
2019-10-17 12:38:02,pm10,0.5
2019-10-17 12:39:02,pm2.5,0.4
2019-10-17 12:39:02,pm10,0.6
2019-10-17 12:40:02,pm2.5,0.2
2019-10-17 12:40:02,pm10,0.2
2019-10-17 12:41:02,pm2.5,0.3
2019-10-17 12:41:02,pm10,0.3
2019-10-17 12:42:02,pm2.5,0.3
2019-10-17 12:42:02,pm10,0.3
2019-10-17 12:43:02,pm2.5,0.3
2019-10-17 12:43:02,pm10,0.3
2019-10-17 12:44:02,pm2.5,0.4
2019-10-17 12:44:02,pm10,0.6
2019-10-17 12:45:02,pm2.5,0.3
2019-10-17 12:45:02,pm10,0.3
2019-10-17 12:46:02,pm2.5,0.3
2019-10-17 12:46:02,pm10,0.3
2019-10-17 12:47:02,pm2.5,0.4
2019-10-17 12:47:02,pm10,0.6
2019-10-17 12:48:02,pm2.5,0.5
2019-10-17 12:48:02,pm10,0.5
2019-10-17 12:49:02,pm2.5,0.3
2019-10-17 12:49:02,pm10,0.4
2019-10-17 12:50:02,pm2.5,0.4
2019-10-17 12:50:02,pm10,0.5
2019-10-17 12:51:02,pm2.5,0.4
2019-10-17 12:51:02,pm10,0.7
2019-10-17 12:52:02,pm2.5,0.4
2019-10-17 12:52:02,pm10,0.7
2019-10-17 12:53:02,pm2.5,0.4
2019-10-17 12:53:02,pm10,0.7
2019-10-17 12:54:02,pm2.5,0.5
2019-10-17 12:54:02,pm10,0.8
2019-10-17 12:55:02,pm2.5,0.5
2019-10-17 12:55:02,pm10,0.6
2019-10-17 12:56:02,pm2.5,0.3
2019-10-17 12:56:02,pm10,0.3
2019-10-17 12:57:02,pm2.5,0.4
2019-10-17 12:57:02,pm10,0.4
2019-10-17 12:58:02,pm2.5,0.5
2019-10-17 12:58:02,pm10,0.8
2019-10-17 12:59:02,pm2.5,0.4
2019-10-17 12:59:02,pm10,0.7
2019-10-17 13:00:02,pm2.5,0.4
2019-10-17 13:00:02,pm10,0.5
2019-10-17 13:01:02,pm2.5,0.4
2019-10-17 13:01:02,pm10,0.5
2019-10-17 13:02:02,pm2.5,0.4
2019-10-17 13:02:02,pm10,0.8
2019-10-17 13:03:02,pm2.5,0.3
2019-10-17 13:03:02,pm10,0.3
2019-10-17 13:04:02,pm2.5,0.5
2019-10-17 13:04:02,pm10,0.6
2019-10-17 13:05:02,pm2.5,0.6
2019-10-17 13:05:02,pm10,1.0
2019-10-17 13:06:01,pm2.5,0.5
2019-10-17 13:06:01,pm10,0.7
2019-10-17 13:07:01,pm2.5,0.5
2019-10-17 13:07:02,pm10,0.5
2019-10-17 13:08:01,pm2.5,0.4
2019-10-17 13:08:01,pm10,0.4
2019-10-17 13:09:01,pm2.5,0.5
2019-10-17 13:09:01,pm10,0.5
2019-10-17 13:10:01,pm2.5,0.4
2019-10-17 13:10:02,pm10,0.7
2019-10-17 13:11:02,pm2.5,0.5
2019-10-17 13:11:02,pm10,0.7
2019-10-17 13:12:01,pm2.5,0.6
2019-10-17 13:12:02,pm10,1.1
2019-10-17 13:13:01,pm2.5,0.5
2019-10-17 13:13:02,pm10,0.7
2019-10-17 13:14:02,pm2.5,0.5
2019-10-17 13:14:02,pm10,0.9
2019-10-17 13:15:01,pm2.5,0.5
2019-10-17 13:15:02,pm10,0.7
2019-10-17 13:16:01,pm2.5,0.5
2019-10-17 13:16:02,pm10,0.9
2019-10-17 13:17:02,pm2.5,0.5
2019-10-17 13:17:02,pm10,0.9
2019-10-17 13:18:02,pm2.5,0.4
2019-10-17 13:18:02,pm10,0.5
2019-10-17 13:19:02,pm2.5,0.5
2019-10-17 13:19:02,pm10,0.6
2019-10-17 13:20:02,pm2.5,0.5
2019-10-17 13:20:02,pm10,0.5
2019-10-17 13:21:02,pm2.5,0.5
2019-10-17 13:21:02,pm10,0.6
2019-10-17 13:22:02,pm2.5,0.5
2019-10-17 13:22:02,pm10,0.9
2019-10-17 13:23:02,pm2.5,0.5
2019-10-17 13:23:02,pm10,0.6
2019-10-17 13:24:02,pm2.5,0.4
2019-10-17 13:24:02,pm10,0.4
2019-10-17 13:25:02,pm2.5,0.4
2019-10-17 13:25:02,pm10,0.5
2019-10-17 13:26:02,pm2.5,0.5
2019-10-17 13:26:02,pm10,0.6
2019-10-17 13:27:02,pm2.5,0.4
2019-10-17 13:27:02,pm10,0.4
2019-10-17 13:28:02,pm2.5,0.5
2019-10-17 13:28:02,pm10,0.6
2019-10-17 13:29:02,pm2.5,0.7
2019-10-17 13:29:02,pm10,1.2
2019-10-17 13:30:02,pm2.5,0.5
2019-10-17 13:30:02,pm10,0.7
2019-10-17 13:31:02,pm2.5,0.5
2019-10-17 13:31:02,pm10,0.6
2019-10-17 13:32:02,pm2.5,0.5
2019-10-17 13:32:02,pm10,0.5
2019-10-17 13:33:02,pm2.5,0.5
2019-10-17 13:33:02,pm10,0.5
2019-10-17 13:34:02,pm2.5,0.5
2019-10-17 13:34:02,pm10,0.6
2019-10-17 13:35:02,pm2.5,0.4
2019-10-17 13:35:02,pm10,0.4
2019-10-17 13:36:02,pm2.5,0.6
2019-10-17 13:36:02,pm10,0.8
2019-10-17 13:37:02,pm2.5,0.5
2019-10-17 13:37:02,pm10,0.6
2019-10-17 13:38:02,pm2.5,0.5
2019-10-17 13:38:02,pm10,0.8
2019-10-17 13:39:02,pm2.5,0.6
2019-10-17 13:39:02,pm10,1.1
2019-10-17 13:40:02,pm2.5,0.5
2019-10-17 13:40:02,pm10,0.6
2019-10-17 13:41:02,pm2.5,0.6
2019-10-17 13:41:02,pm10,0.7
2019-10-17 13:42:02,pm2.5,0.5
2019-10-17 13:42:02,pm10,0.8
2019-10-17 13:43:02,pm2.5,0.5
2019-10-17 13:43:02,pm10,0.7
2019-10-17 13:44:02,pm2.5,0.5
2019-10-17 13:44:02,pm10,0.9
2019-10-17 13:45:02,pm2.5,0.5
2019-10-17 13:45:02,pm10,1.1
2019-10-17 13:46:01,pm2.5,0.5
2019-10-17 13:46:01,pm10,0.6
2019-10-17 13:47:01,pm2.5,0.5
2019-10-17 13:47:02,pm10,0.5
2019-10-17 13:48:01,pm2.5,0.5
2019-10-17 13:48:01,pm10,1.0
2019-10-17 13:49:01,pm2.5,0.5
2019-10-17 13:49:02,pm10,0.6
2019-10-17 13:50:01,pm2.5,0.5
2019-10-17 13:50:02,pm10,1.0
2019-10-17 13:51:01,pm2.5,0.5
2019-10-17 13:51:02,pm10,0.7
2019-10-17 13:52:01,pm2.5,0.5
2019-10-17 13:52:02,pm10,0.9
2019-10-17 13:53:01,pm2.5,0.5
2019-10-17 13:53:02,pm10,0.5
2019-10-17 13:54:02,pm2.5,0.5
2019-10-17 13:54:02,pm10,0.7
2019-10-17 13:55:02,pm2.5,0.5
2019-10-17 13:55:02,pm10,0.9
2019-10-17 13:56:01,pm2.5,0.5
2019-10-17 13:56:02,pm10,0.7
2019-10-17 13:57:02,pm2.5,0.4
2019-10-17 13:57:02,pm10,0.5
2019-10-17 13:58:02,pm2.5,0.6
2019-10-17 13:58:02,pm10,0.8
2019-10-17 13:59:03,pm2.5,0.5
2019-10-17 13:59:03,pm10,0.8
2019-10-17 14:00:02,pm2.5,0.5
2019-10-17 14:00:02,pm10,0.8
2019-10-17 14:01:02,pm2.5,0.5
2019-10-17 14:01:02,pm10,0.5
2019-10-17 14:02:02,pm2.5,0.5
2019-10-17 14:02:02,pm10,0.7
2019-10-17 14:03:02,pm2.5,0.6
2019-10-17 14:03:02,pm10,1.1
2019-10-17 14:04:02,pm2.5,0.6
2019-10-17 14:04:02,pm10,0.8
2019-10-17 14:05:01,pm2.5,0.6
2019-10-17 14:05:01,pm10,0.8
2019-10-17 14:06:02,pm2.5,0.6
2019-10-17 14:06:02,pm10,1.1
2019-10-17 14:07:02,pm2.5,0.6
2019-10-17 14:07:02,pm10,1.4
2019-10-17 14:08:02,pm2.5,0.6
2019-10-17 14:08:02,pm10,1.6
2019-10-17 14:09:02,pm2.5,0.6
2019-10-17 14:09:02,pm10,0.7
2019-10-17 14:10:02,pm2.5,0.5
2019-10-17 14:10:02,pm10,0.5
2019-10-17 14:11:02,pm2.5,0.5
2019-10-17 14:11:02,pm10,0.7
2019-10-17 14:12:02,pm2.5,0.5
2019-10-17 14:12:02,pm10,0.5
2019-10-17 14:13:02,pm2.5,0.6
2019-10-17 14:13:02,pm10,0.8
2019-10-17 14:14:02,pm2.5,0.5
2019-10-17 14:14:02,pm10,1.0
2019-10-17 14:15:02,pm2.5,0.5
2019-10-17 14:15:02,pm10,0.8
2019-10-17 14:16:02,pm2.5,0.6
2019-10-17 14:16:02,pm10,0.7
2019-10-17 14:17:02,pm2.5,0.6
2019-10-17 14:17:02,pm10,1.2
2019-10-17 14:18:02,pm2.5,0.5
2019-10-17 14:18:02,pm10,0.8
2019-10-17 14:19:02,pm2.5,0.6
2019-10-17 14:19:02,pm10,0.9
2019-10-17 14:20:02,pm2.5,0.5
2019-10-17 14:20:02,pm10,0.6
2019-10-17 14:21:02,pm2.5,0.5
2019-10-17 14:21:02,pm10,0.8
2019-10-17 14:22:02,pm2.5,0.6
2019-10-17 14:22:02,pm10,0.7
2019-10-17 14:23:02,pm2.5,0.6
2019-10-17 14:23:02,pm10,0.8
2019-10-17 14:24:02,pm2.5,0.6
2019-10-17 14:24:02,pm10,0.9
2019-10-17 14:25:02,pm2.5,0.6
2019-10-17 14:25:02,pm10,1.0
2019-10-17 14:27:01,pm2.5,0.6
2019-10-17 14:27:02,pm10,0.6
2019-10-17 14:28:01,pm2.5,0.6
2019-10-17 14:28:01,pm10,1.3
2019-10-17 14:29:01,pm2.5,0.6
2019-10-17 14:29:01,pm10,1.0
2019-10-17 14:30:01,pm2.5,0.6
2019-10-17 14:30:01,pm10,1.4
2019-10-17 14:31:01,pm2.5,0.6
2019-10-17 14:31:02,pm10,0.8
2019-10-17 14:32:01,pm2.5,0.5
2019-10-17 14:32:02,pm10,0.7
2019-10-17 14:33:01,pm2.5,0.5
2019-10-17 14:33:02,pm10,0.7
2019-10-17 14:34:01,pm2.5,0.6
2019-10-17 14:34:02,pm10,0.8
2019-10-17 14:35:02,pm2.5,0.5
2019-10-17 14:35:02,pm10,0.8
2019-10-17 14:36:01,pm2.5,0.7
2019-10-17 14:36:02,pm10,0.8
2019-10-17 14:37:02,pm2.5,0.5
2019-10-17 14:37:02,pm10,0.7
2019-10-17 14:38:02,pm2.5,0.5
2019-10-17 14:38:02,pm10,0.9
2019-10-17 14:39:02,pm2.5,0.5
2019-10-17 14:39:02,pm10,0.6
2019-10-17 14:40:02,pm2.5,0.5
2019-10-17 14:40:02,pm10,0.6
2019-10-17 14:41:02,pm2.5,0.5
2019-10-17 14:41:02,pm10,0.8
2019-10-17 14:42:02,pm2.5,0.5
2019-10-17 14:42:02,pm10,0.5
2019-10-17 14:43:02,pm2.5,0.5
2019-10-17 14:43:02,pm10,0.5
2019-10-17 14:44:02,pm2.5,0.5
2019-10-17 14:44:02,pm10,0.7
2019-10-17 14:45:02,pm2.5,0.6
2019-10-17 14:45:02,pm10,0.8
2019-10-17 14:46:02,pm2.5,0.5
2019-10-17 14:46:02,pm10,0.7
2019-10-17 14:47:02,pm2.5,0.5
2019-10-17 14:47:02,pm10,0.6
2019-10-17 14:48:02,pm2.5,0.6
2019-10-17 14:48:02,pm10,0.8
2019-10-17 14:49:02,pm2.5,0.5
2019-10-17 14:49:02,pm10,0.7
2019-10-17 14:50:02,pm2.5,0.4
2019-10-17 14:50:02,pm10,0.5
2019-10-17 14:51:02,pm2.5,0.5
2019-10-17 14:51:02,pm10,0.5
2019-10-17 14:52:02,pm2.5,0.5
2019-10-17 14:52:02,pm10,0.7
2019-10-17 14:53:02,pm2.5,0.4
2019-10-17 14:53:02,pm10,0.4
2019-10-17 14:54:02,pm2.5,0.5
2019-10-17 14:54:02,pm10,0.7
2019-10-17 14:55:02,pm2.5,0.5
2019-10-17 14:55:02,pm10,0.7
2019-10-17 14:56:02,pm2.5,0.6
2019-10-17 14:56:02,pm10,0.8
2019-10-17 14:57:02,pm2.5,0.5
2019-10-17 14:57:02,pm10,0.5
2019-10-17 14:58:02,pm2.5,0.5
2019-10-17 14:58:02,pm10,0.5
2019-10-17 14:59:02,pm2.5,0.5
2019-10-17 14:59:02,pm10,0.7
2019-10-17 15:00:02,pm2.5,0.5
2019-10-17 15:00:02,pm10,0.5
2019-10-17 15:01:02,pm2.5,0.5
2019-10-17 15:01:02,pm10,0.9
2019-10-17 15:02:02,pm2.5,0.6
2019-10-17 15:02:02,pm10,0.6
2019-10-17 15:03:02,pm2.5,0.5
2019-10-17 15:03:02,pm10,0.9
2019-10-17 15:04:02,pm2.5,0.4
2019-10-17 15:04:02,pm10,0.5
2019-10-17 15:05:02,pm2.5,0.3
2019-10-17 15:05:02,pm10,0.3
2019-10-17 15:06:02,pm2.5,0.6
2019-10-17 15:06:02,pm10,1.3
2019-10-17 15:07:02,pm2.5,0.5
2019-10-17 15:07:02,pm10,0.7
2019-10-17 15:08:02,pm2.5,0.5
2019-10-17 15:08:03,pm10,0.6
2019-10-17 15:09:02,pm2.5,0.5
2019-10-17 15:09:02,pm10,0.5
2019-10-17 15:10:01,pm2.5,0.5
2019-10-17 15:10:01,pm10,0.6
2019-10-17 15:11:01,pm2.5,0.7
2019-10-17 15:11:01,pm10,2.1
2019-10-17 15:12:01,pm2.5,0.5
2019-10-17 15:12:01,pm10,0.8
2019-10-17 15:13:01,pm2.5,0.4
2019-10-17 15:13:01,pm10,0.4
2019-10-17 15:14:01,pm2.5,0.6
2019-10-17 15:14:02,pm10,1.0
2019-10-17 15:15:01,pm2.5,0.5
2019-10-17 15:15:01,pm10,0.6
2019-10-17 15:16:01,pm2.5,0.5
2019-10-17 15:16:02,pm10,0.8
2019-10-17 15:17:01,pm2.5,0.5
2019-10-17 15:17:02,pm10,0.5
2019-10-17 15:18:01,pm2.5,0.5
2019-10-17 15:18:02,pm10,1.0
2019-10-17 15:19:01,pm2.5,0.5
2019-10-17 15:19:02,pm10,0.5
2019-10-17 15:20:02,pm2.5,0.5
2019-10-17 15:20:02,pm10,0.5
2019-10-17 15:21:02,pm2.5,0.5
2019-10-17 15:21:02,pm10,1.1
2019-10-17 15:22:02,pm2.5,0.4
2019-10-17 15:22:02,pm10,0.4
2019-10-17 15:23:01,pm2.5,0.5
2019-10-17 15:23:01,pm10,0.5
2019-10-17 15:24:02,pm2.5,0.4
2019-10-17 15:24:02,pm10,0.4
2019-10-17 15:25:02,pm2.5,0.5
2019-10-17 15:25:02,pm10,1.0
2019-10-17 15:26:02,pm2.5,0.5
2019-10-17 15:26:02,pm10,0.6
2019-10-17 15:27:02,pm2.5,0.4
2019-10-17 15:27:02,pm10,0.5
2019-10-17 15:28:02,pm2.5,0.5
2019-10-17 15:28:02,pm10,0.9
2019-10-17 15:29:02,pm2.5,0.6
2019-10-17 15:29:02,pm10,0.6
2019-10-17 15:30:02,pm2.5,0.5
2019-10-17 15:30:02,pm10,0.7
2019-10-17 15:31:02,pm2.5,0.5
2019-10-17 15:31:02,pm10,0.5
2019-10-17 15:32:02,pm2.5,0.4
2019-10-17 15:32:02,pm10,0.7
2019-10-17 15:33:02,pm2.5,0.4
2019-10-17 15:33:02,pm10,0.4
2019-10-17 15:34:02,pm2.5,0.5
2019-10-17 15:34:02,pm10,0.5
2019-10-17 15:35:02,pm2.5,0.4
2019-10-17 15:35:02,pm10,0.5
2019-10-17 15:36:02,pm2.5,0.4
2019-10-17 15:36:02,pm10,0.5
2019-10-17 15:37:02,pm2.5,0.4
2019-10-17 15:37:02,pm10,0.5
2019-10-17 15:38:02,pm2.5,0.5
2019-10-17 15:38:02,pm10,0.5
2019-10-17 15:39:02,pm2.5,0.4
2019-10-17 15:39:02,pm10,0.7
2019-10-17 15:40:02,pm2.5,0.4
2019-10-17 15:40:02,pm10,0.4
2019-10-17 15:41:02,pm2.5,0.5
2019-10-17 15:41:02,pm10,0.5
2019-10-17 15:42:02,pm2.5,0.4
2019-10-17 15:42:02,pm10,0.4
2019-10-17 15:43:02,pm2.5,0.4
2019-10-17 15:43:02,pm10,0.5
2019-10-17 15:44:02,pm2.5,0.4
2019-10-17 15:44:02,pm10,0.5
2019-10-17 15:45:02,pm2.5,0.4
2019-10-17 15:45:02,pm10,0.6
2019-10-17 15:46:02,pm2.5,0.5
2019-10-17 15:46:02,pm10,0.8
2019-10-17 15:47:02,pm2.5,0.4
2019-10-17 15:47:02,pm10,0.4
2019-10-17 15:48:02,pm2.5,0.4
2019-10-17 15:48:02,pm10,0.7
2019-10-17 15:49:02,pm2.5,0.4
2019-10-17 15:49:02,pm10,0.4
2019-10-17 15:50:02,pm2.5,0.5
2019-10-17 15:50:02,pm10,0.7
2019-10-17 15:51:01,pm2.5,0.4
2019-10-17 15:51:01,pm10,0.6
2019-10-17 15:52:01,pm2.5,0.3
2019-10-17 15:52:01,pm10,0.3
2019-10-17 15:53:01,pm2.5,0.4
2019-10-17 15:53:02,pm10,0.4
2019-10-17 15:54:01,pm2.5,0.4
2019-10-17 15:54:01,pm10,0.6
2019-10-17 15:55:01,pm2.5,0.4
2019-10-17 15:55:02,pm10,0.5
2019-10-17 15:56:01,pm2.5,0.3
2019-10-17 15:56:02,pm10,0.3
2019-10-17 15:57:01,pm2.5,0.3
2019-10-17 15:57:02,pm10,0.4